name,url,used_price_jpy,new_price_jpy,list_price_jpy,keyword,in_stock,collected_at
ポケモンカードゲーム スカーレット＆バイオレット バトルマスターデッキ テラスタル リザードンex,https://www.suruga-ya.jp/product/detail/620024628,3980,,3000,ポケモンカードゲーム リザードン,1,2026-09-21T23:13:01Z
ポケモンカードゲーム スカーレット＆バイオレット スペシャルデッキセットex フシギバナ・リザードン・カメックス,https://www.suruga-ya.jp/product/detail/620024077,42800,,5500,ポケモンカードゲーム リザードン,1,2026-09-21T23:13:01Z
ポケモンカードゲーム スカーレット＆バイオレット ポケモンカード151カードファイルセット フシギバナ・リザードン・カメックス,,,,2200,ポケモンカードゲーム リザードン,0,2026-09-21T23:13:01Z
ポケモンカードゲーム ラバープレイマット リザードンVSレックウザ ポケモンセンター限定,,,,2750,ポケモンカードゲーム リザードン,0,2026-09-21T23:13:01Z
ポケモンカードゲーム デッキシールド(スリーブ) 飛翔 リザードン ポケモンセンター限定,,,,792,ポケモンカードゲーム リザードン,0,2026-09-21T23:13:01Z
ポケモンカードゲーム コレクションファイル リザードンVSレックウザ ポケモンセンター限定,,,,1705,ポケモンカードゲーム リザードン,0,2026-09-21T23:13:01Z
ポケモンカードゲーム ラバープレイマット リザードン ポケモンセンター限定,https://www.suruga-ya.jp/product/detail/604048639,1900,,2750,ポケモンカードゲーム リザードン,1,2026-09-21T23:13:01Z
ポケモンカードゲーム デッキシールド プロ(スリーブ) リザードン ポケモンセンター限定（内袋開封済み）,,680,,913,ポケモンカードゲーム リザードン,1,2026-09-21T23:13:01Z
ポケモンカードゲーム 3連ディスプレイフレーム 進化の軌跡 フシギバナ・リザードン・カメックス ポケモンセンター限定,https://www.suruga-ya.jp/product/detail/604055375,5500,,3500,ポケモンカードゲーム リザードン,1,2026-09-21T23:13:01Z
ポケモンカードゲーム ソード＆シールド スペシャルデッキセット リザードンVSTAR vs レックウザVMAX,https://www.suruga-ya.jp/product/detail/620022382,16800,,5500,ポケモンカードゲーム リザードン,1,2026-09-21T23:13:01Z
ポケモンカードゲーム コレクションファイル 色違いのリザードン ポケモンセンター限定,https://www.suruga-ya.jp/product/detail/604041692,1500,,1705,ポケモンカードゲーム リザードン,1,2026-09-21T23:13:01Z
ポケモンカードゲーム デッキシールド(スリーブ) プレミアム・グロス リザードン ポケモンセンター限定,,,,913,ポケモンカードゲーム リザードン,0,2026-09-21T23:13:01Z
ポケモンカードゲーム デッキケース 進化の系譜 リザードン ポケモンセンター限定（本体不備（中））,,740,,398,ポケモンカードゲーム リザードン,1,2026-09-21T23:13:01Z
ポケモンカードゲーム 英語版 プレイマット Charizard -リザードン- ポケモンセンター限定,https://www.suruga-ya.jp/product/detail/604032139,950,,,ポケモンカードゲーム リザードン,1,2026-09-21T23:13:01Z
ポケモンカードゲーム デッキシールド(スリーブ) リザードン ポケモンセンター限定,,,,398,ポケモンカードゲーム リザードン,0,2026-09-21T23:13:01Z
ポケモンカードゲームXY メガバトルデッキ60 MリザードンEX,,,,1712,ポケモンカードゲーム リザードン,0,2026-09-21T23:13:01Z
ポケモンカードゲーム デッキシールド(スリーブ) 『リザードンver.2』 ポケモンセンター限定,,,,397,ポケモンカードゲーム リザードン,0,2026-09-21T23:13:01Z
ポケモンカードゲーム 英語版 デッキシールド(スリーブ) Scorching Charizard Fournaise Dracaufeu -スコーチング・リザードン フルネーズ・ドラコーフ- ポケモンセンター限定,,,,,ポケモンカードゲーム リザードン,0,2026-09-21T23:13:01Z
ポケモンカードゲーム カードファイル ミュウツー＆フシギバナ＆リザードン＆カメックス(2004) ポケモンセンター限定（表紙傷/リフィル傷み・汚れ）,,20000,,,ポケモンカードゲーム リザードン,1,2026-09-21T23:13:01Z
ポケモンカードゲーム デッキシールド(スリーブ) メガリザードンX 古城 ポケモンセンター限定,https://www.suruga-ya.jp/product/detail/604071993,1400,,889,ポケモンカードゲーム リザードン,1,2026-09-21T23:13:01Z
ポケモンカードゲーム デッキケース メガリザードンX 古城 ポケモンセンター限定,,,,500,ポケモンカードゲーム リザードン,0,2026-09-21T23:13:01Z
ポケモンカードゲーム ロングカードボックス メガリザードンX ポケモンセンター限定,,,,660,ポケモンカードゲーム リザードン,0,2026-09-21T23:13:01Z
ポケモンカードゲーム デッキシールド(スリーブ) メガリザードンX,,,,889,ポケモンカードゲーム リザードン,0,2026-09-21T23:13:01Z
ポケモンカードゲーム デッキケース 悪テラスタルリザードン（全付属品欠品）,,280,,501,ポケモンカードゲーム リザードン,1,2026-09-21T23:13:01Z
ポケモンカードゲーム ピカチュウ ワールド,https://www.suruga-ya.jp/product/detail/620005021,648000,,891,ポケモンカードゲーム ピカチュウ,1,2026-09-21T23:13:02Z
ポケモンカードゲーム ラバープレイマット ピカチュウとかみなり,https://www.suruga-ya.jp/product/detail/604070595,2100,,2970,ポケモンカードゲーム ピカチュウ,1,2026-09-21T23:13:02Z
ポケモンカードゲーム デッキケース ピカチュウとかみなり,,,,500,ポケモンカードゲーム ピカチュウ,0,2026-09-21T23:13:02Z
ポケモンカードゲーム ジャンボカード ピカチュウex JR東日本 ポケモンメガスタンプラリー2025 配布品,,,,,ポケモンカードゲーム ピカチュウ,0,2026-09-21T23:13:02Z
ポケモンカードゲーム デッキシールド(スリーブ) ピカチュウときのみ ポケモンセンター限定,,,,889,ポケモンカードゲーム ピカチュウ,0,2026-09-21T23:13:02Z
ポケモンカードゲーム ぬいぐるみカードマルチバンド ピカチュウ ポケモンセンター限定,https://www.suruga-ya.jp/product/detail/604070436,750,,880,ポケモンカードゲーム ピカチュウ,1,2026-09-21T23:13:02Z
ポケモンカードゲーム デッキシールド(スリーブ) 花笠まつりごっこピカチュウ【オレンジ】 ポケモンセンター限定,https://www.suruga-ya.jp/product/detail/604069913,1200,,889,ポケモンカードゲーム ピカチュウ,1,2026-09-21T23:13:02Z
ポケモンカードゲーム デッキシールド(スリーブ) 竿燈まつりごっこピカチュウ【ブルー】 ポケモンセンター限定,https://www.suruga-ya.jp/product/detail/604069914,1700,,889,ポケモンカードゲーム ピカチュウ,1,2026-09-21T23:13:02Z
ポケモンカードゲーム デッキシールド(スリーブ) わらじまつりごっこピカチュウ【グリーン】 ポケモンセンター限定,https://www.suruga-ya.jp/product/detail/604069916,1100,,889,ポケモンカードゲーム ピカチュウ,1,2026-09-21T23:13:02Z
ポケモンカードゲーム デッキシールド(スリーブ) わらじまつりごっこピカチュウ【イエロー】 ポケモンセンター限定,https://www.suruga-ya.jp/product/detail/604069681,1200,,889,ポケモンカードゲーム ピカチュウ,1,2026-09-21T23:13:02Z
ポケモンカードゲーム デッキシールド(スリーブ) 花笠まつりごっこピカチュウ【グリーン】 ポケモンセンター限定,https://www.suruga-ya.jp/product/detail/604069682,1300,,889,ポケモンカードゲーム ピカチュウ,1,2026-09-21T23:13:02Z
ポケモンカードゲーム デッキシールド(スリーブ) 竿燈まつりごっこピカチュウ【レッド】 ポケモンセンター限定,https://www.suruga-ya.jp/product/detail/604069683,1200,,889,ポケモンカードゲーム ピカチュウ,1,2026-09-21T23:13:02Z
ポケモンカードゲーム デッキシールド(スリーブ) さんさ踊りごっこピカチュウ【パープル】 ポケモンセンター限定,https://www.suruga-ya.jp/product/detail/604069679,1200,,889,ポケモンカードゲーム ピカチュウ,1,2026-09-21T23:13:02Z
ポケモンカードゲーム デッキシールド(スリーブ) ピカチュウとかみなり,,,,889,ポケモンカードゲーム ピカチュウ,0,2026-09-21T23:13:02Z
ポケモンカードゲーム デッキシールド(スリーブ) さんさ踊りごっこピカチュウ ポケモンセンター限定,https://www.suruga-ya.jp/product/detail/604067931,1500,,889,ポケモンカードゲーム ピカチュウ,1,2026-09-21T23:13:02Z
ポケモンカードゲーム デッキシールド(スリーブ) 花笠まつりごっこピカチュウ ポケモンセンター限定,https://www.suruga-ya.jp/product/detail/604067926,1200,,889,ポケモンカードゲーム ピカチュウ,1,2026-09-21T23:13:02Z
ポケモンカードゲーム デッキシールド(スリーブ) わらじまつりごっこピカチュウ ポケモンセンター限定,,,,889,ポケモンカードゲーム ピカチュウ,0,2026-09-21T23:13:02Z
ポケモンカードゲーム デッキシールド(スリーブ) 七夕まつりごっこピカチュウ ポケモンセンター限定,,,,889,ポケモンカードゲーム ピカチュウ,0,2026-09-21T23:13:02Z
ポケモンカードゲーム デッキシールド(スリーブ) カントーの冒険 ピカチュウ＆カビゴン ポケモンセンター・ポケモンカードジム限定,https://www.suruga-ya.jp/product/detail/604065420,1000,,889,ポケモンカードゲーム ピカチュウ,1,2026-09-21T23:13:02Z
ポケモンカードゲーム デッキシールド(スリーブ) プレミアム・グロス テラスタイプ：ステラ ピカチュウ,,,,990,ポケモンカードゲーム ピカチュウ,0,2026-09-21T23:13:02Z
ポケモンカードゲーム デッキシールド(スリーブ) ピカチュウとハート ポケモンセンター限定,,,,889,ポケモンカードゲーム ピカチュウ,0,2026-09-21T23:13:02Z
ポケモンカードゲーム デッキシールド(スリーブ) ピカチュウ＆ニャオハ ポケモンセンター限定,,,,889,ポケモンカードゲーム ピカチュウ,0,2026-09-21T23:13:02Z
ポケモンカードゲーム デッキケース ピカチュウとハート ポケモンセンター限定,https://www.suruga-ya.jp/product/detail/604061850,1400,,500,ポケモンカードゲーム ピカチュウ,1,2026-09-21T23:13:02Z
ポケモンカードゲーム ポケモンコイン ピカチュウ(両手上げ/銀/クラッドアイス) キャンペーン配布品,https://www.suruga-ya.jp/product/detail/604057856,290,,,ポケモンカードゲーム ピカチュウ,1,2026-09-21T23:13:02Z
ポケモンカードゲーム デッキシールド(スリーブ) ミュウツーVSTAR ポケモンセンター限定,,,,792,ポケモンカードゲーム ミュウツー,0,2026-09-21T23:13:32Z
ポケモンカードゲーム スカーレット＆バイオレット スターターセット テラスタル ミュウツーex,,,,1800,ポケモンカードゲーム ミュウツー,0,2026-09-21T23:13:32Z
ポケモンカードゲーム ソード＆シールド スペシャルカードセット ミュウツーV-UNION,,,,1650,ポケモンカードゲーム ミュウツー,0,2026-09-21T23:13:32Z
ポケモンカードゲーム デッキケース ミュウツー＆ミュウ TAG TEAM GX,https://www.suruga-ya.jp/product/detail/604031660,1100,,398,ポケモンカードゲーム ミュウツー,1,2026-09-21T23:13:32Z
ポケモンカードゲーム デッキシールド(スリーブ) ミュウツー ver.2 ポケモンセンター限定,,,,855,ポケモンカードゲーム ミュウツー,0,2026-09-21T23:13:32Z
ポケモンカードゲーム ダメカン缶ケース ミュウツー ver.3 シルエット ポケモンセンター限定,https://www.suruga-ya.jp/product/detail/604038084,580,,440,ポケモンカードゲーム ミュウツー,1,2026-09-21T23:13:32Z
ポケモンカードゲーム カードファイル ミュウツー＆フシギバナ＆リザードン＆カメックス(2004) ポケモンセンター限定（表紙傷/リフィル傷み・汚れ）,,20000,,,ポケモンカードゲーム ミュウツー,1,2026-09-21T23:13:32Z
ポケモンカードゲーム デッキシールド(スリーブ) プレミアム・グロス 雷テラスタルミュウツー ポケモンセンター限定,,,,990,ポケモンカードゲーム ミュウツー,0,2026-09-21T23:13:32Z
ポケモンカードゲーム ソード＆シールド Pokemon GO スペシャルセット,https://www.suruga-ya.jp/product/detail/620021880,15800,,3700,ポケモンカードゲーム ミュウツー,1,2026-09-21T23:13:32Z
ポケモンカードゲーム おまけカードセット 「GBソフト ポケモンカードGB2 -GR団参上!-」 同梱特典,https://www.suruga-ya.jp/product/detail/620022789,698000,,,ポケモンカードゲーム ミュウツー,1,2026-09-21T23:13:32Z
◇ポケモンカードゲーム ソード＆シールド スペシャルカードセット ミュウツーV-UNION V-UNIONコンプリートセット,,,,,ポケモンカードゲーム ミュウツー,0,2026-09-21T23:13:32Z
[単品] ポケモンカードゲーム サン＆ムーン ミュウツーGX ジャンボカード 「スペシャルジャンボカードパック 名探偵ピカチュウ ミュウツーGX Ver.」 同梱品,,,,,ポケモンカードゲーム ミュウツー,0,2026-09-21T23:13:32Z
ミュウツーとの邂逅 ポケモンカードゲーム イラストストーリー 「ポケットモンスター」,https://www.suruga-ya.jp/product/detail/883073069,340,,,ポケモンカードゲーム ミュウツー,1,2026-09-21T23:13:32Z
128/103[SAR]：(キラ)ミュウツーex,https://www.suruga-ya.jp/product/detail/GU879981,4980,,,ポケモンカードゲーム ミュウツー,1,2026-09-21T23:13:32Z
134/103[FUR]：(キラ)ミュウツーex,https://www.suruga-ya.jp/product/detail/GU879975,10800,,,ポケモンカードゲーム ミュウツー,1,2026-09-21T23:13:32Z
055/103[RR]：(キラ)ミュウツーex,https://www.suruga-ya.jp/product/detail/GU880011,160,,,ポケモンカードゲーム ミュウツー,1,2026-09-21T23:13:32Z
054/103：(キラ)ミュウツー,https://www.suruga-ya.jp/product/detail/GU880066,160,,,ポケモンカードゲーム ミュウツー,1,2026-09-21T23:13:32Z
237/193[SAR]：(キラ)ロケット団のミュウツーex,https://www.suruga-ya.jp/product/detail/GU519470,13800,,,ポケモンカードゲーム ミュウツー,1,2026-09-21T23:13:32Z
063/193[RR]：(キラ)ロケット団のミュウツーex,https://www.suruga-ya.jp/product/detail/GU519533,180,,,ポケモンカードゲーム ミュウツー,1,2026-09-21T23:13:32Z
125/098[SAR]：(キラ)ロケット団のミュウツーex,https://www.suruga-ya.jp/product/detail/GU166807,59800,,,ポケモンカードゲーム ミュウツー,1,2026-09-21T23:13:32Z
114/098[SR]：(キラ)ロケット団のミュウツーex,https://www.suruga-ya.jp/product/detail/GU166815,3480,,,ポケモンカードゲーム ミュウツー,1,2026-09-21T23:13:32Z
001/020：(キラ)ミュウツーex,,,,,ポケモンカードゲーム ミュウツー,0,2026-09-21T23:13:32Z
183/165[AR]：(キラ)ミュウツー,https://www.suruga-ya.jp/product/detail/GL945186,3480,,,ポケモンカードゲーム ミュウツー,1,2026-09-21T23:13:32Z
014/032：(キラ)ミュウツー,https://www.suruga-ya.jp/product/detail/GN223320,4580,,,ポケモンカードゲーム ミュウツー,1,2026-09-21T23:13:32Z
ポケモンカードゲーム スカーレット＆バイオレット ポケモンカード151カードファイルセット フシギバナ・リザードン・カメックス,,,,2200,ポケモンカードゲーム ポケモンカード151,0,2026-09-21T23:13:34Z
ポケモンカードゲーム スカーレット＆バイオレット ポケモンカード151カードファイルセット モンスターボール,,,,2200,ポケモンカードゲーム ポケモンカード151,0,2026-09-21T23:13:34Z
ポケモンカードゲーム デッキシールド(スリーブ) にたものどうし ヌオー＆ドオー ポケモンセンター限定,https://www.suruga-ya.jp/product/detail/604070151,1500,,889,ポケモンカードゲーム ポケモンカード151,1,2026-09-21T23:13:34Z
ポケモンカードゲーム 英語版 プレイマット＆バッグ キービジュアル World Championship 2024 Honolulu：WCS -ワールドチャンピオンシップ 2024 ホノルル-,https://www.suruga-ya.jp/product/detail/604064848,11000,,,ポケモンカードゲーム ポケモンカード151,1,2026-09-21T23:13:34Z
ポケモンカードゲーム 英語版 デッキシールド(スリーブ) ピカチュウ/白背景 World Championship 2025 Anaheim：WCS -ワールドチャンピオンシップ 2025 アナハイム-,,,,,ポケモンカードゲーム ポケモンカード151,0,2026-09-21T23:13:34Z
ポケモンカードゲーム デッキシールド(スリーブ) #GOGO!YELL!! したっぱ ポケモンセンター限定,https://www.suruga-ya.jp/product/detail/604038841,830,,792,ポケモンカードゲーム ポケモンカード151,1,2026-09-21T23:13:34Z
【パック】ポケモンカードゲーム スカーレット＆バイオレット 強化拡張パック ポケモンカード151,https://www.suruga-ya.jp/product/detail/620023021,1580,,290,ポケモンカードゲーム ポケモンカード151,1,2026-09-21T23:13:34Z
[単品] ミュウ プレイマット 「ポケモンカードゲーム スカーレット＆バイオレット 151 Ultra-Premium Collection -ポケモンカード151 ウルトラ・プレミアム コレクション- [英語版] 海外ポケモンセンター限定」 同梱品,,,,,ポケモンカードゲーム ポケモンカード151,0,2026-09-21T23:13:34Z
ポケモンカードゲーム デッキシールド(スリーブ) リザードン ポケモンセンター限定,,,,398,ポケモンカードゲーム ポケモンカード151,0,2026-09-21T23:13:34Z
ポケモンカードゲーム 英語版 プレイマット Dondozo ＆ Tatsugiri Teamwork -ヘイラッシャ＆シャリタツ・チームワーク- 海外ポケモンセンター限定,,,,,ポケモンカードゲーム ポケモンカード151,0,2026-09-21T23:13:34Z
ポケモンカードゲーム 英語版 デッキシールド(スリーブ) Pokemon Center × Van Gogh Museum： Corviknight Inspired by Wheatfield with Crows -ポケモンセンター×ゴッホ美術館 アーマーガア・インスパイアド・バイ・ウィートフィールド・ウィズ・クロウズ- 海外ポケモンセンター限定,,,,,ポケモンカードゲーム ポケモンカード151,0,2026-09-21T23:13:34Z
ポケモンカードゲーム 英語版 デッキシールド(スリーブ) Koraidon Slate -コライドン・スレート- 海外ポケモンセンター限定,,,,,ポケモンカードゲーム ポケモンカード151,0,2026-09-21T23:13:34Z
ポケモンカードゲーム デッキシールド(スリーブ) サーナイト・ドレディア ポケモンセンター・他 限定,,,,398,ポケモンカードゲーム ポケモンカード151,0,2026-09-21T23:13:34Z
[単品] カタログポスター(四つ折) 「ポケモンカードゲーム スカーレット＆バイオレット ポケモンカード151カードファイルセット」,https://www.suruga-ya.jp/product/detail/508900478,280,,,ポケモンカードゲーム ポケモンカード151,1,2026-09-21T23:13:34Z
【BOX】ポケモンカードゲーム スカーレット＆バイオレット 強化拡張パック ポケモンカード151,https://www.suruga-ya.jp/product/detail/630023021,49800,,5808,ポケモンカードゲーム ポケモンカード151,1,2026-09-21T23:13:34Z
ポケモンカードゲーム スペシャルジャンボカード サンダーとフリーザーとファイヤー 月刊コロコロコミック1997年10月号付録,https://www.suruga-ya.jp/product/detail/620015106,2980,,,ポケモンカードゲーム ポケモンカード151,1,2026-09-21T23:13:34Z
ポケモンカードゲーム レインボーアイランド 大空 サザンアイランド(カード3枚入り),https://www.suruga-ya.jp/product/detail/620005955,228000,,220,ポケモンカードゲーム ポケモンカード151,1,2026-09-21T23:13:34Z
ポケモンカードゲーム 英語版 デッキシールド(スリーブ) Slither Wing ＆ Iron Moth -チヲハウハネ＆テツノドクガ- 海外ポケモンセンター限定,https://www.suruga-ya.jp/product/detail/604065304,1100,,,ポケモンカードゲーム ポケモンカード151,1,2026-09-21T23:13:34Z
ポケモンカードゲーム デッキシールド(スリーブ) energy color ポケモンセンター・他限定,https://www.suruga-ya.jp/product/detail/604015123,4500,,398,ポケモンカードゲーム ポケモンカード151,1,2026-09-21T23:13:34Z
ポケモンカードゲーム デッキシールド(スリーブ) ピカチュウがいっぱい ポケモンセンター限定,https://www.suruga-ya.jp/product/detail/604015112,2600,,398,ポケモンカードゲーム ポケモンカード151,1,2026-09-21T23:13:34Z
ポケモンカードゲーム 遊びかたDVD,https://www.suruga-ya.jp/product/detail/151117216,260,,,ポケモンカードゲーム ポケモンカード151,1,2026-09-21T23:13:34Z
ポケモンカードゲーム 英語版 プレイマット Eevee ＆ Umbreon Twilight -イーブイ＆ブラッキー・トワイライト- 海外ポケモンセンター限定,https://www.suruga-ya.jp/product/detail/604063785,3300,,,ポケモンカードゲーム ポケモンカード151,1,2026-09-21T23:13:34Z
ポケモンカードゲーム デッキシールド(スリーブ) プラズマ団 ポケモンセンター限定（内袋開封済み/スリーブ2枚欠品）,,6000,,398,ポケモンカードゲーム ポケモンカード151,1,2026-09-21T23:13:34Z
ポケモンカードゲーム 英語版 デッキシールド(スリーブ) Haunted Ruins -ホーンテッド・ルインズ- 海外ポケモンセンター限定,,,,,ポケモンカードゲーム ポケモンカード151,0,2026-09-21T23:13:34Z
ポケモンカードゲーム MEGA スターターセットex イーブイex,https://www.suruga-ya.jp/product/detail/620029344,2980,,1800,ポケモンカードゲーム イーブイ,1,2026-09-21T23:14:05Z
ポケモンカードゲーム キャリングケース イーブイ大集合,https://www.suruga-ya.jp/product/detail/604062616,1400,,1650,ポケモンカードゲーム イーブイ,1,2026-09-21T23:14:05Z
ポケモンカードゲーム ロングカードボックス イーブイ大集合,https://www.suruga-ya.jp/product/detail/604062614,540,,660,ポケモンカードゲーム イーブイ,1,2026-09-21T23:14:05Z
ポケモンカードゲーム ぬいぐるみカードマルチバンド イーブイ ポケモンセンター限定,https://www.suruga-ya.jp/product/detail/604070437,900,,880,ポケモンカードゲーム イーブイ,1,2026-09-21T23:14:05Z
ポケモンカードゲーム ダメカンケース イーブイ大集合,https://www.suruga-ya.jp/product/detail/604062615,310,,330,ポケモンカードゲーム イーブイ,1,2026-09-21T23:14:05Z
ポケモンカードゲーム デッキシールド(スリーブ) イーブイと進化 ポケモンセンター限定,,,,792,ポケモンカードゲーム イーブイ,0,2026-09-21T23:14:05Z
ポケモンカードゲーム ラバープレイマット イーブイと進化 ポケモンセンター限定,,,,2750,ポケモンカードゲーム イーブイ,0,2026-09-21T23:14:05Z
ポケモンカードゲーム コレクションリフィル ピカチュウ＆イーブイ ポケモンセンター限定,https://www.suruga-ya.jp/product/detail/604033977,2400,,658,ポケモンカードゲーム イーブイ,1,2026-09-21T23:14:05Z
ポケモンカードゲーム ソード＆シールド Vスタートデッキ無色 イーブイ,https://www.suruga-ya.jp/product/detail/620015823,1580,,550,ポケモンカードゲーム イーブイ,1,2026-09-21T23:14:05Z
ポケモンカードゲーム 英語版 プレイマット Eevee Breakaway -イーブイ・ブレイクアウェイ- 海外ポケモンセンター限定,,,,,ポケモンカードゲーム イーブイ,0,2026-09-21T23:14:05Z
ポケモンカードゲーム 英語版 デッキシールド(スリーブ) Eevee Prismatic -イーブイ・プリズマティック-(再販版) 海外ポケモンセンター限定,https://www.suruga-ya.jp/product/detail/604057360,1110,,,ポケモンカードゲーム イーブイ,1,2026-09-21T23:14:05Z
ポケモンカードゲーム デッキシールド(スリーブ) イーブイ ポンチョシリーズ LF ポケモンセンター限定,,,,791,ポケモンカードゲーム イーブイ,0,2026-09-21T23:14:05Z
ポケモンカードゲーム デッキシールド(スリーブ) イーブイ ポンチョシリーズ NP ポケモンセンター限定,https://www.suruga-ya.jp/product/detail/604025798,15800,,791,ポケモンカードゲーム イーブイ,1,2026-09-21T23:14:05Z
ポケモンカードゲーム デッキシールド(スリーブ) イーブイ ポンチョシリーズ EF ポケモンセンター限定,https://www.suruga-ya.jp/product/detail/604025794,12000,,791,ポケモンカードゲーム イーブイ,1,2026-09-21T23:14:05Z
ポケモンカードゲーム デッキシールド(スリーブ) イーブイ・リーフィア・グレイシア ポケモンセンター限定,https://www.suruga-ya.jp/product/detail/604014756,1400,,398,ポケモンカードゲーム イーブイ,1,2026-09-21T23:14:05Z
ポケモンカードゲーム 英語版 デッキシールド(スリーブ) Pokemon Center × Van Gogh Museum： Eevee Inspired by Self-Portrait with Straw Hat -ポケモンセンター×ゴッホ美術館 イーブイ・インスパイアド・バイ・セルフポートレート・ウィズ・ストロー・ハット- 海外ポケモンセンター限定,https://www.suruga-ya.jp/product/detail/604061522,5100,,,ポケモンカードゲーム イーブイ,1,2026-09-21T23:14:05Z
ポケモンカードゲーム 英語版 プレイマット Eevee ＆ Umbreon Twilight -イーブイ＆ブラッキー・トワイライト- 海外ポケモンセンター限定,https://www.suruga-ya.jp/product/detail/604063785,3300,,,ポケモンカードゲーム イーブイ,1,2026-09-21T23:14:05Z
ポケモンカードゲーム 英語版 デッキシールド(スリーブ) Gigantamax Pikachu ＆ Gigantamax Eevee -ピカチュウ キョダイマックスのすがた＆イーブイ キョダイマックスのすがた- ポケモンセンター限定,,,,,ポケモンカードゲーム イーブイ,0,2026-09-21T23:14:05Z
ポケモンカードゲーム 英語版 デッキシールド(スリーブ) Eevee Pixel Collection! -イーブイ・ピクセル・コレクション!- ポケモンセンター限定,https://www.suruga-ya.jp/product/detail/604040237,4200,,,ポケモンカードゲーム イーブイ,1,2026-09-21T23:14:05Z
ポケモンカードゲーム デッキシールド(スリーブ) くっつきなかよしイーブイたち,https://www.suruga-ya.jp/product/detail/604028661,1780,,792,ポケモンカードゲーム イーブイ,1,2026-09-21T23:14:05Z
ポケモンカードゲーム デッキケース くっつきなかよしイーブイたち ポケモンセンター限定,,,,429,ポケモンカードゲーム イーブイ,0,2026-09-21T23:14:05Z
ポケモンカードゲーム ラバープレイマット イーブイズ,,,,2970,ポケモンカードゲーム イーブイ,0,2026-09-21T23:14:05Z
ポケモンカードゲーム コレクションファイル イーブイズ,,,,1980,ポケモンカードゲーム イーブイ,0,2026-09-21T23:14:05Z
ポケモンカードゲーム ディスプレイフレーム イーブイズ Ver.2 ポケモンセンター限定,https://www.suruga-ya.jp/product/detail/604066219,1700,,1490,ポケモンカードゲーム イーブイ,1,2026-09-21T23:14:05Z
ポケモンカードゲーム スカーレット＆バイオレット バトルマスターデッキ テラスタル リザードンex,https://www.suruga-ya.jp/product/detail/620024628,3980,,3000,ポケモンカードゲーム リザードン,1,2026-09-21T23:14:49Z
ポケモンカードゲーム スカーレット＆バイオレット スペシャルデッキセットex フシギバナ・リザードン・カメックス,https://www.suruga-ya.jp/product/detail/620024077,42800,,5500,ポケモンカードゲーム リザードン,1,2026-09-21T23:14:49Z
ポケモンカードゲーム スカーレット＆バイオレット ポケモンカード151カードファイルセット フシギバナ・リザードン・カメックス,,,,2200,ポケモンカードゲーム リザードン,0,2026-09-21T23:14:49Z
ポケモンカードゲーム ラバープレイマット リザードンVSレックウザ ポケモンセンター限定,,,,2750,ポケモンカードゲーム リザードン,0,2026-09-21T23:14:49Z
ポケモンカードゲーム デッキシールド(スリーブ) 飛翔 リザードン ポケモンセンター限定,,,,792,ポケモンカードゲーム リザードン,0,2026-09-21T23:14:49Z
ポケモンカードゲーム コレクションファイル リザードンVSレックウザ ポケモンセンター限定,,,,1705,ポケモンカードゲーム リザードン,0,2026-09-21T23:14:49Z
ポケモンカードゲーム ラバープレイマット リザードン ポケモンセンター限定,https://www.suruga-ya.jp/product/detail/604048639,1900,,2750,ポケモンカードゲーム リザードン,1,2026-09-21T23:14:49Z
ポケモンカードゲーム デッキシールド プロ(スリーブ) リザードン ポケモンセンター限定（内袋開封済み）,,680,,913,ポケモンカードゲーム リザードン,1,2026-09-21T23:14:49Z
ポケモンカードゲーム 3連ディスプレイフレーム 進化の軌跡 フシギバナ・リザードン・カメックス ポケモンセンター限定,https://www.suruga-ya.jp/product/detail/604055375,5500,,3500,ポケモンカードゲーム リザードン,1,2026-09-21T23:14:49Z
ポケモンカードゲーム ソード＆シールド スペシャルデッキセット リザードンVSTAR vs レックウザVMAX,https://www.suruga-ya.jp/product/detail/620022382,16800,,5500,ポケモンカードゲーム リザードン,1,2026-09-21T23:14:49Z
ポケモンカードゲーム コレクションファイル 色違いのリザードン ポケモンセンター限定,https://www.suruga-ya.jp/product/detail/604041692,1500,,1705,ポケモンカードゲーム リザードン,1,2026-09-21T23:14:49Z
ポケモンカードゲーム デッキシールド(スリーブ) プレミアム・グロス リザードン ポケモンセンター限定,,,,913,ポケモンカードゲーム リザードン,0,2026-09-21T23:14:49Z
ポケモンカードゲーム デッキケース 進化の系譜 リザードン ポケモンセンター限定（本体不備（中））,,740,,398,ポケモンカードゲーム リザードン,1,2026-09-21T23:14:49Z
ポケモンカードゲーム 英語版 プレイマット Charizard -リザードン- ポケモンセンター限定,https://www.suruga-ya.jp/product/detail/604032139,950,,,ポケモンカードゲーム リザードン,1,2026-09-21T23:14:49Z
ポケモンカードゲーム デッキシールド(スリーブ) リザードン ポケモンセンター限定,,,,398,ポケモンカードゲーム リザードン,0,2026-09-21T23:14:49Z
ポケモンカードゲームXY メガバトルデッキ60 MリザードンEX,,,,1712,ポケモンカードゲーム リザードン,0,2026-09-21T23:14:49Z
ポケモンカードゲーム デッキシールド(スリーブ) 『リザードンver.2』 ポケモンセンター限定,,,,397,ポケモンカードゲーム リザードン,0,2026-09-21T23:14:49Z
ポケモンカードゲーム 英語版 デッキシールド(スリーブ) Scorching Charizard Fournaise Dracaufeu -スコーチング・リザードン フルネーズ・ドラコーフ- ポケモンセンター限定,,,,,ポケモンカードゲーム リザードン,0,2026-09-21T23:14:49Z
ポケモンカードゲーム カードファイル ミュウツー＆フシギバナ＆リザードン＆カメックス(2004) ポケモンセンター限定（表紙傷/リフィル傷み・汚れ）,,20000,,,ポケモンカードゲーム リザードン,1,2026-09-21T23:14:49Z
ポケモンカードゲーム デッキシールド(スリーブ) メガリザードンX 古城 ポケモンセンター限定,https://www.suruga-ya.jp/product/detail/604071993,1400,,889,ポケモンカードゲーム リザードン,1,2026-09-21T23:14:49Z
ポケモンカードゲーム デッキケース メガリザードンX 古城 ポケモンセンター限定,,,,500,ポケモンカードゲーム リザードン,0,2026-09-21T23:14:49Z
ポケモンカードゲーム ロングカードボックス メガリザードンX ポケモンセンター限定,,,,660,ポケモンカードゲーム リザードン,0,2026-09-21T23:14:49Z
ポケモンカードゲーム デッキシールド(スリーブ) メガリザードンX,,,,889,ポケモンカードゲーム リザードン,0,2026-09-21T23:14:49Z
ポケモンカードゲーム デッキケース 悪テラスタルリザードン（全付属品欠品）,,280,,501,ポケモンカードゲーム リザードン,1,2026-09-21T23:14:49Z
ポケモンカードゲーム ピカチュウ ワールド,https://www.suruga-ya.jp/product/detail/620005021,648000,,891,ポケモンカードゲーム ピカチュウ,1,2026-09-21T23:14:50Z
ポケモンカードゲーム ラバープレイマット ピカチュウとかみなり,https://www.suruga-ya.jp/product/detail/604070595,2100,,2970,ポケモンカードゲーム ピカチュウ,1,2026-09-21T23:14:50Z
ポケモンカードゲーム デッキケース ピカチュウとかみなり,,,,500,ポケモンカードゲーム ピカチュウ,0,2026-09-21T23:14:50Z
ポケモンカードゲーム ジャンボカード ピカチュウex JR東日本 ポケモンメガスタンプラリー2025 配布品,,,,,ポケモンカードゲーム ピカチュウ,0,2026-09-21T23:14:50Z
ポケモンカードゲーム デッキシールド(スリーブ) ピカチュウときのみ ポケモンセンター限定,,,,889,ポケモンカードゲーム ピカチュウ,0,2026-09-21T23:14:50Z
ポケモンカードゲーム ぬいぐるみカードマルチバンド ピカチュウ ポケモンセンター限定,https://www.suruga-ya.jp/product/detail/604070436,750,,880,ポケモンカードゲーム ピカチュウ,1,2026-09-21T23:14:50Z
ポケモンカードゲーム デッキシールド(スリーブ) 花笠まつりごっこピカチュウ【オレンジ】 ポケモンセンター限定,https://www.suruga-ya.jp/product/detail/604069913,1200,,889,ポケモンカードゲーム ピカチュウ,1,2026-09-21T23:14:50Z
ポケモンカードゲーム デッキシールド(スリーブ) 竿燈まつりごっこピカチュウ【ブルー】 ポケモンセンター限定,https://www.suruga-ya.jp/product/detail/604069914,1700,,889,ポケモンカードゲーム ピカチュウ,1,2026-09-21T23:14:50Z
ポケモンカードゲーム デッキシールド(スリーブ) わらじまつりごっこピカチュウ【グリーン】 ポケモンセンター限定,https://www.suruga-ya.jp/product/detail/604069916,1100,,889,ポケモンカードゲーム ピカチュウ,1,2026-09-21T23:14:50Z
ポケモンカードゲーム デッキシールド(スリーブ) わらじまつりごっこピカチュウ【イエロー】 ポケモンセンター限定,https://www.suruga-ya.jp/product/detail/604069681,1200,,889,ポケモンカードゲーム ピカチュウ,1,2026-09-21T23:14:50Z
ポケモンカードゲーム デッキシールド(スリーブ) 花笠まつりごっこピカチュウ【グリーン】 ポケモンセンター限定,https://www.suruga-ya.jp/product/detail/604069682,1300,,889,ポケモンカードゲーム ピカチュウ,1,2026-09-21T23:14:50Z
ポケモンカードゲーム デッキシールド(スリーブ) 竿燈まつりごっこピカチュウ【レッド】 ポケモンセンター限定,https://www.suruga-ya.jp/product/detail/604069683,1200,,889,ポケモンカードゲーム ピカチュウ,1,2026-09-21T23:14:50Z
ポケモンカードゲーム デッキシールド(スリーブ) さんさ踊りごっこピカチュウ【パープル】 ポケモンセンター限定,https://www.suruga-ya.jp/product/detail/604069679,1200,,889,ポケモンカードゲーム ピカチュウ,1,2026-09-21T23:14:50Z
ポケモンカードゲーム デッキシールド(スリーブ) ピカチュウとかみなり,,,,889,ポケモンカードゲーム ピカチュウ,0,2026-09-21T23:14:50Z
ポケモンカードゲーム デッキシールド(スリーブ) さんさ踊りごっこピカチュウ ポケモンセンター限定,https://www.suruga-ya.jp/product/detail/604067931,1500,,889,ポケモンカードゲーム ピカチュウ,1,2026-09-21T23:14:50Z
ポケモンカードゲーム デッキシールド(スリーブ) 花笠まつりごっこピカチュウ ポケモンセンター限定,https://www.suruga-ya.jp/product/detail/604067926,1200,,889,ポケモンカードゲーム ピカチュウ,1,2026-09-21T23:14:50Z
ポケモンカードゲーム デッキシールド(スリーブ) わらじまつりごっこピカチュウ ポケモンセンター限定,,,,889,ポケモンカードゲーム ピカチュウ,0,2026-09-21T23:14:50Z
ポケモンカードゲーム デッキシールド(スリーブ) 七夕まつりごっこピカチュウ ポケモンセンター限定,,,,889,ポケモンカードゲーム ピカチュウ,0,2026-09-21T23:14:50Z
ポケモンカードゲーム デッキシールド(スリーブ) カントーの冒険 ピカチュウ＆カビゴン ポケモンセンター・ポケモンカードジム限定,https://www.suruga-ya.jp/product/detail/604065420,1000,,889,ポケモンカードゲーム ピカチュウ,1,2026-09-21T23:14:50Z
ポケモンカードゲーム デッキシールド(スリーブ) プレミアム・グロス テラスタイプ：ステラ ピカチュウ,,,,990,ポケモンカードゲーム ピカチュウ,0,2026-09-21T23:14:50Z
ポケモンカードゲーム デッキシールド(スリーブ) ピカチュウとハート ポケモンセンター限定,,,,889,ポケモンカードゲーム ピカチュウ,0,2026-09-21T23:14:50Z
ポケモンカードゲーム デッキシールド(スリーブ) ピカチュウ＆ニャオハ ポケモンセンター限定,,,,889,ポケモンカードゲーム ピカチュウ,0,2026-09-21T23:14:50Z
ポケモンカードゲーム デッキケース ピカチュウとハート ポケモンセンター限定,https://www.suruga-ya.jp/product/detail/604061850,1400,,500,ポケモンカードゲーム ピカチュウ,1,2026-09-21T23:14:50Z
ポケモンカードゲーム ポケモンコイン ピカチュウ(両手上げ/銀/クラッドアイス) キャンペーン配布品,https://www.suruga-ya.jp/product/detail/604057856,290,,,ポケモンカードゲーム ピカチュウ,1,2026-09-21T23:14:50Z
ポケモンカードゲーム デッキシールド(スリーブ) ミュウツーVSTAR ポケモンセンター限定,,,,792,ポケモンカードゲーム ミュウツー,0,2026-09-21T23:14:50Z
ポケモンカードゲーム スカーレット＆バイオレット スターターセット テラスタル ミュウツーex,,,,1800,ポケモンカードゲーム ミュウツー,0,2026-09-21T23:14:50Z
ポケモンカードゲーム ソード＆シールド スペシャルカードセット ミュウツーV-UNION,,,,1650,ポケモンカードゲーム ミュウツー,0,2026-09-21T23:14:50Z
ポケモンカードゲーム デッキケース ミュウツー＆ミュウ TAG TEAM GX,https://www.suruga-ya.jp/product/detail/604031660,1100,,398,ポケモンカードゲーム ミュウツー,1,2026-09-21T23:14:50Z
ポケモンカードゲーム デッキシールド(スリーブ) ミュウツー ver.2 ポケモンセンター限定,,,,855,ポケモンカードゲーム ミュウツー,0,2026-09-21T23:14:50Z
ポケモンカードゲーム ダメカン缶ケース ミュウツー ver.3 シルエット ポケモンセンター限定,https://www.suruga-ya.jp/product/detail/604038084,580,,440,ポケモンカードゲーム ミュウツー,1,2026-09-21T23:14:50Z
ポケモンカードゲーム カードファイル ミュウツー＆フシギバナ＆リザードン＆カメックス(2004) ポケモンセンター限定（表紙傷/リフィル傷み・汚れ）,,20000,,,ポケモンカードゲーム ミュウツー,1,2026-09-21T23:14:50Z
ポケモンカードゲーム デッキシールド(スリーブ) プレミアム・グロス 雷テラスタルミュウツー ポケモンセンター限定,,,,990,ポケモンカードゲーム ミュウツー,0,2026-09-21T23:14:50Z
ポケモンカードゲーム ソード＆シールド Pokemon GO スペシャルセット,https://www.suruga-ya.jp/product/detail/620021880,15800,,3700,ポケモンカードゲーム ミュウツー,1,2026-09-21T23:14:50Z
ポケモンカードゲーム おまけカードセット 「GBソフト ポケモンカードGB2 -GR団参上!-」 同梱特典,https://www.suruga-ya.jp/product/detail/620022789,698000,,,ポケモンカードゲーム ミュウツー,1,2026-09-21T23:14:50Z
◇ポケモンカードゲーム ソード＆シールド スペシャルカードセット ミュウツーV-UNION V-UNIONコンプリートセット,,,,,ポケモンカードゲーム ミュウツー,0,2026-09-21T23:14:50Z
[単品] ポケモンカードゲーム サン＆ムーン ミュウツーGX ジャンボカード 「スペシャルジャンボカードパック 名探偵ピカチュウ ミュウツーGX Ver.」 同梱品,,,,,ポケモンカードゲーム ミュウツー,0,2026-09-21T23:14:50Z
ミュウツーとの邂逅 ポケモンカードゲーム イラストストーリー 「ポケットモンスター」,https://www.suruga-ya.jp/product/detail/883073069,340,,,ポケモンカードゲーム ミュウツー,1,2026-09-21T23:14:50Z
128/103[SAR]：(キラ)ミュウツーex,https://www.suruga-ya.jp/product/detail/GU879981,4980,,,ポケモンカードゲーム ミュウツー,1,2026-09-21T23:14:50Z
134/103[FUR]：(キラ)ミュウツーex,https://www.suruga-ya.jp/product/detail/GU879975,10800,,,ポケモンカードゲーム ミュウツー,1,2026-09-21T23:14:50Z
055/103[RR]：(キラ)ミュウツーex,https://www.suruga-ya.jp/product/detail/GU880011,160,,,ポケモンカードゲーム ミュウツー,1,2026-09-21T23:14:50Z
054/103：(キラ)ミュウツー,https://www.suruga-ya.jp/product/detail/GU880066,160,,,ポケモンカードゲーム ミュウツー,1,2026-09-21T23:14:50Z
237/193[SAR]：(キラ)ロケット団のミュウツーex,https://www.suruga-ya.jp/product/detail/GU519470,13800,,,ポケモンカードゲーム ミュウツー,1,2026-09-21T23:14:50Z
063/193[RR]：(キラ)ロケット団のミュウツーex,https://www.suruga-ya.jp/product/detail/GU519533,180,,,ポケモンカードゲーム ミュウツー,1,2026-09-21T23:14:50Z
125/098[SAR]：(キラ)ロケット団のミュウツーex,https://www.suruga-ya.jp/product/detail/GU166807,59800,,,ポケモンカードゲーム ミュウツー,1,2026-09-21T23:14:50Z
114/098[SR]：(キラ)ロケット団のミュウツーex,https://www.suruga-ya.jp/product/detail/GU166815,3480,,,ポケモンカードゲーム ミュウツー,1,2026-09-21T23:14:50Z
001/020：(キラ)ミュウツーex,,,,,ポケモンカードゲーム ミュウツー,0,2026-09-21T23:14:50Z
183/165[AR]：(キラ)ミュウツー,https://www.suruga-ya.jp/product/detail/GL945186,3480,,,ポケモンカードゲーム ミュウツー,1,2026-09-21T23:14:50Z
014/032：(キラ)ミュウツー,https://www.suruga-ya.jp/product/detail/GN223320,4580,,,ポケモンカードゲーム ミュウツー,1,2026-09-21T23:14:50Z
ポケモンカードゲーム スカーレット＆バイオレット ポケモンカード151カードファイルセット フシギバナ・リザードン・カメックス,,,,2200,ポケモンカードゲーム ポケモンカード151,0,2026-09-21T23:15:21Z
ポケモンカードゲーム スカーレット＆バイオレット ポケモンカード151カードファイルセット モンスターボール,,,,2200,ポケモンカードゲーム ポケモンカード151,0,2026-09-21T23:15:21Z
ポケモンカードゲーム デッキシールド(スリーブ) にたものどうし ヌオー＆ドオー ポケモンセンター限定,https://www.suruga-ya.jp/product/detail/604070151,1500,,889,ポケモンカードゲーム ポケモンカード151,1,2026-09-21T23:15:21Z
ポケモンカードゲーム 英語版 プレイマット＆バッグ キービジュアル World Championship 2024 Honolulu：WCS -ワールドチャンピオンシップ 2024 ホノルル-,https://www.suruga-ya.jp/product/detail/604064848,11000,,,ポケモンカードゲーム ポケモンカード151,1,2026-09-21T23:15:21Z
ポケモンカードゲーム 英語版 デッキシールド(スリーブ) ピカチュウ/白背景 World Championship 2025 Anaheim：WCS -ワールドチャンピオンシップ 2025 アナハイム-,,,,,ポケモンカードゲーム ポケモンカード151,0,2026-09-21T23:15:21Z
ポケモンカードゲーム デッキシールド(スリーブ) #GOGO!YELL!! したっぱ ポケモンセンター限定,https://www.suruga-ya.jp/product/detail/604038841,830,,792,ポケモンカードゲーム ポケモンカード151,1,2026-09-21T23:15:21Z
【パック】ポケモンカードゲーム スカーレット＆バイオレット 強化拡張パック ポケモンカード151,https://www.suruga-ya.jp/product/detail/620023021,1580,,290,ポケモンカードゲーム ポケモンカード151,1,2026-09-21T23:15:21Z
[単品] ミュウ プレイマット 「ポケモンカードゲーム スカーレット＆バイオレット 151 Ultra-Premium Collection -ポケモンカード151 ウルトラ・プレミアム コレクション- [英語版] 海外ポケモンセンター限定」 同梱品,,,,,ポケモンカードゲーム ポケモンカード151,0,2026-09-21T23:15:21Z
ポケモンカードゲーム デッキシールド(スリーブ) リザードン ポケモンセンター限定,,,,398,ポケモンカードゲーム ポケモンカード151,0,2026-09-21T23:15:21Z
ポケモンカードゲーム 英語版 プレイマット Dondozo ＆ Tatsugiri Teamwork -ヘイラッシャ＆シャリタツ・チームワーク- 海外ポケモンセンター限定,,,,,ポケモンカードゲーム ポケモンカード151,0,2026-09-21T23:15:21Z
ポケモンカードゲーム 英語版 デッキシールド(スリーブ) Pokemon Center × Van Gogh Museum： Corviknight Inspired by Wheatfield with Crows -ポケモンセンター×ゴッホ美術館 アーマーガア・インスパイアド・バイ・ウィートフィールド・ウィズ・クロウズ- 海外ポケモンセンター限定,,,,,ポケモンカードゲーム ポケモンカード151,0,2026-09-21T23:15:21Z
ポケモンカードゲーム 英語版 デッキシールド(スリーブ) Koraidon Slate -コライドン・スレート- 海外ポケモンセンター限定,,,,,ポケモンカードゲーム ポケモンカード151,0,2026-09-21T23:15:21Z
ポケモンカードゲーム デッキシールド(スリーブ) サーナイト・ドレディア ポケモンセンター・他 限定,,,,398,ポケモンカードゲーム ポケモンカード151,0,2026-09-21T23:15:21Z
[単品] カタログポスター(四つ折) 「ポケモンカードゲーム スカーレット＆バイオレット ポケモンカード151カードファイルセット」,https://www.suruga-ya.jp/product/detail/508900478,280,,,ポケモンカードゲーム ポケモンカード151,1,2026-09-21T23:15:21Z
【BOX】ポケモンカードゲーム スカーレット＆バイオレット 強化拡張パック ポケモンカード151,https://www.suruga-ya.jp/product/detail/630023021,49800,,5808,ポケモンカードゲーム ポケモンカード151,1,2026-09-21T23:15:21Z
ポケモンカードゲーム スペシャルジャンボカード サンダーとフリーザーとファイヤー 月刊コロコロコミック1997年10月号付録,https://www.suruga-ya.jp/product/detail/620015106,2980,,,ポケモンカードゲーム ポケモンカード151,1,2026-09-21T23:15:21Z
ポケモンカードゲーム デッキシールド(スリーブ) ピカチュウがいっぱい ポケモンセンター限定,https://www.suruga-ya.jp/product/detail/604015112,2600,,398,ポケモンカードゲーム ポケモンカード151,1,2026-09-21T23:15:21Z
ポケモンカードゲーム 英語版 プレイマット Eevee ＆ Umbreon Twilight -イーブイ＆ブラッキー・トワイライト- 海外ポケモンセンター限定,https://www.suruga-ya.jp/product/detail/604063785,3300,,,ポケモンカードゲーム ポケモンカード151,1,2026-09-21T23:15:21Z
ポケモンカードゲーム 遊びかたDVD,https://www.suruga-ya.jp/product/detail/151117216,260,,,ポケモンカードゲーム ポケモンカード151,1,2026-09-21T23:15:21Z
ポケモンカードゲーム デッキシールド(スリーブ) プラズマ団 ポケモンセンター限定（内袋開封済み/スリーブ2枚欠品）,,6000,,398,ポケモンカードゲーム ポケモンカード151,1,2026-09-21T23:15:21Z
ポケモンカードゲーム レインボーアイランド 大空 サザンアイランド(カード3枚入り),https://www.suruga-ya.jp/product/detail/620005955,228000,,220,ポケモンカードゲーム ポケモンカード151,1,2026-09-21T23:15:21Z
ポケモンカードゲーム 英語版 デッキシールド(スリーブ) Slither Wing ＆ Iron Moth -チヲハウハネ＆テツノドクガ- 海外ポケモンセンター限定,https://www.suruga-ya.jp/product/detail/604065304,1100,,,ポケモンカードゲーム ポケモンカード151,1,2026-09-21T23:15:21Z
ポケモンカードゲーム デッキシールド(スリーブ) energy color ポケモンセンター・他限定,https://www.suruga-ya.jp/product/detail/604015123,4500,,398,ポケモンカードゲーム ポケモンカード151,1,2026-09-21T23:15:21Z
ポケモンカードゲーム 英語版 デッキシールド(スリーブ) Haunted Ruins -ホーンテッド・ルインズ- 海外ポケモンセンター限定,,,,,ポケモンカードゲーム ポケモンカード151,0,2026-09-21T23:15:21Z
ポケモンカードゲーム MEGA スターターセットex イーブイex,https://www.suruga-ya.jp/product/detail/620029344,2980,,1800,ポケモンカードゲーム イーブイ,1,2026-09-21T23:15:22Z
ポケモンカードゲーム キャリングケース イーブイ大集合,https://www.suruga-ya.jp/product/detail/604062616,1400,,1650,ポケモンカードゲーム イーブイ,1,2026-09-21T23:15:22Z
ポケモンカードゲーム ロングカードボックス イーブイ大集合,https://www.suruga-ya.jp/product/detail/604062614,540,,660,ポケモンカードゲーム イーブイ,1,2026-09-21T23:15:22Z
ポケモンカードゲーム ぬいぐるみカードマルチバンド イーブイ ポケモンセンター限定,https://www.suruga-ya.jp/product/detail/604070437,900,,880,ポケモンカードゲーム イーブイ,1,2026-09-21T23:15:22Z
ポケモンカードゲーム ダメカンケース イーブイ大集合,https://www.suruga-ya.jp/product/detail/604062615,310,,330,ポケモンカードゲーム イーブイ,1,2026-09-21T23:15:22Z
ポケモンカードゲーム デッキシールド(スリーブ) イーブイと進化 ポケモンセンター限定,,,,792,ポケモンカードゲーム イーブイ,0,2026-09-21T23:15:22Z
ポケモンカードゲーム ラバープレイマット イーブイと進化 ポケモンセンター限定,,,,2750,ポケモンカードゲーム イーブイ,0,2026-09-21T23:15:22Z
ポケモンカードゲーム コレクションリフィル ピカチュウ＆イーブイ ポケモンセンター限定,https://www.suruga-ya.jp/product/detail/604033977,2400,,658,ポケモンカードゲーム イーブイ,1,2026-09-21T23:15:22Z
ポケモンカードゲーム ソード＆シールド Vスタートデッキ無色 イーブイ,https://www.suruga-ya.jp/product/detail/620015823,1580,,550,ポケモンカードゲーム イーブイ,1,2026-09-21T23:15:22Z
ポケモンカードゲーム 英語版 プレイマット Eevee Breakaway -イーブイ・ブレイクアウェイ- 海外ポケモンセンター限定,,,,,ポケモンカードゲーム イーブイ,0,2026-09-21T23:15:22Z
ポケモンカードゲーム 英語版 デッキシールド(スリーブ) Eevee Prismatic -イーブイ・プリズマティック-(再販版) 海外ポケモンセンター限定,https://www.suruga-ya.jp/product/detail/604057360,1110,,,ポケモンカードゲーム イーブイ,1,2026-09-21T23:15:22Z
ポケモンカードゲーム デッキシールド(スリーブ) イーブイ ポンチョシリーズ LF ポケモンセンター限定,,,,791,ポケモンカードゲーム イーブイ,0,2026-09-21T23:15:22Z
ポケモンカードゲーム デッキシールド(スリーブ) イーブイ ポンチョシリーズ EF ポケモンセンター限定,https://www.suruga-ya.jp/product/detail/604025794,12000,,791,ポケモンカードゲーム イーブイ,1,2026-09-21T23:15:22Z
ポケモンカードゲーム デッキシールド(スリーブ) イーブイ ポンチョシリーズ NP ポケモンセンター限定,https://www.suruga-ya.jp/product/detail/604025798,15800,,791,ポケモンカードゲーム イーブイ,1,2026-09-21T23:15:22Z
ポケモンカードゲーム 英語版 プレイマット Eevee ＆ Umbreon Twilight -イーブイ＆ブラッキー・トワイライト- 海外ポケモンセンター限定,https://www.suruga-ya.jp/product/detail/604063785,3300,,,ポケモンカードゲーム イーブイ,1,2026-09-21T23:15:22Z
ポケモンカードゲーム デッキシールド(スリーブ) イーブイ・リーフィア・グレイシア ポケモンセンター限定,https://www.suruga-ya.jp/product/detail/604014756,1400,,398,ポケモンカードゲーム イーブイ,1,2026-09-21T23:15:22Z
ポケモンカードゲーム 英語版 デッキシールド(スリーブ) Pokemon Center × Van Gogh Museum： Eevee Inspired by Self-Portrait with Straw Hat -ポケモンセンター×ゴッホ美術館 イーブイ・インスパイアド・バイ・セルフポートレート・ウィズ・ストロー・ハット- 海外ポケモンセンター限定,https://www.suruga-ya.jp/product/detail/604061522,5100,,,ポケモンカードゲーム イーブイ,1,2026-09-21T23:15:22Z
ポケモンカードゲーム 英語版 デッキシールド(スリーブ) Gigantamax Pikachu ＆ Gigantamax Eevee -ピカチュウ キョダイマックスのすがた＆イーブイ キョダイマックスのすがた- ポケモンセンター限定,,,,,ポケモンカードゲーム イーブイ,0,2026-09-21T23:15:22Z
ポケモンカードゲーム 英語版 デッキシールド(スリーブ) Eevee Pixel Collection! -イーブイ・ピクセル・コレクション!- ポケモンセンター限定,https://www.suruga-ya.jp/product/detail/604040237,4200,,,ポケモンカードゲーム イーブイ,1,2026-09-21T23:15:22Z
ポケモンカードゲーム デッキシールド(スリーブ) くっつきなかよしイーブイたち,https://www.suruga-ya.jp/product/detail/604028661,1780,,792,ポケモンカードゲーム イーブイ,1,2026-09-21T23:15:22Z
ポケモンカードゲーム デッキケース くっつきなかよしイーブイたち ポケモンセンター限定,,,,429,ポケモンカードゲーム イーブイ,0,2026-09-21T23:15:22Z
ポケモンカードゲーム ラバープレイマット イーブイズ,,,,2970,ポケモンカードゲーム イーブイ,0,2026-09-21T23:15:22Z
ポケモンカードゲーム コレクションファイル イーブイズ,,,,1980,ポケモンカードゲーム イーブイ,0,2026-09-21T23:15:22Z
ポケモンカードゲーム ディスプレイフレーム イーブイズ Ver.2 ポケモンセンター限定,https://www.suruga-ya.jp/product/detail/604066219,1700,,1490,ポケモンカードゲーム イーブイ,1,2026-09-21T23:15:22Z
ポケモンカードゲーム スカーレット＆バイオレット バトルマスターデッキ テラスタル リザードンex,https://www.suruga-ya.jp/product/detail/620024628,3980,,3000,ポケモンカードゲーム リザードン,1,2026-09-21T23:43:35Z
ポケモンカードゲーム スカーレット＆バイオレット スペシャルデッキセットex フシギバナ・リザードン・カメックス,https://www.suruga-ya.jp/product/detail/620024077,42800,,5500,ポケモンカードゲーム リザードン,1,2026-09-21T23:43:35Z
ポケモンカードゲーム スカーレット＆バイオレット ポケモンカード151カードファイルセット フシギバナ・リザードン・カメックス,,,,2200,ポケモンカードゲーム リザードン,0,2026-09-21T23:43:35Z
ポケモンカードゲーム ラバープレイマット リザードンVSレックウザ ポケモンセンター限定,,,,2750,ポケモンカードゲーム リザードン,0,2026-09-21T23:43:35Z
ポケモンカードゲーム デッキシールド(スリーブ) 飛翔 リザードン ポケモンセンター限定,,,,792,ポケモンカードゲーム リザードン,0,2026-09-21T23:43:35Z
ポケモンカードゲーム コレクションファイル リザードンVSレックウザ ポケモンセンター限定,,,,1705,ポケモンカードゲーム リザードン,0,2026-09-21T23:43:35Z
ポケモンカードゲーム ラバープレイマット リザードン ポケモンセンター限定,https://www.suruga-ya.jp/product/detail/604048639,1900,,2750,ポケモンカードゲーム リザードン,1,2026-09-21T23:43:35Z
ポケモンカードゲーム デッキシールド プロ(スリーブ) リザードン ポケモンセンター限定（内袋開封済み）,,680,,913,ポケモンカードゲーム リザードン,1,2026-09-21T23:43:35Z
ポケモンカードゲーム 3連ディスプレイフレーム 進化の軌跡 フシギバナ・リザードン・カメックス ポケモンセンター限定,https://www.suruga-ya.jp/product/detail/604055375,5500,,3500,ポケモンカードゲーム リザードン,1,2026-09-21T23:43:35Z
ポケモンカードゲーム ソード＆シールド スペシャルデッキセット リザードンVSTAR vs レックウザVMAX,https://www.suruga-ya.jp/product/detail/620022382,16800,,5500,ポケモンカードゲーム リザードン,1,2026-09-21T23:43:35Z
ポケモンカードゲーム コレクションファイル 色違いのリザードン ポケモンセンター限定,https://www.suruga-ya.jp/product/detail/604041692,1500,,1705,ポケモンカードゲーム リザードン,1,2026-09-21T23:43:35Z
ポケモンカードゲーム デッキシールド(スリーブ) プレミアム・グロス リザードン ポケモンセンター限定,,,,913,ポケモンカードゲーム リザードン,0,2026-09-21T23:43:35Z
ポケモンカードゲーム デッキケース 進化の系譜 リザードン ポケモンセンター限定（本体不備（中））,,740,,398,ポケモンカードゲーム リザードン,1,2026-09-21T23:43:35Z
ポケモンカードゲーム 英語版 プレイマット Charizard -リザードン- ポケモンセンター限定,https://www.suruga-ya.jp/product/detail/604032139,950,,,ポケモンカードゲーム リザードン,1,2026-09-21T23:43:35Z
ポケモンカードゲーム デッキシールド(スリーブ) リザードン ポケモンセンター限定,,,,398,ポケモンカードゲーム リザードン,0,2026-09-21T23:43:35Z
ポケモンカードゲームXY メガバトルデッキ60 MリザードンEX,,,,1712,ポケモンカードゲーム リザードン,0,2026-09-21T23:43:35Z
ポケモンカードゲーム デッキシールド(スリーブ) 『リザードンver.2』 ポケモンセンター限定,,,,397,ポケモンカードゲーム リザードン,0,2026-09-21T23:43:35Z
ポケモンカードゲーム 英語版 デッキシールド(スリーブ) Scorching Charizard Fournaise Dracaufeu -スコーチング・リザードン フルネーズ・ドラコーフ- ポケモンセンター限定,,,,,ポケモンカードゲーム リザードン,0,2026-09-21T23:43:35Z
ポケモンカードゲーム カードファイル ミュウツー＆フシギバナ＆リザードン＆カメックス(2004) ポケモンセンター限定（表紙傷/リフィル傷み・汚れ）,,20000,,,ポケモンカードゲーム リザードン,1,2026-09-21T23:43:35Z
ポケモンカードゲーム ロングカードボックス メガリザードンX ポケモンセンター限定,,,,660,ポケモンカードゲーム リザードン,0,2026-09-21T23:43:35Z
ポケモンカードゲーム デッキシールド(スリーブ) メガリザードンX 古城 ポケモンセンター限定,https://www.suruga-ya.jp/product/detail/604071993,1400,,889,ポケモンカードゲーム リザードン,1,2026-09-21T23:43:35Z
ポケモンカードゲーム デッキケース メガリザードンX 古城 ポケモンセンター限定,,,,500,ポケモンカードゲーム リザードン,0,2026-09-21T23:43:35Z
ポケモンカードゲーム デッキシールド(スリーブ) メガリザードンX,,,,889,ポケモンカードゲーム リザードン,0,2026-09-21T23:43:35Z
ポケモンカードゲーム デッキケース 悪テラスタルリザードン（全付属品欠品）,,280,,501,ポケモンカードゲーム リザードン,1,2026-09-21T23:43:35Z
ポケモンカードゲーム ピカチュウ ワールド,https://www.suruga-ya.jp/product/detail/620005021,648000,,891,ポケモンカードゲーム ピカチュウ,1,2026-09-21T23:43:36Z
ポケモンカードゲーム ラバープレイマット ピカチュウとかみなり,https://www.suruga-ya.jp/product/detail/604070595,2100,,2970,ポケモンカードゲーム ピカチュウ,1,2026-09-21T23:43:36Z
ポケモンカードゲーム デッキケース ピカチュウとかみなり,,,,500,ポケモンカードゲーム ピカチュウ,0,2026-09-21T23:43:36Z
ポケモンカードゲーム ジャンボカード ピカチュウex JR東日本 ポケモンメガスタンプラリー2025 配布品,,,,,ポケモンカードゲーム ピカチュウ,0,2026-09-21T23:43:36Z
ポケモンカードゲーム デッキシールド(スリーブ) ピカチュウときのみ ポケモンセンター限定,,,,889,ポケモンカードゲーム ピカチュウ,0,2026-09-21T23:43:36Z
ポケモンカードゲーム ぬいぐるみカードマルチバンド ピカチュウ ポケモンセンター限定,https://www.suruga-ya.jp/product/detail/604070436,750,,880,ポケモンカードゲーム ピカチュウ,1,2026-09-21T23:43:36Z
ポケモンカードゲーム デッキシールド(スリーブ) 花笠まつりごっこピカチュウ【オレンジ】 ポケモンセンター限定,https://www.suruga-ya.jp/product/detail/604069913,1200,,889,ポケモンカードゲーム ピカチュウ,1,2026-09-21T23:43:36Z
ポケモンカードゲーム デッキシールド(スリーブ) 竿燈まつりごっこピカチュウ【ブルー】 ポケモンセンター限定,https://www.suruga-ya.jp/product/detail/604069914,1700,,889,ポケモンカードゲーム ピカチュウ,1,2026-09-21T23:43:36Z
ポケモンカードゲーム デッキシールド(スリーブ) わらじまつりごっこピカチュウ【グリーン】 ポケモンセンター限定,https://www.suruga-ya.jp/product/detail/604069916,1100,,889,ポケモンカードゲーム ピカチュウ,1,2026-09-21T23:43:36Z
ポケモンカードゲーム デッキシールド(スリーブ) わらじまつりごっこピカチュウ【イエロー】 ポケモンセンター限定,https://www.suruga-ya.jp/product/detail/604069681,1200,,889,ポケモンカードゲーム ピカチュウ,1,2026-09-21T23:43:36Z
ポケモンカードゲーム デッキシールド(スリーブ) 花笠まつりごっこピカチュウ【グリーン】 ポケモンセンター限定,https://www.suruga-ya.jp/product/detail/604069682,1300,,889,ポケモンカードゲーム ピカチュウ,1,2026-09-21T23:43:36Z
ポケモンカードゲーム デッキシールド(スリーブ) 竿燈まつりごっこピカチュウ【レッド】 ポケモンセンター限定,https://www.suruga-ya.jp/product/detail/604069683,1200,,889,ポケモンカードゲーム ピカチュウ,1,2026-09-21T23:43:36Z
ポケモンカードゲーム デッキシールド(スリーブ) さんさ踊りごっこピカチュウ【パープル】 ポケモンセンター限定,https://www.suruga-ya.jp/product/detail/604069679,1200,,889,ポケモンカードゲーム ピカチュウ,1,2026-09-21T23:43:36Z
ポケモンカードゲーム デッキシールド(スリーブ) ピカチュウとかみなり,,,,889,ポケモンカードゲーム ピカチュウ,0,2026-09-21T23:43:36Z
ポケモンカードゲーム デッキシールド(スリーブ) さんさ踊りごっこピカチュウ ポケモンセンター限定,https://www.suruga-ya.jp/product/detail/604067931,1500,,889,ポケモンカードゲーム ピカチュウ,1,2026-09-21T23:43:36Z
ポケモンカードゲーム デッキシールド(スリーブ) 花笠まつりごっこピカチュウ ポケモンセンター限定,https://www.suruga-ya.jp/product/detail/604067926,1200,,889,ポケモンカードゲーム ピカチュウ,1,2026-09-21T23:43:36Z
ポケモンカードゲーム デッキシールド(スリーブ) わらじまつりごっこピカチュウ ポケモンセンター限定,,,,889,ポケモンカードゲーム ピカチュウ,0,2026-09-21T23:43:36Z
ポケモンカードゲーム デッキシールド(スリーブ) 七夕まつりごっこピカチュウ ポケモンセンター限定,,,,889,ポケモンカードゲーム ピカチュウ,0,2026-09-21T23:43:36Z
ポケモンカードゲーム デッキシールド(スリーブ) カントーの冒険 ピカチュウ＆カビゴン ポケモンセンター・ポケモンカードジム限定,https://www.suruga-ya.jp/product/detail/604065420,1000,,889,ポケモンカードゲーム ピカチュウ,1,2026-09-21T23:43:36Z
ポケモンカードゲーム デッキシールド(スリーブ) プレミアム・グロス テラスタイプ：ステラ ピカチュウ,,,,990,ポケモンカードゲーム ピカチュウ,0,2026-09-21T23:43:36Z
ポケモンカードゲーム デッキシールド(スリーブ) ピカチュウとハート ポケモンセンター限定,,,,889,ポケモンカードゲーム ピカチュウ,0,2026-09-21T23:43:36Z
ポケモンカードゲーム デッキシールド(スリーブ) ピカチュウ＆ニャオハ ポケモンセンター限定,,,,889,ポケモンカードゲーム ピカチュウ,0,2026-09-21T23:43:36Z
ポケモンカードゲーム デッキケース ピカチュウとハート ポケモンセンター限定,https://www.suruga-ya.jp/product/detail/604061850,1400,,500,ポケモンカードゲーム ピカチュウ,1,2026-09-21T23:43:36Z
ポケモンカードゲーム ポケモンコイン ピカチュウ(両手上げ/銀/クラッドアイス) キャンペーン配布品,https://www.suruga-ya.jp/product/detail/604057856,290,,,ポケモンカードゲーム ピカチュウ,1,2026-09-21T23:43:36Z
ポケモンカードゲーム デッキシールド(スリーブ) ミュウツーVSTAR ポケモンセンター限定,,,,792,ポケモンカードゲーム ミュウツー,0,2026-09-21T23:43:37Z
ポケモンカードゲーム スカーレット＆バイオレット スターターセット テラスタル ミュウツーex,,,,1800,ポケモンカードゲーム ミュウツー,0,2026-09-21T23:43:37Z
ポケモンカードゲーム ソード＆シールド スペシャルカードセット ミュウツーV-UNION,,,,1650,ポケモンカードゲーム ミュウツー,0,2026-09-21T23:43:37Z
ポケモンカードゲーム デッキケース ミュウツー＆ミュウ TAG TEAM GX,https://www.suruga-ya.jp/product/detail/604031660,1100,,398,ポケモンカードゲーム ミュウツー,1,2026-09-21T23:43:37Z
ポケモンカードゲーム デッキシールド(スリーブ) ミュウツー ver.2 ポケモンセンター限定,,,,855,ポケモンカードゲーム ミュウツー,0,2026-09-21T23:43:37Z
ポケモンカードゲーム ダメカン缶ケース ミュウツー ver.3 シルエット ポケモンセンター限定,https://www.suruga-ya.jp/product/detail/604038084,580,,440,ポケモンカードゲーム ミュウツー,1,2026-09-21T23:43:37Z
ポケモンカードゲーム カードファイル ミュウツー＆フシギバナ＆リザードン＆カメックス(2004) ポケモンセンター限定（表紙傷/リフィル傷み・汚れ）,,20000,,,ポケモンカードゲーム ミュウツー,1,2026-09-21T23:43:37Z
ポケモンカードゲーム デッキシールド(スリーブ) プレミアム・グロス 雷テラスタルミュウツー ポケモンセンター限定,,,,990,ポケモンカードゲーム ミュウツー,0,2026-09-21T23:43:37Z
ポケモンカードゲーム ソード＆シールド Pokemon GO スペシャルセット,https://www.suruga-ya.jp/product/detail/620021880,15800,,3700,ポケモンカードゲーム ミュウツー,1,2026-09-21T23:43:37Z
ポケモンカードゲーム おまけカードセット 「GBソフト ポケモンカードGB2 -GR団参上!-」 同梱特典,https://www.suruga-ya.jp/product/detail/620022789,698000,,,ポケモンカードゲーム ミュウツー,1,2026-09-21T23:43:37Z
◇ポケモンカードゲーム ソード＆シールド スペシャルカードセット ミュウツーV-UNION V-UNIONコンプリートセット,,,,,ポケモンカードゲーム ミュウツー,0,2026-09-21T23:43:37Z
[単品] ポケモンカードゲーム サン＆ムーン ミュウツーGX ジャンボカード 「スペシャルジャンボカードパック 名探偵ピカチュウ ミュウツーGX Ver.」 同梱品,,,,,ポケモンカードゲーム ミュウツー,0,2026-09-21T23:43:37Z
ミュウツーとの邂逅 ポケモンカードゲーム イラストストーリー 「ポケットモンスター」,https://www.suruga-ya.jp/product/detail/883073069,340,,,ポケモンカードゲーム ミュウツー,1,2026-09-21T23:43:37Z
128/103[SAR]：(キラ)ミュウツーex,https://www.suruga-ya.jp/product/detail/GU879981,4980,,,ポケモンカードゲーム ミュウツー,1,2026-09-21T23:43:37Z
134/103[FUR]：(キラ)ミュウツーex,https://www.suruga-ya.jp/product/detail/GU879975,10800,,,ポケモンカードゲーム ミュウツー,1,2026-09-21T23:43:37Z
055/103[RR]：(キラ)ミュウツーex,https://www.suruga-ya.jp/product/detail/GU880011,160,,,ポケモンカードゲーム ミュウツー,1,2026-09-21T23:43:37Z
054/103：(キラ)ミュウツー,https://www.suruga-ya.jp/product/detail/GU880066,160,,,ポケモンカードゲーム ミュウツー,1,2026-09-21T23:43:37Z
237/193[SAR]：(キラ)ロケット団のミュウツーex,https://www.suruga-ya.jp/product/detail/GU519470,13800,,,ポケモンカードゲーム ミュウツー,1,2026-09-21T23:43:37Z
063/193[RR]：(キラ)ロケット団のミュウツーex,https://www.suruga-ya.jp/product/detail/GU519533,180,,,ポケモンカードゲーム ミュウツー,1,2026-09-21T23:43:37Z
125/098[SAR]：(キラ)ロケット団のミュウツーex,https://www.suruga-ya.jp/product/detail/GU166807,59800,,,ポケモンカードゲーム ミュウツー,1,2026-09-21T23:43:37Z
114/098[SR]：(キラ)ロケット団のミュウツーex,https://www.suruga-ya.jp/product/detail/GU166815,3480,,,ポケモンカードゲーム ミュウツー,1,2026-09-21T23:43:37Z
001/020：(キラ)ミュウツーex,,,,,ポケモンカードゲーム ミュウツー,0,2026-09-21T23:43:37Z
183/165[AR]：(キラ)ミュウツー,https://www.suruga-ya.jp/product/detail/GL945186,3480,,,ポケモンカードゲーム ミュウツー,1,2026-09-21T23:43:37Z
014/032：(キラ)ミュウツー,https://www.suruga-ya.jp/product/detail/GN223320,4580,,,ポケモンカードゲーム ミュウツー,1,2026-09-21T23:43:37Z
ポケモンカードゲーム スカーレット＆バイオレット ポケモンカード151カードファイルセット フシギバナ・リザードン・カメックス,,,,2200,ポケモンカードゲーム ポケモンカード151,0,2026-09-21T23:43:38Z
ポケモンカードゲーム スカーレット＆バイオレット ポケモンカード151カードファイルセット モンスターボール,,,,2200,ポケモンカードゲーム ポケモンカード151,0,2026-09-21T23:43:38Z
ポケモンカードゲーム デッキシールド(スリーブ) にたものどうし ヌオー＆ドオー ポケモンセンター限定,https://www.suruga-ya.jp/product/detail/604070151,1500,,889,ポケモンカードゲーム ポケモンカード151,1,2026-09-21T23:43:38Z
ポケモンカードゲーム 英語版 プレイマット＆バッグ キービジュアル World Championship 2024 Honolulu：WCS -ワールドチャンピオンシップ 2024 ホノルル-,https://www.suruga-ya.jp/product/detail/604064848,11000,,,ポケモンカードゲーム ポケモンカード151,1,2026-09-21T23:43:38Z
ポケモンカードゲーム 英語版 デッキシールド(スリーブ) ピカチュウ/白背景 World Championship 2025 Anaheim：WCS -ワールドチャンピオンシップ 2025 アナハイム-,,,,,ポケモンカードゲーム ポケモンカード151,0,2026-09-21T23:43:38Z
ポケモンカードゲーム デッキシールド(スリーブ) #GOGO!YELL!! したっぱ ポケモンセンター限定,https://www.suruga-ya.jp/product/detail/604038841,830,,792,ポケモンカードゲーム ポケモンカード151,1,2026-09-21T23:43:38Z
【パック】ポケモンカードゲーム スカーレット＆バイオレット 強化拡張パック ポケモンカード151,https://www.suruga-ya.jp/product/detail/620023021,1580,,290,ポケモンカードゲーム ポケモンカード151,1,2026-09-21T23:43:38Z
[単品] ミュウ プレイマット 「ポケモンカードゲーム スカーレット＆バイオレット 151 Ultra-Premium Collection -ポケモンカード151 ウルトラ・プレミアム コレクション- [英語版] 海外ポケモンセンター限定」 同梱品,,,,,ポケモンカードゲーム ポケモンカード151,0,2026-09-21T23:43:38Z
ポケモンカードゲーム デッキシールド(スリーブ) リザードン ポケモンセンター限定,,,,398,ポケモンカードゲーム ポケモンカード151,0,2026-09-21T23:43:38Z
ポケモンカードゲーム 英語版 プレイマット Dondozo ＆ Tatsugiri Teamwork -ヘイラッシャ＆シャリタツ・チームワーク- 海外ポケモンセンター限定,,,,,ポケモンカードゲーム ポケモンカード151,0,2026-09-21T23:43:38Z
ポケモンカードゲーム 英語版 デッキシールド(スリーブ) Pokemon Center × Van Gogh Museum： Corviknight Inspired by Wheatfield with Crows -ポケモンセンター×ゴッホ美術館 アーマーガア・インスパイアド・バイ・ウィートフィールド・ウィズ・クロウズ- 海外ポケモンセンター限定,,,,,ポケモンカードゲーム ポケモンカード151,0,2026-09-21T23:43:38Z
ポケモンカードゲーム 英語版 デッキシールド(スリーブ) Koraidon Slate -コライドン・スレート- 海外ポケモンセンター限定,,,,,ポケモンカードゲーム ポケモンカード151,0,2026-09-21T23:43:38Z
ポケモンカードゲーム デッキシールド(スリーブ) サーナイト・ドレディア ポケモンセンター・他 限定,,,,398,ポケモンカードゲーム ポケモンカード151,0,2026-09-21T23:43:38Z
[単品] カタログポスター(四つ折) 「ポケモンカードゲーム スカーレット＆バイオレット ポケモンカード151カードファイルセット」,https://www.suruga-ya.jp/product/detail/508900478,280,,,ポケモンカードゲーム ポケモンカード151,1,2026-09-21T23:43:38Z
【BOX】ポケモンカードゲーム スカーレット＆バイオレット 強化拡張パック ポケモンカード151,https://www.suruga-ya.jp/product/detail/630023021,49800,,5808,ポケモンカードゲーム ポケモンカード151,1,2026-09-21T23:43:38Z
ポケモンカードゲーム スペシャルジャンボカード サンダーとフリーザーとファイヤー 月刊コロコロコミック1997年10月号付録,https://www.suruga-ya.jp/product/detail/620015106,2980,,,ポケモンカードゲーム ポケモンカード151,1,2026-09-21T23:43:38Z
ポケモンカードゲーム レインボーアイランド 大空 サザンアイランド(カード3枚入り),https://www.suruga-ya.jp/product/detail/620005955,228000,,220,ポケモンカードゲーム ポケモンカード151,1,2026-09-21T23:43:38Z
ポケモンカードゲーム 英語版 デッキシールド(スリーブ) Slither Wing ＆ Iron Moth -チヲハウハネ＆テツノドクガ- 海外ポケモンセンター限定,https://www.suruga-ya.jp/product/detail/604065304,1100,,,ポケモンカードゲーム ポケモンカード151,1,2026-09-21T23:43:38Z
ポケモンカードゲーム デッキシールド(スリーブ) energy color ポケモンセンター・他限定,https://www.suruga-ya.jp/product/detail/604015123,4500,,398,ポケモンカードゲーム ポケモンカード151,1,2026-09-21T23:43:38Z
ポケモンカードゲーム デッキシールド(スリーブ) ピカチュウがいっぱい ポケモンセンター限定,https://www.suruga-ya.jp/product/detail/604015112,2600,,398,ポケモンカードゲーム ポケモンカード151,1,2026-09-21T23:43:38Z
ポケモンカードゲーム 遊びかたDVD,https://www.suruga-ya.jp/product/detail/151117216,260,,,ポケモンカードゲーム ポケモンカード151,1,2026-09-21T23:43:38Z
ポケモンカードゲーム 英語版 プレイマット Eevee ＆ Umbreon Twilight -イーブイ＆ブラッキー・トワイライト- 海外ポケモンセンター限定,https://www.suruga-ya.jp/product/detail/604063785,3300,,,ポケモンカードゲーム ポケモンカード151,1,2026-09-21T23:43:38Z
ポケモンカードゲーム デッキシールド(スリーブ) プラズマ団 ポケモンセンター限定（内袋開封済み/スリーブ2枚欠品）,,6000,,398,ポケモンカードゲーム ポケモンカード151,1,2026-09-21T23:43:38Z
ポケモンカードゲーム 英語版 デッキシールド(スリーブ) Haunted Ruins -ホーンテッド・ルインズ- 海外ポケモンセンター限定,,,,,ポケモンカードゲーム ポケモンカード151,0,2026-09-21T23:43:38Z
ポケモンカードゲーム MEGA スターターセットex イーブイex,https://www.suruga-ya.jp/product/detail/620029344,2980,,1800,ポケモンカードゲーム イーブイ,1,2026-09-21T23:43:39Z
ポケモンカードゲーム キャリングケース イーブイ大集合,https://www.suruga-ya.jp/product/detail/604062616,1400,,1650,ポケモンカードゲーム イーブイ,1,2026-09-21T23:43:39Z
ポケモンカードゲーム ロングカードボックス イーブイ大集合,https://www.suruga-ya.jp/product/detail/604062614,540,,660,ポケモンカードゲーム イーブイ,1,2026-09-21T23:43:39Z
ポケモンカードゲーム ぬいぐるみカードマルチバンド イーブイ ポケモンセンター限定,https://www.suruga-ya.jp/product/detail/604070437,900,,880,ポケモンカードゲーム イーブイ,1,2026-09-21T23:43:39Z
ポケモンカードゲーム ダメカンケース イーブイ大集合,https://www.suruga-ya.jp/product/detail/604062615,310,,330,ポケモンカードゲーム イーブイ,1,2026-09-21T23:43:39Z
ポケモンカードゲーム デッキシールド(スリーブ) イーブイと進化 ポケモンセンター限定,,,,792,ポケモンカードゲーム イーブイ,0,2026-09-21T23:43:39Z
ポケモンカードゲーム ラバープレイマット イーブイと進化 ポケモンセンター限定,,,,2750,ポケモンカードゲーム イーブイ,0,2026-09-21T23:43:39Z
ポケモンカードゲーム コレクションリフィル ピカチュウ＆イーブイ ポケモンセンター限定,https://www.suruga-ya.jp/product/detail/604033977,2400,,658,ポケモンカードゲーム イーブイ,1,2026-09-21T23:43:39Z
ポケモンカードゲーム ソード＆シールド Vスタートデッキ無色 イーブイ,https://www.suruga-ya.jp/product/detail/620015823,1580,,550,ポケモンカードゲーム イーブイ,1,2026-09-21T23:43:39Z
ポケモンカードゲーム 英語版 プレイマット Eevee Breakaway -イーブイ・ブレイクアウェイ- 海外ポケモンセンター限定,,,,,ポケモンカードゲーム イーブイ,0,2026-09-21T23:43:39Z
ポケモンカードゲーム 英語版 デッキシールド(スリーブ) Eevee Prismatic -イーブイ・プリズマティック-(再販版) 海外ポケモンセンター限定,https://www.suruga-ya.jp/product/detail/604057360,1110,,,ポケモンカードゲーム イーブイ,1,2026-09-21T23:43:39Z
ポケモンカードゲーム デッキシールド(スリーブ) イーブイ ポンチョシリーズ LF ポケモンセンター限定,,,,791,ポケモンカードゲーム イーブイ,0,2026-09-21T23:43:39Z
ポケモンカードゲーム デッキシールド(スリーブ) イーブイ ポンチョシリーズ NP ポケモンセンター限定,https://www.suruga-ya.jp/product/detail/604025798,15800,,791,ポケモンカードゲーム イーブイ,1,2026-09-21T23:43:39Z
ポケモンカードゲーム デッキシールド(スリーブ) イーブイ ポンチョシリーズ EF ポケモンセンター限定,https://www.suruga-ya.jp/product/detail/604025794,12000,,791,ポケモンカードゲーム イーブイ,1,2026-09-21T23:43:39Z
ポケモンカードゲーム デッキシールド(スリーブ) イーブイ・リーフィア・グレイシア ポケモンセンター限定,https://www.suruga-ya.jp/product/detail/604014756,1400,,398,ポケモンカードゲーム イーブイ,1,2026-09-21T23:43:39Z
ポケモンカードゲーム 英語版 デッキシールド(スリーブ) Pokemon Center × Van Gogh Museum： Eevee Inspired by Self-Portrait with Straw Hat -ポケモンセンター×ゴッホ美術館 イーブイ・インスパイアド・バイ・セルフポートレート・ウィズ・ストロー・ハット- 海外ポケモンセンター限定,https://www.suruga-ya.jp/product/detail/604061522,5100,,,ポケモンカードゲーム イーブイ,1,2026-09-21T23:43:39Z
ポケモンカードゲーム 英語版 プレイマット Eevee ＆ Umbreon Twilight -イーブイ＆ブラッキー・トワイライト- 海外ポケモンセンター限定,https://www.suruga-ya.jp/product/detail/604063785,3300,,,ポケモンカードゲーム イーブイ,1,2026-09-21T23:43:39Z
ポケモンカードゲーム 英語版 デッキシールド(スリーブ) Gigantamax Pikachu ＆ Gigantamax Eevee -ピカチュウ キョダイマックスのすがた＆イーブイ キョダイマックスのすがた- ポケモンセンター限定,,,,,ポケモンカードゲーム イーブイ,0,2026-09-21T23:43:39Z
ポケモンカードゲーム 英語版 デッキシールド(スリーブ) Eevee Pixel Collection! -イーブイ・ピクセル・コレクション!- ポケモンセンター限定,https://www.suruga-ya.jp/product/detail/604040237,4200,,,ポケモンカードゲーム イーブイ,1,2026-09-21T23:43:39Z
ポケモンカードゲーム デッキシールド(スリーブ) くっつきなかよしイーブイたち,https://www.suruga-ya.jp/product/detail/604028661,1780,,792,ポケモンカードゲーム イーブイ,1,2026-09-21T23:43:39Z
ポケモンカードゲーム デッキケース くっつきなかよしイーブイたち ポケモンセンター限定,,,,429,ポケモンカードゲーム イーブイ,0,2026-09-21T23:43:39Z
ポケモンカードゲーム ラバープレイマット イーブイズ,,,,2970,ポケモンカードゲーム イーブイ,0,2026-09-21T23:43:39Z
ポケモンカードゲーム コレクションファイル イーブイズ,,,,1980,ポケモンカードゲーム イーブイ,0,2026-09-21T23:43:39Z
ポケモンカードゲーム ディスプレイフレーム イーブイズ Ver.2 ポケモンセンター限定,https://www.suruga-ya.jp/product/detail/604066219,1700,,1490,ポケモンカードゲーム イーブイ,1,2026-09-21T23:43:39Z
ポケモンカードゲーム スカーレット＆バイオレット バトルマスターデッキ テラスタル リザードンex,https://www.suruga-ya.jp/product/detail/620024628,3980,,3000,ポケモンカードゲーム リザードン,1,2026-09-22T00:19:51Z
ポケモンカードゲーム スカーレット＆バイオレット スペシャルデッキセットex フシギバナ・リザードン・カメックス,https://www.suruga-ya.jp/product/detail/620024077,42800,,5500,ポケモンカードゲーム リザードン,1,2026-09-22T00:19:51Z
ポケモンカードゲーム スカーレット＆バイオレット ポケモンカード151カードファイルセット フシギバナ・リザードン・カメックス,,,,2200,ポケモンカードゲーム リザードン,0,2026-09-22T00:19:51Z
ポケモンカードゲーム ラバープレイマット リザードンVSレックウザ ポケモンセンター限定,,,,2750,ポケモンカードゲーム リザードン,0,2026-09-22T00:19:51Z
ポケモンカードゲーム デッキシールド(スリーブ) 飛翔 リザードン ポケモンセンター限定,,,,792,ポケモンカードゲーム リザードン,0,2026-09-22T00:19:51Z
ポケモンカードゲーム コレクションファイル リザードンVSレックウザ ポケモンセンター限定,,,,1705,ポケモンカードゲーム リザードン,0,2026-09-22T00:19:51Z
ポケモンカードゲーム ラバープレイマット リザードン ポケモンセンター限定,https://www.suruga-ya.jp/product/detail/604048639,1900,,2750,ポケモンカードゲーム リザードン,1,2026-09-22T00:19:51Z
ポケモンカードゲーム デッキシールド プロ(スリーブ) リザードン ポケモンセンター限定（内袋開封済み）,,680,,913,ポケモンカードゲーム リザードン,1,2026-09-22T00:19:51Z
ポケモンカードゲーム 3連ディスプレイフレーム 進化の軌跡 フシギバナ・リザードン・カメックス ポケモンセンター限定,https://www.suruga-ya.jp/product/detail/604055375,5500,,3500,ポケモンカードゲーム リザードン,1,2026-09-22T00:19:51Z
ポケモンカードゲーム ソード＆シールド スペシャルデッキセット リザードンVSTAR vs レックウザVMAX,https://www.suruga-ya.jp/product/detail/620022382,16800,,5500,ポケモンカードゲーム リザードン,1,2026-09-22T00:19:51Z
ポケモンカードゲーム コレクションファイル 色違いのリザードン ポケモンセンター限定,https://www.suruga-ya.jp/product/detail/604041692,1500,,1705,ポケモンカードゲーム リザードン,1,2026-09-22T00:19:51Z
ポケモンカードゲーム デッキシールド(スリーブ) プレミアム・グロス リザードン ポケモンセンター限定,,,,913,ポケモンカードゲーム リザードン,0,2026-09-22T00:19:51Z
ポケモンカードゲーム デッキケース 進化の系譜 リザードン ポケモンセンター限定（本体不備（中））,,740,,398,ポケモンカードゲーム リザードン,1,2026-09-22T00:19:51Z
ポケモンカードゲーム 英語版 プレイマット Charizard -リザードン- ポケモンセンター限定,https://www.suruga-ya.jp/product/detail/604032139,950,,,ポケモンカードゲーム リザードン,1,2026-09-22T00:19:51Z
ポケモンカードゲーム デッキシールド(スリーブ) リザードン ポケモンセンター限定,,,,398,ポケモンカードゲーム リザードン,0,2026-09-22T00:19:51Z
ポケモンカードゲームXY メガバトルデッキ60 MリザードンEX,,,,1712,ポケモンカードゲーム リザードン,0,2026-09-22T00:19:51Z
ポケモンカードゲーム デッキシールド(スリーブ) 『リザードンver.2』 ポケモンセンター限定,,,,397,ポケモンカードゲーム リザードン,0,2026-09-22T00:19:51Z
ポケモンカードゲーム 英語版 デッキシールド(スリーブ) Scorching Charizard Fournaise Dracaufeu -スコーチング・リザードン フルネーズ・ドラコーフ- ポケモンセンター限定,,,,,ポケモンカードゲーム リザードン,0,2026-09-22T00:19:51Z
ポケモンカードゲーム カードファイル ミュウツー＆フシギバナ＆リザードン＆カメックス(2004) ポケモンセンター限定（表紙傷/リフィル傷み・汚れ）,,20000,,,ポケモンカードゲーム リザードン,1,2026-09-22T00:19:51Z
ポケモンカードゲーム ロングカードボックス メガリザードンX ポケモンセンター限定,,,,660,ポケモンカードゲーム リザードン,0,2026-09-22T00:19:51Z
ポケモンカードゲーム デッキシールド(スリーブ) メガリザードンX 古城 ポケモンセンター限定,https://www.suruga-ya.jp/product/detail/604071993,1400,,889,ポケモンカードゲーム リザードン,1,2026-09-22T00:19:51Z
ポケモンカードゲーム デッキケース メガリザードンX 古城 ポケモンセンター限定,,,,500,ポケモンカードゲーム リザードン,0,2026-09-22T00:19:51Z
ポケモンカードゲーム デッキシールド(スリーブ) メガリザードンX,,,,889,ポケモンカードゲーム リザードン,0,2026-09-22T00:19:51Z
ポケモンカードゲーム デッキケース 悪テラスタルリザードン（全付属品欠品）,,280,,501,ポケモンカードゲーム リザードン,1,2026-09-22T00:19:51Z
ポケモンカードゲーム ピカチュウ ワールド,https://www.suruga-ya.jp/product/detail/620005021,648000,,891,ポケモンカードゲーム ピカチュウ,1,2026-09-22T00:19:52Z
ポケモンカードゲーム ラバープレイマット ピカチュウとかみなり,https://www.suruga-ya.jp/product/detail/604070595,2100,,2970,ポケモンカードゲーム ピカチュウ,1,2026-09-22T00:19:52Z
ポケモンカードゲーム デッキケース ピカチュウとかみなり,,,,500,ポケモンカードゲーム ピカチュウ,0,2026-09-22T00:19:52Z
ポケモンカードゲーム ジャンボカード ピカチュウex JR東日本 ポケモンメガスタンプラリー2025 配布品,,,,,ポケモンカードゲーム ピカチュウ,0,2026-09-22T00:19:52Z
ポケモンカードゲーム デッキシールド(スリーブ) ピカチュウときのみ ポケモンセンター限定,,,,889,ポケモンカードゲーム ピカチュウ,0,2026-09-22T00:19:52Z
ポケモンカードゲーム ぬいぐるみカードマルチバンド ピカチュウ ポケモンセンター限定,https://www.suruga-ya.jp/product/detail/604070436,750,,880,ポケモンカードゲーム ピカチュウ,1,2026-09-22T00:19:52Z
ポケモンカードゲーム デッキシールド(スリーブ) 花笠まつりごっこピカチュウ【オレンジ】 ポケモンセンター限定,https://www.suruga-ya.jp/product/detail/604069913,1200,,889,ポケモンカードゲーム ピカチュウ,1,2026-09-22T00:19:52Z
ポケモンカードゲーム デッキシールド(スリーブ) 竿燈まつりごっこピカチュウ【ブルー】 ポケモンセンター限定,https://www.suruga-ya.jp/product/detail/604069914,1700,,889,ポケモンカードゲーム ピカチュウ,1,2026-09-22T00:19:52Z
ポケモンカードゲーム デッキシールド(スリーブ) わらじまつりごっこピカチュウ【グリーン】 ポケモンセンター限定,https://www.suruga-ya.jp/product/detail/604069916,1100,,889,ポケモンカードゲーム ピカチュウ,1,2026-09-22T00:19:52Z
ポケモンカードゲーム デッキシールド(スリーブ) わらじまつりごっこピカチュウ【イエロー】 ポケモンセンター限定,https://www.suruga-ya.jp/product/detail/604069681,1200,,889,ポケモンカードゲーム ピカチュウ,1,2026-09-22T00:19:52Z
ポケモンカードゲーム デッキシールド(スリーブ) 花笠まつりごっこピカチュウ【グリーン】 ポケモンセンター限定,https://www.suruga-ya.jp/product/detail/604069682,1300,,889,ポケモンカードゲーム ピカチュウ,1,2026-09-22T00:19:52Z
ポケモンカードゲーム デッキシールド(スリーブ) 竿燈まつりごっこピカチュウ【レッド】 ポケモンセンター限定,https://www.suruga-ya.jp/product/detail/604069683,1200,,889,ポケモンカードゲーム ピカチュウ,1,2026-09-22T00:19:52Z
ポケモンカードゲーム デッキシールド(スリーブ) さんさ踊りごっこピカチュウ【パープル】 ポケモンセンター限定,https://www.suruga-ya.jp/product/detail/604069679,1200,,889,ポケモンカードゲーム ピカチュウ,1,2026-09-22T00:19:52Z
ポケモンカードゲーム デッキシールド(スリーブ) ピカチュウとかみなり,,,,889,ポケモンカードゲーム ピカチュウ,0,2026-09-22T00:19:52Z
ポケモンカードゲーム デッキシールド(スリーブ) さんさ踊りごっこピカチュウ ポケモンセンター限定,https://www.suruga-ya.jp/product/detail/604067931,1500,,889,ポケモンカードゲーム ピカチュウ,1,2026-09-22T00:19:52Z
ポケモンカードゲーム デッキシールド(スリーブ) 花笠まつりごっこピカチュウ ポケモンセンター限定,https://www.suruga-ya.jp/product/detail/604067926,1200,,889,ポケモンカードゲーム ピカチュウ,1,2026-09-22T00:19:52Z
ポケモンカードゲーム デッキシールド(スリーブ) わらじまつりごっこピカチュウ ポケモンセンター限定,,,,889,ポケモンカードゲーム ピカチュウ,0,2026-09-22T00:19:52Z
ポケモンカードゲーム デッキシールド(スリーブ) 七夕まつりごっこピカチュウ ポケモンセンター限定,,,,889,ポケモンカードゲーム ピカチュウ,0,2026-09-22T00:19:52Z
ポケモンカードゲーム デッキシールド(スリーブ) カントーの冒険 ピカチュウ＆カビゴン ポケモンセンター・ポケモンカードジム限定,https://www.suruga-ya.jp/product/detail/604065420,1000,,889,ポケモンカードゲーム ピカチュウ,1,2026-09-22T00:19:52Z
ポケモンカードゲーム デッキシールド(スリーブ) プレミアム・グロス テラスタイプ：ステラ ピカチュウ,,,,990,ポケモンカードゲーム ピカチュウ,0,2026-09-22T00:19:52Z
ポケモンカードゲーム デッキシールド(スリーブ) ピカチュウとハート ポケモンセンター限定,,,,889,ポケモンカードゲーム ピカチュウ,0,2026-09-22T00:19:52Z
ポケモンカードゲーム デッキシールド(スリーブ) ピカチュウ＆ニャオハ ポケモンセンター限定,,,,889,ポケモンカードゲーム ピカチュウ,0,2026-09-22T00:19:52Z
ポケモンカードゲーム デッキケース ピカチュウとハート ポケモンセンター限定,https://www.suruga-ya.jp/product/detail/604061850,1400,,500,ポケモンカードゲーム ピカチュウ,1,2026-09-22T00:19:52Z
ポケモンカードゲーム ポケモンコイン ピカチュウ(両手上げ/銀/クラッドアイス) キャンペーン配布品,https://www.suruga-ya.jp/product/detail/604057856,290,,,ポケモンカードゲーム ピカチュウ,1,2026-09-22T00:19:52Z
ポケモンカードゲーム デッキシールド(スリーブ) ミュウツーVSTAR ポケモンセンター限定,,,,792,ポケモンカードゲーム ミュウツー,0,2026-09-22T00:19:53Z
ポケモンカードゲーム スカーレット＆バイオレット スターターセット テラスタル ミュウツーex,,,,1800,ポケモンカードゲーム ミュウツー,0,2026-09-22T00:19:53Z
ポケモンカードゲーム ソード＆シールド スペシャルカードセット ミュウツーV-UNION,,,,1650,ポケモンカードゲーム ミュウツー,0,2026-09-22T00:19:53Z
ポケモンカードゲーム デッキケース ミュウツー＆ミュウ TAG TEAM GX,https://www.suruga-ya.jp/product/detail/604031660,1100,,398,ポケモンカードゲーム ミュウツー,1,2026-09-22T00:19:53Z
ポケモンカードゲーム デッキシールド(スリーブ) ミュウツー ver.2 ポケモンセンター限定,,,,855,ポケモンカードゲーム ミュウツー,0,2026-09-22T00:19:53Z
ポケモンカードゲーム ダメカン缶ケース ミュウツー ver.3 シルエット ポケモンセンター限定,https://www.suruga-ya.jp/product/detail/604038084,580,,440,ポケモンカードゲーム ミュウツー,1,2026-09-22T00:19:53Z
ポケモンカードゲーム カードファイル ミュウツー＆フシギバナ＆リザードン＆カメックス(2004) ポケモンセンター限定（表紙傷/リフィル傷み・汚れ）,,20000,,,ポケモンカードゲーム ミュウツー,1,2026-09-22T00:19:53Z
ポケモンカードゲーム デッキシールド(スリーブ) プレミアム・グロス 雷テラスタルミュウツー ポケモンセンター限定,,,,990,ポケモンカードゲーム ミュウツー,0,2026-09-22T00:19:53Z
ポケモンカードゲーム ソード＆シールド Pokemon GO スペシャルセット,https://www.suruga-ya.jp/product/detail/620021880,15800,,3700,ポケモンカードゲーム ミュウツー,1,2026-09-22T00:19:53Z
ポケモンカードゲーム おまけカードセット 「GBソフト ポケモンカードGB2 -GR団参上!-」 同梱特典,https://www.suruga-ya.jp/product/detail/620022789,698000,,,ポケモンカードゲーム ミュウツー,1,2026-09-22T00:19:53Z
◇ポケモンカードゲーム ソード＆シールド スペシャルカードセット ミュウツーV-UNION V-UNIONコンプリートセット,,,,,ポケモンカードゲーム ミュウツー,0,2026-09-22T00:19:53Z
[単品] ポケモンカードゲーム サン＆ムーン ミュウツーGX ジャンボカード 「スペシャルジャンボカードパック 名探偵ピカチュウ ミュウツーGX Ver.」 同梱品,,,,,ポケモンカードゲーム ミュウツー,0,2026-09-22T00:19:53Z
ミュウツーとの邂逅 ポケモンカードゲーム イラストストーリー 「ポケットモンスター」,https://www.suruga-ya.jp/product/detail/883073069,340,,,ポケモンカードゲーム ミュウツー,1,2026-09-22T00:19:53Z
128/103[SAR]：(キラ)ミュウツーex,https://www.suruga-ya.jp/product/detail/GU879981,4980,,,ポケモンカードゲーム ミュウツー,1,2026-09-22T00:19:53Z
134/103[FUR]：(キラ)ミュウツーex,https://www.suruga-ya.jp/product/detail/GU879975,10800,,,ポケモンカードゲーム ミュウツー,1,2026-09-22T00:19:53Z
055/103[RR]：(キラ)ミュウツーex,https://www.suruga-ya.jp/product/detail/GU880011,160,,,ポケモンカードゲーム ミュウツー,1,2026-09-22T00:19:53Z
054/103：(キラ)ミュウツー,https://www.suruga-ya.jp/product/detail/GU880066,160,,,ポケモンカードゲーム ミュウツー,1,2026-09-22T00:19:53Z
237/193[SAR]：(キラ)ロケット団のミュウツーex,https://www.suruga-ya.jp/product/detail/GU519470,13800,,,ポケモンカードゲーム ミュウツー,1,2026-09-22T00:19:53Z
063/193[RR]：(キラ)ロケット団のミュウツーex,https://www.suruga-ya.jp/product/detail/GU519533,180,,,ポケモンカードゲーム ミュウツー,1,2026-09-22T00:19:53Z
125/098[SAR]：(キラ)ロケット団のミュウツーex,https://www.suruga-ya.jp/product/detail/GU166807,59800,,,ポケモンカードゲーム ミュウツー,1,2026-09-22T00:19:53Z
114/098[SR]：(キラ)ロケット団のミュウツーex,https://www.suruga-ya.jp/product/detail/GU166815,3480,,,ポケモンカードゲーム ミュウツー,1,2026-09-22T00:19:53Z
001/020：(キラ)ミュウツーex,,,,,ポケモンカードゲーム ミュウツー,0,2026-09-22T00:19:53Z
183/165[AR]：(キラ)ミュウツー,https://www.suruga-ya.jp/product/detail/GL945186,3480,,,ポケモンカードゲーム ミュウツー,1,2026-09-22T00:19:53Z
014/032：(キラ)ミュウツー,https://www.suruga-ya.jp/product/detail/GN223320,4580,,,ポケモンカードゲーム ミュウツー,1,2026-09-22T00:19:53Z
ポケモンカードゲーム スカーレット＆バイオレット ポケモンカード151カードファイルセット フシギバナ・リザードン・カメックス,,,,2200,ポケモンカードゲーム ポケモンカード151,0,2026-09-22T00:19:54Z
ポケモンカードゲーム スカーレット＆バイオレット ポケモンカード151カードファイルセット モンスターボール,,,,2200,ポケモンカードゲーム ポケモンカード151,0,2026-09-22T00:19:54Z
ポケモンカードゲーム デッキシールド(スリーブ) にたものどうし ヌオー＆ドオー ポケモンセンター限定,https://www.suruga-ya.jp/product/detail/604070151,1500,,889,ポケモンカードゲーム ポケモンカード151,1,2026-09-22T00:19:54Z
ポケモンカードゲーム 英語版 プレイマット＆バッグ キービジュアル World Championship 2024 Honolulu：WCS -ワールドチャンピオンシップ 2024 ホノルル-,https://www.suruga-ya.jp/product/detail/604064848,11000,,,ポケモンカードゲーム ポケモンカード151,1,2026-09-22T00:19:54Z
ポケモンカードゲーム 英語版 デッキシールド(スリーブ) ピカチュウ/白背景 World Championship 2025 Anaheim：WCS -ワールドチャンピオンシップ 2025 アナハイム-,,,,,ポケモンカードゲーム ポケモンカード151,0,2026-09-22T00:19:54Z
ポケモンカードゲーム デッキシールド(スリーブ) #GOGO!YELL!! したっぱ ポケモンセンター限定,https://www.suruga-ya.jp/product/detail/604038841,830,,792,ポケモンカードゲーム ポケモンカード151,1,2026-09-22T00:19:54Z
【パック】ポケモンカードゲーム スカーレット＆バイオレット 強化拡張パック ポケモンカード151,https://www.suruga-ya.jp/product/detail/620023021,1580,,290,ポケモンカードゲーム ポケモンカード151,1,2026-09-22T00:19:54Z
[単品] ミュウ プレイマット 「ポケモンカードゲーム スカーレット＆バイオレット 151 Ultra-Premium Collection -ポケモンカード151 ウルトラ・プレミアム コレクション- [英語版] 海外ポケモンセンター限定」 同梱品,,,,,ポケモンカードゲーム ポケモンカード151,0,2026-09-22T00:19:54Z
ポケモンカードゲーム デッキシールド(スリーブ) リザードン ポケモンセンター限定,,,,398,ポケモンカードゲーム ポケモンカード151,0,2026-09-22T00:19:54Z
ポケモンカードゲーム 英語版 プレイマット Dondozo ＆ Tatsugiri Teamwork -ヘイラッシャ＆シャリタツ・チームワーク- 海外ポケモンセンター限定,,,,,ポケモンカードゲーム ポケモンカード151,0,2026-09-22T00:19:54Z
ポケモンカードゲーム 英語版 デッキシールド(スリーブ) Pokemon Center × Van Gogh Museum： Corviknight Inspired by Wheatfield with Crows -ポケモンセンター×ゴッホ美術館 アーマーガア・インスパイアド・バイ・ウィートフィールド・ウィズ・クロウズ- 海外ポケモンセンター限定,,,,,ポケモンカードゲーム ポケモンカード151,0,2026-09-22T00:19:54Z
ポケモンカードゲーム 英語版 デッキシールド(スリーブ) Koraidon Slate -コライドン・スレート- 海外ポケモンセンター限定,,,,,ポケモンカードゲーム ポケモンカード151,0,2026-09-22T00:19:54Z
ポケモンカードゲーム デッキシールド(スリーブ) サーナイト・ドレディア ポケモンセンター・他 限定,,,,398,ポケモンカードゲーム ポケモンカード151,0,2026-09-22T00:19:54Z
[単品] カタログポスター(四つ折) 「ポケモンカードゲーム スカーレット＆バイオレット ポケモンカード151カードファイルセット」,https://www.suruga-ya.jp/product/detail/508900478,280,,,ポケモンカードゲーム ポケモンカード151,1,2026-09-22T00:19:54Z
【BOX】ポケモンカードゲーム スカーレット＆バイオレット 強化拡張パック ポケモンカード151,https://www.suruga-ya.jp/product/detail/630023021,49800,,5808,ポケモンカードゲーム ポケモンカード151,1,2026-09-22T00:19:54Z
ポケモンカードゲーム スペシャルジャンボカード サンダーとフリーザーとファイヤー 月刊コロコロコミック1997年10月号付録,https://www.suruga-ya.jp/product/detail/620015106,2980,,,ポケモンカードゲーム ポケモンカード151,1,2026-09-22T00:19:54Z
ポケモンカードゲーム レインボーアイランド 大空 サザンアイランド(カード3枚入り),https://www.suruga-ya.jp/product/detail/620005955,228000,,220,ポケモンカードゲーム ポケモンカード151,1,2026-09-22T00:19:54Z
ポケモンカードゲーム 英語版 デッキシールド(スリーブ) Slither Wing ＆ Iron Moth -チヲハウハネ＆テツノドクガ- 海外ポケモンセンター限定,https://www.suruga-ya.jp/product/detail/604065304,1100,,,ポケモンカードゲーム ポケモンカード151,1,2026-09-22T00:19:54Z
ポケモンカードゲーム デッキシールド(スリーブ) energy color ポケモンセンター・他限定,https://www.suruga-ya.jp/product/detail/604015123,4500,,398,ポケモンカードゲーム ポケモンカード151,1,2026-09-22T00:19:54Z
ポケモンカードゲーム デッキシールド(スリーブ) ピカチュウがいっぱい ポケモンセンター限定,https://www.suruga-ya.jp/product/detail/604015112,2600,,398,ポケモンカードゲーム ポケモンカード151,1,2026-09-22T00:19:54Z
ポケモンカードゲーム 遊びかたDVD,https://www.suruga-ya.jp/product/detail/151117216,260,,,ポケモンカードゲーム ポケモンカード151,1,2026-09-22T00:19:54Z
ポケモンカードゲーム 英語版 プレイマット Eevee ＆ Umbreon Twilight -イーブイ＆ブラッキー・トワイライト- 海外ポケモンセンター限定,https://www.suruga-ya.jp/product/detail/604063785,3300,,,ポケモンカードゲーム ポケモンカード151,1,2026-09-22T00:19:54Z
ポケモンカードゲーム デッキシールド(スリーブ) プラズマ団 ポケモンセンター限定（内袋開封済み/スリーブ2枚欠品）,,6000,,398,ポケモンカードゲーム ポケモンカード151,1,2026-09-22T00:19:54Z
ポケモンカードゲーム 英語版 デッキシールド(スリーブ) Haunted Ruins -ホーンテッド・ルインズ- 海外ポケモンセンター限定,,,,,ポケモンカードゲーム ポケモンカード151,0,2026-09-22T00:19:54Z
ポケモンカードゲーム MEGA スターターセットex イーブイex,https://www.suruga-ya.jp/product/detail/620029344,2980,,1800,ポケモンカードゲーム イーブイ,1,2026-09-22T00:21:01Z
ポケモンカードゲーム キャリングケース イーブイ大集合,https://www.suruga-ya.jp/product/detail/604062616,1400,,1650,ポケモンカードゲーム イーブイ,1,2026-09-22T00:21:01Z
ポケモンカードゲーム ロングカードボックス イーブイ大集合,https://www.suruga-ya.jp/product/detail/604062614,540,,660,ポケモンカードゲーム イーブイ,1,2026-09-22T00:21:01Z
ポケモンカードゲーム ぬいぐるみカードマルチバンド イーブイ ポケモンセンター限定,https://www.suruga-ya.jp/product/detail/604070437,900,,880,ポケモンカードゲーム イーブイ,1,2026-09-22T00:21:01Z
ポケモンカードゲーム ダメカンケース イーブイ大集合,https://www.suruga-ya.jp/product/detail/604062615,310,,330,ポケモンカードゲーム イーブイ,1,2026-09-22T00:21:01Z
ポケモンカードゲーム デッキシールド(スリーブ) イーブイと進化 ポケモンセンター限定,,,,792,ポケモンカードゲーム イーブイ,0,2026-09-22T00:21:01Z
ポケモンカードゲーム ラバープレイマット イーブイと進化 ポケモンセンター限定,,,,2750,ポケモンカードゲーム イーブイ,0,2026-09-22T00:21:01Z
ポケモンカードゲーム コレクションリフィル ピカチュウ＆イーブイ ポケモンセンター限定,https://www.suruga-ya.jp/product/detail/604033977,2400,,658,ポケモンカードゲーム イーブイ,1,2026-09-22T00:21:01Z
ポケモンカードゲーム ソード＆シールド Vスタートデッキ無色 イーブイ,https://www.suruga-ya.jp/product/detail/620015823,1580,,550,ポケモンカードゲーム イーブイ,1,2026-09-22T00:21:01Z
ポケモンカードゲーム 英語版 プレイマット Eevee Breakaway -イーブイ・ブレイクアウェイ- 海外ポケモンセンター限定,,,,,ポケモンカードゲーム イーブイ,0,2026-09-22T00:21:01Z
ポケモンカードゲーム 英語版 デッキシールド(スリーブ) Eevee Prismatic -イーブイ・プリズマティック-(再販版) 海外ポケモンセンター限定,https://www.suruga-ya.jp/product/detail/604057360,1110,,,ポケモンカードゲーム イーブイ,1,2026-09-22T00:21:01Z
ポケモンカードゲーム デッキシールド(スリーブ) イーブイ ポンチョシリーズ LF ポケモンセンター限定,,,,791,ポケモンカードゲーム イーブイ,0,2026-09-22T00:21:01Z
ポケモンカードゲーム デッキシールド(スリーブ) イーブイ ポンチョシリーズ NP ポケモンセンター限定,https://www.suruga-ya.jp/product/detail/604025798,15800,,791,ポケモンカードゲーム イーブイ,1,2026-09-22T00:21:01Z
ポケモンカードゲーム デッキシールド(スリーブ) イーブイ ポンチョシリーズ EF ポケモンセンター限定,https://www.suruga-ya.jp/product/detail/604025794,12000,,791,ポケモンカードゲーム イーブイ,1,2026-09-22T00:21:01Z
ポケモンカードゲーム デッキシールド(スリーブ) イーブイ・リーフィア・グレイシア ポケモンセンター限定,https://www.suruga-ya.jp/product/detail/604014756,1400,,398,ポケモンカードゲーム イーブイ,1,2026-09-22T00:21:01Z
ポケモンカードゲーム 英語版 デッキシールド(スリーブ) Pokemon Center × Van Gogh Museum： Eevee Inspired by Self-Portrait with Straw Hat -ポケモンセンター×ゴッホ美術館 イーブイ・インスパイアド・バイ・セルフポートレート・ウィズ・ストロー・ハット- 海外ポケモンセンター限定,https://www.suruga-ya.jp/product/detail/604061522,5100,,,ポケモンカードゲーム イーブイ,1,2026-09-22T00:21:01Z
ポケモンカードゲーム 英語版 プレイマット Eevee ＆ Umbreon Twilight -イーブイ＆ブラッキー・トワイライト- 海外ポケモンセンター限定,https://www.suruga-ya.jp/product/detail/604063785,3300,,,ポケモンカードゲーム イーブイ,1,2026-09-22T00:21:01Z
ポケモンカードゲーム 英語版 デッキシールド(スリーブ) Gigantamax Pikachu ＆ Gigantamax Eevee -ピカチュウ キョダイマックスのすがた＆イーブイ キョダイマックスのすがた- ポケモンセンター限定,,,,,ポケモンカードゲーム イーブイ,0,2026-09-22T00:21:01Z
ポケモンカードゲーム 英語版 デッキシールド(スリーブ) Eevee Pixel Collection! -イーブイ・ピクセル・コレクション!- ポケモンセンター限定,https://www.suruga-ya.jp/product/detail/604040237,4200,,,ポケモンカードゲーム イーブイ,1,2026-09-22T00:21:01Z
ポケモンカードゲーム デッキシールド(スリーブ) くっつきなかよしイーブイたち,https://www.suruga-ya.jp/product/detail/604028661,1780,,792,ポケモンカードゲーム イーブイ,1,2026-09-22T00:21:01Z
ポケモンカードゲーム デッキケース くっつきなかよしイーブイたち ポケモンセンター限定,,,,429,ポケモンカードゲーム イーブイ,0,2026-09-22T00:21:01Z
ポケモンカードゲーム ラバープレイマット イーブイズ,,,,2970,ポケモンカードゲーム イーブイ,0,2026-09-22T00:21:01Z
ポケモンカードゲーム コレクションファイル イーブイズ,,,,1980,ポケモンカードゲーム イーブイ,0,2026-09-22T00:21:01Z
ポケモンカードゲーム ディスプレイフレーム イーブイズ Ver.2 ポケモンセンター限定,https://www.suruga-ya.jp/product/detail/604066219,1700,,1490,ポケモンカードゲーム イーブイ,1,2026-09-22T00:21:01Z
ポケモンカードゲーム スカーレット＆バイオレット スペシャルデッキセットex フシギバナ・リザードン・カメックス,https://www.suruga-ya.jp/product/detail/620024077,42800,,5500,ポケモンカードゲーム リザードン,1,2026-09-22T22:30:04Z
ポケモンカードゲーム スカーレット＆バイオレット ポケモンカード151カードファイルセット フシギバナ・リザードン・カメックス,,,,2200,ポケモンカードゲーム リザードン,0,2026-09-22T22:30:04Z
ポケモンカードゲーム 3連ディスプレイフレーム 進化の軌跡 フシギバナ・リザードン・カメックス ポケモンセンター限定,https://www.suruga-ya.jp/product/detail/604055375,5500,,3500,ポケモンカードゲーム リザードン,1,2026-09-22T22:30:04Z
ポケモンカードゲーム スカーレット＆バイオレット バトルマスターデッキ テラスタル リザードンex,https://www.suruga-ya.jp/product/detail/620024628,3980,,3000,ポケモンカードゲーム リザードン,1,2026-09-22T22:30:04Z
ポケモンカードゲーム ラバープレイマット リザードンVSレックウザ ポケモンセンター限定,,,,2750,ポケモンカードゲーム リザードン,0,2026-09-22T22:30:04Z
ポケモンカードゲーム デッキシールド(スリーブ) 飛翔 リザードン ポケモンセンター限定,,,,792,ポケモンカードゲーム リザードン,0,2026-09-22T22:30:04Z
ポケモンカードゲーム コレクションファイル リザードンVSレックウザ ポケモンセンター限定,,,,1705,ポケモンカードゲーム リザードン,0,2026-09-22T22:30:04Z
ポケモンカードゲーム ソード＆シールド スペシャルデッキセット リザードンVSTAR vs レックウザVMAX,https://www.suruga-ya.jp/product/detail/620022382,16800,,5500,ポケモンカードゲーム リザードン,1,2026-09-22T22:30:04Z
ポケモンカードゲーム ラバープレイマット リザードン ポケモンセンター限定,https://www.suruga-ya.jp/product/detail/604048639,1900,,2750,ポケモンカードゲーム リザードン,1,2026-09-22T22:30:04Z
ポケモンカードゲーム デッキシールド(スリーブ) プレミアム・グロス リザードン ポケモンセンター限定,,,,913,ポケモンカードゲーム リザードン,0,2026-09-22T22:30:04Z
ポケモンカードゲーム デッキシールド プロ(スリーブ) リザードン ポケモンセンター限定（内袋開封済み）,,680,,913,ポケモンカードゲーム リザードン,1,2026-09-22T22:30:04Z
ポケモンカードゲーム コレクションファイル 色違いのリザードン ポケモンセンター限定,https://www.suruga-ya.jp/product/detail/604041692,1500,,1705,ポケモンカードゲーム リザードン,1,2026-09-22T22:30:04Z
ポケモンカードゲーム デッキケース 進化の系譜 リザードン ポケモンセンター限定（本体不備（中））,,740,,398,ポケモンカードゲーム リザードン,1,2026-09-22T22:30:04Z
ポケモンカードゲーム 英語版 プレイマット Charizard -リザードン- ポケモンセンター限定,https://www.suruga-ya.jp/product/detail/604032139,950,,,ポケモンカードゲーム リザードン,1,2026-09-22T22:30:04Z
ポケモンカードゲーム デッキシールド(スリーブ) リザードン ポケモンセンター限定,,,,398,ポケモンカードゲーム リザードン,0,2026-09-22T22:30:04Z
ポケモンカードゲームXY メガバトルデッキ60 MリザードンEX,,,,1712,ポケモンカードゲーム リザードン,0,2026-09-22T22:30:04Z
ポケモンカードゲーム デッキシールド(スリーブ) 『リザードンver.2』 ポケモンセンター限定,,,,397,ポケモンカードゲーム リザードン,0,2026-09-22T22:30:04Z
ポケモンカードゲーム 英語版 デッキシールド(スリーブ) Scorching Charizard Fournaise Dracaufeu -スコーチング・リザードン フルネーズ・ドラコーフ- ポケモンセンター限定,,,,,ポケモンカードゲーム リザードン,0,2026-09-22T22:30:04Z
ポケモンカードゲーム カードファイル ミュウツー＆フシギバナ＆リザードン＆カメックス(2004) ポケモンセンター限定（表紙傷/リフィル傷み・汚れ）,,20000,,,ポケモンカードゲーム リザードン,1,2026-09-22T22:30:04Z
ポケモンカードゲーム ロングカードボックス メガリザードンX ポケモンセンター限定,,,,660,ポケモンカードゲーム リザードン,0,2026-09-22T22:30:04Z
ポケモンカードゲーム デッキケース メガリザードンX 古城 ポケモンセンター限定,,,,500,ポケモンカードゲーム リザードン,0,2026-09-22T22:30:04Z
ポケモンカードゲーム デッキシールド(スリーブ) メガリザードンX,,,,889,ポケモンカードゲーム リザードン,0,2026-09-22T22:30:04Z
ポケモンカードゲーム デッキシールド(スリーブ) メガリザードンX 古城 ポケモンセンター限定,https://www.suruga-ya.jp/product/detail/604071993,1400,,889,ポケモンカードゲーム リザードン,1,2026-09-22T22:30:04Z
ポケモンカードゲーム デッキシールド(スリーブ) プレミアム・グロス 悪テラスタルリザードン,,,,990,ポケモンカードゲーム リザードン,0,2026-09-22T22:30:04Z
ポケモンカードゲーム ピカチュウ ワールド,https://www.suruga-ya.jp/product/detail/620005021,648000,,891,ポケモンカードゲーム ピカチュウ,1,2026-09-22T22:30:36Z
ポケモンカードゲーム ラバープレイマット ピカチュウとかみなり,https://www.suruga-ya.jp/product/detail/604070595,2100,,2970,ポケモンカードゲーム ピカチュウ,1,2026-09-22T22:30:36Z
ポケモンカードゲーム デッキシールド(スリーブ) ピカチュウとかみなり,,,,889,ポケモンカードゲーム ピカチュウ,0,2026-09-22T22:30:36Z
ポケモンカードゲーム ジャンボカード ピカチュウex JR東日本 ポケモンメガスタンプラリー2025 配布品,,,,,ポケモンカードゲーム ピカチュウ,0,2026-09-22T22:30:36Z
ポケモンカードゲーム デッキシールド(スリーブ) ピカチュウときのみ ポケモンセンター限定,,,,889,ポケモンカードゲーム ピカチュウ,0,2026-09-22T22:30:36Z
ポケモンカードゲーム デッキシールド(スリーブ) 花笠まつりごっこピカチュウ【オレンジ】 ポケモンセンター限定,https://www.suruga-ya.jp/product/detail/604069913,1200,,889,ポケモンカードゲーム ピカチュウ,1,2026-09-22T22:30:36Z
ポケモンカードゲーム デッキシールド(スリーブ) わらじまつりごっこピカチュウ【イエロー】 ポケモンセンター限定,https://www.suruga-ya.jp/product/detail/604069681,1200,,889,ポケモンカードゲーム ピカチュウ,1,2026-09-22T22:30:36Z
ポケモンカードゲーム デッキシールド(スリーブ) 花笠まつりごっこピカチュウ【グリーン】 ポケモンセンター限定,https://www.suruga-ya.jp/product/detail/604069682,1300,,889,ポケモンカードゲーム ピカチュウ,1,2026-09-22T22:30:36Z
ポケモンカードゲーム デッキシールド(スリーブ) 竿燈まつりごっこピカチュウ【レッド】 ポケモンセンター限定,https://www.suruga-ya.jp/product/detail/604069683,1200,,889,ポケモンカードゲーム ピカチュウ,1,2026-09-22T22:30:36Z
ポケモンカードゲーム デッキシールド(スリーブ) 花笠まつりごっこピカチュウ ポケモンセンター限定,https://www.suruga-ya.jp/product/detail/604067926,1200,,889,ポケモンカードゲーム ピカチュウ,1,2026-09-22T22:30:36Z
ポケモンカードゲーム デッキシールド(スリーブ) わらじまつりごっこピカチュウ ポケモンセンター限定,,,,889,ポケモンカードゲーム ピカチュウ,0,2026-09-22T22:30:36Z
ポケモンカードゲーム デッキシールド(スリーブ) ねぶた祭ごっこピカチュウ ポケモンセンター限定,,,,889,ポケモンカードゲーム ピカチュウ,0,2026-09-22T22:30:36Z
ポケモンカードゲーム デッキシールド(スリーブ) さんさ踊りごっこピカチュウ ポケモンセンター限定,https://www.suruga-ya.jp/product/detail/604067931,1500,,889,ポケモンカードゲーム ピカチュウ,1,2026-09-22T22:30:36Z
ポケモンカードゲーム デッキシールド(スリーブ) 七夕まつりごっこピカチュウ ポケモンセンター限定,,,,889,ポケモンカードゲーム ピカチュウ,0,2026-09-22T22:30:36Z
ポケモンカードゲーム デッキシールド(スリーブ) カントーの冒険 ピカチュウ＆カビゴン ポケモンセンター・ポケモンカードジム限定,https://www.suruga-ya.jp/product/detail/604065420,1000,,889,ポケモンカードゲーム ピカチュウ,1,2026-09-22T22:30:36Z
ポケモンカードゲーム デッキケース テラスタイプ：ステラ ピカチュウ,,,,500,ポケモンカードゲーム ピカチュウ,0,2026-09-22T22:30:36Z
ポケモンカードゲーム デッキシールド(スリーブ) プレミアム・グロス テラスタイプ：ステラ ピカチュウ,,,,990,ポケモンカードゲーム ピカチュウ,0,2026-09-22T22:30:36Z
ポケモンカードゲーム デッキシールド(スリーブ) ピカチュウとハート ポケモンセンター限定,,,,889,ポケモンカードゲーム ピカチュウ,0,2026-09-22T22:30:36Z
ポケモンカードゲーム デッキシールド(スリーブ) ピカチュウ＆ニャオハ ポケモンセンター限定,,,,889,ポケモンカードゲーム ピカチュウ,0,2026-09-22T22:30:36Z
ポケモンカードゲーム デッキケース ピカチュウとハート ポケモンセンター限定,https://www.suruga-ya.jp/product/detail/604061850,1400,,500,ポケモンカードゲーム ピカチュウ,1,2026-09-22T22:30:36Z
ポケモンカードゲーム ポケモンコイン ピカチュウ(両手上げ/銀/クラッドアイス) キャンペーン配布品,https://www.suruga-ya.jp/product/detail/604057856,290,,,ポケモンカードゲーム ピカチュウ,1,2026-09-22T22:30:36Z
ポケモンカードゲーム デッキシールド(スリーブ) ピカチュウ大集合,,,,890,ポケモンカードゲーム ピカチュウ,0,2026-09-22T22:30:36Z
ポケモンカードゲーム ラバープレイマット ピカチュウ大集合,,,,2970,ポケモンカードゲーム ピカチュウ,0,2026-09-22T22:30:36Z
ポケモンカードゲーム ぬいぐるみカードマルチバンド ピカチュウ ポケモンセンター限定,https://www.suruga-ya.jp/product/detail/604070436,750,,880,ポケモンカードゲーム ピカチュウ,1,2026-09-22T22:30:36Z
ポケモンカードゲーム スカーレット＆バイオレット スターターセット テラスタル ミュウツーex,,,,1800,ポケモンカードゲーム ミュウツー,0,2026-09-22T22:30:37Z
ポケモンカードゲーム デッキシールド(スリーブ) ミュウツーVSTAR ポケモンセンター限定,,,,792,ポケモンカードゲーム ミュウツー,0,2026-09-22T22:30:37Z
ポケモンカードゲーム ソード＆シールド スペシャルカードセット ミュウツーV-UNION,,,,1650,ポケモンカードゲーム ミュウツー,0,2026-09-22T22:30:37Z
ポケモンカードゲーム デッキシールド(スリーブ) ミュウツー ver.2 ポケモンセンター限定,,,,855,ポケモンカードゲーム ミュウツー,0,2026-09-22T22:30:37Z
ポケモンカードゲーム ダメカン缶ケース ミュウツー ver.3 シルエット ポケモンセンター限定,https://www.suruga-ya.jp/product/detail/604038084,580,,440,ポケモンカードゲーム ミュウツー,1,2026-09-22T22:30:37Z
ポケモンカードゲーム デッキケース ミュウツー＆ミュウ TAG TEAM GX,https://www.suruga-ya.jp/product/detail/604031660,1100,,398,ポケモンカードゲーム ミュウツー,1,2026-09-22T22:30:37Z
ポケモンカードゲーム カードファイル ミュウツー＆フシギバナ＆リザードン＆カメックス(2004) ポケモンセンター限定（表紙傷/リフィル傷み・汚れ）,,20000,,,ポケモンカードゲーム ミュウツー,1,2026-09-22T22:30:37Z
ポケモンカードゲーム デッキシールド(スリーブ) プレミアム・グロス 雷テラスタルミュウツー ポケモンセンター限定,,,,990,ポケモンカードゲーム ミュウツー,0,2026-09-22T22:30:37Z
ポケモンカードゲーム ソード＆シールド Pokemon GO スペシャルセット,https://www.suruga-ya.jp/product/detail/620021880,15800,,3700,ポケモンカードゲーム ミュウツー,1,2026-09-22T22:30:37Z
ポケモンカードゲーム おまけカードセット 「GBソフト ポケモンカードGB2 -GR団参上!-」 同梱特典,https://www.suruga-ya.jp/product/detail/620022789,698000,,,ポケモンカードゲーム ミュウツー,1,2026-09-22T22:30:37Z
◇ポケモンカードゲーム ソード＆シールド スペシャルカードセット ミュウツーV-UNION V-UNIONコンプリートセット,,,,,ポケモンカードゲーム ミュウツー,0,2026-09-22T22:30:37Z
[単品] ポケモンカードゲーム サン＆ムーン ミュウツーGX ジャンボカード 「スペシャルジャンボカードパック 名探偵ピカチュウ ミュウツーGX Ver.」 同梱品,,,,,ポケモンカードゲーム ミュウツー,0,2026-09-22T22:30:37Z
ミュウツーとの邂逅 ポケモンカードゲーム イラストストーリー 「ポケットモンスター」,https://www.suruga-ya.jp/product/detail/883073069,340,,,ポケモンカードゲーム ミュウツー,1,2026-09-22T22:30:37Z
128/103[SAR]：(キラ)ミュウツーex,,,,,ポケモンカードゲーム ミュウツー,0,2026-09-22T22:30:37Z
134/103[FUR]：(キラ)ミュウツーex,,,,,ポケモンカードゲーム ミュウツー,0,2026-09-22T22:30:37Z
055/103[RR]：(キラ)ミュウツーex,https://www.suruga-ya.jp/product/detail/GU880011,160,,,ポケモンカードゲーム ミュウツー,1,2026-09-22T22:30:37Z
054/103：(キラ)ミュウツー,https://www.suruga-ya.jp/product/detail/GU880066,180,,,ポケモンカードゲーム ミュウツー,1,2026-09-22T22:30:37Z
237/193[SAR]：(キラ)ロケット団のミュウツーex,https://www.suruga-ya.jp/product/detail/GU519470,13800,,,ポケモンカードゲーム ミュウツー,1,2026-09-22T22:30:37Z
063/193[RR]：(キラ)ロケット団のミュウツーex,https://www.suruga-ya.jp/product/detail/GU519533,180,,,ポケモンカードゲーム ミュウツー,1,2026-09-22T22:30:37Z
125/098[SAR]：(キラ)ロケット団のミュウツーex,https://www.suruga-ya.jp/product/detail/GU166807,59800,,,ポケモンカードゲーム ミュウツー,1,2026-09-22T22:30:37Z
130/098[UR]：(キラ)ロケット団のミュウツーex,,,,,ポケモンカードゲーム ミュウツー,0,2026-09-22T22:30:37Z
114/098[SR]：(キラ)ロケット団のミュウツーex,https://www.suruga-ya.jp/product/detail/GU166815,3480,,,ポケモンカードゲーム ミュウツー,1,2026-09-22T22:30:37Z
001/020：(キラ)ミュウツーex,,,,,ポケモンカードゲーム ミュウツー,0,2026-09-22T22:30:37Z
183/165[AR]：(キラ)ミュウツー,https://www.suruga-ya.jp/product/detail/GL945186,3480,,,ポケモンカードゲーム ミュウツー,1,2026-09-22T22:30:37Z
ポケモンカードゲーム スカーレット＆バイオレット ポケモンカード151カードファイルセット フシギバナ・リザードン・カメックス,,,,2200,ポケモンカードゲーム ポケモンカード151,0,2026-09-22T22:30:38Z
ポケモンカードゲーム スカーレット＆バイオレット ポケモンカード151カードファイルセット モンスターボール,,,,2200,ポケモンカードゲーム ポケモンカード151,0,2026-09-22T22:30:38Z
ポケモンカードゲーム デッキシールド(スリーブ) にたものどうし ヌオー＆ドオー ポケモンセンター限定,https://www.suruga-ya.jp/product/detail/604070151,1500,,889,ポケモンカードゲーム ポケモンカード151,1,2026-09-22T22:30:38Z
ポケモンカードゲーム 英語版 プレイマット＆バッグ キービジュアル World Championship 2024 Honolulu：WCS -ワールドチャンピオンシップ 2024 ホノルル-,https://www.suruga-ya.jp/product/detail/604064848,11000,,,ポケモンカードゲーム ポケモンカード151,1,2026-09-22T22:30:38Z
ポケモンカードゲーム 英語版 デッキシールド(スリーブ) ピカチュウ/白背景 World Championship 2025 Anaheim：WCS -ワールドチャンピオンシップ 2025 アナハイム-,,,,,ポケモンカードゲーム ポケモンカード151,0,2026-09-22T22:30:38Z
ポケモンカードゲーム デッキシールド(スリーブ) #GOGO!YELL!! したっぱ ポケモンセンター限定,https://www.suruga-ya.jp/product/detail/604038841,830,,792,ポケモンカードゲーム ポケモンカード151,1,2026-09-22T22:30:38Z
【パック】ポケモンカードゲーム スカーレット＆バイオレット 強化拡張パック ポケモンカード151,https://www.suruga-ya.jp/product/detail/620023021,1580,,290,ポケモンカードゲーム ポケモンカード151,1,2026-09-22T22:30:38Z
[単品] ミュウ プレイマット 「ポケモンカードゲーム スカーレット＆バイオレット 151 Ultra-Premium Collection -ポケモンカード151 ウルトラ・プレミアム コレクション- [英語版] 海外ポケモンセンター限定」 同梱品,,,,,ポケモンカードゲーム ポケモンカード151,0,2026-09-22T22:30:38Z
【BOX】ポケモンカードゲーム スカーレット＆バイオレット 強化拡張パック ポケモンカード151,https://www.suruga-ya.jp/product/detail/630023021,46800,,5808,ポケモンカードゲーム ポケモンカード151,1,2026-09-22T22:30:38Z
ポケモンカードゲーム デッキシールド(スリーブ) リザードン ポケモンセンター限定,,,,398,ポケモンカードゲーム ポケモンカード151,0,2026-09-22T22:30:38Z
ポケモンカードゲーム デッキシールド(スリーブ) ピカチュウがいっぱい ポケモンセンター限定,https://www.suruga-ya.jp/product/detail/604015112,2600,,398,ポケモンカードゲーム ポケモンカード151,1,2026-09-22T22:30:38Z
ポケモンカードゲーム 英語版 プレイマット Dondozo ＆ Tatsugiri Teamwork -ヘイラッシャ＆シャリタツ・チームワーク- 海外ポケモンセンター限定,,,,,ポケモンカードゲーム ポケモンカード151,0,2026-09-22T22:30:38Z
ポケモンカードゲーム 英語版 デッキシールド(スリーブ) Pokemon Center × Van Gogh Museum： Corviknight Inspired by Wheatfield with Crows -ポケモンセンター×ゴッホ美術館 アーマーガア・インスパイアド・バイ・ウィートフィールド・ウィズ・クロウズ- 海外ポケモンセンター限定,,,,,ポケモンカードゲーム ポケモンカード151,0,2026-09-22T22:30:38Z
ポケモンカードゲーム 英語版 デッキシールド(スリーブ) Koraidon Slate -コライドン・スレート- 海外ポケモンセンター限定,,,,,ポケモンカードゲーム ポケモンカード151,0,2026-09-22T22:30:38Z
ポケモンカードゲーム デッキシールド(スリーブ) サーナイト・ドレディア ポケモンセンター・他 限定,,,,398,ポケモンカードゲーム ポケモンカード151,0,2026-09-22T22:30:38Z
[単品] カタログポスター(四つ折) 「ポケモンカードゲーム スカーレット＆バイオレット ポケモンカード151カードファイルセット」,https://www.suruga-ya.jp/product/detail/508900478,280,,,ポケモンカードゲーム ポケモンカード151,1,2026-09-22T22:30:38Z
ポケモンカードゲーム スペシャルジャンボカード サンダーとフリーザーとファイヤー 月刊コロコロコミック1997年10月号付録,https://www.suruga-ya.jp/product/detail/620015106,2980,,,ポケモンカードゲーム ポケモンカード151,1,2026-09-22T22:30:38Z
ポケモンカードゲーム 英語版 プレイマット Eevee ＆ Umbreon Twilight -イーブイ＆ブラッキー・トワイライト- 海外ポケモンセンター限定,https://www.suruga-ya.jp/product/detail/604063785,3300,,,ポケモンカードゲーム ポケモンカード151,1,2026-09-22T22:30:38Z
ポケモンカードゲーム デッキシールド(スリーブ) プラズマ団 ポケモンセンター限定（内袋開封済み/スリーブ2枚欠品）,,6000,,398,ポケモンカードゲーム ポケモンカード151,1,2026-09-22T22:30:38Z
ポケモンカードゲーム レインボーアイランド 大空 サザンアイランド(カード3枚入り),https://www.suruga-ya.jp/product/detail/620005955,228000,,220,ポケモンカードゲーム ポケモンカード151,1,2026-09-22T22:30:38Z
ポケモンカードゲーム デッキシールド(スリーブ) energy color ポケモンセンター・他限定,https://www.suruga-ya.jp/product/detail/604015123,4500,,398,ポケモンカードゲーム ポケモンカード151,1,2026-09-22T22:30:38Z
ポケモンカードゲーム 英語版 デッキシールド(スリーブ) Slither Wing ＆ Iron Moth -チヲハウハネ＆テツノドクガ- 海外ポケモンセンター限定,https://www.suruga-ya.jp/product/detail/604065304,1100,,,ポケモンカードゲーム ポケモンカード151,1,2026-09-22T22:30:38Z
ポケモンカードゲーム 遊びかたDVD,https://www.suruga-ya.jp/product/detail/151117216,260,,,ポケモンカードゲーム ポケモンカード151,1,2026-09-22T22:30:38Z
ポケモンカードゲーム 英語版 デッキシールド(スリーブ) Haunted Ruins -ホーンテッド・ルインズ- 海外ポケモンセンター限定,,,,,ポケモンカードゲーム ポケモンカード151,0,2026-09-22T22:30:38Z
ポケモンカードゲーム MEGA スターターセットex イーブイex,https://www.suruga-ya.jp/product/detail/620029344,2980,,1800,ポケモンカードゲーム イーブイ,1,2026-09-22T22:30:40Z
ポケモンカードゲーム キャリングケース イーブイ大集合,https://www.suruga-ya.jp/product/detail/604062616,1400,,1650,ポケモンカードゲーム イーブイ,1,2026-09-22T22:30:40Z
ポケモンカードゲーム ぬいぐるみカードマルチバンド イーブイ ポケモンセンター限定,https://www.suruga-ya.jp/product/detail/604070437,900,,880,ポケモンカードゲーム イーブイ,1,2026-09-22T22:30:40Z
ポケモンカードゲーム ダメカンケース イーブイ大集合,https://www.suruga-ya.jp/product/detail/604062615,310,,330,ポケモンカードゲーム イーブイ,1,2026-09-22T22:30:40Z
ポケモンカードゲーム ロングカードボックス イーブイ大集合,https://www.suruga-ya.jp/product/detail/604062614,540,,660,ポケモンカードゲーム イーブイ,1,2026-09-22T22:30:40Z
ポケモンカードゲーム ラバープレイマット イーブイと進化 ポケモンセンター限定,,,,2750,ポケモンカードゲーム イーブイ,0,2026-09-22T22:30:40Z
ポケモンカードゲーム デッキシールド(スリーブ) イーブイと進化 ポケモンセンター限定,,,,792,ポケモンカードゲーム イーブイ,0,2026-09-22T22:30:40Z
ポケモンカードゲーム コレクションリフィル ピカチュウ＆イーブイ ポケモンセンター限定,https://www.suruga-ya.jp/product/detail/604033977,2400,,658,ポケモンカードゲーム イーブイ,1,2026-09-22T22:30:40Z
ポケモンカードゲーム ソード＆シールド Vスタートデッキ無色 イーブイ,https://www.suruga-ya.jp/product/detail/620015823,1580,,550,ポケモンカードゲーム イーブイ,1,2026-09-22T22:30:40Z
ポケモンカードゲーム デッキシールド(スリーブ) イーブイ ポンチョシリーズ LF ポケモンセンター限定,,,,791,ポケモンカードゲーム イーブイ,0,2026-09-22T22:30:40Z
ポケモンカードゲーム 英語版 デッキシールド(スリーブ) Eevee Prismatic -イーブイ・プリズマティック-(再販版) 海外ポケモンセンター限定,https://www.suruga-ya.jp/product/detail/604057360,1110,,,ポケモンカードゲーム イーブイ,1,2026-09-22T22:30:40Z
ポケモンカードゲーム 英語版 プレイマット Eevee Breakaway -イーブイ・ブレイクアウェイ- 海外ポケモンセンター限定,,,,,ポケモンカードゲーム イーブイ,0,2026-09-22T22:30:40Z
ポケモンカードゲーム デッキシールド(スリーブ) イーブイ ポンチョシリーズ NP ポケモンセンター限定,https://www.suruga-ya.jp/product/detail/604025798,15800,,791,ポケモンカードゲーム イーブイ,1,2026-09-22T22:30:40Z
ポケモンカードゲーム デッキシールド(スリーブ) イーブイ ポンチョシリーズ EF ポケモンセンター限定,https://www.suruga-ya.jp/product/detail/604025794,12000,,791,ポケモンカードゲーム イーブイ,1,2026-09-22T22:30:40Z
ポケモンカードゲーム 英語版 デッキシールド(スリーブ) Pokemon Center × Van Gogh Museum： Eevee Inspired by Self-Portrait with Straw Hat -ポケモンセンター×ゴッホ美術館 イーブイ・インスパイアド・バイ・セルフポートレート・ウィズ・ストロー・ハット- 海外ポケモンセンター限定,https://www.suruga-ya.jp/product/detail/604061522,5100,,,ポケモンカードゲーム イーブイ,1,2026-09-22T22:30:40Z
ポケモンカードゲーム 英語版 プレイマット Eevee ＆ Umbreon Twilight -イーブイ＆ブラッキー・トワイライト- 海外ポケモンセンター限定,https://www.suruga-ya.jp/product/detail/604063785,3300,,,ポケモンカードゲーム イーブイ,1,2026-09-22T22:30:40Z
ポケモンカードゲーム デッキシールド(スリーブ) イーブイ・リーフィア・グレイシア ポケモンセンター限定,https://www.suruga-ya.jp/product/detail/604014756,1400,,398,ポケモンカードゲーム イーブイ,1,2026-09-22T22:30:40Z
ポケモンカードゲーム 英語版 デッキシールド(スリーブ) Gigantamax Pikachu ＆ Gigantamax Eevee -ピカチュウ キョダイマックスのすがた＆イーブイ キョダイマックスのすがた- ポケモンセンター限定,,,,,ポケモンカードゲーム イーブイ,0,2026-09-22T22:30:40Z
ポケモンカードゲーム 英語版 デッキシールド(スリーブ) Eevee Pixel Collection! -イーブイ・ピクセル・コレクション!- ポケモンセンター限定,https://www.suruga-ya.jp/product/detail/604040237,4200,,,ポケモンカードゲーム イーブイ,1,2026-09-22T22:30:40Z
ポケモンカードゲーム デッキシールド(スリーブ) くっつきなかよしイーブイたち,https://www.suruga-ya.jp/product/detail/604028661,1780,,792,ポケモンカードゲーム イーブイ,1,2026-09-22T22:30:40Z
ポケモンカードゲーム デッキケース くっつきなかよしイーブイたち ポケモンセンター限定,,,,429,ポケモンカードゲーム イーブイ,0,2026-09-22T22:30:40Z
ポケモンカードゲーム ラバープレイマット イーブイズ,,,,2970,ポケモンカードゲーム イーブイ,0,2026-09-22T22:30:40Z
ポケモンカードゲーム ディスプレイフレーム イーブイズ Ver.2 ポケモンセンター限定,https://www.suruga-ya.jp/product/detail/604066219,1700,,1490,ポケモンカードゲーム イーブイ,1,2026-09-22T22:30:40Z
ポケモンカードゲーム コレクションリフィル イーブイズ,,,,700,ポケモンカードゲーム イーブイ,0,2026-09-22T22:30:40Z
ポケモンカードゲーム スカーレット＆バイオレット バトルマスターデッキ テラスタル リザードンex,https://www.suruga-ya.jp/product/detail/620024628,3980,,3000,ポケモンカードゲーム リザードン,1,2026-09-23T22:30:07Z
ポケモンカードゲーム 3連ディスプレイフレーム 進化の軌跡 フシギバナ・リザードン・カメックス ポケモンセンター限定,https://www.suruga-ya.jp/product/detail/604055375,5500,,3500,ポケモンカードゲーム リザードン,1,2026-09-23T22:30:07Z
ポケモンカードゲーム ラバープレイマット リザードンVSレックウザ ポケモンセンター限定,,,,2750,ポケモンカードゲーム リザードン,0,2026-09-23T22:30:07Z
ポケモンカードゲーム デッキシールド(スリーブ) 飛翔 リザードン ポケモンセンター限定,,,,792,ポケモンカードゲーム リザードン,0,2026-09-23T22:30:07Z
ポケモンカードゲーム コレクションファイル リザードンVSレックウザ ポケモンセンター限定,,,,1705,ポケモンカードゲーム リザードン,0,2026-09-23T22:30:07Z
ポケモンカードゲーム ソード＆シールド スペシャルデッキセット リザードンVSTAR vs レックウザVMAX,https://www.suruga-ya.jp/product/detail/620022382,16800,,5500,ポケモンカードゲーム リザードン,1,2026-09-23T22:30:07Z
ポケモンカードゲーム ラバープレイマット リザードン ポケモンセンター限定,https://www.suruga-ya.jp/product/detail/604048639,1900,,2750,ポケモンカードゲーム リザードン,1,2026-09-23T22:30:07Z
ポケモンカードゲーム デッキシールド(スリーブ) プレミアム・グロス リザードン ポケモンセンター限定,,,,913,ポケモンカードゲーム リザードン,0,2026-09-23T22:30:07Z
ポケモンカードゲーム スカーレット＆バイオレット スペシャルデッキセットex フシギバナ・リザードン・カメックス,https://www.suruga-ya.jp/product/detail/620024077,42800,,5500,ポケモンカードゲーム リザードン,1,2026-09-23T22:30:07Z
ポケモンカードゲーム デッキシールド プロ(スリーブ) リザードン ポケモンセンター限定（内袋開封済み）,,680,,913,ポケモンカードゲーム リザードン,1,2026-09-23T22:30:07Z
ポケモンカードゲーム スカーレット＆バイオレット ポケモンカード151カードファイルセット フシギバナ・リザードン・カメックス,,,,2200,ポケモンカードゲーム リザードン,0,2026-09-23T22:30:07Z
ポケモンカードゲーム コレクションファイル 色違いのリザードン ポケモンセンター限定,https://www.suruga-ya.jp/product/detail/604041692,1500,,1705,ポケモンカードゲーム リザードン,1,2026-09-23T22:30:07Z
ポケモンカードゲーム デッキケース 進化の系譜 リザードン ポケモンセンター限定（本体不備（中））,,740,,398,ポケモンカードゲーム リザードン,1,2026-09-23T22:30:07Z
ポケモンカードゲーム デッキシールド(スリーブ) リザードン ポケモンセンター限定,,,,398,ポケモンカードゲーム リザードン,0,2026-09-23T22:30:07Z
ポケモンカードゲーム 英語版 プレイマット Charizard -リザードン- ポケモンセンター限定,https://www.suruga-ya.jp/product/detail/604032139,950,,,ポケモンカードゲーム リザードン,1,2026-09-23T22:30:07Z
ポケモンカードゲームXY メガバトルデッキ60 MリザードンEX,,,,1712,ポケモンカードゲーム リザードン,0,2026-09-23T22:30:07Z
ポケモンカードゲーム デッキシールド(スリーブ) 『リザードンver.2』 ポケモンセンター限定,,,,397,ポケモンカードゲーム リザードン,0,2026-09-23T22:30:07Z
ポケモンカードゲーム 英語版 デッキシールド(スリーブ) Scorching Charizard Fournaise Dracaufeu -スコーチング・リザードン フルネーズ・ドラコーフ- ポケモンセンター限定,,,,,ポケモンカードゲーム リザードン,0,2026-09-23T22:30:07Z
ポケモンカードゲーム カードファイル ミュウツー＆フシギバナ＆リザードン＆カメックス(2004) ポケモンセンター限定（表紙傷/リフィル傷み・汚れ）,,20000,,,ポケモンカードゲーム リザードン,1,2026-09-23T22:30:07Z
ポケモンカードゲーム デッキシールド(スリーブ) メガリザードンX 古城 ポケモンセンター限定,https://www.suruga-ya.jp/product/detail/604071993,1400,,889,ポケモンカードゲーム リザードン,1,2026-09-23T22:30:07Z
ポケモンカードゲーム ロングカードボックス メガリザードンX ポケモンセンター限定,,,,660,ポケモンカードゲーム リザードン,0,2026-09-23T22:30:07Z
ポケモンカードゲーム デッキシールド(スリーブ) メガリザードンX,,,,889,ポケモンカードゲーム リザードン,0,2026-09-23T22:30:07Z
ポケモンカードゲーム デッキシールド(スリーブ) プレミアム・グロス 悪テラスタルリザードン,,,,990,ポケモンカードゲーム リザードン,0,2026-09-23T22:30:07Z
ポケモンカードゲーム デッキケース 悪テラスタルリザードン（全付属品欠品）,,280,,501,ポケモンカードゲーム リザードン,1,2026-09-23T22:30:07Z
ポケモンカードゲーム ピカチュウ ワールド,https://www.suruga-ya.jp/product/detail/620005021,648000,,891,ポケモンカードゲーム ピカチュウ,1,2026-09-23T22:30:09Z
ポケモンカードゲーム ラバープレイマット ピカチュウとかみなり,https://www.suruga-ya.jp/product/detail/604070595,2100,,2970,ポケモンカードゲーム ピカチュウ,1,2026-09-23T22:30:09Z
ポケモンカードゲーム デッキシールド(スリーブ) ピカチュウとかみなり,,,,889,ポケモンカードゲーム ピカチュウ,0,2026-09-23T22:30:09Z
ポケモンカードゲーム ジャンボカード ピカチュウex JR東日本 ポケモンメガスタンプラリー2025 配布品,,,,,ポケモンカードゲーム ピカチュウ,0,2026-09-23T22:30:09Z
ポケモンカードゲーム デッキシールド(スリーブ) ピカチュウときのみ ポケモンセンター限定,,,,889,ポケモンカードゲーム ピカチュウ,0,2026-09-23T22:30:09Z
ポケモンカードゲーム デッキシールド(スリーブ) 花笠まつりごっこピカチュウ【オレンジ】 ポケモンセンター限定,https://www.suruga-ya.jp/product/detail/604069913,1200,,889,ポケモンカードゲーム ピカチュウ,1,2026-09-23T22:30:09Z
ポケモンカードゲーム デッキシールド(スリーブ) わらじまつりごっこピカチュウ【イエロー】 ポケモンセンター限定,https://www.suruga-ya.jp/product/detail/604069681,1200,,889,ポケモンカードゲーム ピカチュウ,1,2026-09-23T22:30:09Z
ポケモンカードゲーム デッキシールド(スリーブ) 花笠まつりごっこピカチュウ【グリーン】 ポケモンセンター限定,https://www.suruga-ya.jp/product/detail/604069682,1300,,889,ポケモンカードゲーム ピカチュウ,1,2026-09-23T22:30:09Z
ポケモンカードゲーム デッキシールド(スリーブ) 竿燈まつりごっこピカチュウ【レッド】 ポケモンセンター限定,https://www.suruga-ya.jp/product/detail/604069683,1200,,889,ポケモンカードゲーム ピカチュウ,1,2026-09-23T22:30:09Z
ポケモンカードゲーム デッキシールド(スリーブ) 花笠まつりごっこピカチュウ ポケモンセンター限定,https://www.suruga-ya.jp/product/detail/604067926,1200,,889,ポケモンカードゲーム ピカチュウ,1,2026-09-23T22:30:09Z
ポケモンカードゲーム デッキシールド(スリーブ) わらじまつりごっこピカチュウ ポケモンセンター限定,,,,889,ポケモンカードゲーム ピカチュウ,0,2026-09-23T22:30:09Z
ポケモンカードゲーム デッキシールド(スリーブ) さんさ踊りごっこピカチュウ ポケモンセンター限定,https://www.suruga-ya.jp/product/detail/604067931,1500,,889,ポケモンカードゲーム ピカチュウ,1,2026-09-23T22:30:09Z
ポケモンカードゲーム デッキシールド(スリーブ) 七夕まつりごっこピカチュウ ポケモンセンター限定,,,,889,ポケモンカードゲーム ピカチュウ,0,2026-09-23T22:30:09Z
ポケモンカードゲーム デッキシールド(スリーブ) ねぶた祭ごっこピカチュウ ポケモンセンター限定,,,,889,ポケモンカードゲーム ピカチュウ,0,2026-09-23T22:30:09Z
ポケモンカードゲーム デッキシールド(スリーブ) カントーの冒険 ピカチュウ＆カビゴン ポケモンセンター・ポケモンカードジム限定,https://www.suruga-ya.jp/product/detail/604065420,1000,,889,ポケモンカードゲーム ピカチュウ,1,2026-09-23T22:30:09Z
ポケモンカードゲーム デッキシールド(スリーブ) プレミアム・グロス テラスタイプ：ステラ ピカチュウ,,,,990,ポケモンカードゲーム ピカチュウ,0,2026-09-23T22:30:09Z
ポケモンカードゲーム デッキケース テラスタイプ：ステラ ピカチュウ,,,,500,ポケモンカードゲーム ピカチュウ,0,2026-09-23T22:30:09Z
ポケモンカードゲーム デッキシールド(スリーブ) ピカチュウとハート ポケモンセンター限定,,,,889,ポケモンカードゲーム ピカチュウ,0,2026-09-23T22:30:09Z
ポケモンカードゲーム デッキシールド(スリーブ) ピカチュウ＆ニャオハ ポケモンセンター限定,,,,889,ポケモンカードゲーム ピカチュウ,0,2026-09-23T22:30:09Z
ポケモンカードゲーム デッキケース ピカチュウとハート ポケモンセンター限定,https://www.suruga-ya.jp/product/detail/604061850,1400,,500,ポケモンカードゲーム ピカチュウ,1,2026-09-23T22:30:09Z
ポケモンカードゲーム デッキシールド(スリーブ) ピカチュウ大集合,,,,890,ポケモンカードゲーム ピカチュウ,0,2026-09-23T22:30:09Z
ポケモンカードゲーム ポケモンコイン ピカチュウ(両手上げ/銀/クラッドアイス) キャンペーン配布品,https://www.suruga-ya.jp/product/detail/604057856,290,,,ポケモンカードゲーム ピカチュウ,1,2026-09-23T22:30:09Z
ポケモンカードゲーム ラバープレイマット ピカチュウ大集合,,,,2970,ポケモンカードゲーム ピカチュウ,0,2026-09-23T22:30:09Z
ポケモンカードゲーム ぬいぐるみカードマルチバンド ピカチュウ ポケモンセンター限定,https://www.suruga-ya.jp/product/detail/604070436,750,,880,ポケモンカードゲーム ピカチュウ,1,2026-09-23T22:30:09Z
ポケモンカードゲーム スカーレット＆バイオレット スターターセット テラスタル ミュウツーex,,,,1800,ポケモンカードゲーム ミュウツー,0,2026-09-23T22:30:10Z
ポケモンカードゲーム デッキシールド(スリーブ) ミュウツーVSTAR ポケモンセンター限定,,,,792,ポケモンカードゲーム ミュウツー,0,2026-09-23T22:30:10Z
ポケモンカードゲーム ソード＆シールド スペシャルカードセット ミュウツーV-UNION,,,,1650,ポケモンカードゲーム ミュウツー,0,2026-09-23T22:30:10Z
ポケモンカードゲーム デッキシールド(スリーブ) ミュウツー ver.2 ポケモンセンター限定,,,,855,ポケモンカードゲーム ミュウツー,0,2026-09-23T22:30:10Z
ポケモンカードゲーム ダメカン缶ケース ミュウツー ver.3 シルエット ポケモンセンター限定,https://www.suruga-ya.jp/product/detail/604038084,580,,440,ポケモンカードゲーム ミュウツー,1,2026-09-23T22:30:10Z
ポケモンカードゲーム カードファイル ミュウツー＆フシギバナ＆リザードン＆カメックス(2004) ポケモンセンター限定（表紙傷/リフィル傷み・汚れ）,,20000,,,ポケモンカードゲーム ミュウツー,1,2026-09-23T22:30:10Z
ポケモンカードゲーム デッキシールド(スリーブ) プレミアム・グロス 雷テラスタルミュウツー ポケモンセンター限定,,,,990,ポケモンカードゲーム ミュウツー,0,2026-09-23T22:30:10Z
ポケモンカードゲーム ソード＆シールド Pokemon GO スペシャルセット,https://www.suruga-ya.jp/product/detail/620021880,15800,,3700,ポケモンカードゲーム ミュウツー,1,2026-09-23T22:30:10Z
ポケモンカードゲーム おまけカードセット 「GBソフト ポケモンカードGB2 -GR団参上!-」 同梱特典,https://www.suruga-ya.jp/product/detail/620022789,698000,,,ポケモンカードゲーム ミュウツー,1,2026-09-23T22:30:10Z
◇ポケモンカードゲーム ソード＆シールド スペシャルカードセット ミュウツーV-UNION V-UNIONコンプリートセット,,,,,ポケモンカードゲーム ミュウツー,0,2026-09-23T22:30:10Z
[単品] ポケモンカードゲーム サン＆ムーン ミュウツーGX ジャンボカード 「スペシャルジャンボカードパック 名探偵ピカチュウ ミュウツーGX Ver.」 同梱品,,,,,ポケモンカードゲーム ミュウツー,0,2026-09-23T22:30:10Z
ミュウツーとの邂逅 ポケモンカードゲーム イラストストーリー 「ポケットモンスター」,https://www.suruga-ya.jp/product/detail/883073069,340,,,ポケモンカードゲーム ミュウツー,1,2026-09-23T22:30:10Z
128/103[SAR]：(キラ)ミュウツーex,,,,,ポケモンカードゲーム ミュウツー,0,2026-09-23T22:30:10Z
134/103[FUR]：(キラ)ミュウツーex,https://www.suruga-ya.jp/product/detail/GU879975,10800,,,ポケモンカードゲーム ミュウツー,1,2026-09-23T22:30:10Z
055/103[RR]：(キラ)ミュウツーex,https://www.suruga-ya.jp/product/detail/GU880011,160,,,ポケモンカードゲーム ミュウツー,1,2026-09-23T22:30:10Z
237/193[SAR]：(キラ)ロケット団のミュウツーex,https://www.suruga-ya.jp/product/detail/GU519470,13800,,,ポケモンカードゲーム ミュウツー,1,2026-09-23T22:30:10Z
063/193[RR]：(キラ)ロケット団のミュウツーex,https://www.suruga-ya.jp/product/detail/GU519533,180,,,ポケモンカードゲーム ミュウツー,1,2026-09-23T22:30:10Z
125/098[SAR]：(キラ)ロケット団のミュウツーex,https://www.suruga-ya.jp/product/detail/GU166807,59800,,,ポケモンカードゲーム ミュウツー,1,2026-09-23T22:30:10Z
130/098[UR]：(キラ)ロケット団のミュウツーex,,,,,ポケモンカードゲーム ミュウツー,0,2026-09-23T22:30:10Z
114/098[SR]：(キラ)ロケット団のミュウツーex,https://www.suruga-ya.jp/product/detail/GU166815,3480,,,ポケモンカードゲーム ミュウツー,1,2026-09-23T22:30:10Z
001/020：(キラ)ミュウツーex,,,,,ポケモンカードゲーム ミュウツー,0,2026-09-23T22:30:10Z
183/165[AR]：(キラ)ミュウツー,https://www.suruga-ya.jp/product/detail/GL945186,3480,,,ポケモンカードゲーム ミュウツー,1,2026-09-23T22:30:10Z
150/165[R]：(マスターボールミラー)ミュウツー,https://www.suruga-ya.jp/product/detail/GL945125,15800,,,ポケモンカードゲーム ミュウツー,1,2026-09-23T22:30:10Z
221/172[SAR]：(キラ)ミュウツーVSTAR（【PSA/GEM MT 10】）,,14800,,,ポケモンカードゲーム ミュウツー,1,2026-09-23T22:30:10Z
ポケモンカードゲーム スカーレット＆バイオレット ポケモンカード151カードファイルセット フシギバナ・リザードン・カメックス,,,,2200,ポケモンカードゲーム ポケモンカード151,0,2026-09-23T22:30:42Z
ポケモンカードゲーム スカーレット＆バイオレット ポケモンカード151カードファイルセット モンスターボール,,,,2200,ポケモンカードゲーム ポケモンカード151,0,2026-09-23T22:30:42Z
ポケモンカードゲーム デッキシールド(スリーブ) にたものどうし ヌオー＆ドオー ポケモンセンター限定,https://www.suruga-ya.jp/product/detail/604070151,1500,,889,ポケモンカードゲーム ポケモンカード151,1,2026-09-23T22:30:42Z
ポケモンカードゲーム 英語版 プレイマット＆バッグ キービジュアル World Championship 2024 Honolulu：WCS -ワールドチャンピオンシップ 2024 ホノルル-,https://www.suruga-ya.jp/product/detail/604064848,11000,,,ポケモンカードゲーム ポケモンカード151,1,2026-09-23T22:30:42Z
ポケモンカードゲーム 英語版 デッキシールド(スリーブ) ピカチュウ/白背景 World Championship 2025 Anaheim：WCS -ワールドチャンピオンシップ 2025 アナハイム-,,,,,ポケモンカードゲーム ポケモンカード151,0,2026-09-23T22:30:42Z
ポケモンカードゲーム デッキシールド(スリーブ) #GOGO!YELL!! したっぱ ポケモンセンター限定,https://www.suruga-ya.jp/product/detail/604038841,830,,792,ポケモンカードゲーム ポケモンカード151,1,2026-09-23T22:30:42Z
【パック】ポケモンカードゲーム スカーレット＆バイオレット 強化拡張パック ポケモンカード151,https://www.suruga-ya.jp/product/detail/620023021,1580,,290,ポケモンカードゲーム ポケモンカード151,1,2026-09-23T22:30:42Z
[単品] ミュウ プレイマット 「ポケモンカードゲーム スカーレット＆バイオレット 151 Ultra-Premium Collection -ポケモンカード151 ウルトラ・プレミアム コレクション- [英語版] 海外ポケモンセンター限定」 同梱品,,,,,ポケモンカードゲーム ポケモンカード151,0,2026-09-23T22:30:42Z
【BOX】ポケモンカードゲーム スカーレット＆バイオレット 強化拡張パック ポケモンカード151,https://www.suruga-ya.jp/product/detail/630023021,46800,,5808,ポケモンカードゲーム ポケモンカード151,1,2026-09-23T22:30:42Z
ポケモンカードゲーム デッキシールド(スリーブ) リザードン ポケモンセンター限定,,,,398,ポケモンカードゲーム ポケモンカード151,0,2026-09-23T22:30:42Z
ポケモンカードゲーム デッキシールド(スリーブ) ピカチュウがいっぱい ポケモンセンター限定,https://www.suruga-ya.jp/product/detail/604015112,2600,,398,ポケモンカードゲーム ポケモンカード151,1,2026-09-23T22:30:42Z
ポケモンカードゲーム 英語版 デッキシールド(スリーブ) Koraidon Slate -コライドン・スレート- 海外ポケモンセンター限定,,,,,ポケモンカードゲーム ポケモンカード151,0,2026-09-23T22:30:42Z
ポケモンカードゲーム 英語版 プレイマット Dondozo ＆ Tatsugiri Teamwork -ヘイラッシャ＆シャリタツ・チームワーク- 海外ポケモンセンター限定,,,,,ポケモンカードゲーム ポケモンカード151,0,2026-09-23T22:30:42Z
ポケモンカードゲーム 英語版 デッキシールド(スリーブ) Pokemon Center × Van Gogh Museum： Corviknight Inspired by Wheatfield with Crows -ポケモンセンター×ゴッホ美術館 アーマーガア・インスパイアド・バイ・ウィートフィールド・ウィズ・クロウズ- 海外ポケモンセンター限定,,,,,ポケモンカードゲーム ポケモンカード151,0,2026-09-23T22:30:42Z
ポケモンカードゲーム デッキシールド(スリーブ) サーナイト・ドレディア ポケモンセンター・他 限定,,,,398,ポケモンカードゲーム ポケモンカード151,0,2026-09-23T22:30:42Z
[単品] カタログポスター(四つ折) 「ポケモンカードゲーム スカーレット＆バイオレット ポケモンカード151カードファイルセット」,https://www.suruga-ya.jp/product/detail/508900478,280,,,ポケモンカードゲーム ポケモンカード151,1,2026-09-23T22:30:42Z
ポケモンカードゲーム スペシャルジャンボカード サンダーとフリーザーとファイヤー 月刊コロコロコミック1997年10月号付録,https://www.suruga-ya.jp/product/detail/620015106,2980,,,ポケモンカードゲーム ポケモンカード151,1,2026-09-23T22:30:42Z
ポケモンカードゲーム 英語版 デッキシールド(スリーブ) Slither Wing ＆ Iron Moth -チヲハウハネ＆テツノドクガ- 海外ポケモンセンター限定,https://www.suruga-ya.jp/product/detail/604065304,1100,,,ポケモンカードゲーム ポケモンカード151,1,2026-09-23T22:30:42Z
ポケモンカードゲーム 遊びかたDVD,https://www.suruga-ya.jp/product/detail/151117216,260,,,ポケモンカードゲーム ポケモンカード151,1,2026-09-23T22:30:42Z
ポケモンカードゲーム デッキシールド(スリーブ) プラズマ団 ポケモンセンター限定（内袋開封済み/スリーブ2枚欠品）,,6000,,398,ポケモンカードゲーム ポケモンカード151,1,2026-09-23T22:30:42Z
ポケモンカードゲーム 英語版 プレイマット Eevee ＆ Umbreon Twilight -イーブイ＆ブラッキー・トワイライト- 海外ポケモンセンター限定,https://www.suruga-ya.jp/product/detail/604063785,3300,,,ポケモンカードゲーム ポケモンカード151,1,2026-09-23T22:30:42Z
ポケモンカードゲーム デッキシールド(スリーブ) energy color ポケモンセンター・他限定,https://www.suruga-ya.jp/product/detail/604015123,4500,,398,ポケモンカードゲーム ポケモンカード151,1,2026-09-23T22:30:42Z
ポケモンカードゲーム レインボーアイランド 大空 サザンアイランド(カード3枚入り),https://www.suruga-ya.jp/product/detail/620005955,228000,,220,ポケモンカードゲーム ポケモンカード151,1,2026-09-23T22:30:42Z
ポケモンカードゲーム 英語版 デッキシールド(スリーブ) Scorching Charizard Fournaise Dracaufeu -スコーチング・リザードン フルネーズ・ドラコーフ- ポケモンセンター限定,,,,,ポケモンカードゲーム ポケモンカード151,0,2026-09-23T22:30:42Z
ポケモンカードゲーム MEGA スターターセットex イーブイex,https://www.suruga-ya.jp/product/detail/620029344,2980,,1800,ポケモンカードゲーム イーブイ,1,2026-09-23T22:32:18Z
ポケモンカードゲーム キャリングケース イーブイ大集合,https://www.suruga-ya.jp/product/detail/604062616,1400,,1650,ポケモンカードゲーム イーブイ,1,2026-09-23T22:32:18Z
ポケモンカードゲーム ぬいぐるみカードマルチバンド イーブイ ポケモンセンター限定,https://www.suruga-ya.jp/product/detail/604070437,900,,880,ポケモンカードゲーム イーブイ,1,2026-09-23T22:32:18Z
ポケモンカードゲーム ダメカンケース イーブイ大集合,https://www.suruga-ya.jp/product/detail/604062615,310,,330,ポケモンカードゲーム イーブイ,1,2026-09-23T22:32:18Z
ポケモンカードゲーム ロングカードボックス イーブイ大集合,https://www.suruga-ya.jp/product/detail/604062614,540,,660,ポケモンカードゲーム イーブイ,1,2026-09-23T22:32:18Z
ポケモンカードゲーム デッキシールド(スリーブ) イーブイと進化 ポケモンセンター限定,,,,792,ポケモンカードゲーム イーブイ,0,2026-09-23T22:32:18Z
ポケモンカードゲーム ラバープレイマット イーブイと進化 ポケモンセンター限定,,,,2750,ポケモンカードゲーム イーブイ,0,2026-09-23T22:32:18Z
ポケモンカードゲーム コレクションリフィル ピカチュウ＆イーブイ ポケモンセンター限定,https://www.suruga-ya.jp/product/detail/604033977,2400,,658,ポケモンカードゲーム イーブイ,1,2026-09-23T22:32:18Z
ポケモンカードゲーム ソード＆シールド Vスタートデッキ無色 イーブイ,https://www.suruga-ya.jp/product/detail/620015823,1580,,550,ポケモンカードゲーム イーブイ,1,2026-09-23T22:32:18Z
ポケモンカードゲーム デッキシールド(スリーブ) イーブイ ポンチョシリーズ LF ポケモンセンター限定,,,,791,ポケモンカードゲーム イーブイ,0,2026-09-23T22:32:18Z
ポケモンカードゲーム 英語版 デッキシールド(スリーブ) Eevee Prismatic -イーブイ・プリズマティック-(再販版) 海外ポケモンセンター限定,https://www.suruga-ya.jp/product/detail/604057360,1110,,,ポケモンカードゲーム イーブイ,1,2026-09-23T22:32:18Z
ポケモンカードゲーム 英語版 プレイマット Eevee Breakaway -イーブイ・ブレイクアウェイ- 海外ポケモンセンター限定,,,,,ポケモンカードゲーム イーブイ,0,2026-09-23T22:32:18Z
ポケモンカードゲーム デッキシールド(スリーブ) イーブイ ポンチョシリーズ NP ポケモンセンター限定,https://www.suruga-ya.jp/product/detail/604025798,15800,,791,ポケモンカードゲーム イーブイ,1,2026-09-23T22:32:18Z
ポケモンカードゲーム デッキシールド(スリーブ) イーブイ ポンチョシリーズ EF ポケモンセンター限定,https://www.suruga-ya.jp/product/detail/604025794,12000,,791,ポケモンカードゲーム イーブイ,1,2026-09-23T22:32:18Z
ポケモンカードゲーム 英語版 デッキシールド(スリーブ) Pokemon Center × Van Gogh Museum： Eevee Inspired by Self-Portrait with Straw Hat -ポケモンセンター×ゴッホ美術館 イーブイ・インスパイアド・バイ・セルフポートレート・ウィズ・ストロー・ハット- 海外ポケモンセンター限定,https://www.suruga-ya.jp/product/detail/604061522,5100,,,ポケモンカードゲーム イーブイ,1,2026-09-23T22:32:18Z
ポケモンカードゲーム 英語版 プレイマット Eevee ＆ Umbreon Twilight -イーブイ＆ブラッキー・トワイライト- 海外ポケモンセンター限定,https://www.suruga-ya.jp/product/detail/604063785,3300,,,ポケモンカードゲーム イーブイ,1,2026-09-23T22:32:18Z
ポケモンカードゲーム デッキシールド(スリーブ) イーブイ・リーフィア・グレイシア ポケモンセンター限定,https://www.suruga-ya.jp/product/detail/604014756,1400,,398,ポケモンカードゲーム イーブイ,1,2026-09-23T22:32:18Z
ポケモンカードゲーム 英語版 デッキシールド(スリーブ) Gigantamax Pikachu ＆ Gigantamax Eevee -ピカチュウ キョダイマックスのすがた＆イーブイ キョダイマックスのすがた- ポケモンセンター限定,,,,,ポケモンカードゲーム イーブイ,0,2026-09-23T22:32:18Z
ポケモンカードゲーム 英語版 デッキシールド(スリーブ) Eevee Pixel Collection! -イーブイ・ピクセル・コレクション!- ポケモンセンター限定,https://www.suruga-ya.jp/product/detail/604040237,4200,,,ポケモンカードゲーム イーブイ,1,2026-09-23T22:32:18Z
ポケモンカードゲーム デッキシールド(スリーブ) くっつきなかよしイーブイたち,https://www.suruga-ya.jp/product/detail/604028661,1780,,792,ポケモンカードゲーム イーブイ,1,2026-09-23T22:32:18Z
ポケモンカードゲーム デッキケース くっつきなかよしイーブイたち ポケモンセンター限定,,,,429,ポケモンカードゲーム イーブイ,0,2026-09-23T22:32:18Z
ポケモンカードゲーム コレクションファイル イーブイズ,,,,1980,ポケモンカードゲーム イーブイ,0,2026-09-23T22:32:18Z
ポケモンカードゲーム デッキシールド(スリーブ) イーブイズ,,,,889,ポケモンカードゲーム イーブイ,0,2026-09-23T22:32:18Z
ポケモンカードゲーム ディスプレイフレーム イーブイズ Ver.2 ポケモンセンター限定,https://www.suruga-ya.jp/product/detail/604066219,1700,,1490,ポケモンカードゲーム イーブイ,1,2026-09-23T22:32:18Z
ポケモンカードゲーム スカーレット＆バイオレット バトルマスターデッキ テラスタル リザードンex,https://www.suruga-ya.jp/product/detail/620024628,3980,,3000,ポケモンカードゲーム リザードン,1,2026-09-24T22:30:10Z
ポケモンカードゲーム スカーレット＆バイオレット スペシャルデッキセットex フシギバナ・リザードン・カメックス,https://www.suruga-ya.jp/product/detail/620024077,42800,,5500,ポケモンカードゲーム リザードン,1,2026-09-24T22:30:10Z
ポケモンカードゲーム 3連ディスプレイフレーム 進化の軌跡 フシギバナ・リザードン・カメックス ポケモンセンター限定,https://www.suruga-ya.jp/product/detail/604055375,5500,,3500,ポケモンカードゲーム リザードン,1,2026-09-24T22:30:10Z
ポケモンカードゲーム デッキシールド(スリーブ) 飛翔 リザードン ポケモンセンター限定,,,,792,ポケモンカードゲーム リザードン,0,2026-09-24T22:30:10Z
ポケモンカードゲーム コレクションファイル リザードンVSレックウザ ポケモンセンター限定,,,,1705,ポケモンカードゲーム リザードン,0,2026-09-24T22:30:10Z
ポケモンカードゲーム ソード＆シールド スペシャルデッキセット リザードンVSTAR vs レックウザVMAX,https://www.suruga-ya.jp/product/detail/620022382,16800,,5500,ポケモンカードゲーム リザードン,1,2026-09-24T22:30:10Z
ポケモンカードゲーム ソード＆シールド Ultra-Premium Collection Charizard -ウルトラ・プレミアム コレクション リザードン- [英語版] 海外ポケモンセンター限定,https://www.suruga-ya.jp/product/detail/620023091,79800,,,ポケモンカードゲーム リザードン,1,2026-09-24T22:30:10Z
ポケモンカードゲーム ラバープレイマット リザードン ポケモンセンター限定,https://www.suruga-ya.jp/product/detail/604048639,1900,,2750,ポケモンカードゲーム リザードン,1,2026-09-24T22:30:10Z
ポケモンカードゲーム デッキシールド(スリーブ) プレミアム・グロス リザードン ポケモンセンター限定,,,,913,ポケモンカードゲーム リザードン,0,2026-09-24T22:30:10Z
ポケモンカードゲーム デッキシールド プロ(スリーブ) リザードン ポケモンセンター限定（内袋開封済み）,,680,,913,ポケモンカードゲーム リザードン,1,2026-09-24T22:30:10Z
ポケモンカードゲーム スカーレット＆バイオレット ポケモンカード151カードファイルセット フシギバナ・リザードン・カメックス,,,,2200,ポケモンカードゲーム リザードン,0,2026-09-24T22:30:10Z
ポケモンカードゲーム ラバープレイマット リザードンVSレックウザ ポケモンセンター限定,,,,2750,ポケモンカードゲーム リザードン,0,2026-09-24T22:30:10Z
ポケモンカードゲーム コレクションファイル 色違いのリザードン ポケモンセンター限定,https://www.suruga-ya.jp/product/detail/604041692,1500,,1705,ポケモンカードゲーム リザードン,1,2026-09-24T22:30:10Z
ポケモンカードゲーム デッキケース 進化の系譜 リザードン ポケモンセンター限定（本体不備（中））,,740,,398,ポケモンカードゲーム リザードン,1,2026-09-24T22:30:10Z
ポケモンカードゲーム デッキシールド(スリーブ) リザードン ポケモンセンター限定,,,,398,ポケモンカードゲーム リザードン,0,2026-09-24T22:30:10Z
ポケモンカードゲームXY メガバトルデッキ60 MリザードンEX,,,,1712,ポケモンカードゲーム リザードン,0,2026-09-24T22:30:10Z
ポケモンカードゲーム デッキシールド(スリーブ) 『リザードンver.2』 ポケモンセンター限定,,,,397,ポケモンカードゲーム リザードン,0,2026-09-24T22:30:10Z
ポケモンカードゲーム 英語版 プレイマット Charizard -リザードン- ポケモンセンター限定,https://www.suruga-ya.jp/product/detail/604032139,950,,,ポケモンカードゲーム リザードン,1,2026-09-24T22:30:10Z
ポケモンカードゲーム 英語版 デッキシールド(スリーブ) Scorching Charizard Fournaise Dracaufeu -スコーチング・リザードン フルネーズ・ドラコーフ- ポケモンセンター限定,,,,,ポケモンカードゲーム リザードン,0,2026-09-24T22:30:10Z
ポケモンカードゲーム カードファイル ミュウツー＆フシギバナ＆リザードン＆カメックス(2004) ポケモンセンター限定（表紙傷/リフィル傷み・汚れ）,,20000,,,ポケモンカードゲーム リザードン,1,2026-09-24T22:30:10Z
ポケモンカードゲーム デッキシールド(スリーブ) メガリザードンX 古城 ポケモンセンター限定,https://www.suruga-ya.jp/product/detail/604071993,1400,,889,ポケモンカードゲーム リザードン,1,2026-09-24T22:30:10Z
ポケモンカードゲーム デッキシールド(スリーブ) プレミアム 『リザードンメガバトル』 ポケモンセンター・ポケモンカードジム限定,,,,880,ポケモンカードゲーム リザードン,0,2026-09-24T22:30:10Z
ポケモンカードゲーム デッキシールド(スリーブ) メガリザードンX,,,,889,ポケモンカードゲーム リザードン,0,2026-09-24T22:30:10Z
ポケモンカードゲーム ロングカードボックス メガリザードンX ポケモンセンター限定,,,,660,ポケモンカードゲーム リザードン,0,2026-09-24T22:30:10Z
ポケモンカードゲーム ピカチュウ ワールド,https://www.suruga-ya.jp/product/detail/620005021,648000,,891,ポケモンカードゲーム ピカチュウ,1,2026-09-24T22:30:11Z
ポケモンカードゲーム デッキシールド(スリーブ) ピカチュウとかみなり,,,,889,ポケモンカードゲーム ピカチュウ,0,2026-09-24T22:30:11Z
ポケモンカードゲーム ジャンボカード ピカチュウex JR東日本 ポケモンメガスタンプラリー2025 配布品,,,,,ポケモンカードゲーム ピカチュウ,0,2026-09-24T22:30:11Z
ポケモンカードゲーム デッキシールド(スリーブ) ピカチュウときのみ ポケモンセンター限定,,,,889,ポケモンカードゲーム ピカチュウ,0,2026-09-24T22:30:11Z
ポケモンカードゲーム デッキシールド(スリーブ) 花笠まつりごっこピカチュウ【オレンジ】 ポケモンセンター限定,https://www.suruga-ya.jp/product/detail/604069913,1200,,889,ポケモンカードゲーム ピカチュウ,1,2026-09-24T22:30:11Z
ポケモンカードゲーム デッキシールド(スリーブ) わらじまつりごっこピカチュウ【イエロー】 ポケモンセンター限定,https://www.suruga-ya.jp/product/detail/604069681,1200,,889,ポケモンカードゲーム ピカチュウ,1,2026-09-24T22:30:11Z
ポケモンカードゲーム デッキシールド(スリーブ) 花笠まつりごっこピカチュウ【グリーン】 ポケモンセンター限定,https://www.suruga-ya.jp/product/detail/604069682,1300,,889,ポケモンカードゲーム ピカチュウ,1,2026-09-24T22:30:11Z
ポケモンカードゲーム デッキシールド(スリーブ) 竿燈まつりごっこピカチュウ【レッド】 ポケモンセンター限定,https://www.suruga-ya.jp/product/detail/604069683,1200,,889,ポケモンカードゲーム ピカチュウ,1,2026-09-24T22:30:11Z
ポケモンカードゲーム ラバープレイマット ピカチュウとかみなり,https://www.suruga-ya.jp/product/detail/604070595,2100,,2970,ポケモンカードゲーム ピカチュウ,1,2026-09-24T22:30:11Z
ポケモンカードゲーム デッキシールド(スリーブ) 花笠まつりごっこピカチュウ ポケモンセンター限定,https://www.suruga-ya.jp/product/detail/604067926,1200,,889,ポケモンカードゲーム ピカチュウ,1,2026-09-24T22:30:11Z
ポケモンカードゲーム デッキシールド(スリーブ) わらじまつりごっこピカチュウ ポケモンセンター限定,,,,889,ポケモンカードゲーム ピカチュウ,0,2026-09-24T22:30:11Z
ポケモンカードゲーム デッキシールド(スリーブ) ねぶた祭ごっこピカチュウ ポケモンセンター限定,,,,889,ポケモンカードゲーム ピカチュウ,0,2026-09-24T22:30:11Z
ポケモンカードゲーム デッキシールド(スリーブ) さんさ踊りごっこピカチュウ ポケモンセンター限定,https://www.suruga-ya.jp/product/detail/604067931,1500,,889,ポケモンカードゲーム ピカチュウ,1,2026-09-24T22:30:11Z
ポケモンカードゲーム デッキシールド(スリーブ) 七夕まつりごっこピカチュウ ポケモンセンター限定,,,,889,ポケモンカードゲーム ピカチュウ,0,2026-09-24T22:30:11Z
ポケモンカードゲーム デッキシールド(スリーブ) プレミアム・グロス テラスタイプ：ステラ ピカチュウ,,,,990,ポケモンカードゲーム ピカチュウ,0,2026-09-24T22:30:11Z
ポケモンカードゲーム デッキケース テラスタイプ：ステラ ピカチュウ,,,,500,ポケモンカードゲーム ピカチュウ,0,2026-09-24T22:30:11Z
ポケモンカードゲーム デッキシールド(スリーブ) ピカチュウとハート ポケモンセンター限定,,,,889,ポケモンカードゲーム ピカチュウ,0,2026-09-24T22:30:11Z
ポケモンカードゲーム デッキシールド(スリーブ) ピカチュウ＆ニャオハ ポケモンセンター限定,,,,889,ポケモンカードゲーム ピカチュウ,0,2026-09-24T22:30:11Z
ポケモンカードゲーム デッキケース ピカチュウとハート ポケモンセンター限定,https://www.suruga-ya.jp/product/detail/604061850,1400,,500,ポケモンカードゲーム ピカチュウ,1,2026-09-24T22:30:11Z
ポケモンカードゲーム ポケモンコイン ピカチュウ(両手上げ/銀/クラッドアイス) キャンペーン配布品,https://www.suruga-ya.jp/product/detail/604057856,290,,,ポケモンカードゲーム ピカチュウ,1,2026-09-24T22:30:11Z
ポケモンカードゲーム デッキシールド(スリーブ) ピカチュウ大集合,,,,890,ポケモンカードゲーム ピカチュウ,0,2026-09-24T22:30:11Z
ポケモンカードゲーム ラバープレイマット ピカチュウ大集合,,,,2970,ポケモンカードゲーム ピカチュウ,0,2026-09-24T22:30:11Z
ポケモンカードゲーム ぬいぐるみカードマルチバンド ピカチュウ ポケモンセンター限定,https://www.suruga-ya.jp/product/detail/604070436,750,,880,ポケモンカードゲーム ピカチュウ,1,2026-09-24T22:30:11Z
ポケモンカードゲーム スカーレット＆バイオレット ぬいぐるみデッキケース ピカチュウ,https://www.suruga-ya.jp/product/detail/604051885,1000,,1595,ポケモンカードゲーム ピカチュウ,1,2026-09-24T22:30:11Z
ポケモンカードゲーム スカーレット＆バイオレット スターターセット テラスタル ミュウツーex,,,,1800,ポケモンカードゲーム ミュウツー,0,2026-09-24T22:30:13Z
ポケモンカードゲーム デッキシールド(スリーブ) ミュウツーVSTAR ポケモンセンター限定,,,,792,ポケモンカードゲーム ミュウツー,0,2026-09-24T22:30:13Z
ポケモンカードゲーム ソード＆シールド スペシャルカードセット ミュウツーV-UNION,,,,1650,ポケモンカードゲーム ミュウツー,0,2026-09-24T22:30:13Z
ポケモンカードゲーム デッキシールド(スリーブ) ミュウツー ver.2 ポケモンセンター限定,,,,855,ポケモンカードゲーム ミュウツー,0,2026-09-24T22:30:13Z
ポケモンカードゲーム ダメカン缶ケース ミュウツー ver.3 シルエット ポケモンセンター限定,https://www.suruga-ya.jp/product/detail/604038084,580,,440,ポケモンカードゲーム ミュウツー,1,2026-09-24T22:30:13Z
ポケモンカードゲーム カードファイル ミュウツー＆フシギバナ＆リザードン＆カメックス(2004) ポケモンセンター限定（表紙傷/リフィル傷み・汚れ）,,20000,,,ポケモンカードゲーム ミュウツー,1,2026-09-24T22:30:13Z
ポケモンカードゲーム デッキシールド(スリーブ) プレミアム・グロス 雷テラスタルミュウツー ポケモンセンター限定,,,,990,ポケモンカードゲーム ミュウツー,0,2026-09-24T22:30:13Z
ポケモンカードゲーム ソード＆シールド Pokemon GO スペシャルセット,https://www.suruga-ya.jp/product/detail/620021880,15800,,3700,ポケモンカードゲーム ミュウツー,1,2026-09-24T22:30:13Z
ポケモンカードゲーム おまけカードセット 「GBソフト ポケモンカードGB2 -GR団参上!-」 同梱特典,https://www.suruga-ya.jp/product/detail/620022789,698000,,,ポケモンカードゲーム ミュウツー,1,2026-09-24T22:30:13Z
◇ポケモンカードゲーム ソード＆シールド スペシャルカードセット ミュウツーV-UNION V-UNIONコンプリートセット,,,,,ポケモンカードゲーム ミュウツー,0,2026-09-24T22:30:13Z
[単品] ミュウツー＆ミュウGX ジャンボカード(キラ) 「ポケモンカードゲーム サン＆ムーン スペシャルジャンボカードパック ミュウツー＆ミュウGX 劇場＆映画前売り券販売店舗限定」 同梱品,https://www.suruga-ya.jp/product/detail/620014975,2980,,,ポケモンカードゲーム ミュウツー,1,2026-09-24T22:30:13Z
[単品] ポケモンカードゲーム サン＆ムーン ミュウツーGX ジャンボカード 「スペシャルジャンボカードパック 名探偵ピカチュウ ミュウツーGX Ver.」 同梱品,,,,,ポケモンカードゲーム ミュウツー,0,2026-09-24T22:30:13Z
ミュウツーとの邂逅 ポケモンカードゲーム イラストストーリー 「ポケットモンスター」,https://www.suruga-ya.jp/product/detail/883073069,340,,,ポケモンカードゲーム ミュウツー,1,2026-09-24T22:30:13Z
128/103[SAR]：(キラ)ミュウツーex,,,,,ポケモンカードゲーム ミュウツー,0,2026-09-24T22:30:13Z
134/103[FUR]：(キラ)ミュウツーex,https://www.suruga-ya.jp/product/detail/GU879975,10800,,,ポケモンカードゲーム ミュウツー,1,2026-09-24T22:30:13Z
055/103[RR]：(キラ)ミュウツーex,https://www.suruga-ya.jp/product/detail/GU880011,160,,,ポケモンカードゲーム ミュウツー,1,2026-09-24T22:30:13Z
237/193[SAR]：(キラ)ロケット団のミュウツーex,https://www.suruga-ya.jp/product/detail/GU519470,13800,,,ポケモンカードゲーム ミュウツー,1,2026-09-24T22:30:13Z
063/193[RR]：(キラ)ロケット団のミュウツーex,https://www.suruga-ya.jp/product/detail/GU519533,180,,,ポケモンカードゲーム ミュウツー,1,2026-09-24T22:30:13Z
125/098[SAR]：(キラ)ロケット団のミュウツーex,https://www.suruga-ya.jp/product/detail/GU166807,59800,,,ポケモンカードゲーム ミュウツー,1,2026-09-24T22:30:13Z
130/098[UR]：(キラ)ロケット団のミュウツーex,,,,,ポケモンカードゲーム ミュウツー,0,2026-09-24T22:30:13Z
114/098[SR]：(キラ)ロケット団のミュウツーex,https://www.suruga-ya.jp/product/detail/GU166815,3480,,,ポケモンカードゲーム ミュウツー,1,2026-09-24T22:30:13Z
001/020：(キラ)ミュウツーex,https://www.suruga-ya.jp/product/detail/GN169791,280,,,ポケモンカードゲーム ミュウツー,1,2026-09-24T22:30:13Z
183/165[AR]：(キラ)ミュウツー,https://www.suruga-ya.jp/product/detail/GL945186,3480,,,ポケモンカードゲーム ミュウツー,1,2026-09-24T22:30:13Z
014/032：(キラ)ミュウツー,https://www.suruga-ya.jp/product/detail/GN223320,4580,,,ポケモンカードゲーム ミュウツー,1,2026-09-24T22:30:13Z
ポケモンカードゲーム スカーレット＆バイオレット 151 Ultra-Premium Collection -ポケモンカード151 ウルトラ・プレミアム コレクション- [英語版] 海外ポケモンセンター限定,https://www.suruga-ya.jp/product/detail/620023732,128000,,,ポケモンカードゲーム ポケモンカード151,1,2026-09-24T22:30:15Z
ポケモンカードゲーム スカーレット＆バイオレット ポケモンカード151カードファイルセット モンスターボール,,,,2200,ポケモンカードゲーム ポケモンカード151,0,2026-09-24T22:30:15Z
ポケモンカードゲーム スカーレット＆バイオレット ポケモンカード151カードファイルセット フシギバナ・リザードン・カメックス,,,,2200,ポケモンカードゲーム ポケモンカード151,0,2026-09-24T22:30:15Z
ポケモンカードゲーム デッキシールド(スリーブ) にたものどうし ヌオー＆ドオー ポケモンセンター限定,https://www.suruga-ya.jp/product/detail/604070151,1500,,889,ポケモンカードゲーム ポケモンカード151,1,2026-09-24T22:30:15Z
ポケモンカードゲーム 英語版 プレイマット＆バッグ キービジュアル World Championship 2024 Honolulu：WCS -ワールドチャンピオンシップ 2024 ホノルル-,https://www.suruga-ya.jp/product/detail/604064848,11000,,,ポケモンカードゲーム ポケモンカード151,1,2026-09-24T22:30:15Z
ポケモンカードゲーム 英語版 デッキシールド(スリーブ) ピカチュウ/白背景 World Championship 2025 Anaheim：WCS -ワールドチャンピオンシップ 2025 アナハイム-,,,,,ポケモンカードゲーム ポケモンカード151,0,2026-09-24T22:30:15Z
ポケモンカードゲーム デッキシールド(スリーブ) #GOGO!YELL!! したっぱ ポケモンセンター限定,https://www.suruga-ya.jp/product/detail/604038841,830,,792,ポケモンカードゲーム ポケモンカード151,1,2026-09-24T22:30:15Z
【パック】ポケモンカードゲーム スカーレット＆バイオレット 強化拡張パック ポケモンカード151,https://www.suruga-ya.jp/product/detail/620023021,1580,,290,ポケモンカードゲーム ポケモンカード151,1,2026-09-24T22:30:15Z
[単品] ミュウ プレイマット 「ポケモンカードゲーム スカーレット＆バイオレット 151 Ultra-Premium Collection -ポケモンカード151 ウルトラ・プレミアム コレクション- [英語版] 海外ポケモンセンター限定」 同梱品,,,,,ポケモンカードゲーム ポケモンカード151,0,2026-09-24T22:30:15Z
【BOX】ポケモンカードゲーム スカーレット＆バイオレット 強化拡張パック ポケモンカード151,https://www.suruga-ya.jp/product/detail/630023021,46800,,5808,ポケモンカードゲーム ポケモンカード151,1,2026-09-24T22:30:15Z
ポケモンカードゲーム デッキシールド(スリーブ) リザードン ポケモンセンター限定,,,,398,ポケモンカードゲーム ポケモンカード151,0,2026-09-24T22:30:15Z
ポケモンカードゲーム デッキシールド(スリーブ) サーナイト・ドレディア ポケモンセンター・他 限定,,,,398,ポケモンカードゲーム ポケモンカード151,0,2026-09-24T22:30:15Z
ポケモンカードゲーム デッキシールド(スリーブ) ピカチュウがいっぱい ポケモンセンター限定,https://www.suruga-ya.jp/product/detail/604015112,2600,,398,ポケモンカードゲーム ポケモンカード151,1,2026-09-24T22:30:15Z
ポケモンカードゲーム デッキシールド(スリーブ) ポケモンセンタートウホク ポケモンセンタートウホク限定,,,,398,ポケモンカードゲーム ポケモンカード151,0,2026-09-24T22:30:15Z
ポケモンカードゲーム 英語版 デッキシールド(スリーブ) Koraidon Slate -コライドン・スレート- 海外ポケモンセンター限定,,,,,ポケモンカードゲーム ポケモンカード151,0,2026-09-24T22:30:15Z
ポケモンカードゲーム 英語版 プレイマット Dondozo ＆ Tatsugiri Teamwork -ヘイラッシャ＆シャリタツ・チームワーク- 海外ポケモンセンター限定,,,,,ポケモンカードゲーム ポケモンカード151,0,2026-09-24T22:30:15Z
ポケモンカードゲーム 英語版 デッキシールド(スリーブ) Pokemon Center × Van Gogh Museum： Corviknight Inspired by Wheatfield with Crows -ポケモンセンター×ゴッホ美術館 アーマーガア・インスパイアド・バイ・ウィートフィールド・ウィズ・クロウズ- 海外ポケモンセンター限定,,,,,ポケモンカードゲーム ポケモンカード151,0,2026-09-24T22:30:15Z
[単品] カタログポスター(四つ折) 「ポケモンカードゲーム スカーレット＆バイオレット ポケモンカード151カードファイルセット」,https://www.suruga-ya.jp/product/detail/508900478,280,,,ポケモンカードゲーム ポケモンカード151,1,2026-09-24T22:30:15Z
ポケモンカードゲーム スペシャルジャンボカード サンダーとフリーザーとファイヤー 月刊コロコロコミック1997年10月号付録,https://www.suruga-ya.jp/product/detail/620015106,2980,,,ポケモンカードゲーム ポケモンカード151,1,2026-09-24T22:30:15Z
ポケモンカードゲーム 英語版 デッキシールド(スリーブ) Slither Wing ＆ Iron Moth -チヲハウハネ＆テツノドクガ- 海外ポケモンセンター限定,https://www.suruga-ya.jp/product/detail/604065304,1100,,,ポケモンカードゲーム ポケモンカード151,1,2026-09-24T22:30:15Z
ポケモンカードゲーム 遊びかたDVD,https://www.suruga-ya.jp/product/detail/151117216,260,,,ポケモンカードゲーム ポケモンカード151,1,2026-09-24T22:30:15Z
ポケモンカードゲーム 英語版 プレイマット Eevee ＆ Umbreon Twilight -イーブイ＆ブラッキー・トワイライト- 海外ポケモンセンター限定,https://www.suruga-ya.jp/product/detail/604063785,3300,,,ポケモンカードゲーム ポケモンカード151,1,2026-09-24T22:30:15Z
ポケモンカードゲーム デッキシールド(スリーブ) プラズマ団 ポケモンセンター限定（内袋開封済み/スリーブ2枚欠品）,,6000,,398,ポケモンカードゲーム ポケモンカード151,1,2026-09-24T22:30:15Z
ポケモンカードゲーム デッキシールド(スリーブ) energy color ポケモンセンター・他限定,https://www.suruga-ya.jp/product/detail/604015123,4500,,398,ポケモンカードゲーム ポケモンカード151,1,2026-09-24T22:30:15Z
ポケモンカードゲーム MEGA スターターセットex イーブイex,https://www.suruga-ya.jp/product/detail/620029344,2980,,1800,ポケモンカードゲーム イーブイ,1,2026-09-24T22:30:17Z
ポケモンカードゲーム キャリングケース イーブイ大集合,,,,1650,ポケモンカードゲーム イーブイ,0,2026-09-24T22:30:17Z
ポケモンカードゲーム ロングカードボックス イーブイ大集合,https://www.suruga-ya.jp/product/detail/604062614,540,,660,ポケモンカードゲーム イーブイ,1,2026-09-24T22:30:17Z
ポケモンカードゲーム ぬいぐるみカードマルチバンド イーブイ ポケモンセンター限定,https://www.suruga-ya.jp/product/detail/604070437,900,,880,ポケモンカードゲーム イーブイ,1,2026-09-24T22:30:17Z
ポケモンカードゲーム ダメカンケース イーブイ大集合,https://www.suruga-ya.jp/product/detail/604062615,310,,330,ポケモンカードゲーム イーブイ,1,2026-09-24T22:30:17Z
ポケモンカードゲーム デッキシールド(スリーブ) イーブイと進化 ポケモンセンター限定,,,,792,ポケモンカードゲーム イーブイ,0,2026-09-24T22:30:17Z
ポケモンカードゲーム ラバープレイマット イーブイと進化 ポケモンセンター限定,,,,2750,ポケモンカードゲーム イーブイ,0,2026-09-24T22:30:17Z
ポケモンカードゲーム コレクションリフィル ピカチュウ＆イーブイ ポケモンセンター限定,https://www.suruga-ya.jp/product/detail/604033977,2400,,658,ポケモンカードゲーム イーブイ,1,2026-09-24T22:30:17Z
ポケモンカードゲーム ソード＆シールド Vスタートデッキ無色 イーブイ,https://www.suruga-ya.jp/product/detail/620015823,1580,,550,ポケモンカードゲーム イーブイ,1,2026-09-24T22:30:17Z
ポケモンカードゲーム デッキシールド(スリーブ) イーブイ ポンチョシリーズ LF ポケモンセンター限定,,,,791,ポケモンカードゲーム イーブイ,0,2026-09-24T22:30:17Z
ポケモンカードゲーム デッキシールド(スリーブ) イーブイ ポンチョシリーズ BS ポケモンセンター限定,,,,791,ポケモンカードゲーム イーブイ,0,2026-09-24T22:30:17Z
ポケモンカードゲーム 英語版 プレイマット Eevee Breakaway -イーブイ・ブレイクアウェイ- 海外ポケモンセンター限定,,,,,ポケモンカードゲーム イーブイ,0,2026-09-24T22:30:17Z
ポケモンカードゲーム 英語版 デッキシールド(スリーブ) Eevee Prismatic -イーブイ・プリズマティック-(再販版) 海外ポケモンセンター限定,https://www.suruga-ya.jp/product/detail/604057360,1110,,,ポケモンカードゲーム イーブイ,1,2026-09-24T22:30:17Z
ポケモンカードゲーム デッキシールド(スリーブ) イーブイ ポンチョシリーズ NP ポケモンセンター限定,https://www.suruga-ya.jp/product/detail/604025798,15800,,791,ポケモンカードゲーム イーブイ,1,2026-09-24T22:30:17Z
ポケモンカードゲーム デッキシールド(スリーブ) イーブイ ポンチョシリーズ EF ポケモンセンター限定,https://www.suruga-ya.jp/product/detail/604025794,12000,,791,ポケモンカードゲーム イーブイ,1,2026-09-24T22:30:17Z
ポケモンカードゲーム 英語版 デッキシールド(スリーブ) Pokemon Center × Van Gogh Museum： Eevee Inspired by Self-Portrait with Straw Hat -ポケモンセンター×ゴッホ美術館 イーブイ・インスパイアド・バイ・セルフポートレート・ウィズ・ストロー・ハット- 海外ポケモンセンター限定,https://www.suruga-ya.jp/product/detail/604061522,5100,,,ポケモンカードゲーム イーブイ,1,2026-09-24T22:30:17Z
ポケモンカードゲーム 英語版 プレイマット Eevee ＆ Umbreon Twilight -イーブイ＆ブラッキー・トワイライト- 海外ポケモンセンター限定,https://www.suruga-ya.jp/product/detail/604063785,3300,,,ポケモンカードゲーム イーブイ,1,2026-09-24T22:30:17Z
ポケモンカードゲーム デッキシールド(スリーブ) イーブイ・リーフィア・グレイシア ポケモンセンター限定,https://www.suruga-ya.jp/product/detail/604014756,1400,,398,ポケモンカードゲーム イーブイ,1,2026-09-24T22:30:17Z
ポケモンカードゲーム 英語版 デッキシールド(スリーブ) Gigantamax Pikachu ＆ Gigantamax Eevee -ピカチュウ キョダイマックスのすがた＆イーブイ キョダイマックスのすがた- ポケモンセンター限定,,,,,ポケモンカードゲーム イーブイ,0,2026-09-24T22:30:17Z
ポケモンカードゲーム 英語版 デッキシールド(スリーブ) Eevee Pixel Collection! -イーブイ・ピクセル・コレクション!- ポケモンセンター限定,https://www.suruga-ya.jp/product/detail/604040237,4200,,,ポケモンカードゲーム イーブイ,1,2026-09-24T22:30:17Z
ポケモンカードゲーム デッキシールド(スリーブ) くっつきなかよしイーブイたち,https://www.suruga-ya.jp/product/detail/604028661,1780,,792,ポケモンカードゲーム イーブイ,1,2026-09-24T22:30:17Z
ポケモンカードゲーム デッキケース くっつきなかよしイーブイたち ポケモンセンター限定,,,,429,ポケモンカードゲーム イーブイ,0,2026-09-24T22:30:17Z
ポケモンカードゲーム コレクションファイル イーブイズ,,,,1980,ポケモンカードゲーム イーブイ,0,2026-09-24T22:30:17Z
ポケモンカードゲーム ラバープレイマット イーブイズ,https://www.suruga-ya.jp/product/detail/604062613,3000,,2970,ポケモンカードゲーム イーブイ,1,2026-09-24T22:30:17Z
ポケモンカードゲーム スカーレット＆バイオレット バトルマスターデッキ テラスタル リザードンex,https://www.suruga-ya.jp/product/detail/620024628,3980,,3000,ポケモンカードゲーム リザードン,1,2026-09-25T22:30:05Z
ポケモンカードゲーム スカーレット＆バイオレット スペシャルデッキセットex フシギバナ・リザードン・カメックス,https://www.suruga-ya.jp/product/detail/620024077,42800,,5500,ポケモンカードゲーム リザードン,1,2026-09-25T22:30:05Z
ポケモンカードゲーム 3連ディスプレイフレーム 進化の軌跡 フシギバナ・リザードン・カメックス ポケモンセンター限定,https://www.suruga-ya.jp/product/detail/604055375,5500,,3500,ポケモンカードゲーム リザードン,1,2026-09-25T22:30:05Z
ポケモンカードゲーム デッキシールド(スリーブ) 飛翔 リザードン ポケモンセンター限定,,,,792,ポケモンカードゲーム リザードン,0,2026-09-25T22:30:05Z
ポケモンカードゲーム コレクションファイル リザードンVSレックウザ ポケモンセンター限定,,,,1705,ポケモンカードゲーム リザードン,0,2026-09-25T22:30:05Z
ポケモンカードゲーム ソード＆シールド スペシャルデッキセット リザードンVSTAR vs レックウザVMAX,https://www.suruga-ya.jp/product/detail/620022382,16800,,5500,ポケモンカードゲーム リザードン,1,2026-09-25T22:30:05Z
ポケモンカードゲーム ソード＆シールド Ultra-Premium Collection Charizard -ウルトラ・プレミアム コレクション リザードン- [英語版] 海外ポケモンセンター限定,https://www.suruga-ya.jp/product/detail/620023091,79800,,,ポケモンカードゲーム リザードン,1,2026-09-25T22:30:05Z
ポケモンカードゲーム ラバープレイマット リザードン ポケモンセンター限定,https://www.suruga-ya.jp/product/detail/604048639,1900,,2750,ポケモンカードゲーム リザードン,1,2026-09-25T22:30:05Z
ポケモンカードゲーム デッキシールド(スリーブ) プレミアム・グロス リザードン ポケモンセンター限定,,,,913,ポケモンカードゲーム リザードン,0,2026-09-25T22:30:05Z
ポケモンカードゲーム デッキシールド プロ(スリーブ) リザードン ポケモンセンター限定（内袋開封済み）,,680,,913,ポケモンカードゲーム リザードン,1,2026-09-25T22:30:05Z
ポケモンカードゲーム スカーレット＆バイオレット ポケモンカード151カードファイルセット フシギバナ・リザードン・カメックス,,,,2200,ポケモンカードゲーム リザードン,0,2026-09-25T22:30:05Z
ポケモンカードゲーム ラバープレイマット リザードンVSレックウザ ポケモンセンター限定,,,,2750,ポケモンカードゲーム リザードン,0,2026-09-25T22:30:05Z
ポケモンカードゲーム コレクションファイル 色違いのリザードン ポケモンセンター限定,https://www.suruga-ya.jp/product/detail/604041692,1500,,1705,ポケモンカードゲーム リザードン,1,2026-09-25T22:30:05Z
ポケモンカードゲーム デッキケース 進化の系譜 リザードン ポケモンセンター限定（本体不備（中））,,740,,398,ポケモンカードゲーム リザードン,1,2026-09-25T22:30:05Z
ポケモンカードゲーム 英語版 プレイマット Charizard -リザードン- ポケモンセンター限定,,,,,ポケモンカードゲーム リザードン,0,2026-09-25T22:30:05Z
ポケモンカードゲームXY メガバトルデッキ60 MリザードンEX,,,,1712,ポケモンカードゲーム リザードン,0,2026-09-25T22:30:05Z
ポケモンカードゲーム デッキシールド(スリーブ) 『リザードンver.2』 ポケモンセンター限定,,,,397,ポケモンカードゲーム リザードン,0,2026-09-25T22:30:05Z
ポケモンカードゲーム デッキシールド(スリーブ) リザードン ポケモンセンター限定,,,,398,ポケモンカードゲーム リザードン,0,2026-09-25T22:30:05Z
ポケモンカードゲーム 英語版 デッキシールド(スリーブ) Scorching Charizard Fournaise Dracaufeu -スコーチング・リザードン フルネーズ・ドラコーフ- ポケモンセンター限定,,,,,ポケモンカードゲーム リザードン,0,2026-09-25T22:30:05Z
ポケモンカードゲーム カードファイル ミュウツー＆フシギバナ＆リザードン＆カメックス(2004) ポケモンセンター限定（表紙傷/リフィル傷み・汚れ）,,20000,,,ポケモンカードゲーム リザードン,1,2026-09-25T22:30:05Z
ポケモンカードゲーム デッキシールド(スリーブ) メガリザードンX,https://www.suruga-ya.jp/product/detail/604069065,640,,889,ポケモンカードゲーム リザードン,1,2026-09-25T22:30:05Z
ポケモンカードゲーム デッキシールド(スリーブ) メガリザードンX 古城 ポケモンセンター限定,https://www.suruga-ya.jp/product/detail/604071993,1400,,889,ポケモンカードゲーム リザードン,1,2026-09-25T22:30:05Z
ポケモンカードゲーム ロングカードボックス メガリザードンX ポケモンセンター限定,,,,660,ポケモンカードゲーム リザードン,0,2026-09-25T22:30:05Z
ポケモンカードゲーム デッキケース 悪テラスタルリザードン（全付属品欠品）,,280,,501,ポケモンカードゲーム リザードン,1,2026-09-25T22:30:05Z
ポケモンカードゲーム ピカチュウ ワールド,https://www.suruga-ya.jp/product/detail/620005021,648000,,891,ポケモンカードゲーム ピカチュウ,1,2026-09-25T22:30:07Z
ポケモンカードゲーム ラバープレイマット ピカチュウとかみなり,https://www.suruga-ya.jp/product/detail/604070595,2100,,2970,ポケモンカードゲーム ピカチュウ,1,2026-09-25T22:30:07Z
ポケモンカードゲーム デッキシールド(スリーブ) ピカチュウとかみなり,,,,889,ポケモンカードゲーム ピカチュウ,0,2026-09-25T22:30:07Z
ポケモンカードゲーム ジャンボカード ピカチュウex JR東日本 ポケモンメガスタンプラリー2025 配布品,,,,,ポケモンカードゲーム ピカチュウ,0,2026-09-25T22:30:07Z
ポケモンカードゲーム デッキシールド(スリーブ) ピカチュウときのみ ポケモンセンター限定,,,,889,ポケモンカードゲーム ピカチュウ,0,2026-09-25T22:30:07Z
ポケモンカードゲーム デッキシールド(スリーブ) 花笠まつりごっこピカチュウ【オレンジ】 ポケモンセンター限定,https://www.suruga-ya.jp/product/detail/604069913,1200,,889,ポケモンカードゲーム ピカチュウ,1,2026-09-25T22:30:07Z
ポケモンカードゲーム デッキシールド(スリーブ) わらじまつりごっこピカチュウ【イエロー】 ポケモンセンター限定,https://www.suruga-ya.jp/product/detail/604069681,1200,,889,ポケモンカードゲーム ピカチュウ,1,2026-09-25T22:30:07Z
ポケモンカードゲーム デッキシールド(スリーブ) 竿燈まつりごっこピカチュウ【レッド】 ポケモンセンター限定,https://www.suruga-ya.jp/product/detail/604069683,1200,,889,ポケモンカードゲーム ピカチュウ,1,2026-09-25T22:30:07Z
ポケモンカードゲーム デッキシールド(スリーブ) さんさ踊りごっこピカチュウ【パープル】 ポケモンセンター限定,https://www.suruga-ya.jp/product/detail/604069679,1200,,889,ポケモンカードゲーム ピカチュウ,1,2026-09-25T22:30:07Z
ポケモンカードゲーム デッキシールド(スリーブ) 花笠まつりごっこピカチュウ ポケモンセンター限定,https://www.suruga-ya.jp/product/detail/604067926,1200,,889,ポケモンカードゲーム ピカチュウ,1,2026-09-25T22:30:07Z
ポケモンカードゲーム デッキシールド(スリーブ) わらじまつりごっこピカチュウ ポケモンセンター限定,,,,889,ポケモンカードゲーム ピカチュウ,0,2026-09-25T22:30:07Z
ポケモンカードゲーム デッキシールド(スリーブ) ねぶた祭ごっこピカチュウ ポケモンセンター限定,,,,889,ポケモンカードゲーム ピカチュウ,0,2026-09-25T22:30:07Z
ポケモンカードゲーム デッキシールド(スリーブ) さんさ踊りごっこピカチュウ ポケモンセンター限定,https://www.suruga-ya.jp/product/detail/604067931,1500,,889,ポケモンカードゲーム ピカチュウ,1,2026-09-25T22:30:07Z
ポケモンカードゲーム デッキシールド(スリーブ) プレミアム・グロス テラスタイプ：ステラ ピカチュウ,,,,990,ポケモンカードゲーム ピカチュウ,0,2026-09-25T22:30:07Z
ポケモンカードゲーム デッキケース テラスタイプ：ステラ ピカチュウ,,,,500,ポケモンカードゲーム ピカチュウ,0,2026-09-25T22:30:07Z
ポケモンカードゲーム デッキシールド(スリーブ) ピカチュウとハート ポケモンセンター限定,,,,889,ポケモンカードゲーム ピカチュウ,0,2026-09-25T22:30:07Z
ポケモンカードゲーム デッキケース ピカチュウとハート ポケモンセンター限定,https://www.suruga-ya.jp/product/detail/604061850,1400,,500,ポケモンカードゲーム ピカチュウ,1,2026-09-25T22:30:07Z
ポケモンカードゲーム デッキシールド(スリーブ) ピカチュウ大集合,,,,890,ポケモンカードゲーム ピカチュウ,0,2026-09-25T22:30:07Z
ポケモンカードゲーム ラバープレイマット ピカチュウ大集合,,,,2970,ポケモンカードゲーム ピカチュウ,0,2026-09-25T22:30:07Z
ポケモンカードゲーム ぬいぐるみカードマルチバンド ピカチュウ ポケモンセンター限定,https://www.suruga-ya.jp/product/detail/604070436,750,,880,ポケモンカードゲーム ピカチュウ,1,2026-09-25T22:30:07Z
ポケモンカードゲーム スカーレット＆バイオレット ぬいぐるみデッキケース ピカチュウ,https://www.suruga-ya.jp/product/detail/604051885,1000,,1595,ポケモンカードゲーム ピカチュウ,1,2026-09-25T22:30:07Z
ポケモンカードゲーム デッキシールド(スリーブ) 竿燈まつりごっこピカチュウ【ブルー】 ポケモンセンター限定,https://www.suruga-ya.jp/product/detail/604069914,1700,,889,ポケモンカードゲーム ピカチュウ,1,2026-09-25T22:30:07Z
ポケモンカードゲーム デッキシールド(スリーブ) わらじまつりごっこピカチュウ【グリーン】 ポケモンセンター限定,https://www.suruga-ya.jp/product/detail/604069916,1100,,889,ポケモンカードゲーム ピカチュウ,1,2026-09-25T22:30:07Z
ポケモンカードゲーム デッキシールド(スリーブ) ねぶた祭ごっこピカチュウ【ブラウン】 ポケモンセンター限定,https://www.suruga-ya.jp/product/detail/604069680,1300,,889,ポケモンカードゲーム ピカチュウ,1,2026-09-25T22:30:07Z
ポケモンカードゲーム スカーレット＆バイオレット スターターセット テラスタル ミュウツーex,,,,1800,ポケモンカードゲーム ミュウツー,0,2026-09-25T22:30:08Z
ポケモンカードゲーム デッキシールド(スリーブ) ミュウツーVSTAR ポケモンセンター限定,,,,792,ポケモンカードゲーム ミュウツー,0,2026-09-25T22:30:08Z
ポケモンカードゲーム ソード＆シールド スペシャルカードセット ミュウツーV-UNION,,,,1650,ポケモンカードゲーム ミュウツー,0,2026-09-25T22:30:08Z
ポケモンカードゲーム デッキシールド(スリーブ) ミュウツー ver.2 ポケモンセンター限定,,,,855,ポケモンカードゲーム ミュウツー,0,2026-09-25T22:30:08Z
ポケモンカードゲーム ダメカン缶ケース ミュウツー ver.3 シルエット ポケモンセンター限定,https://www.suruga-ya.jp/product/detail/604038084,580,,440,ポケモンカードゲーム ミュウツー,1,2026-09-25T22:30:08Z
ポケモンカードゲーム カードファイル ミュウツー＆フシギバナ＆リザードン＆カメックス(2004) ポケモンセンター限定（表紙傷/リフィル傷み・汚れ）,,20000,,,ポケモンカードゲーム ミュウツー,1,2026-09-25T22:30:08Z
ポケモンカードゲーム デッキシールド(スリーブ) プレミアム・グロス 雷テラスタルミュウツー ポケモンセンター限定,,,,990,ポケモンカードゲーム ミュウツー,0,2026-09-25T22:30:08Z
ポケモンカードゲーム ソード＆シールド Pokemon GO スペシャルセット,https://www.suruga-ya.jp/product/detail/620021880,15800,,3700,ポケモンカードゲーム ミュウツー,1,2026-09-25T22:30:08Z
ポケモンカードゲーム おまけカードセット 「GBソフト ポケモンカードGB2 -GR団参上!-」 同梱特典,https://www.suruga-ya.jp/product/detail/620022789,698000,,,ポケモンカードゲーム ミュウツー,1,2026-09-25T22:30:08Z
◇ポケモンカードゲーム ソード＆シールド スペシャルカードセット ミュウツーV-UNION V-UNIONコンプリートセット,,,,,ポケモンカードゲーム ミュウツー,0,2026-09-25T22:30:08Z
[単品] ミュウツー＆ミュウGX ジャンボカード(キラ) 「ポケモンカードゲーム サン＆ムーン スペシャルジャンボカードパック ミュウツー＆ミュウGX 劇場＆映画前売り券販売店舗限定」 同梱品,https://www.suruga-ya.jp/product/detail/620014975,2980,,,ポケモンカードゲーム ミュウツー,1,2026-09-25T22:30:08Z
[単品] ポケモンカードゲーム サン＆ムーン ミュウツーGX ジャンボカード 「スペシャルジャンボカードパック 名探偵ピカチュウ ミュウツーGX Ver.」 同梱品,,,,,ポケモンカードゲーム ミュウツー,0,2026-09-25T22:30:08Z
ミュウツーとの邂逅 ポケモンカードゲーム イラストストーリー 「ポケットモンスター」,https://www.suruga-ya.jp/product/detail/883073069,340,,,ポケモンカードゲーム ミュウツー,1,2026-09-25T22:30:08Z
128/103[SAR]：(キラ)ミュウツーex,,,,,ポケモンカードゲーム ミュウツー,0,2026-09-25T22:30:08Z
134/103[FUR]：(キラ)ミュウツーex,,,,,ポケモンカードゲーム ミュウツー,0,2026-09-25T22:30:08Z
055/103[RR]：(キラ)ミュウツーex,https://www.suruga-ya.jp/product/detail/GU880011,160,,,ポケモンカードゲーム ミュウツー,1,2026-09-25T22:30:08Z
237/193[SAR]：(キラ)ロケット団のミュウツーex,https://www.suruga-ya.jp/product/detail/GU519470,13800,,,ポケモンカードゲーム ミュウツー,1,2026-09-25T22:30:08Z
063/193[RR]：(キラ)ロケット団のミュウツーex,https://www.suruga-ya.jp/product/detail/GU519533,180,,,ポケモンカードゲーム ミュウツー,1,2026-09-25T22:30:08Z
125/098[SAR]：(キラ)ロケット団のミュウツーex,https://www.suruga-ya.jp/product/detail/GU166807,59800,,,ポケモンカードゲーム ミュウツー,1,2026-09-25T22:30:08Z
130/098[UR]：(キラ)ロケット団のミュウツーex,,,,,ポケモンカードゲーム ミュウツー,0,2026-09-25T22:30:08Z
114/098[SR]：(キラ)ロケット団のミュウツーex,https://www.suruga-ya.jp/product/detail/GU166815,3480,,,ポケモンカードゲーム ミュウツー,1,2026-09-25T22:30:08Z
001/020：(キラ)ミュウツーex,https://www.suruga-ya.jp/product/detail/GN169791,280,,,ポケモンカードゲーム ミュウツー,1,2026-09-25T22:30:08Z
039/098[RR]：(キラ)ロケット団のミュウツーex,,,,,ポケモンカードゲーム ミュウツー,0,2026-09-25T22:30:08Z
183/165[AR]：(キラ)ミュウツー,https://www.suruga-ya.jp/product/detail/GL945186,3480,,,ポケモンカードゲーム ミュウツー,1,2026-09-25T22:30:08Z
ポケモンカードゲーム スカーレット＆バイオレット 151 Ultra-Premium Collection -ポケモンカード151 ウルトラ・プレミアム コレクション- [英語版] 海外ポケモンセンター限定,https://www.suruga-ya.jp/product/detail/620023732,128000,,,ポケモンカードゲーム ポケモンカード151,1,2026-09-25T22:30:10Z
ポケモンカードゲーム スカーレット＆バイオレット ポケモンカード151カードファイルセット フシギバナ・リザードン・カメックス,,,,2200,ポケモンカードゲーム ポケモンカード151,0,2026-09-25T22:30:10Z
ポケモンカードゲーム スカーレット＆バイオレット ポケモンカード151カードファイルセット モンスターボール,,,,2200,ポケモンカードゲーム ポケモンカード151,0,2026-09-25T22:30:10Z
ポケモンカードゲーム コレクションファイルプレミアム 151 ポケモンセンター限定,,,,2420,ポケモンカードゲーム ポケモンカード151,0,2026-09-25T22:30:10Z
ポケモンカードゲーム デッキシールド(スリーブ) にたものどうし ヌオー＆ドオー ポケモンセンター限定,https://www.suruga-ya.jp/product/detail/604070151,1500,,889,ポケモンカードゲーム ポケモンカード151,1,2026-09-25T22:30:10Z
ポケモンカードゲーム 英語版 プレイマット＆バッグ キービジュアル World Championship 2024 Honolulu：WCS -ワールドチャンピオンシップ 2024 ホノルル-,https://www.suruga-ya.jp/product/detail/604064848,11000,,,ポケモンカードゲーム ポケモンカード151,1,2026-09-25T22:30:10Z
ポケモンカードゲーム 英語版 デッキシールド(スリーブ) ピカチュウ/白背景 World Championship 2025 Anaheim：WCS -ワールドチャンピオンシップ 2025 アナハイム-,,,,,ポケモンカードゲーム ポケモンカード151,0,2026-09-25T22:30:10Z
ポケモンカードゲーム デッキシールド(スリーブ) #GOGO!YELL!! したっぱ ポケモンセンター限定,https://www.suruga-ya.jp/product/detail/604038841,830,,792,ポケモンカードゲーム ポケモンカード151,1,2026-09-25T22:30:10Z
【パック】ポケモンカードゲーム スカーレット＆バイオレット 強化拡張パック ポケモンカード151,https://www.suruga-ya.jp/product/detail/620023021,1580,,290,ポケモンカードゲーム ポケモンカード151,1,2026-09-25T22:30:10Z
[単品] ミュウ プレイマット 「ポケモンカードゲーム スカーレット＆バイオレット 151 Ultra-Premium Collection -ポケモンカード151 ウルトラ・プレミアム コレクション- [英語版] 海外ポケモンセンター限定」 同梱品,,,,,ポケモンカードゲーム ポケモンカード151,0,2026-09-25T22:30:10Z
【BOX】ポケモンカードゲーム スカーレット＆バイオレット 強化拡張パック ポケモンカード151,https://www.suruga-ya.jp/product/detail/630023021,46800,,5808,ポケモンカードゲーム ポケモンカード151,1,2026-09-25T22:30:10Z
ポケモンカードゲーム デッキシールド(スリーブ) ピカチュウがいっぱい ポケモンセンター限定,https://www.suruga-ya.jp/product/detail/604015112,2600,,398,ポケモンカードゲーム ポケモンカード151,1,2026-09-25T22:30:10Z
ポケモンカードゲーム デッキシールド(スリーブ) サーナイト・ドレディア ポケモンセンター・他 限定,,,,398,ポケモンカードゲーム ポケモンカード151,0,2026-09-25T22:30:10Z
ポケモンカードゲーム 英語版 デッキシールド(スリーブ) Koraidon Slate -コライドン・スレート- 海外ポケモンセンター限定,,,,,ポケモンカードゲーム ポケモンカード151,0,2026-09-25T22:30:10Z
ポケモンカードゲーム 英語版 プレイマット Dondozo ＆ Tatsugiri Teamwork -ヘイラッシャ＆シャリタツ・チームワーク- 海外ポケモンセンター限定,,,,,ポケモンカードゲーム ポケモンカード151,0,2026-09-25T22:30:10Z
ポケモンカードゲーム 英語版 デッキシールド(スリーブ) Pokemon Center × Van Gogh Museum： Corviknight Inspired by Wheatfield with Crows -ポケモンセンター×ゴッホ美術館 アーマーガア・インスパイアド・バイ・ウィートフィールド・ウィズ・クロウズ- 海外ポケモンセンター限定,,,,,ポケモンカードゲーム ポケモンカード151,0,2026-09-25T22:30:10Z
[単品] カタログポスター(四つ折) 「ポケモンカードゲーム スカーレット＆バイオレット ポケモンカード151カードファイルセット」,https://www.suruga-ya.jp/product/detail/508900478,280,,,ポケモンカードゲーム ポケモンカード151,1,2026-09-25T22:30:10Z
ポケモンカードゲーム スペシャルジャンボカード サンダーとフリーザーとファイヤー 月刊コロコロコミック1997年10月号付録,https://www.suruga-ya.jp/product/detail/620015106,2980,,,ポケモンカードゲーム ポケモンカード151,1,2026-09-25T22:30:10Z
ポケモンカードゲーム デッキシールド(スリーブ) リザードン ポケモンセンター限定,,,,398,ポケモンカードゲーム ポケモンカード151,0,2026-09-25T22:30:10Z
ポケモンカードゲーム 英語版 デッキシールド(スリーブ) Slither Wing ＆ Iron Moth -チヲハウハネ＆テツノドクガ- 海外ポケモンセンター限定,https://www.suruga-ya.jp/product/detail/604065304,1100,,,ポケモンカードゲーム ポケモンカード151,1,2026-09-25T22:30:10Z
ポケモンカードゲーム 遊びかたDVD,https://www.suruga-ya.jp/product/detail/151117216,260,,,ポケモンカードゲーム ポケモンカード151,1,2026-09-25T22:30:10Z
ポケモンカードゲーム デッキシールド(スリーブ) プラズマ団 ポケモンセンター限定（内袋開封済み/スリーブ2枚欠品）,,6000,,398,ポケモンカードゲーム ポケモンカード151,1,2026-09-25T22:30:10Z
ポケモンカードゲーム 英語版 プレイマット Eevee ＆ Umbreon Twilight -イーブイ＆ブラッキー・トワイライト- 海外ポケモンセンター限定,https://www.suruga-ya.jp/product/detail/604063785,3300,,,ポケモンカードゲーム ポケモンカード151,1,2026-09-25T22:30:10Z
ポケモンカードゲーム レインボーアイランド 大空 サザンアイランド(カード3枚入り),https://www.suruga-ya.jp/product/detail/620005955,228000,,220,ポケモンカードゲーム ポケモンカード151,1,2026-09-25T22:30:10Z
ポケモンカードゲーム MEGA スターターセットex イーブイex,https://www.suruga-ya.jp/product/detail/620029344,2980,,1800,ポケモンカードゲーム イーブイ,1,2026-09-25T22:30:11Z
ポケモンカードゲーム ロングカードボックス イーブイ大集合,https://www.suruga-ya.jp/product/detail/604062614,540,,660,ポケモンカードゲーム イーブイ,1,2026-09-25T22:30:11Z
ポケモンカードゲーム ぬいぐるみカードマルチバンド イーブイ ポケモンセンター限定,https://www.suruga-ya.jp/product/detail/604070437,900,,880,ポケモンカードゲーム イーブイ,1,2026-09-25T22:30:11Z
ポケモンカードゲーム ダメカンケース イーブイ大集合,https://www.suruga-ya.jp/product/detail/604062615,310,,330,ポケモンカードゲーム イーブイ,1,2026-09-25T22:30:11Z
ポケモンカードゲーム キャリングケース イーブイ大集合,,,,1650,ポケモンカードゲーム イーブイ,0,2026-09-25T22:30:11Z
ポケモンカードゲーム デッキシールド(スリーブ) イーブイと進化 ポケモンセンター限定,,,,792,ポケモンカードゲーム イーブイ,0,2026-09-25T22:30:11Z
ポケモンカードゲーム ソード＆シールド Vスタートデッキ無色 イーブイ,https://www.suruga-ya.jp/product/detail/620015823,1580,,550,ポケモンカードゲーム イーブイ,1,2026-09-25T22:30:11Z
ポケモンカードゲーム ラバープレイマット イーブイと進化 ポケモンセンター限定,,,,2750,ポケモンカードゲーム イーブイ,0,2026-09-25T22:30:11Z
ポケモンカードゲーム デッキシールド(スリーブ) イーブイ ポンチョシリーズ LF ポケモンセンター限定,,,,791,ポケモンカードゲーム イーブイ,0,2026-09-25T22:30:11Z
ポケモンカードゲーム デッキシールド(スリーブ) イーブイ ポンチョシリーズ BS ポケモンセンター限定,,,,791,ポケモンカードゲーム イーブイ,0,2026-09-25T22:30:11Z
ポケモンカードゲーム コレクションリフィル ピカチュウ＆イーブイ ポケモンセンター限定,https://www.suruga-ya.jp/product/detail/604033977,2400,,658,ポケモンカードゲーム イーブイ,1,2026-09-25T22:30:11Z
ポケモンカードゲーム 英語版 デッキシールド(スリーブ) Eevee Prismatic -イーブイ・プリズマティック-(再販版) 海外ポケモンセンター限定,https://www.suruga-ya.jp/product/detail/604057360,1110,,,ポケモンカードゲーム イーブイ,1,2026-09-25T22:30:11Z
ポケモンカードゲーム 英語版 プレイマット Eevee Breakaway -イーブイ・ブレイクアウェイ- 海外ポケモンセンター限定,,,,,ポケモンカードゲーム イーブイ,0,2026-09-25T22:30:11Z
ポケモンカードゲーム デッキシールド(スリーブ) イーブイ ポンチョシリーズ NP ポケモンセンター限定,https://www.suruga-ya.jp/product/detail/604025798,15800,,791,ポケモンカードゲーム イーブイ,1,2026-09-25T22:30:11Z
ポケモンカードゲーム デッキシールド(スリーブ) イーブイ ポンチョシリーズ EF ポケモンセンター限定,https://www.suruga-ya.jp/product/detail/604025794,12000,,791,ポケモンカードゲーム イーブイ,1,2026-09-25T22:30:11Z
ポケモンカードゲーム 英語版 デッキシールド(スリーブ) Pokemon Center × Van Gogh Museum： Eevee Inspired by Self-Portrait with Straw Hat -ポケモンセンター×ゴッホ美術館 イーブイ・インスパイアド・バイ・セルフポートレート・ウィズ・ストロー・ハット- 海外ポケモンセンター限定,https://www.suruga-ya.jp/product/detail/604061522,5100,,,ポケモンカードゲーム イーブイ,1,2026-09-25T22:30:11Z
ポケモンカードゲーム デッキシールド(スリーブ) イーブイ・リーフィア・グレイシア ポケモンセンター限定,https://www.suruga-ya.jp/product/detail/604014756,1400,,398,ポケモンカードゲーム イーブイ,1,2026-09-25T22:30:11Z
ポケモンカードゲーム 英語版 プレイマット Eevee ＆ Umbreon Twilight -イーブイ＆ブラッキー・トワイライト- 海外ポケモンセンター限定,https://www.suruga-ya.jp/product/detail/604063785,3300,,,ポケモンカードゲーム イーブイ,1,2026-09-25T22:30:11Z
ポケモンカードゲーム 英語版 デッキシールド(スリーブ) Gigantamax Pikachu ＆ Gigantamax Eevee -ピカチュウ キョダイマックスのすがた＆イーブイ キョダイマックスのすがた- ポケモンセンター限定,,,,,ポケモンカードゲーム イーブイ,0,2026-09-25T22:30:11Z
ポケモンカードゲーム 英語版 デッキシールド(スリーブ) Eevee Pixel Collection! -イーブイ・ピクセル・コレクション!- ポケモンセンター限定,https://www.suruga-ya.jp/product/detail/604040237,4200,,,ポケモンカードゲーム イーブイ,1,2026-09-25T22:30:11Z
ポケモンカードゲーム デッキケース くっつきなかよしイーブイたち ポケモンセンター限定,,,,429,ポケモンカードゲーム イーブイ,0,2026-09-25T22:30:11Z
ポケモンカードゲーム デッキシールド(スリーブ) くっつきなかよしイーブイたち,https://www.suruga-ya.jp/product/detail/604028661,1780,,792,ポケモンカードゲーム イーブイ,1,2026-09-25T22:30:11Z
ポケモンカードゲーム コレクションファイル イーブイズ,,,,1980,ポケモンカードゲーム イーブイ,0,2026-09-25T22:30:11Z
ポケモンカードゲーム ラバープレイマット イーブイズ,,,,2970,ポケモンカードゲーム イーブイ,0,2026-09-25T22:30:11Z
