figure_id,source,source_url,name,series,character,manufacturer,category,release_date,scale,sculptor,height_cm,jan_code,image_url,offers,msrp_jpy,lowest_price_jpy,highest_price_jpy,in_stock_count,total_offers_count,fetched_at,confidence,sources_merged
62857,MyFigureList,https://myfigurelist.com/figure/62857/Dragon-Quest-VI-Maboroshi-no-Daichi-Battle-Rex-Metallic-Monsters-Gallery-Hacksaurus-Metallic-Monster-Gallery,Dragon Quest VI Maboroshi no Daichi - Battle Rex - Metallic Monsters Gallery - Hacksaurus - Metallic Monster Gallery,Dragon Quest VI: Maboroshi no Daichi,Battle Rex,Square Enix,Anime Figure,2023-10-01,,,5,4988601257961,https://cdn.myfigurelist.com/figure-images/031956bd-4ac0-3146-9c89-7295f7d63320/Dragon-Quest-VI-Maboroshi-no-Daichi-Battle-Rex-Metallic-Monsters-Gallery-Hacksaurus-Metallic-Monster-Gallery_a93b39aa-d8a6-3464-9bb1-d8cc04717625.jpg,"[{""shop_name"": ""Ninoma"", ""price_jpy"": 7372, ""availability"": ""InStock"", ""url"": ""https://ninoma.com/products/dragon-quest-metallic-monsters-gallery-hacksaurus?_pos=1&_sid=4649d2249&_ss=r"", ""condition"": ""NewCondition"", ""fetched_at"": ""2026-09-27T09:57:36.314844""}, {""shop_name"": ""Meccha Japan"", ""price_jpy"": 6195, ""availability"": ""InStock"", ""url"": ""https://meccha-japan.com/en/figures/115888-figure-hacksaurus-dragon-quest-metallic-monsters-gallery.html"", ""condition"": ""NewCondition"", ""fetched_at"": ""2026-09-27T09:57:36.314872""}, {""shop_name"": ""Hobby Search"", ""price_jpy"": 4125, ""availability"": ""OutOfStock"", ""url"": ""https://www.1999.co.jp/11006950"", ""condition"": ""NewCondition"", ""fetched_at"": ""2026-09-27T09:57:36.314878""}, {""shop_name"": ""Okini Land"", ""price_jpy"": 4875, ""availability"": ""OutOfStock"", ""url"": ""https://okini.land/en/58611-dragon-quest-metallic-monsters-gallery-hacksaurus-square-enix-4988601257961.html?id_currency=5"", ""condition"": ""NewCondition"", ""fetched_at"": ""2026-09-27T09:57:36.314883""}, {""shop_name"": ""Hobby Link Japan"", ""price_jpy"": 4500, ""availability"": ""OutOfStock"", ""url"": ""https://www.hlj.com/dragon-quest-metallic-monsters-gallery-battle-rex-reissue-enx25796-2"", ""condition"": ""NewCondition"", ""fetched_at"": ""2026-09-27T09:57:36.314888""}, {""shop_name"": ""Nin-Nin Game"", ""price_jpy"": 4091, ""availability"": ""OutOfStock"", ""url"": ""https://www.nin-nin-game.com/en/dragon-quest/141808-dragon-quest-metallic-monster-gallery-hacksaurus-reissue-square-enix-.html"", ""condition"": ""NewCondition"", ""fetched_at"": ""2026-09-27T09:57:36.314892""}, {""shop_name"": ""Ninoma"", ""price_jpy"": 7372, ""availability"": ""InStock"", ""url"": ""https://ninoma.com/products/dragon-quest-metallic-monsters-gallery-hacksaurus?_pos=1&_sid=4649d2249&_ss=r"", ""condition"": ""NewCondition"", ""fetched_at"": ""2026-09-27T09:59:51.116504""}, {""shop_name"": ""Meccha Japan"", ""price_jpy"": 6195, ""availability"": ""InStock"", ""url"": ""https://meccha-japan.com/en/figures/115888-figure-hacksaurus-dragon-quest-metallic-monsters-gallery.html"", ""condition"": ""NewCondition"", ""fetched_at"": ""2026-09-27T09:59:51.116567""}, {""shop_name"": ""Hobby Search"", ""price_jpy"": 4125, ""availability"": ""OutOfStock"", ""url"": ""https://www.1999.co.jp/11006950"", ""condition"": ""NewCondition"", ""fetched_at"": ""2026-09-27T09:59:51.116577""}, {""shop_name"": ""Okini Land"", ""price_jpy"": 4875, ""availability"": ""OutOfStock"", ""url"": ""https://okini.land/en/58611-dragon-quest-metallic-monsters-gallery-hacksaurus-square-enix-4988601257961.html?id_currency=5"", ""condition"": ""NewCondition"", ""fetched_at"": ""2026-09-27T09:59:51.116583""}, {""shop_name"": ""Hobby Link Japan"", ""price_jpy"": 4500, ""availability"": ""OutOfStock"", ""url"": ""https://www.hlj.com/dragon-quest-metallic-monsters-gallery-battle-rex-reissue-enx25796-2"", ""condition"": ""NewCondition"", ""fetched_at"": ""2026-09-27T09:59:51.116588""}, {""shop_name"": ""Nin-Nin Game"", ""price_jpy"": 4091, ""availability"": ""OutOfStock"", ""url"": ""https://www.nin-nin-game.com/en/dragon-quest/141808-dragon-quest-metallic-monster-gallery-hacksaurus-reissue-square-enix-.html"", ""condition"": ""NewCondition"", ""fetched_at"": ""2026-09-27T09:59:51.116593""}]",,6195,7372,2,6,2026-09-27T09:59:51.116610,0.95,"[""csv"", ""jsonl""]"
118119,MyFigureList,https://myfigurelist.com/figure/118119/Teddy-Bear-Wagoo-Beige,Teddy Bear Wagoo - Beige,,,Marusan,Anime Figure,2008-11-01,,,,118119,https://cdn.myfigurelist.com/figure-images/e3c56d9c-40a3-3592-8bea-5932da384203/Teddy-Bear-Wagoo-Beige_eaa2ab1e-b028-35a7-929b-303a83d2cf27.jpg,[],3500,3500,3500,0,0,2026-09-27T09:57:36.230022,0.95,"[""csv"", ""jsonl""]"
6525,MyFigureList,https://myfigurelist.com/figure/6525/Love-Live!-Eli-Ayase-Swimsuit-Ver-1-7-Complete-Figure,Love Live! - Eli Ayase Swimsuit Ver. 1/7 Complete Figure,Love Live!,Eli Ayase,Alter,Scale Figure,2016-03-01,1/7,Teruyuki,23,4560228204094,https://cdn.myfigurelist.com/figure-images/4560228204094/Love-Live!-Eli-Ayase-Swimsuit-Ver-1-7-Complete-Figure_55ad0e9a-2be7-44d5-9931-3eaa94c78589.jpg,"[{""shop_name"": ""Amiami"", ""price_jpy"": 12080, ""availability"": ""OutOfStock"", ""url"": ""https://www.amiami.com/eng/detail/?gcode=FIGURE-014410"", ""condition"": ""NewCondition"", ""fetched_at"": ""2026-09-27T09:57:36.161286""}, {""shop_name"": ""Hobby Link Japan"", ""price_jpy"": 11800, ""availability"": ""OutOfStock"", ""url"": ""https://www.hlj.com/1-7-scale-love-live-eli-ayase-swimsuit-pvc-alt20409"", ""condition"": ""NewCondition"", ""fetched_at"": ""2026-09-27T09:57:36.161310""}, {""shop_name"": ""Ninoma"", ""price_jpy"": 12370, ""availability"": ""InStock"", ""url"": ""https://www.ninoma.com/index.php/ayase-eli-1-7-love-live-school-idol-project-alter"", ""condition"": ""NewCondition"", ""fetched_at"": ""2026-09-27T09:57:36.161318""}, {""shop_name"": ""Hobby Search"", ""price_jpy"": 12331, ""availability"": ""OutOfStock"", ""url"": ""https://www.1999.co.jp/eng/search?typ1_c=101&cat=&state=&sold=0&sortid=6&searchkey=4560228204094"", ""condition"": ""NewCondition"", ""fetched_at"": ""2026-09-27T09:57:36.161323""}, {""shop_name"": ""Animota"", ""price_jpy"": 18903, ""availability"": ""InStock"", ""url"": ""https://animota.net/products/animota-e-fig5278"", ""condition"": ""NewCondition"", ""fetched_at"": ""2026-09-27T09:57:36.161362""}, {""shop_name"": ""Japan Figure"", ""price_jpy"": 19343, ""availability"": ""InStock"", ""url"": ""https://japan-figure.com/products/alter-love-live-eli-ayase-swimsuit-ver-1-7-scale-figure-alter"", ""condition"": ""NewCondition"", ""fetched_at"": ""2026-09-27T09:57:36.161370""}, {""shop_name"": ""Solaris Japan"", ""price_jpy"": 17201, ""availability"": ""InStock"", ""url"": ""https://solarisjapan.com/products/love-live-school-idol-project-ayase-eri-1-7-swimsuit-ver-alter?aff=1095"", ""condition"": ""NewCondition"", ""fetched_at"": ""2026-09-27T09:57:36.161377""}, {""shop_name"": ""Nin-Nin Game"", ""price_jpy"": 17935, ""availability"": ""InStock"", ""url"": ""https://www.nin-nin-game.com/en/love-live/16474-love-live-eli-ayase-swimsuit-ver-17-alter-en.html"", ""condition"": ""NewCondition"", ""fetched_at"": ""2026-09-27T09:57:36.161383""}, {""shop_name"": ""Amiami"", ""price_jpy"": 12080, ""availability"": ""OutOfStock"", ""url"": ""https://www.amiami.com/eng/detail/?gcode=FIGURE-014410"", ""condition"": ""NewCondition"", ""fetched_at"": ""2026-09-27T09:59:54.536848""}, {""shop_name"": ""Hobby Link Japan"", ""price_jpy"": 11800, ""availability"": ""OutOfStock"", ""url"": ""https://www.hlj.com/1-7-scale-love-live-eli-ayase-swimsuit-pvc-alt20409"", ""condition"": ""NewCondition"", ""fetched_at"": ""2026-09-27T09:59:54.536877""}, {""shop_name"": ""Ninoma"", ""price_jpy"": 12370, ""availability"": ""InStock"", ""url"": ""https://www.ninoma.com/index.php/ayase-eli-1-7-love-live-school-idol-project-alter"", ""condition"": ""NewCondition"", ""fetched_at"": ""2026-09-27T09:59:54.536883""}, {""shop_name"": ""Hobby Search"", ""price_jpy"": 12331, ""availability"": ""OutOfStock"", ""url"": ""https://www.1999.co.jp/eng/search?typ1_c=101&cat=&state=&sold=0&sortid=6&searchkey=4560228204094"", ""condition"": ""NewCondition"", ""fetched_at"": ""2026-09-27T09:59:54.536888""}, {""shop_name"": ""Animota"", ""price_jpy"": 18903, ""availability"": ""InStock"", ""url"": ""https://animota.net/products/animota-e-fig5278"", ""condition"": ""NewCondition"", ""fetched_at"": ""2026-09-27T09:59:54.536893""}, {""shop_name"": ""Japan Figure"", ""price_jpy"": 19343, ""availability"": ""InStock"", ""url"": ""https://japan-figure.com/products/alter-love-live-eli-ayase-swimsuit-ver-1-7-scale-figure-alter"", ""condition"": ""NewCondition"", ""fetched_at"": ""2026-09-27T09:59:54.536897""}, {""shop_name"": ""Solaris Japan"", ""price_jpy"": 17201, ""availability"": ""InStock"", ""url"": ""https://solarisjapan.com/products/love-live-school-idol-project-ayase-eri-1-7-swimsuit-ver-alter?aff=1095"", ""condition"": ""NewCondition"", ""fetched_at"": ""2026-09-27T09:59:54.536901""}, {""shop_name"": ""Nin-Nin Game"", ""price_jpy"": 17935, ""availability"": ""InStock"", ""url"": ""https://www.nin-nin-game.com/en/love-live/16474-love-live-eli-ayase-swimsuit-ver-17-alter-en.html"", ""condition"": ""NewCondition"", ""fetched_at"": ""2026-09-27T09:59:54.536905""}]",,12370,19343,5,8,2026-09-27T09:59:54.536924,1.0,"[""csv"", ""jsonl""]"
17638,MyFigureList,https://myfigurelist.com/figure/17638/KDcolle-SPY-ROOM-Light-Novel-Glint-Monika-KADOKAWA-Special-Set,KDcolle SPY ROOM Light Novel <<Glint>> Monika KADOKAWA Special Set,Spy Kyoushitsu,Monica McMillan,KADOKAWA,Scale Figure,2024-05-01,1/7,Fundoshi,22,4942330190913,https://cdn.myfigurelist.com/figure-images/4942330190913/KDcolle-SPY-ROOM-Light-Novel-Glint-Monika-KADOKAWA-Special-Set_582853f3-2e6e-4dac-84c5-2fffcf8af47a.jpg,"[{""shop_name"": ""Amiami"", ""price_jpy"": 28600, ""availability"": ""InStock"", ""url"": ""NOTFOUND"", ""condition"": ""NewCondition"", ""fetched_at"": ""2026-09-27T09:57:35.557028""}, {""shop_name"": ""Amiami"", ""price_jpy"": 28600, ""availability"": ""InStock"", ""url"": ""NOTFOUND"", ""condition"": ""NewCondition"", ""fetched_at"": ""2026-09-27T10:00:00.787291""}]",,28600,28600,1,1,2026-09-27T10:00:00.787337,1.0,"[""csv"", ""jsonl""]"
118116,MyFigureList,https://myfigurelist.com/figure/118116/Shin-Seiki-Evangelion-Ayanami-Rei-1-8-Yukata-Hakone-Ver,Shin Seiki Evangelion - Ayanami Rei - 1/8 - Yukata Hakone Ver.,Shin Seiki Evangelion,Rei Ayanami,Kotobukiya,Scale Figure,2011-03-01,1/8,,,118116,https://cdn.myfigurelist.com/figure-images/e570245b-23e6-3483-bada-0905997add85/Shin-Seiki-Evangelion-Ayanami-Rei-1-8-Yukata-Hakone-Ver_3c7bb8df-b4c5-3da4-803e-99e5c78d606b.jpg,[],6500,6500,6500,0,0,2026-09-27T09:59:54.126696,1.0,"[""csv"", ""jsonl""]"
118117,MyFigureList,https://myfigurelist.com/figure/118117/New-Game!-Takimoto-Hifumi,New Game! - Takimoto Hifumi,New Game!,Hifumi Takimoto,Okura Mokei,Anime Figure,2017-05-05,,Higosi,,118117,https://cdn.myfigurelist.com/figure-images/e4bab523-3b8a-355b-81d3-734c39a413b3/New-Game!-Takimoto-Hifumi_ce6b671b-57df-3a80-9984-3b0abfeea79c.jpg,[],5000,5000,5000,0,0,2026-09-27T09:59:48.146842,0.95,"[""csv"", ""jsonl""]"
125437,MyFigureList,https://myfigurelist.com/figure/125437/Sen-to-Chihiro-no-Kamikakushi-Kaonashi-Ogino-Chihiro-Dream-Tomica-Dream-Tomica-Studio-Ghibli-03,Sen to Chihiro no Kamikakushi - Kaonashi - Ogino Chihiro - Dream Tomica - Dream Tomica Studio Ghibli  (03),Sen to Chihiro no Kamikakushi,Kaonashi,Takara Tomy,Anime Figure,2022-11-19,,,8,4904810189916,https://cdn.myfigurelist.com/figure-images/ddd6e43b-fc1e-3836-b4a0-66a75572bc68/Sen-to-Chihiro-no-Kamikakushi-Kaonashi-Ogino-Chihiro-Dream-Tomica-Dream-Tomica-Studio-Ghibli-03_60e3ed55-05cf-335c-97c9-5ad5b3c4074f.jpg,"[{""shop_name"": ""Hobby Search"", ""price_jpy"": 1122, ""availability"": ""OutOfStock"", ""url"": ""https://www.1999.co.jp/10905601"", ""condition"": ""NewCondition"", ""fetched_at"": ""2026-09-27T09:57:39.073206""}, {""shop_name"": ""Japan Figure"", ""price_jpy"": 3007, ""availability"": ""InStock"", ""url"": ""https://japan-figure.com/products/takara-tomy-quot-tomica-dream-tomica-ghibli-full-03-spirited-away-umihara-electric-railway-quot-mini-car-toy-3-years-old-and-over-passed-toy-safety-standards-st-mark-certified-tomica-takara-tomy"", ""condition"": ""NewCondition"", ""fetched_at"": ""2026-09-27T09:57:39.073250""}, {""shop_name"": ""Hobby Link Japan"", ""price_jpy"": 1200, ""availability"": ""OutOfStock"", ""url"": ""https://www.hlj.com/dream-tomica-full-of-ghibli-03-spirited-away-unabara-electric-railway-tkt18991"", ""condition"": ""NewCondition"", ""fetched_at"": ""2026-09-27T09:57:39.073260""}, {""shop_name"": ""Nin-Nin Game"", ""price_jpy"": 2893, ""availability"": ""InStock"", ""url"": ""https://www.nin-nin-game.com/en/tomica/109183-dream-tomica-lots-of-ghibli-spirited-away-sea-railway-03-takara-tomy-.html"", ""condition"": ""NewCondition"", ""fetched_at"": ""2026-09-27T09:57:39.073265""}, {""shop_name"": ""Hobby Search"", ""price_jpy"": 1122, ""availability"": ""OutOfStock"", ""url"": ""https://www.1999.co.jp/10905601"", ""condition"": ""NewCondition"", ""fetched_at"": ""2026-09-27T10:00:00.165951""}, {""shop_name"": ""Japan Figure"", ""price_jpy"": 3007, ""availability"": ""InStock"", ""url"": ""https://japan-figure.com/products/takara-tomy-quot-tomica-dream-tomica-ghibli-full-03-spirited-away-umihara-electric-railway-quot-mini-car-toy-3-years-old-and-over-passed-toy-safety-standards-st-mark-certified-tomica-takara-tomy"", ""condition"": ""NewCondition"", ""fetched_at"": ""2026-09-27T10:00:00.165977""}, {""shop_name"": ""Hobby Link Japan"", ""price_jpy"": 1200, ""availability"": ""OutOfStock"", ""url"": ""https://www.hlj.com/dream-tomica-full-of-ghibli-03-spirited-away-unabara-electric-railway-tkt18991"", ""condition"": ""NewCondition"", ""fetched_at"": ""2026-09-27T10:00:00.165983""}, {""shop_name"": ""Nin-Nin Game"", ""price_jpy"": 2893, ""availability"": ""InStock"", ""url"": ""https://www.nin-nin-game.com/en/tomica/109183-dream-tomica-lots-of-ghibli-spirited-away-sea-railway-03-takara-tomy-.html"", ""condition"": ""NewCondition"", ""fetched_at"": ""2026-09-27T10:00:00.165988""}]",,2893,3007,2,4,2026-09-27T10:00:00.166002,0.95,"[""csv"", ""jsonl""]"
97914,MyFigureList,https://myfigurelist.com/figure/97914/Blue-Archive-Sorasaki-Hina-1-7,Blue Archive - Sorasaki Hina - 1/7,Blue Archive,Hina Sorasaki,ArtisES,Scale Figure,2025-07-28,1/7,EspenXi,17,97914,https://cdn.myfigurelist.com/figure-images/942200aa-0568-3926-a180-a2b96a36c6c3/Blue-Archive-Sorasaki-Hina-1-7_e4ac69df-ec1e-3eda-9b9f-fe1b28a55f93.jpg,[],19091,19091,19091,0,0,2026-09-27T09:59:51.430568,1.0,"[""csv"", ""jsonl""]"
29088,MyFigureList,https://myfigurelist.com/figure/29088/Monogatari-Series-Shinobu-Oshino-TRICK-OR-TREAT-1-7-Complete-Figure,Monogatari Series Shinobu Oshino: TRICK OR TREAT 1/7 Complete Figure,Monogatari,Shinobu Oshino,Good Smile Arts Shanghai,Scale Figure,2026-03-01,1/7,Chen Tian,25,4580590202429,https://cdn.myfigurelist.com/figure-images/4580590202429/Monogatari-Series-Shinobu-Oshino-TRICK-OR-TREAT-1-7-Complete-Figure_14d2eea1-ea14-4d38-9a01-a46b5253efca.jpg,"[{""shop_name"": ""Figuya"", ""price_jpy"": 42159, ""availability"": ""InStock"", ""url"": ""https://figuya.com/en/products/shinobu-oshino-trick-or-treat-good-smile-company-92370-en"", ""condition"": ""NewCondition"", ""fetched_at"": ""2026-09-27T09:57:41.563998""}, {""shop_name"": ""Plaza Japan"", ""price_jpy"": 36119, ""availability"": ""InStock"", ""url"": ""https://www.plazajapan.com/4580590202429/"", ""condition"": ""NewCondition"", ""fetched_at"": ""2026-09-27T09:57:41.564021""}, {""shop_name"": ""Crunchyroll"", ""price_jpy"": 46004, ""availability"": ""InStock"", ""url"": ""https://store.crunchyroll.com/products/monogatari-shinobu-oshino-17-scale-figure-trick-or-treat-ver-4580590202429.html"", ""condition"": ""NewCondition"", ""fetched_at"": ""2026-09-27T09:57:41.564053""}, {""shop_name"": ""Amiami"", ""price_jpy"": 23500, ""availability"": ""InStock"", ""url"": ""NOTFOUND"", ""condition"": ""NewCondition"", ""fetched_at"": ""2026-09-27T09:57:41.564064""}, {""shop_name"": ""Okini Land"", ""price_jpy"": 27751, ""availability"": ""OutOfStock"", ""url"": ""https://okini.land/en/89402-monogatari-series-oshino-shinobu-trick-or-treat-good-smile-arts-shanghai-4580590202429.html?id_currency=5"", ""condition"": ""NewCondition"", ""fetched_at"": ""2026-09-27T09:57:41.564069""}, {""shop_name"": ""Hobby Link Japan"", ""price_jpy"": 21364, ""availability"": ""OutOfStock"", ""url"": ""https://www.hlj.com/1-7-scale-monogatari-series-shinobu-oshino-trick-or-treat-gsc20242"", ""condition"": ""NewCondition"", ""fetched_at"": ""2026-09-27T09:57:41.564074""}, {""shop_name"": ""Meccha Japan"", ""price_jpy"": 34891, ""availability"": ""InStock"", ""url"": ""https://meccha-japan.com/en/figures/159692-figure-shinobu-oshino-trick-or-treat-ver-monogatari.html"", ""condition"": ""NewCondition"", ""fetched_at"": ""2026-09-27T09:57:41.564079""}, {""shop_name"": ""Hobby Search"", ""price_jpy"": 23500, ""availability"": ""OutOfStock"", ""url"": ""https://www.1999.co.jp/11209017"", ""condition"": ""NewCondition"", ""fetched_at"": ""2026-09-27T09:57:41.564083""}, {""shop_name"": ""Animota"", ""price_jpy"": 28770, ""availability"": ""InStock"", ""url"": ""https://animota.net/en-eu/products/animota-e-pre9279"", ""condition"": ""NewCondition"", ""fetched_at"": ""2026-09-27T09:57:41.564087""}, {""shop_name"": ""Japan Figure"", ""price_jpy"": 31018, ""availability"": ""InStock"", ""url"": ""https://japan-figure.com/products/good-smile-company-1-7-scale-shinobu-oshino-pre-painted-figure-monogatari-series"", ""condition"": ""NewCondition"", ""fetched_at"": ""2026-09-27T09:57:41.564092""}, {""shop_name"": ""Solaris Japan"", ""price_jpy"": 32666, ""availability"": ""InStock"", ""url"": ""https://solarisjapan.com/products/monogatari-series-oshino-shinobu-1-7-trick-or-treat-good-smile-arts-shanghai-good-smile-company?aff=1095"", ""condition"": ""NewCondition"", ""fetched_at"": ""2026-09-27T09:57:41.564108""}, {""shop_name"": ""Nin-Nin Game"", ""price_jpy"": 34278, ""availability"": ""InStock"", ""url"": ""https://www.nin-nin-game.com/en/monogatari-series-/181169-monogatari-series-shinobu-oshino-trick-or-treat-17-good-smile-arts-shanghai-.html"", ""condition"": ""NewCondition"", ""fetched_at"": ""2026-09-27T09:57:41.564115""}, {""shop_name"": ""Hobby Genki"", ""price_jpy"": 22325, ""availability"": ""InStock"", ""url"": ""https://hobby-genki.com/en/good-smile-company/53798-shinobu-oshino-trick-or-treat-monogatari-series-17-scale-figure-4580590202429.html"", ""condition"": ""NewCondition"", ""fetched_at"": ""2026-09-27T09:57:41.564119""}, {""shop_name"": ""Figuya"", ""price_jpy"": 42159, ""availability"": ""InStock"", ""url"": ""https://figuya.com/en/products/shinobu-oshino-trick-or-treat-good-smile-company-92370-en"", ""condition"": ""NewCondition"", ""fetched_at"": ""2026-09-27T09:59:54.757465""}, {""shop_name"": ""Plaza Japan"", ""price_jpy"": 36119, ""availability"": ""InStock"", ""url"": ""https://www.plazajapan.com/4580590202429/"", ""condition"": ""NewCondition"", ""fetched_at"": ""2026-09-27T09:59:54.757497""}, {""shop_name"": ""Crunchyroll"", ""price_jpy"": 46004, ""availability"": ""InStock"", ""url"": ""https://store.crunchyroll.com/products/monogatari-shinobu-oshino-17-scale-figure-trick-or-treat-ver-4580590202429.html"", ""condition"": ""NewCondition"", ""fetched_at"": ""2026-09-27T09:59:54.757504""}, {""shop_name"": ""Amiami"", ""price_jpy"": 23500, ""availability"": ""InStock"", ""url"": ""NOTFOUND"", ""condition"": ""NewCondition"", ""fetched_at"": ""2026-09-27T09:59:54.757509""}, {""shop_name"": ""Okini Land"", ""price_jpy"": 27751, ""availability"": ""OutOfStock"", ""url"": ""https://okini.land/en/89402-monogatari-series-oshino-shinobu-trick-or-treat-good-smile-arts-shanghai-4580590202429.html?id_currency=5"", ""condition"": ""NewCondition"", ""fetched_at"": ""2026-09-27T09:59:54.757520""}, {""shop_name"": ""Hobby Link Japan"", ""price_jpy"": 21364, ""availability"": ""OutOfStock"", ""url"": ""https://www.hlj.com/1-7-scale-monogatari-series-shinobu-oshino-trick-or-treat-gsc20242"", ""condition"": ""NewCondition"", ""fetched_at"": ""2026-09-27T09:59:54.757536""}, {""shop_name"": ""Meccha Japan"", ""price_jpy"": 34891, ""availability"": ""InStock"", ""url"": ""https://meccha-japan.com/en/figures/159692-figure-shinobu-oshino-trick-or-treat-ver-monogatari.html"", ""condition"": ""NewCondition"", ""fetched_at"": ""2026-09-27T09:59:54.757542""}, {""shop_name"": ""Hobby Search"", ""price_jpy"": 23500, ""availability"": ""OutOfStock"", ""url"": ""https://www.1999.co.jp/11209017"", ""condition"": ""NewCondition"", ""fetched_at"": ""2026-09-27T09:59:54.757546""}, {""shop_name"": ""Animota"", ""price_jpy"": 28770, ""availability"": ""InStock"", ""url"": ""https://animota.net/en-eu/products/animota-e-pre9279"", ""condition"": ""NewCondition"", ""fetched_at"": ""2026-09-27T09:59:54.757557""}, {""shop_name"": ""Japan Figure"", ""price_jpy"": 31018, ""availability"": ""InStock"", ""url"": ""https://japan-figure.com/products/good-smile-company-1-7-scale-shinobu-oshino-pre-painted-figure-monogatari-series"", ""condition"": ""NewCondition"", ""fetched_at"": ""2026-09-27T09:59:54.757564""}, {""shop_name"": ""Solaris Japan"", ""price_jpy"": 32666, ""availability"": ""InStock"", ""url"": ""https://solarisjapan.com/products/monogatari-series-oshino-shinobu-1-7-trick-or-treat-good-smile-arts-shanghai-good-smile-company?aff=1095"", ""condition"": ""NewCondition"", ""fetched_at"": ""2026-09-27T09:59:54.757568""}, {""shop_name"": ""Nin-Nin Game"", ""price_jpy"": 34278, ""availability"": ""InStock"", ""url"": ""https://www.nin-nin-game.com/en/monogatari-series-/181169-monogatari-series-shinobu-oshino-trick-or-treat-17-good-smile-arts-shanghai-.html"", ""condition"": ""NewCondition"", ""fetched_at"": ""2026-09-27T09:59:54.757572""}, {""shop_name"": ""Hobby Genki"", ""price_jpy"": 22325, ""availability"": ""InStock"", ""url"": ""https://hobby-genki.com/en/good-smile-company/53798-shinobu-oshino-trick-or-treat-monogatari-series-17-scale-figure-4580590202429.html"", ""condition"": ""NewCondition"", ""fetched_at"": ""2026-09-27T09:59:54.757576""}]",,22325,46004,10,13,2026-09-27T09:59:54.757593,1.0,"[""csv"", ""jsonl""]"
99507,MyFigureList,https://myfigurelist.com/figure/99507/KimiKiss-Futami-Eriko-1-6,KimiKiss - Futami Eriko - 1/6,KimiKiss,Eriko Futami,Paradise Cafe,Scale Figure,2007-11-25,1/6,,,99507,https://cdn.myfigurelist.com/figure-images/9b51bf96-f52f-38a5-a529-ccc5b962227d/KimiKiss-Futami-Eriko-1-6_31c5989b-5eca-353e-bd45-99d2df373be8.jpg,[],10000,10000,10000,0,0,2026-09-27T09:59:57.114699,1.0,"[""csv"", ""jsonl""]"
55279,MyFigureList,https://myfigurelist.com/figure/55279/Choujigen-Game-Neptune-The-Animation-Purple-Heart-CharaGumin-1-8,Choujigen Game Neptune: The Animation - Purple Heart - CharaGumin - 1/8,Choujigen Game Neptune: The Animation,Neptune Purple Heart,Volks,Scale Figure,2015-12-20,1/8,Zoukei-mura,24,55279,https://cdn.myfigurelist.com/figure-images/9425567d-9860-366c-a09b-b861f27b1030/Choujigen-Game-Neptune-The-Animation-Purple-Heart-CharaGumin-1-8_11eaefdb-dead-370f-8f38-5cb70c5e04fc.jpg,[],16000,16000,16000,0,0,2026-09-27T09:59:51.624679,1.0,"[""csv"", ""jsonl""]"
125436,MyFigureList,https://myfigurelist.com/figure/125436/Shin-Seiki-Evangelion-Sahaquiel-Angel-XX,Shin Seiki Evangelion - Sahaquiel - Angel XX,Shin Seiki Evangelion,Sahaquiel,WAVE,Anime Figure,2007-04-01,,OWL,14,4943209560127,https://cdn.myfigurelist.com/figure-images/ddd93f36-6357-31f7-83b5-af9652be59dd/Shin-Seiki-Evangelion-Sahaquiel-Angel-XX_cfb4e855-d346-38fd-b412-26f81d55fcb4.jpg,"[{""shop_name"": ""Hobby Link Japan"", ""price_jpy"": 2356, ""availability"": ""OutOfStock"", ""url"": ""https://www.hlj.com/a-10-sahaqiel-xx-wavcc-12"", ""condition"": ""NewCondition"", ""fetched_at"": ""2026-09-27T09:57:42.006239""}, {""shop_name"": ""Hobby Link Japan"", ""price_jpy"": 2356, ""availability"": ""OutOfStock"", ""url"": ""https://www.hlj.com/a-10-sahaqiel-xx-wavcc-12"", ""condition"": ""NewCondition"", ""fetched_at"": ""2026-09-27T10:00:00.363462""}]",,,,0,1,2026-09-27T10:00:00.363506,0.95,"[""csv"", ""jsonl""]"
64933,MyFigureList,https://myfigurelist.com/figure/64933/Boku-no-Hero-Academia-Bakugo-Katsuki-Amusement-Ichiban-Kuji-Boku-no-Hero-Academia-Dioramatic-Bakugou-Katsuki-D-Prize-Dioramatic-Ichiban-Kuji-The-Tones,Boku no Hero Academia - Bakugo Katsuki - Amusement Ichiban Kuji Boku no Hero Academia Dioramatic Bakugou Katsuki  (D Prize) - Dioramatic - Ichiban Kuji - The Tones,Boku no Hero Academia,Katsuki Bakugo,BANDAI SPIRITS,Anime Figure,2022-09-24,,Ren,20,64933,https://cdn.myfigurelist.com/figure-images/0baa3209-b4df-37a1-9c90-8283ce9c440c/Boku-no-Hero-Academia-Bakugo-Katsuki-Amusement-Ichiban-Kuji-Boku-no-Hero-Academia-Dioramatic-Bakugou-Katsuki-D-Prize-Dioramatic-Ichiban-Kuji-The-Tones_dc0faf3a-e9ec-3223-b7a9-e1447d9a8795.jpg,[],4545,4545,4545,0,0,2026-09-27T10:00:00.556095,0.95,"[""csv"", ""jsonl""]"
118118,MyFigureList,https://myfigurelist.com/figure/118118/Kumo-Desu-ga-Nani-ka-Kumoko,"Kumo Desu ga, Nani ka? - Kumoko","Kumo desu ga, Nani ka?",Shiraori Wakaba,SAGA Studio,Anime Figure,2024-07-28,,,,118118,https://cdn.myfigurelist.com/figure-images/e4286361-dfa4-3343-aa09-97aded64d207/Kumo-Desu-ga-Nani-ka-Kumoko_758a9678-73db-3808-bfba-041345665594.jpg,[],6500,6500,6500,0,0,2026-09-27T09:59:57.380222,0.95,"[""csv"", ""jsonl""]"
72979,MyFigureList,https://myfigurelist.com/figure/72979/SSSSDynazenon-Goldburn-The-Gattai,SSSS.Dynazenon - Goldburn - The Gattai,SSSS.Dynazenon,Goldburn,,Anime Figure,2021-11-01,,Astrays,,4580590124783,https://cdn.myfigurelist.com/figure-images/2c31067e-2778-34e0-a6e8-56b14ed51ce8/SSSSDynazenon-Goldburn-The-Gattai_a205d84f-388d-3cac-9c6b-e2b2bdb8ed05.jpg,[],8000,8000,8000,0,0,2026-09-27T09:59:57.302158,0.95,"[""csv"", ""jsonl""]"
51544,MyFigureList,https://myfigurelist.com/figure/51544/Arknights-Mudrock,Arknights - Mudrock,Arknights,Mudrock,Wei Ka Miao Yu,Scale Figure,2023-10-02,Non-Scale,Jia Bai Mao Ai Mo Yu,23,51544,https://cdn.myfigurelist.com/figure-images/af8f0fdf-915e-3268-b29f-e52f1fca2676/Arknights-Mudrock_843840ec-e7da-3a75-b823-8e872c1c3cdb.jpg,[],20302,20302,20302,0,0,2026-09-27T09:59:54.343405,1.0,"[""csv"", ""jsonl""]"
13011,MyFigureList,https://myfigurelist.com/figure/13011/Ultra-Detail-Figure-No565-UDF-Link-Breath-of-the-Wild-Ver-The-Legend-of-Zelda,"Ultra Detail Figure No.565 UDF Link (Breath of the Wild Ver.) ""The Legend of Zelda""",Zelda no Densetsu,Link,Medicom Toy,Scale Figure,2021-03-01,Non-Scale,PERFECT-STUDIO,,4530956155654,https://cdn.myfigurelist.com/figure-images/4530956155654/Ultra-Detail-Figure-No565-UDF-Link-Breath-of-the-Wild-Ver-The-Legend-of-Zelda_cb255075-18a8-473a-95fe-2df7a3c10a31.jpg,"[{""shop_name"": ""Figuya"", ""price_jpy"": 3059, ""availability"": ""OutOfStock"", ""url"": ""https://figuya.com/en/products/link-breath-of-the-wild-ver-legend-of-zelda-udf-mini-figure-medicom-toy-20870-en"", ""condition"": ""NewCondition"", ""fetched_at"": ""2026-09-27T10:01:48.680602""}, {""shop_name"": ""Plaza Japan"", ""price_jpy"": 1165, ""availability"": ""OutOfStock"", ""url"": ""https://www.plazajapan.com/4530956155654/"", ""condition"": ""NewCondition"", ""fetched_at"": ""2026-09-27T10:01:48.680637""}, {""shop_name"": ""Amiami"", ""price_jpy"": 1120, ""availability"": ""OutOfStock"", ""url"": ""https://www.amiami.com/eng/detail/?gcode=FIGURE-057472"", ""condition"": ""NewCondition"", ""fetched_at"": ""2026-09-27T10:01:48.680644""}, {""shop_name"": ""Okini Land"", ""price_jpy"": 1118, ""availability"": ""OutOfStock"", ""url"": ""https://okini.land/en/20088-udf-link-breath-of-the-wild-ver-medicom-toy.html"", ""condition"": ""NewCondition"", ""fetched_at"": ""2026-09-27T10:01:48.680649""}, {""shop_name"": ""Hobby Link Japan"", ""price_jpy"": 960, ""availability"": ""OutOfStock"", ""url"": ""https://www.hlj.com/udf-link-breath-of-the-wild-ver-medudf-565"", ""condition"": ""NewCondition"", ""fetched_at"": ""2026-09-27T10:01:48.680654""}, {""shop_name"": ""Ninoma"", ""price_jpy"": 1852, ""availability"": ""OutOfStock"", ""url"": ""https://ninoma.com/products/udf-nintendo-series-4-the-legend-of-zelda-breath-of-the-wild-link-breath-of-the-wild-ver?_pos=1&_sid=74026210e&_ss=r"", ""condition"": ""NewCondition"", ""fetched_at"": ""2026-09-27T10:01:48.680659""}, {""shop_name"": ""Lunar Toy Store"", ""price_jpy"": 1976, ""availability"": ""OutOfStock"", ""url"": ""https://www.lunartoystore.com/catalogsearch/result/?q=4530956155654"", ""condition"": ""NewCondition"", ""fetched_at"": ""2026-09-27T10:01:48.680664""}, {""shop_name"": ""Hobby Search"", ""price_jpy"": 1056, ""availability"": ""OutOfStock"", ""url"": ""https://www.1999.co.jp/eng/search?typ1_c=101&cat=&state=&sold=0&sortid=6&searchkey=4530956155654"", ""condition"": ""NewCondition"", ""fetched_at"": ""2026-09-27T10:01:48.680668""}, {""shop_name"": ""Animota"", ""price_jpy"": 5130, ""availability"": ""OutOfStock"", ""url"": ""https://animota.net/products/animota-e-fig950"", ""condition"": ""NewCondition"", ""fetched_at"": ""2026-09-27T10:01:48.680672""}, {""shop_name"": ""Nin-Nin Game"", ""price_jpy"": 1858, ""availability"": ""OutOfStock"", ""url"": ""https://www.nin-nin-game.com/en/udf/36494-udf-link-the-legend-of-zelda-breath-of-the-wild-ver-udf-.html"", ""condition"": ""NewCondition"", ""fetched_at"": ""2026-09-27T10:01:48.680677""}]",,,,0,10,2026-09-27T10:01:48.680702,1.0,"[""jsonl""]"
117725,MyFigureList,https://myfigurelist.com/figure/117725/Goddess-of-Victory-Nikke-Scarlet-Black-Shadow-Longing-Flower,Goddess of Victory: Nikke - Scarlet - Black Shadow Longing Flower,Goddess of Victory: Nikke,Scarlet,K2b,Anime Figure,2026-02-08,,K2b,,117725,https://cdn.myfigurelist.com/figure-images/e543582b-ebfd-383b-9989-f83cb09b1429/Goddess-of-Victory-Nikke-Scarlet-Black-Shadow-Longing-Flower_4c57d65b-1f2e-3db6-b440-197624b43261.jpg,[],25000,,,0,0,2026-09-27T10:01:51.937184,1.0,"[""jsonl""]"
19234,MyFigureList,https://myfigurelist.com/figure/19234/Nendoroid-Blue-Archive-Takanashi-Hoshino,Nendoroid Blue Archive Takanashi Hoshino,Blue Archive,Hoshino Wakaba,Good Smile Company,Scale Figure,2024-10-01,Non-Scale,,,4580590193390,https://cdn.myfigurelist.com/figure-images/4580590193390/Nendoroid-Blue-Archive-Takanashi-Hoshino_e50647e6-5d61-4555-a287-eaf2170ef946.jpg,"[{""shop_name"": ""Plaza Japan"", ""price_jpy"": 9581, ""availability"": ""InStock"", ""url"": ""https://www.plazajapan.com/4580590193390/"", ""condition"": ""NewCondition"", ""fetched_at"": ""2026-09-27T10:01:51.821733""}, {""shop_name"": ""Amiami"", ""price_jpy"": 7480, ""availability"": ""InStock"", ""url"": ""NOTFOUND"", ""condition"": ""NewCondition"", ""fetched_at"": ""2026-09-27T10:01:51.821787""}, {""shop_name"": ""Okini Land"", ""price_jpy"": 8585, ""availability"": ""OutOfStock"", ""url"": ""https://okini.land/en/71782-nendoroid-takanashi-hoshino-good-smile-company-4580590193390.html?id_currency=5"", ""condition"": ""NewCondition"", ""fetched_at"": ""2026-09-27T10:01:51.821797""}, {""shop_name"": ""Hobby Link Japan"", ""price_jpy"": 6000, ""availability"": ""OutOfStock"", ""url"": ""https://www.hlj.com/nendoroid-hoshino-takanashi-blue-archive-gsc19339"", ""condition"": ""NewCondition"", ""fetched_at"": ""2026-09-27T10:01:51.821802""}, {""shop_name"": ""Ninoma"", ""price_jpy"": 10958, ""availability"": ""InStock"", ""url"": ""NOTFOUND"", ""condition"": ""NewCondition"", ""fetched_at"": ""2026-09-27T10:01:51.821806""}, {""shop_name"": ""Meccha Japan"", ""price_jpy"": 10013, ""availability"": ""OutOfStock"", ""url"": ""https://meccha-japan.com/en/chibi-style/134656-nendoroid-hoshino-takanashi-blue-archive.html"", ""condition"": ""NewCondition"", ""fetched_at"": ""2026-09-27T10:01:51.821821""}, {""shop_name"": ""Lunar Toy Store"", ""price_jpy"": 15310, ""availability"": ""OutOfStock"", ""url"": ""https://www.lunartoystore.com/sp-exodia-the-forbidden-one-pop-up-parade"", ""condition"": ""NewCondition"", ""fetched_at"": ""2026-09-27T10:01:51.821832""}, {""shop_name"": ""Hobby Search"", ""price_jpy"": 5963, ""availability"": ""OutOfStock"", ""url"": ""https://www.1999.co.jp/eng/11083720"", ""condition"": ""NewCondition"", ""fetched_at"": ""2026-09-27T10:01:51.821837""}, {""shop_name"": ""Animota"", ""price_jpy"": 13428, ""availability"": ""InStock"", ""url"": ""https://animota.net/en-eu/products/animota-e-pre5059"", ""condition"": ""NewCondition"", ""fetched_at"": ""2026-09-27T10:01:51.821841""}, {""shop_name"": ""Japan Figure"", ""price_jpy"": 9631, ""availability"": ""InStock"", ""url"": ""https://japan-figure.com/products/good-smile-company-blue-archive-takanashi-hoshino-nendoroid-2461-collectible"", ""condition"": ""NewCondition"", ""fetched_at"": ""2026-09-27T10:01:51.821846""}, {""shop_name"": ""Solaris Japan"", ""price_jpy"": 8726, ""availability"": ""InStock"", ""url"": ""https://solarisjapan.com/products/blue-archive-takanashi-hoshino-nendoroid-2461-good-smile-company?aff=1095"", ""condition"": ""NewCondition"", ""fetched_at"": ""2026-09-27T10:01:51.821850""}, {""shop_name"": ""Hobby Genki"", ""price_jpy"": 5544, ""availability"": ""OutOfStock"", ""url"": ""https://hobby-genki.com/fr/nendoroid/33123-nendoroid-hoshino-takanashi-blue-archive-figure-4580590193390.html"", ""condition"": ""NewCondition"", ""fetched_at"": ""2026-09-27T10:01:51.821854""}]",,7480,13428,6,12,2026-09-27T10:01:51.822120,1.0,"[""jsonl""]"
44598,MyFigureList,https://myfigurelist.com/figure/44598/Bishoujo-Senshi-Sailor-Moon-R-Black-Lady-1-6,Bishoujo Senshi Sailor Moon R - Black Lady - 1/6,Bishoujo Senshi Sailor Moon,Black Lady,B-CLUB,Scale Figure,1994-01-01,1/6,Miyagawa Takeshi,,44598,https://cdn.myfigurelist.com/figure-images/b05c582f-d069-3acc-a7a0-cf63b9ed2505/Bishoujo-Senshi-Sailor-Moon-R-Black-Lady-1-6_5e36000e-a58f-31e5-80ff-0b381575aa43.jpg,[],13500,,,0,0,2026-09-27T10:01:51.492727,1.0,"[""jsonl""]"
94020,MyFigureList,https://myfigurelist.com/figure/94020/Kantai-Collection-KanColle-Shimakaze,Kantai Collection ~KanColle~ - Shimakaze,Kantai Collection,Shimakaze,Polygonoise,Anime Figure,2016-02-06,,,,94020,https://cdn.myfigurelist.com/figure-images/84a0481f-c3f4-30d1-a490-980dcb94148b/Kantai-Collection-KanColle-Shimakaze_a657aca0-ec25-3ccf-b288-ef67ad584510.jpg,[],10000,,,0,0,2026-09-27T10:01:51.612396,1.0,"[""jsonl""]"
50359,MyFigureList,https://myfigurelist.com/figure/50359/Metal-Gear-Solid-4-Guns-of-the-Patriots-Metal-Gear-Ray-1-48,Metal Gear Solid 4: Guns of the Patriots - Metal Gear Ray - 1/48,Metal Gear,Ray MetalGear,,Scale Figure,2014-09-22,1/48,,,4582191968902,https://cdn.myfigurelist.com/figure-images/11cfcf36-cd70-35bd-861f-57cae636e70d/Metal-Gear-Solid-4-Guns-of-the-Patriots-Metal-Gear-Ray-1-48_11c65a97-defa-3a0e-858f-29a0f7651b25.jpg,"[{""shop_name"": ""Hobby Link Japan"", ""price_jpy"": 46111, ""availability"": ""OutOfStock"", ""url"": ""https://www.hlj.com/1-48-scale-metal-gear-solid-2-sons-of-liberty-1-48-ray-tha96890"", ""condition"": ""NewCondition"", ""fetched_at"": ""2026-09-27T10:01:52.086009""}, {""shop_name"": ""Hobby Search"", ""price_jpy"": 45648, ""availability"": ""OutOfStock"", ""url"": ""https://www.1999.co.jp/10257357"", ""condition"": ""NewCondition"", ""fetched_at"": ""2026-09-27T10:01:52.086033""}]",,,,0,2,2026-09-27T10:01:52.086053,1.0,"[""jsonl""]"
3736,MyFigureList,https://myfigurelist.com/figure/3736/Nendoroid-Touhou-Project-Yuyuko-Saigyouji-NicoNico-Chokuhan-Animate-Gamers-Toranoana-Exclusive,"Nendoroid - Touhou Project: Yuyuko Saigyouji [NicoNico Chokuhan, Animate, Gamers, Toranoana Exclusive]",Touhou Project,Yuyuko Saigyouji,Good Smile Company,Scale Figure,2011-06-01,Non-Scale,JUN,,4582191967509,https://cdn.myfigurelist.com/figure-images/4582191967509/Nendoroid-Touhou-Project-Yuyuko-Saigyouji-NicoNico-Chokuhan-Animate-Gamers-Toranoana-Exclusive_cce71369-bf5f-41af-a19f-638b2634f9f1.jpg,"[{""shop_name"": ""Amiami"", ""price_jpy"": 6480, ""availability"": ""InStock"", ""url"": ""https://www.amiami.com/eng/detail/?gcode=FIG-MOE-02789-R"", ""condition"": ""NewCondition"", ""fetched_at"": ""2026-09-27T10:01:55.297948""}, {""shop_name"": ""Okini Land"", ""price_jpy"": 6600, ""availability"": ""InStock"", ""url"": ""https://okini.land/en/14214-nendoroid-yuyuko-saigyouji-good-smile-company-4582191967509.html"", ""condition"": ""NewCondition"", ""fetched_at"": ""2026-09-27T10:01:55.298036""}, {""shop_name"": ""Solaris Japan"", ""price_jpy"": 9356, ""availability"": ""InStock"", ""url"": ""https://solarisjapan.com/products/touhou-project-saigyouji-yuyuko-nendoroid-148?aff=1095"", ""condition"": ""NewCondition"", ""fetched_at"": ""2026-09-27T10:01:55.298071""}, {""shop_name"": ""Nin-Nin Game"", ""price_jpy"": 11775, ""availability"": ""InStock"", ""url"": ""https://www.nin-nin-game.com/en/nendoroid/4539-touhou-project-saigyouji-yuyuko-nendoroid-148-.html"", ""condition"": ""NewCondition"", ""fetched_at"": ""2026-09-27T10:01:55.298085""}]",,6480,11775,4,4,2026-09-27T10:01:55.298108,1.0,"[""jsonl""]"
11337,MyFigureList,https://myfigurelist.com/figure/11337/Figuarts-ZERO-Shin-Kingdom,"Figuarts ZERO - Shin ""Kingdom""",Kingdom,Shin,Bandai,Scale Figure,2014-08-01,Non-Scale,,,4543112901460,https://cdn.myfigurelist.com/figure-images/4543112901460/Figuarts-ZERO-Shin-Kingdom_c0f27a97-87b0-4cbf-813e-d7172dfe792f.jpg,"[{""shop_name"": ""Ninoma"", ""price_jpy"": 5620, ""availability"": ""InStock"", ""url"": ""https://ninoma.com/products/shin-figuarts-zero-kingdom?_pos=1&_sid=c99a42a45&_ss=r"", ""condition"": ""NewCondition"", ""fetched_at"": ""2026-09-27T10:01:55.012096""}, {""shop_name"": ""Hobby Search"", ""price_jpy"": 2992, ""availability"": ""OutOfStock"", ""url"": ""https://www.1999.co.jp/eng/search?typ1_c=101&cat=&state=&sold=0&sortid=6&searchkey=4543112901460"", ""condition"": ""NewCondition"", ""fetched_at"": ""2026-09-27T10:01:55.012119""}, {""shop_name"": ""Amiami"", ""price_jpy"": 2530, ""availability"": ""OutOfStock"", ""url"": ""https://www.amiami.com/eng/detail/?gcode=FIGURE-005730"", ""condition"": ""NewCondition"", ""fetched_at"": ""2026-09-27T10:01:55.012124""}, {""shop_name"": ""Animota"", ""price_jpy"": 7703, ""availability"": ""InStock"", ""url"": ""https://animota.net/products/animota-e-fig4599"", ""condition"": ""NewCondition"", ""fetched_at"": ""2026-09-27T10:01:55.012128""}, {""shop_name"": ""Japan Figure"", ""price_jpy"": 5032, ""availability"": ""InStock"", ""url"": ""https://japan-figure.com/products/figuarts-zero-kingdom-shin-pvc-figure-bandai-tamashii-nations-bandai"", ""condition"": ""NewCondition"", ""fetched_at"": ""2026-09-27T10:01:55.012132""}, {""shop_name"": ""Hobby Link Japan"", ""price_jpy"": 2720, ""availability"": ""OutOfStock"", ""url"": ""https://www.hlj.com/figuarts-zero-shin-ban990146"", ""condition"": ""NewCondition"", ""fetched_at"": ""2026-09-27T10:01:55.012136""}, {""shop_name"": ""Solaris Japan"", ""price_jpy"": 6027, ""availability"": ""InStock"", ""url"": ""https://solarisjapan.com/products/kingdom-xin-li-figuarts-zero-bandai?aff=1095"", ""condition"": ""NewCondition"", ""fetched_at"": ""2026-09-27T10:01:55.012140""}, {""shop_name"": ""Nin-Nin Game"", ""price_jpy"": 6141, ""availability"": ""InStock"", ""url"": ""https://www.nin-nin-game.com/en/figuarts-zero/10908--kingdom-shin-figuarts-zero-en.html"", ""condition"": ""NewCondition"", ""fetched_at"": ""2026-09-27T10:01:55.012144""}]",,5032,7703,5,8,2026-09-27T10:01:55.012160,1.0,"[""jsonl""]"
12918,MyFigureList,https://myfigurelist.com/figure/12918/ARTFX-J-THE-IDOLMSTER-SideM-Shiki-Iseya-1-8-Complete-Figure,ARTFX J - THE IDOLM@STER SideM: Shiki Iseya 1/8 Complete Figure,THE iDOLM@STER,Shiki Iseya,Kotobukiya,Scale Figure,2018-07-01,1/8,Oage,,4934054784943,https://cdn.myfigurelist.com/figure-images/4934054784943/ARTFX-J-THE-IDOLMSTER-SideM-Shiki-Iseya-1-8-Complete-Figure_9e3e2ede-1295-4ff7-b3dc-46973725d9be.jpg,"[{""shop_name"": ""Lunar Toy Store"", ""price_jpy"": 18254, ""availability"": ""OutOfStock"", ""url"": ""https://www.lunartoystore.com/4934054784943"", ""condition"": ""NewCondition"", ""fetched_at"": ""2026-09-27T10:01:54.703062""}, {""shop_name"": ""Hobby Search"", ""price_jpy"": 11033, ""availability"": ""OutOfStock"", ""url"": ""https://www.1999.co.jp/eng/10506941"", ""condition"": ""NewCondition"", ""fetched_at"": ""2026-09-27T10:01:54.703093""}, {""shop_name"": ""Amiami"", ""price_jpy"": 10700, ""availability"": ""OutOfStock"", ""url"": ""https://www.amiami.com/eng/detail/?gcode=FIGURE-035560"", ""condition"": ""NewCondition"", ""fetched_at"": ""2026-09-27T10:01:54.703101""}, {""shop_name"": ""Animota"", ""price_jpy"": 16340, ""availability"": ""InStock"", ""url"": ""https://animota.net/products/animota-e-fig6143"", ""condition"": ""NewCondition"", ""fetched_at"": ""2026-09-27T10:01:54.703105""}, {""shop_name"": ""Hobby Link Japan"", ""price_jpy"": 11210, ""availability"": ""OutOfStock"", ""url"": ""https://www.hlj.com/1-8-scale-the-idolmaster-sidem-artfx-j-shiki-iseya-pvc-kbypp-719"", ""condition"": ""NewCondition"", ""fetched_at"": ""2026-09-27T10:01:54.703110""}, {""shop_name"": ""Solaris Japan"", ""price_jpy"": 12699, ""availability"": ""InStock"", ""url"": ""https://solarisjapan.com/products/the-idolm-ster-sidem-iseya-shiki-1-8-kotobukiya?aff=1095"", ""condition"": ""NewCondition"", ""fetched_at"": ""2026-09-27T10:01:54.703114""}, {""shop_name"": ""Nin-Nin Game"", ""price_jpy"": 18689, ""availability"": ""InStock"", ""url"": ""https://www.nin-nin-game.com/en/kotobukiya/25585-the-idolmster-sidem-shiki-iseya-artfx-j-.html"", ""condition"": ""NewCondition"", ""fetched_at"": ""2026-09-27T10:01:54.703118""}]",,12699,18689,3,7,2026-09-27T10:01:54.703141,1.0,"[""jsonl""]"
114774,MyFigureList,https://myfigurelist.com/figure/114774/Full-Metal-Panic!-Teletha-Testarossa,Full Metal Panic! - Teletha Testarossa,Full Metal Panic!,Teletha Testarossa,Atelier Sai,Anime Figure,2005-02-23,,,,114774,https://cdn.myfigurelist.com/figure-images/d7c800d9-522e-3cd8-ac46-63f30d69c2c2/Full-Metal-Panic!-Teletha-Testarossa_4b8f9d62-1a38-35a6-a0cb-828e5118d586.jpg,[],12000,,,0,0,2026-09-27T10:01:55.141744,1.0,"[""jsonl""]"
76389,MyFigureList,https://myfigurelist.com/figure/76389/Touhou-Project-Nagae-Iku,Touhou Project - Nagae Iku,Touhou Project,Iku Nagae,Tsundoku Koubou,Anime Figure,2010-02-01,,Tenken Z,,76389,https://cdn.myfigurelist.com/figure-images/3cb749ee-6db6-3af7-93e3-7866205cb87a/Touhou-Project-Nagae-Iku_65ddc7d3-fc46-31d6-b8de-4255a020602d.jpg,[],5000,,,0,0,2026-09-27T10:01:54.535775,1.0,"[""jsonl""]"
123676,MyFigureList,https://myfigurelist.com/figure/123676/Kaizoku-Sentai-Gokaiger-DX-Gokai-Machine-Series-03-Gao-Lion,Kaizoku Sentai Gokaiger - DX - Gokai Machine Series - 03 - Gao Lion,Kaizoku Sentai Gokaiger,,Bandai,Anime Figure,2011-04-16,,,,4543112650290,https://cdn.myfigurelist.com/figure-images/848702c7-0afe-3ec1-9a9d-b643de66de6b/Kaizoku-Sentai-Gokaiger-DX-Gokai-Machine-Series-03-Gao-Lion_6c087ead-3ed3-3282-8b20-c0cc928cc590.jpg,"[{""shop_name"": ""Hobby Search"", ""price_jpy"": 4207, ""availability"": ""OutOfStock"", ""url"": ""https://www.1999.co.jp/10144102"", ""condition"": ""NewCondition"", ""fetched_at"": ""2026-09-27T10:01:57.987251""}, {""shop_name"": ""Hobby Link Japan"", ""price_jpy"": 3600, ""availability"": ""OutOfStock"", ""url"": ""https://www.hlj.com/gohkai-machine-03-gaolion-ban965029"", ""condition"": ""NewCondition"", ""fetched_at"": ""2026-09-27T10:01:57.987275""}]",,,,0,2,2026-09-27T10:01:57.987292,1.0,"[""jsonl""]"
8097,MyFigureList,https://myfigurelist.com/figure/8097/ToHeart2-Sasara-Kusugawa-Gym-Class-Pool-Arc-1-6-Complete-Figure,ToHeart2 - Sasara Kusugawa Gym Class (Pool Arc) 1/6 Complete Figure,ToHeart2,Sasara Kusugawa,Beat,Scale Figure,2014-06-01,1/6,Kazushi Kawasaki,,4546431106370,https://cdn.myfigurelist.com/figure-images/4546431106370/ToHeart2-Sasara-Kusugawa-Gym-Class-Pool-Arc-1-6-Complete-Figure_31b9982f-a4f2-4bbb-adbf-377c08de8965.jpg,"[{""shop_name"": ""Hobby Search"", ""price_jpy"": 8228, ""availability"": ""OutOfStock"", ""url"": ""https://www.1999.co.jp/eng/10264394"", ""condition"": ""NewCondition"", ""fetched_at"": ""2026-09-27T10:01:57.897893""}, {""shop_name"": ""Amiami"", ""price_jpy"": 7280, ""availability"": ""OutOfStock"", ""url"": ""https://www.amiami.com/eng/detail/?gcode=FIGURE-004942"", ""condition"": ""NewCondition"", ""fetched_at"": ""2026-09-27T10:01:57.897960""}, {""shop_name"": ""Hobby Link Japan"", ""price_jpy"": 7920, ""availability"": ""OutOfStock"", ""url"": ""https://www.hlj.com/1-6-scale-to-heart-2-sasara-kusugawa-physical-education-class-bet10637"", ""condition"": ""NewCondition"", ""fetched_at"": ""2026-09-27T10:01:57.898043""}, {""shop_name"": ""Solaris Japan"", ""price_jpy"": 25506, ""availability"": ""InStock"", ""url"": ""https://solarisjapan.com/products/to-heart-2-kusugawa-sasara-1-6-swimsuit-ver-beat?aff=1095"", ""condition"": ""NewCondition"", ""fetched_at"": ""2026-09-27T10:01:57.898060""}]",,25506,25506,1,4,2026-09-27T10:01:57.898084,1.0,"[""jsonl""]"
66734,MyFigureList,https://myfigurelist.com/figure/66734/Code-Geass-Hangyaku-no-Lelouch-CC-Special-Color-Ver,Code Geass - Hangyaku no Lelouch - C.C. - Special Color Ver.,Code Geass - Hangyaku no Lelouch,C.C.,Banpresto,Anime Figure,2009-07-01,,,,66734,https://cdn.myfigurelist.com/figure-images/12ef14ff-61af-35ed-b882-563909a83719/Code-Geass-Hangyaku-no-Lelouch-CC-Special-Color-Ver_c6228734-fde2-3d38-a917-fa9e2c2d2e9b.jpg,[],1450,,,0,0,2026-09-27T10:01:57.729553,1.0,"[""jsonl""]"
118693,MyFigureList,https://myfigurelist.com/figure/118693/Onii-chan-wa-Oshimai!-Murosaki-Miyo-1-9-Bunny,Onii-chan wa Oshimai! - Murosaki Miyo - 1/9 - Bunny,Onii-chan wa Oshimai!,Miyo Murosaki,Matsumari,Scale Figure,2025-02-09,1/9,Matsumari Makoto,,118693,https://cdn.myfigurelist.com/figure-images/ea14b33e-3069-348e-8fdc-c4a0f10a72e7/Onii-chan-wa-Oshimai!-Murosaki-Miyo-1-9-Bunny_495d2464-1b14-33f9-a614-29fc7068310f.jpg,[],9000,,,0,0,2026-09-27T10:01:57.501108,1.0,"[""jsonl""]"
11522,MyFigureList,https://myfigurelist.com/figure/11522/Silent-Mobius-Kiddie-Phenyl-Swimsuit-Jacket-ver-1-7-Complete-Figure,Silent Mobius - Kiddie Phenyl -Swimsuit Jacket ver.- 1/7 Complete Figure,Silent Möbius,Kiddie Phenyl,Grand Toys,Scale Figure,2017-07-01,1/7,TEAM GENESIS,,4582221158266,https://cdn.myfigurelist.com/figure-images/4582221158266/Silent-Mobius-Kiddie-Phenyl-Swimsuit-Jacket-ver-1-7-Complete-Figure_45a64485-8f3d-4fbb-b8d2-849b5901894f.jpg,"[{""shop_name"": ""Figuya"", ""price_jpy"": 23744, ""availability"": ""OutOfStock"", ""url"": ""https://figuya.com/en/products/kiddy-phenil-grand-toys-griffon"", ""condition"": ""NewCondition"", ""fetched_at"": ""2026-09-27T10:02:01.399652""}, {""shop_name"": ""Hobby Search"", ""price_jpy"": 10285, ""availability"": ""OutOfStock"", ""url"": ""https://www.1999.co.jp/eng/10461557"", ""condition"": ""NewCondition"", ""fetched_at"": ""2026-09-27T10:02:01.399681""}, {""shop_name"": ""Amiami"", ""price_jpy"": 10070, ""availability"": ""OutOfStock"", ""url"": ""https://www.amiami.com/eng/detail/?gcode=FIGURE-029513"", ""condition"": ""NewCondition"", ""fetched_at"": ""2026-09-27T10:02:01.399687""}, {""shop_name"": ""Japan Figure"", ""price_jpy"": 13422, ""availability"": ""InStock"", ""url"": ""https://japan-figure.com/products/grand-toys-silent-mobius-kiddie-phenyl-swimsuit-jacket-ver-1-7-scale-figure-grand-toys"", ""condition"": ""NewCondition"", ""fetched_at"": ""2026-09-27T10:02:01.399691""}, {""shop_name"": ""Hobby Link Japan"", ""price_jpy"": 12753, ""availability"": ""OutOfStock"", ""url"": ""https://www.hlj.com/1-7-scale-silent-mobius-kiddy-phenil-swimwear-jacket-ver-pvc-grf15826"", ""condition"": ""NewCondition"", ""fetched_at"": ""2026-09-27T10:02:01.399696""}, {""shop_name"": ""Solaris Japan"", ""price_jpy"": 15575, ""availability"": ""InStock"", ""url"": ""https://solarisjapan.com/products/silent-mobius-kiddy-phenil-grand-toys-1-7?aff=1095"", ""condition"": ""NewCondition"", ""fetched_at"": ""2026-09-27T10:02:01.399712""}]",,13422,15575,2,6,2026-09-27T10:02:01.399736,1.0,"[""jsonl""]"
61489,MyFigureList,https://myfigurelist.com/figure/61489/Cyberpunk-2077-Figure-Lucy-David,Cyberpunk 2077 Figure (Lucy & David),Cyberpunk: Edgerunners,David Martinez,Youtooz,Scale Figure,2026-06-01,Non-Scale,,,4571617954803,https://cdn.myfigurelist.com/figure-images/4364370b-d933-4fcf-83a3-54efd8ad435e/Cyberpunk-2077-Figure-Lucy-David_cc00af85-048f-495f-9455-d914236ae1b4.jpg,"[{""shop_name"": ""Amiami"", ""price_jpy"": 7420, ""availability"": ""InStock"", ""url"": ""https://www.amiami.com/eng/detail/?gcode=FIGURE-197991"", ""condition"": ""NewCondition"", ""fetched_at"": ""2026-09-27T10:02:01.263427""}]",,7420,7420,1,1,2026-09-27T10:02:01.263464,1.0,"[""jsonl""]"
52465,MyFigureList,https://myfigurelist.com/figure/52465/Mascot-Character-Ludens-Figma-EX-044b-Black-Ver,Mascot Character - Ludens - Figma  (EX-044b) - Black Ver.,Mascot Character,Ludens,Max Factory,Scale Figure,2020-10-03,Non-Scale,Asai (APSY) Masaki,,52465,https://cdn.myfigurelist.com/figure-images/b03e2721-1cd5-349d-975f-d0394b357794/Mascot-Character-Ludens-Figma-EX-044b-Black-Ver_c8913fc8-03ff-3fdd-b4eb-150a62c7a296.jpg,"[{""shop_name"": ""Good Smile Online Shop"", ""price_jpy"": 12222, ""availability"": ""InStock"", ""url"": ""https://www.goodsmile.com/en/product/7832/figma+Ludens+Black+ver."", ""condition"": ""NewCondition"", ""fetched_at"": ""2026-09-27T10:02:00.546353""}]",,12222,12222,1,1,2026-09-27T10:02:00.546393,1.0,"[""jsonl""]"
41438,MyFigureList,https://myfigurelist.com/figure/41438/Naruto-Shippuuden-Hyuuga-Hinata-X-tra-1-10,Naruto Shippuuden - Hyuuga Hinata - X-tra - 1/10,Naruto,Hinata Hyuuga,Tsume,Scale Figure,2017-06-01,1/10,,,41438,https://cdn.myfigurelist.com/figure-images/94ebf860-bf3b-3ad0-a461-209a857e1a88/Naruto-Shippuuden-Hyuuga-Hinata-X-tra-1-10_fd097412-3b15-3028-b489-286f44efe647.jpg,"[{""shop_name"": ""InsiderJoy"", ""price_jpy"": 13367, ""availability"": ""InStock"", ""url"": ""https://insiderjoy.com/products/naruto-shippuuden-hyuuga-hinata-x-tra-1-10-tsume"", ""condition"": ""NewCondition"", ""fetched_at"": ""2026-09-27T10:02:01.135323""}]",,13367,13367,1,1,2026-09-27T10:02:01.135390,1.0,"[""jsonl""]"
106215,MyFigureList,https://myfigurelist.com/figure/106215/Wuthering-Waves-Augusta-1-7-Complete-Figure,Wuthering Waves Augusta 1/7 Complete Figure,Wuthering Waves,Augusta,Hobby sakura,Anime Figure,2027-05-01,,,,6979272330860,https://cdn.myfigurelist.com/figure-images/b5c9f9a7-90c6-4066-93fe-1f10781e6227/Wuthering-Waves-Augusta-1-7-Complete-Figure_ee2ee691-d291-38d5-8c1a-cef1342bcdc7.jpg,"[{""shop_name"": ""Amiami"", ""price_jpy"": 27220, ""availability"": ""PreOrder"", ""url"": ""NOTFOUND"", ""condition"": ""NewCondition"", ""fetched_at"": ""2026-09-27T10:02:01.553422""}, {""shop_name"": ""Meccha Japan"", ""price_jpy"": 27973, ""availability"": ""PreOrder"", ""url"": ""https://meccha-japan.com/en/figures/183132-figure-augusta-wuthering-waves.html"", ""condition"": ""NewCondition"", ""fetched_at"": ""2026-09-27T10:02:01.553448""}, {""shop_name"": ""Hobby Search"", ""price_jpy"": 28737, ""availability"": ""PreOrder"", ""url"": ""https://www.1999.co.jp/11428034"", ""condition"": ""NewCondition"", ""fetched_at"": ""2026-09-27T10:02:01.553454""}, {""shop_name"": ""Animota"", ""price_jpy"": 43124, ""availability"": ""PreOrder"", ""url"": ""https://animota.net/en-eu/products/animota-e-pre10951"", ""condition"": ""NewCondition"", ""fetched_at"": ""2026-09-27T10:02:01.553458""}, {""shop_name"": ""Japan Figure"", ""price_jpy"": 45358, ""availability"": ""PreOrder"", ""url"": ""https://japan-figure.com/products/hobby-sakura-wuthering-waves-augusta-1-7-scale-figure"", ""condition"": ""NewCondition"", ""fetched_at"": ""2026-09-27T10:02:01.553462""}, {""shop_name"": ""Solaris Japan"", ""price_jpy"": 42589, ""availability"": ""PreOrder"", ""url"": ""https://solarisjapan.com/products/wuthering-waves-augusta-1-7-hobby-sakura?aff=1095"", ""condition"": ""NewCondition"", ""fetched_at"": ""2026-09-27T10:02:01.553475""}, {""shop_name"": ""Nin-Nin Game"", ""price_jpy"": 29330, ""availability"": ""PreOrder"", ""url"": ""https://www.nin-nin-game.com/en/japanese-import-hobbies-toys-game-character/246212-wuthering-waves-augusta-17-with-bonus-hobby-sakura-.html"", ""condition"": ""NewCondition"", ""fetched_at"": ""2026-09-27T10:02:01.553485""}]",,,,0,7,2026-09-27T10:02:01.553503,1.0,"[""jsonl""]"
93401,MyFigureList,https://myfigurelist.com/figure/93401/Kamen-Rider-Amazons-Season-2-Kamen-Rider-Amazon-Neo-SHFiguarts,Kamen Rider Amazons Season 2 - Kamen Rider Amazon Neo - S.H.Figuarts,Kamen Rider Amazon,Kamen Rider Amazon Neo,Bandai,Anime Figure,2017-10-28,,,,4549660175759,https://cdn.myfigurelist.com/figure-images/822cf740-6243-34ea-b087-9f6dd30cd217/Kamen-Rider-Amazons-Season-2-Kamen-Rider-Amazon-Neo-SHFiguarts_cf0d8f16-9992-3600-adf1-b873e863fbf3.jpg,"[{""shop_name"": ""Amiami"", ""price_jpy"": 4450, ""availability"": ""OutOfStock"", ""url"": ""NOTFOUND"", ""condition"": ""NewCondition"", ""fetched_at"": ""2026-09-27T10:02:03.542409""}, {""shop_name"": ""Hobby Link Japan"", ""price_jpy"": 4675, ""availability"": ""OutOfStock"", ""url"": ""https://www.hlj.com/s-h-figuarts-kamen-rider-amazon-neo-bann17575"", ""condition"": ""NewCondition"", ""fetched_at"": ""2026-09-27T10:02:03.542440""}, {""shop_name"": ""Ninoma"", ""price_jpy"": 11051, ""availability"": ""InStock"", ""url"": ""https://ninoma.com/products/kamen-rider-amazon-neo-s-h-figuarts-kamen-rider-amazons-season-2-bandai?_pos=1&_sid=fffd9a555&_ss=r"", ""condition"": ""NewCondition"", ""fetched_at"": ""2026-09-27T10:02:03.542447""}, {""shop_name"": ""Hobby Search"", ""price_jpy"": 5142, ""availability"": ""OutOfStock"", ""url"": ""https://www.1999.co.jp/10469939"", ""condition"": ""NewCondition"", ""fetched_at"": ""2026-09-27T10:02:03.542452""}, {""shop_name"": ""Japan Figure"", ""price_jpy"": 11446, ""availability"": ""InStock"", ""url"": ""https://japan-figure.com/products/s-h-figuarts-masked-kamen-rider-amazon-neo-action-figure-bandai-bandai"", ""condition"": ""NewCondition"", ""fetched_at"": ""2026-09-27T10:02:03.542456""}, {""shop_name"": ""Solaris Japan"", ""price_jpy"": 10398, ""availability"": ""InStock"", ""url"": ""https://solarisjapan.com/products/kamen-rider-amazons-season-2-kamen-rider-amazon-neo-s-h-figuarts-bandai?aff=1095"", ""condition"": ""NewCondition"", ""fetched_at"": ""2026-09-27T10:02:03.542461""}, {""shop_name"": ""Nin-Nin Game"", ""price_jpy"": 16570, ""availability"": ""InStock"", ""url"": ""https://www.nin-nin-game.com/en/kamen-rider/23879-kamen-rider-amazon-neo-sh-figuarts-.html"", ""condition"": ""NewCondition"", ""fetched_at"": ""2026-09-27T10:02:03.542465""}]",,10398,16570,4,7,2026-09-27T10:02:03.542483,1.0,"[""jsonl""]"
107023,MyFigureList,https://myfigurelist.com/figure/107023/Fate-Grand-Order-Minamoto-no-Raikou-1-7-Yari,Fate/Grand Order - Minamoto no Raikou - 1/7 - Yari,Fate/Grand Order,Minamoto no Raikou,Gekkakoubou,Scale Figure,2018-02-18,1/7,,,107023,https://cdn.myfigurelist.com/figure-images/b964e3bb-9714-3b11-81ca-f110d0497049/Fate-Grand-Order-Minamoto-no-Raikou-1-7-Yari_0033760f-5e66-34fb-bdfe-6bf0099112bf.jpg,[],13000,,,0,0,2026-09-27T10:02:03.914963,1.0,"[""jsonl""]"
117623,MyFigureList,https://myfigurelist.com/figure/117623/Fushigi-na-Melmo-Melmo-Adult-Ver,Fushigi na Melmo - Melmo - Adult Ver.,Fushigi na Melmo,Melmo,Organic,Anime Figure,2009-03-01,,Kobayashi Makoto,,117623,https://cdn.myfigurelist.com/figure-images/e52bb689-1166-342a-8f41-4b7ef8e3bba1/Fushigi-na-Melmo-Melmo-Adult-Ver_d207a4c9-3b57-3635-90c3-2c8e08b184d2.jpg,[],7350,,,0,0,2026-09-27T10:02:03.809078,1.0,"[""jsonl""]"
5897,MyFigureList,https://myfigurelist.com/figure/5897/Sengoku-Otome-Ieyasu-Tokugawa-1-6-Complete-Figure,Sengoku Otome - Ieyasu Tokugawa 1/6 Complete Figure,Sengoku Otome,Ieyasu Tokugawa,Seven Two,Scale Figure,2013-03-01,1/6,,,4560344362296,https://cdn.myfigurelist.com/figure-images/4560344362296/Sengoku-Otome-Ieyasu-Tokugawa-1-6-Complete-Figure_1a8b1730-ea2c-4303-867e-d48a9ea0f726.jpg,"[{""shop_name"": ""Solaris Japan"", ""price_jpy"": 7838, ""availability"": ""InStock"", ""url"": ""https://solarisjapan.com/products/sengoku-otome-ieyasu-tokugawa-1-7?aff=1095"", ""condition"": ""UsedCondition"", ""fetched_at"": ""2026-09-27T10:02:03.667700""}]",,7838,7838,1,1,2026-09-27T10:02:03.667741,1.0,"[""jsonl""]"
125490,MyFigureList,https://myfigurelist.com/figure/125490/Uchuu-Senkan-Yamato-2202-Ai-no-Senshi-tachi-Cosmo-Zero-Variable-Action-Hi-Spec-Cosmo-Zero-1,Uchuu Senkan Yamato 2202: Ai no Senshi-tachi - Cosmo Zero - Variable Action Hi-Spec - Cosmo Zero  α 1,Uchuu Senkan Yamato,Cosmo Zero,MegaHouse,Anime Figure,2017-09-01,,,,4535123823466,https://cdn.myfigurelist.com/figure-images/e3d12920-fad4-3a91-8d57-73300d6ae64c/Uchuu-Senkan-Yamato-2202-Ai-no-Senshi-tachi-Cosmo-Zero-Variable-Action-Hi-Spec-Cosmo-Zero-1_15f19be3-7798-3b27-aed7-3438dd029a68.jpg,"[{""shop_name"": ""Solaris Japan"", ""price_jpy"": 44535, ""availability"": ""InStock"", ""url"": ""https://solarisjapan.com/products/uchuu-senkan-yamato-2202-ai-no-senshi-tachi-cosmo-zero-variable-action-hi-spec-cosmo-zero-1-megahouse?aff=1095"", ""condition"": ""UsedCondition"", ""fetched_at"": ""2026-09-27T10:02:07.196481""}]",,44535,44535,1,1,2026-09-27T10:02:07.196527,1.0,"[""jsonl""]"
86153,MyFigureList,https://myfigurelist.com/figure/86153/To-Aru-Majutsu-no-Index-Misaka-Imouto,To Aru Majutsu no Index - Misaka Imouto,To Aru Majutsu no Index,Misaka Imouto,Mie's Laboratory,Anime Figure,2010-07-01,,Mie,,86153,https://cdn.myfigurelist.com/figure-images/64e26b59-3670-3a9d-9131-ea86b19caa3e/To-Aru-Majutsu-no-Index-Misaka-Imouto_9106088c-d38e-3a67-b45a-c9198f86c313.jpg,[],5000,,,0,0,2026-09-27T10:02:06.887211,1.0,"[""jsonl""]"
94507,MyFigureList,https://myfigurelist.com/figure/94507/Mashin-Eiyuuden-Wataru-Ryuuoumaru-Robot-Spirits-Robot-Spirits-ltSide-MASHINgt-30th-Anniversary-Special-Edition,Mashin Eiyuuden Wataru - Ryuuoumaru - Robot Spirits - Robot Spirits &lt;Side MASHIN&gt; - 30th Anniversary Special Edition,Mashin Eiyuuden Wataru,Ryuuoumaru,BANDAI SPIRITS,Anime Figure,2018-11-23,,,,4573102550071,https://cdn.myfigurelist.com/figure-images/86b864b6-a1c6-39ba-8b9c-697b88d72787/Mashin-Eiyuuden-Wataru-Ryuuoumaru-Robot-Spirits-Robot-Spirits-ltSide-MASHINgt-30th-Anniversary-Special-Edition_b4fb1636-40d9-34c6-9373-e89082e49b53.jpg,"[{""shop_name"": ""Amiami"", ""price_jpy"": 7776, ""availability"": ""OutOfStock"", ""url"": ""NOTFOUND"", ""condition"": ""NewCondition"", ""fetched_at"": ""2026-09-27T10:02:06.553765""}, {""shop_name"": ""Hobby Link Japan"", ""price_jpy"": 7200, ""availability"": ""OutOfStock"", ""url"": ""https://www.hlj.com/robot-damashii-side-mashin-ryuomaru-30th-anniversary-special-edition-bans55007"", ""condition"": ""NewCondition"", ""fetched_at"": ""2026-09-27T10:02:06.553793""}, {""shop_name"": ""Ninoma"", ""price_jpy"": 12134, ""availability"": ""InStock"", ""url"": ""https://ninoma.com/products/ryuuoumaru-30th-anniversary-special-edition-version-robot-damashii-mashin-eiyuuden-wataru-bandai?_pos=1&_sid=4e60a0079&_ss=r"", ""condition"": ""NewCondition"", ""fetched_at"": ""2026-09-27T10:02:06.553799""}, {""shop_name"": ""Hobby Search"", ""price_jpy"": 6732, ""availability"": ""OutOfStock"", ""url"": ""https://www.1999.co.jp/10540730"", ""condition"": ""NewCondition"", ""fetched_at"": ""2026-09-27T10:02:06.553804""}, {""shop_name"": ""Animota"", ""price_jpy"": 22582, ""availability"": ""InStock"", ""url"": ""https://animota.net/en-eu/products/animota-e-fig6650"", ""condition"": ""NewCondition"", ""fetched_at"": ""2026-09-27T10:02:06.553808""}, {""shop_name"": ""Solaris Japan"", ""price_jpy"": 11389, ""availability"": ""InStock"", ""url"": ""https://solarisjapan.com/products/mashin-eiyuuden-wataru-ryuuoumaru-robot-damashii-robot-damashii-side-mashin-30th-anniversary-special-edition-bandai?aff=1095"", ""condition"": ""NewCondition"", ""fetched_at"": ""2026-09-27T10:02:06.553812""}, {""shop_name"": ""Nin-Nin Game"", ""price_jpy"": 12059, ""availability"": ""InStock"", ""url"": ""https://www.nin-nin-game.com/en/metal-robot-spirits-robot-damashii/27082-ryuoumaru-30-anniversary-special-memorial-version-mashin-hero-wataru-robot-spirits-side-mashin-.html"", ""condition"": ""NewCondition"", ""fetched_at"": ""2026-09-27T10:02:06.553832""}]",,11389,22582,4,7,2026-09-27T10:02:06.553857,1.0,"[""jsonl""]"
123267,MyFigureList,https://myfigurelist.com/figure/123267/GODDESS-OF-VICTORY-NIKKE-Red-Hood-Nonsense-Red-1-12-Complete-Model-Action-Figure,GODDESS OF VICTORY: NIKKE Red Hood - Nonsense Red 1/12 Complete Model Action Figure,Goddess of Victory: Nikke,Red Hood,AmiAmi x SNAIL SHELL,Anime Figure,2027-06-01,,,,4902273529782,https://cdn.myfigurelist.com/figure-images/785c9f7b-91e8-4c5e-a215-b9749b528b45/GODDESS-OF-VICTORY-NIKKE-Red-Hood-Nonsense-Red-1-12-Complete-Model-Action-Figure_ba2a4abb-a95d-36f2-acb1-384f63569f39.jpg,"[{""shop_name"": ""Meccha Japan"", ""price_jpy"": 16819, ""availability"": ""PreOrder"", ""url"": ""https://meccha-japan.com/en/articulated-figures/184349-articulated-figure-red-hood-nonsense-red-ver-goddess-of-victory-nikke.html"", ""condition"": ""NewCondition"", ""fetched_at"": ""2026-09-27T10:02:07.076910""}, {""shop_name"": ""Hobby Search"", ""price_jpy"": 16929, ""availability"": ""PreOrder"", ""url"": ""https://www.1999.co.jp/11438074"", ""condition"": ""NewCondition"", ""fetched_at"": ""2026-09-27T10:02:07.076941""}, {""shop_name"": ""Japan Figure"", ""price_jpy"": 22562, ""availability"": ""PreOrder"", ""url"": ""https://japan-figure.com/products/snail-shell-goddess-of-victory-nikke-red-hood-1-12-scale-figure"", ""condition"": ""NewCondition"", ""fetched_at"": ""2026-09-27T10:02:07.076947""}, {""shop_name"": ""Solaris Japan"", ""price_jpy"": 16522, ""availability"": ""PreOrder"", ""url"": ""https://solarisjapan.com/products/goddess-of-victory-nikke-red-hood-1-12-nonsense-red-amiami-snail-shell?aff=1095"", ""condition"": ""NewCondition"", ""fetched_at"": ""2026-09-27T10:02:07.076952""}, {""shop_name"": ""Hobby Link Japan"", ""price_jpy"": 16200, ""availability"": ""PreOrder"", ""url"": ""https://www.hlj.com/1-12-scale-goddess-of-victory-nikke-red-hood-nonsense-red-ama52978"", ""condition"": ""NewCondition"", ""fetched_at"": ""2026-09-27T10:02:07.076956""}, {""shop_name"": ""Nin-Nin Game"", ""price_jpy"": 17440, ""availability"": ""PreOrder"", ""url"": ""https://www.nin-nin-game.com/en/goddess-of-victory-nikke/249182-goddess-of-victory-nikke-red-hood-112-nonsense-red-ver-oami-x-snail-shell-.html"", ""condition"": ""NewCondition"", ""fetched_at"": ""2026-09-27T10:02:07.076960""}]",,,,0,6,2026-09-27T10:02:07.076980,1.0,"[""jsonl""]"
6228,MyFigureList,https://myfigurelist.com/figure/6228/Lucky-Dosukebe!-Minato-Abeno-1-7-Complete-Figure,Lucky Dosukebe! Minato Abeno 1/7 Complete Figure,Lucky☆Star,Minato Abeno,Q-six,Scale Figure,2020-02-01,1/7,Nollgreco,,4580001941855,https://cdn.myfigurelist.com/figure-images/4580001941855/Lucky-Dosukebe!-Minato-Abeno-1-7-Complete-Figure_f40b321e-c520-4fa0-908e-69113e9a2167.jpg,"[{""shop_name"": ""Figuya"", ""price_jpy"": 37757, ""availability"": ""OutOfStock"", ""url"": ""https://figuya.com/en/products/minato-abeno-normal-version-q-six-17223-en"", ""condition"": ""NewCondition"", ""fetched_at"": ""2026-09-27T10:02:10.130604""}, {""shop_name"": ""Lunar Toy Store"", ""price_jpy"": 30120, ""availability"": ""OutOfStock"", ""url"": ""https://www.lunartoystore.com/4580001941855"", ""condition"": ""NewCondition"", ""fetched_at"": ""2026-09-27T10:02:10.130637""}, {""shop_name"": ""Hobby Search"", ""price_jpy"": 16280, ""availability"": ""OutOfStock"", ""url"": ""https://www.1999.co.jp/eng/10639918"", ""condition"": ""NewCondition"", ""fetched_at"": ""2026-09-27T10:02:10.130643""}, {""shop_name"": ""Amiami"", ""price_jpy"": 14650, ""availability"": ""OutOfStock"", ""url"": ""https://www.amiami.com/eng/detail/?gcode=FIGURE-052577"", ""condition"": ""NewCondition"", ""fetched_at"": ""2026-09-27T10:02:10.130647""}, {""shop_name"": ""Solaris Japan"", ""price_jpy"": 48947, ""availability"": ""InStock"", ""url"": ""https://solarisjapan.com/products/lucky-dosukebe-abeno-minato-1-7-q-six?aff=1095"", ""condition"": ""NewCondition"", ""fetched_at"": ""2026-09-27T10:02:10.130651""}, {""shop_name"": ""Hobby Link Japan"", ""price_jpy"": 15529, ""availability"": ""OutOfStock"", ""url"": ""https://www.hlj.com/1-7-scale-lucky-dosukebe-minato-abeno-pvc-qsx94185"", ""condition"": ""NewCondition"", ""fetched_at"": ""2026-09-27T10:02:10.130655""}]",,48947,48947,1,6,2026-09-27T10:02:10.130673,1.0,"[""jsonl""]"
66533,MyFigureList,https://myfigurelist.com/figure/66533/Piapro-Characters-Hatsune-Miku-Singing-Pose,Piapro Characters - Hatsune Miku - Singing Pose,Piapro Characters,Miku Hatsune,Just Toys Intl.,Anime Figure,2024-03-16,,,,0793591249971,https://cdn.myfigurelist.com/figure-images/121de622-1b60-3688-adde-dafbadf1978a/Piapro-Characters-Hatsune-Miku-Singing-Pose_e84483cd-decf-3bff-af53-b34f86049fb7.jpg,[],1934,,,0,0,2026-09-27T10:02:10.215577,1.0,"[""jsonl""]"
17770,MyFigureList,https://myfigurelist.com/figure/17770/RIOBOT-Tekkaman-Blade-Blaster-Tekkaman-Evil,RIOBOT Tekkaman Blade Blaster Tekkaman Evil,Tekkaman Blade,Shinya Aiba,Sentinel,Scale Figure,2024-05-01,Non-Scale,T-REX,,4571335880736,https://cdn.myfigurelist.com/figure-images/4571335880736/RIOBOT-Tekkaman-Blade-Blaster-Tekkaman-Evil_1cc568ea-76c8-4bb6-bce1-09d754916e25.jpg,"[{""shop_name"": ""Plaza Japan"", ""price_jpy"": 15491, ""availability"": ""InStock"", ""url"": ""https://www.plazajapan.com/4571335880736/"", ""condition"": ""NewCondition"", ""fetched_at"": ""2026-09-27T10:02:10.301048""}, {""shop_name"": ""Amiami"", ""price_jpy"": 32670, ""availability"": ""InStock"", ""url"": ""https://www.amiami.com/eng/detail/?gcode=FIGURE-160212-R"", ""condition"": ""NewCondition"", ""fetched_at"": ""2026-09-27T10:02:10.301068""}, {""shop_name"": ""Okini Land"", ""price_jpy"": 38476, ""availability"": ""OutOfStock"", ""url"": ""https://okini.land/en/62627-riobot-blaster-tekkaman-evil-sen-ti-nel-4571335880736.html?id_currency=5"", ""condition"": ""NewCondition"", ""fetched_at"": ""2026-09-27T10:02:10.301073""}, {""shop_name"": ""Hobby Link Japan"", ""price_jpy"": 33000, ""availability"": ""OutOfStock"", ""url"": ""https://www.hlj.com/riobot-tekkaman-blade-blaster-tekkaman-evil-set88073"", ""condition"": ""NewCondition"", ""fetched_at"": ""2026-09-27T10:02:10.301077""}, {""shop_name"": ""Ninoma"", ""price_jpy"": 45052, ""availability"": ""OutOfStock"", ""url"": ""https://ninoma.com/products/riobot-tekkaman-blade-blaster-tekkaman-evil?_pos=1&_sid=741b293e6&_ss=r"", ""condition"": ""NewCondition"", ""fetched_at"": ""2026-09-27T10:02:10.301080""}, {""shop_name"": ""Meccha Japan"", ""price_jpy"": 32000, ""availability"": ""InStock"", ""url"": ""https://meccha-japan.com/en/assembled-mecha-and-robots/119520-figure-blaster-tekkaman-evil-tekkaman-blade.html"", ""condition"": ""NewCondition"", ""fetched_at"": ""2026-09-27T10:02:10.301084""}, {""shop_name"": ""Hobby Search"", ""price_jpy"": 33009, ""availability"": ""OutOfStock"", ""url"": ""https://www.1999.co.jp/eng/11022100"", ""condition"": ""NewCondition"", ""fetched_at"": ""2026-09-27T10:02:10.301087""}, {""shop_name"": ""Animota"", ""price_jpy"": 39896, ""availability"": ""InStock"", ""url"": ""https://animota.net/en-eu/products/animota-e-pre3414"", ""condition"": ""NewCondition"", ""fetched_at"": ""2026-09-27T10:02:10.301090""}, {""shop_name"": ""Japan Figure"", ""price_jpy"": 37600, ""availability"": ""InStock"", ""url"": ""https://japan-figure.com/products/sentinel-riobot-space-knight-tekkaman-blade-blaster-evil-diecast-abs-action-figure"", ""condition"": ""NewCondition"", ""fetched_at"": ""2026-09-27T10:02:10.301093""}, {""shop_name"": ""Solaris Japan"", ""price_jpy"": 30310, ""availability"": ""InStock"", ""url"": ""https://solarisjapan.com/products/uchuu-no-kishi-tekkaman-blade-blaster-tekkaman-evil-riobot-sentinel?aff=1095"", ""condition"": ""NewCondition"", ""fetched_at"": ""2026-09-27T10:02:10.301096""}, {""shop_name"": ""Nin-Nin Game"", ""price_jpy"": 86952, ""availability"": ""OutOfStock"", ""url"": ""https://www.nin-nin-game.com/en/sentinel/103922-riobot-tekkaman-the-space-knight-tekkaman-evil-sentinel-.html"", ""condition"": ""NewCondition"", ""fetched_at"": ""2026-09-27T10:02:10.301100""}, {""shop_name"": ""Hobby Genki"", ""price_jpy"": 30492, ""availability"": ""OutOfStock"", ""url"": ""https://hobby-genki.com/fr/sentinel/23439-riobot-tekkaman-blade-blaster-tekkaman-evil-figure-4571335880736.html"", ""condition"": ""NewCondition"", ""fetched_at"": ""2026-09-27T10:02:10.301103""}]",,15491,39896,6,12,2026-09-27T10:02:10.301117,1.0,"[""jsonl""]"
24122,MyFigureList,https://myfigurelist.com/figure/24122/Green-Twin-Tail-Bunny-chan-Fishnet-Tights-Ver-1-4-Complete-Figure,Green Twin Tail Bunny-chan Fishnet Tights Ver. 1/4 Complete Figure,,,Partylook,Scale Figure,2025-01-01,1/4,Chiho,,4897136260240,https://cdn.myfigurelist.com/figure-images/4897136260240/Green-Twin-Tail-Bunny-chan-Fishnet-Tights-Ver-1-4-Complete-Figure_c25a5fd6-ff35-417f-9aff-678ecf723dd3.jpg,"[{""shop_name"": ""Amiami"", ""price_jpy"": 29700, ""availability"": ""InStock"", ""url"": ""NOTFOUND"", ""condition"": ""NewCondition"", ""fetched_at"": ""2026-09-27T10:02:09.584747""}, {""shop_name"": ""Hobby Link Japan"", ""price_jpy"": 41013, ""availability"": ""OutOfStock"", ""url"": ""https://www.hlj.com/1-4-scale-green-twin-tail-bunny-chan-fishnet-tights-ver-plo26024"", ""condition"": ""NewCondition"", ""fetched_at"": ""2026-09-27T10:02:09.584773""}, {""shop_name"": ""Meccha Japan"", ""price_jpy"": 38145, ""availability"": ""InStock"", ""url"": ""https://meccha-japan.com/en/figures/139383-figure-green-twin-tail-bunny-chan-fishnet-tights-ver.html"", ""condition"": ""NewCondition"", ""fetched_at"": ""2026-09-27T10:02:09.584779""}, {""shop_name"": ""Hobby Search"", ""price_jpy"": 37620, ""availability"": ""OutOfStock"", ""url"": ""https://www.1999.co.jp/11101205"", ""condition"": ""NewCondition"", ""fetched_at"": ""2026-09-27T10:02:09.584783""}, {""shop_name"": ""Nin-Nin Game"", ""price_jpy"": 36126, ""availability"": ""InStock"", ""url"": ""https://www.nin-nin-game.com/en/plus18-figures/133104-original-character-green-twintail-bunny-14-fishnet-ver-party-look-.html"", ""condition"": ""NewCondition"", ""fetched_at"": ""2026-09-27T10:02:09.584787""}, {""shop_name"": ""Hobby Genki"", ""price_jpy"": 36036, ""availability"": ""OutOfStock"", ""url"": ""https://hobby-genki.com/en/18-age-restricted-products/36417-green-twin-tail-bunny-chan-fishnet-tights-ver-14-scale-figure-4897136260240.html"", ""condition"": ""NewCondition"", ""fetched_at"": ""2026-09-27T10:02:09.584791""}]",,29700,38145,3,6,2026-09-27T10:02:09.584812,1.0,"[""jsonl""]"
57656,MyFigureList,https://myfigurelist.com/figure/57656/Honkai-Impact-3rd-Kiana-Kaslana-1-7-White-Comet,Honkai Impact 3rd - Kiana Kaslana - 1/7 - White Comet,Honkai Impact 3rd,Kiana Kaslana,Awaken Association,Scale Figure,2023-02-12,1/7,Sanshuiqing,,57656,https://cdn.myfigurelist.com/figure-images/e73a75da-5d18-3a99-aac9-3f74004054b3/Honkai-Impact-3rd-Kiana-Kaslana-1-7-White-Comet_0b7e571e-d5bd-3580-8420-392b3bb2e1fa.jpg,[],22000,,,0,0,2026-09-27T10:02:10.008778,1.0,"[""jsonl""]"
78181,MyFigureList,https://myfigurelist.com/figure/78181/Toradora!-Kushieda-Minori-1-8,Toradora! - Kushieda Minori - 1/8,Toradora!,Minori Kushieda,O-mesallue,Scale Figure,2010-07-25,1/8,,,78181,https://cdn.myfigurelist.com/figure-images/44415940-f5fd-3327-8d09-eace5a95df74/Toradora!-Kushieda-Minori-1-8_2e51a91e-820d-301c-9a0b-13883e9c34e7.jpg,[],6000,,,0,0,2026-09-27T10:02:13.071867,1.0,"[""jsonl""]"
11327,MyFigureList,https://myfigurelist.com/figure/11327/ToHeart2-Tamaki-Kosaka-Race-Queen-Red-Ver-Complete-Figure-Miyazawa-Models-Limited-Edition,ToHeart2 Tamaki Kosaka Race Queen [Red Ver.] Complete Figure Miyazawa Models Limited Edition,ToHeart2,Tamaki Kosaka,Kaitendo,Scale Figure,2011-08-01,Non-Scale,,,4560266121414,https://cdn.myfigurelist.com/figure-images/4560266121414/ToHeart2-Tamaki-Kosaka-Race-Queen-Red-Ver-Complete-Figure-Miyazawa-Models-Limited-Edition_8766999d-63d5-41cb-b21e-4e4b3155e9e4.jpg,"[{""shop_name"": ""Hobby Search"", ""price_jpy"": 3272, ""availability"": ""OutOfStock"", ""url"": ""https://www.1999.co.jp/eng/10148266"", ""condition"": ""NewCondition"", ""fetched_at"": ""2026-09-27T10:02:13.011036""}, {""shop_name"": ""Amiami"", ""price_jpy"": 3120, ""availability"": ""OutOfStock"", ""url"": ""https://www.amiami.com/eng/detail/?gcode=FIG-MOE-2671"", ""condition"": ""NewCondition"", ""fetched_at"": ""2026-09-27T10:02:13.011058""}, {""shop_name"": ""Solaris Japan"", ""price_jpy"": 6764, ""availability"": ""InStock"", ""url"": ""https://solarisjapan.com/products/kaitendouhs-little-figuer-to-heart-2-kousaka-tamaki-race-queen-red-ver-miyazawa-limited-edition-1?aff=1095"", ""condition"": ""NewCondition"", ""fetched_at"": ""2026-09-27T10:02:13.011063""}, {""shop_name"": ""Hobby Link Japan"", ""price_jpy"": 3500, ""availability"": ""OutOfStock"", ""url"": ""https://www.hlj.com/1-12-scale-tamaki-kousaka-race-queen-red-ver-pvc-ltd-ktd12129"", ""condition"": ""NewCondition"", ""fetched_at"": ""2026-09-27T10:02:13.011067""}]",,6764,6764,1,4,2026-09-27T10:02:13.011083,1.0,"[""jsonl""]"
73516,MyFigureList,https://myfigurelist.com/figure/73516/To-Heart-2-Kousaka-Tamaki-1-6-Swimsuit-Ver,To Heart 2 - Kousaka Tamaki - 1/6 - Swimsuit Ver.,To Heart 2,Tamaki Kousaka,Udon Koubou,Scale Figure,2006-07-01,1/6,,,73516,https://cdn.myfigurelist.com/figure-images/30d29cf3-6dc5-3d8a-8394-e88f9a4fdfc0/To-Heart-2-Kousaka-Tamaki-1-6-Swimsuit-Ver_477d82d5-7b7a-3625-a5f5-ac8d9b87d344.jpg,[],9000,,,0,0,2026-09-27T10:02:12.934981,1.0,"[""jsonl""]"
118360,MyFigureList,https://myfigurelist.com/figure/118360/Shibou-Yuugi-de-Meshi-wo-Kuu-Sorimachi-Yuki-FNex-1-7-Uniform-Ver,Shibou Yuugi de Meshi wo Kuu. - Sorimachi Yuki - F:Nex - 1/7 - Uniform Ver.,Shibou Yuugi de Meshi wo Kuu,Yuki Sorimachi,FuRyu,Scale Figure,2026-11-01,1/7,Sakaki Kaoru,,4571623518051,https://cdn.myfigurelist.com/figure-images/e8a671bb-ee69-3b70-ba10-7fff1a0beafd/Shibou-Yuugi-de-Meshi-wo-Kuu-Sorimachi-Yuki-FNex-1-7-Uniform-Ver_95965fb6-6c9b-3bb2-b8ea-2377c47983cf.jpg,[],21000,,,0,0,2026-09-27T10:02:13.234596,1.0,"[""jsonl""]"
125460,MyFigureList,https://myfigurelist.com/figure/125460/Nendoroid-Baldurs-Gate-III-Shadowheart,Nendoroid Baldur's Gate III Shadowheart,Baldur's Gate 3,Shadowheart,Good Smile Company,Anime Figure,2027-02-01,,Sculptor: toytec D.T.C,,4570232589858,https://cdn.myfigurelist.com/figure-images/e1ba66b2-4203-4169-8f64-bf18f177f503/Nendoroid-Baldurs-Gate-III-Shadowheart_a413c0d5-dd2e-3241-b934-a2c085ecd272.jpg,"[{""shop_name"": ""Ninoma"", ""price_jpy"": 5940, ""availability"": ""PreOrder"", ""url"": ""https://ninoma.com/products/nendoroid-baldurs-gate-iii-shadowheart?_pos=1&_sid=b5833b82b&_ss=r"", ""condition"": ""NewCondition"", ""fetched_at"": ""2026-09-27T10:02:12.524923""}, {""shop_name"": ""Hobby Search"", ""price_jpy"": 5874, ""availability"": ""PreOrder"", ""url"": ""https://www.1999.co.jp/11439219"", ""condition"": ""NewCondition"", ""fetched_at"": ""2026-09-27T10:02:12.524949""}, {""shop_name"": ""Animota"", ""price_jpy"": 8074, ""availability"": ""PreOrder"", ""url"": ""https://animota.net/en-eu/products/animota-e-pre11045"", ""condition"": ""NewCondition"", ""fetched_at"": ""2026-09-27T10:02:12.524954""}, {""shop_name"": ""Japan Figure"", ""price_jpy"": 8546, ""availability"": ""PreOrder"", ""url"": ""https://japan-figure.com/products/good-smile-company-shadowheart-nendoroid-action-figure-10cm"", ""condition"": ""NewCondition"", ""fetched_at"": ""2026-09-27T10:02:12.524966""}, {""shop_name"": ""Hobby Link Japan"", ""price_jpy"": 6000, ""availability"": ""PreOrder"", ""url"": ""https://www.hlj.com/nendoroid-shadowheart-baldur-s-gate-iii-gsc58985"", ""condition"": ""NewCondition"", ""fetched_at"": ""2026-09-27T10:02:12.524983""}, {""shop_name"": ""Nin-Nin Game"", ""price_jpy"": 5956, ""availability"": ""PreOrder"", ""url"": ""https://www.nin-nin-game.com/en/nendoroid/249412-nendoroid-3098-baldur-s-gate-3-shadowheart-good-smile-company-.html"", ""condition"": ""NewCondition"", ""fetched_at"": ""2026-09-27T10:02:12.524990""}]",,,,0,6,2026-09-27T10:02:12.525007,1.0,"[""jsonl""]"
2496,MyFigureList,https://myfigurelist.com/figure/2496/Takopis-Original-Sin-Takopi-Complete-Figure,Takopi's Original Sin Takopi Complete Figure,Takopi no Genzai,Takopi,Good Smile Company,Scale Figure,2023-04-01,Non-Scale,Hiroshi Yuasa,,4580590166455,https://cdn.myfigurelist.com/figure-images/4580590166455/Takopi's-Original-Sin-Takopi-Complete-Figure_128b4fc9-12d4-49d0-8d27-6be141e40078.jpg,"[{""shop_name"": ""Plaza Japan"", ""price_jpy"": 7819, ""availability"": ""OutOfStock"", ""url"": ""https://www.plazajapan.com/4580590166455/"", ""condition"": ""NewCondition"", ""fetched_at"": ""2026-09-27T10:02:17.514459""}, {""shop_name"": ""Meccha Japan"", ""price_jpy"": 4915, ""availability"": ""OutOfStock"", ""url"": ""https://meccha-japan.com/en/figuresmecha/89865-figure-takopi-takopis-original-sin.html"", ""condition"": ""NewCondition"", ""fetched_at"": ""2026-09-27T10:02:17.514486""}, {""shop_name"": ""Lunar Toy Store"", ""price_jpy"": 5405, ""availability"": ""OutOfStock"", ""url"": ""https://www.lunartoystore.com/catalogsearch/result/?q=4580590166455"", ""condition"": ""NewCondition"", ""fetched_at"": ""2026-09-27T10:02:17.514492""}, {""shop_name"": ""Hobby Search"", ""price_jpy"": 4930, ""availability"": ""OutOfStock"", ""url"": ""https://www.1999.co.jp/eng/search?typ1_c=101&cat=&state=&sold=0&sortid=6&searchkey=4580590166455"", ""condition"": ""NewCondition"", ""fetched_at"": ""2026-09-27T10:02:17.514497""}, {""shop_name"": ""Amiami"", ""price_jpy"": 4800, ""availability"": ""OutOfStock"", ""url"": ""https://www.amiami.com/eng/detail/?gcode=FIGURE-147540"", ""condition"": ""NewCondition"", ""fetched_at"": ""2026-09-27T10:02:17.514501""}, {""shop_name"": ""Okini Land"", ""price_jpy"": 4843, ""availability"": ""OutOfStock"", ""url"": ""https://okini.land/en/43270-takopi-good-smile-company-4580590166455.html"", ""condition"": ""NewCondition"", ""fetched_at"": ""2026-09-27T10:02:17.514506""}, {""shop_name"": ""Hobby Link Japan"", ""price_jpy"": 5220, ""availability"": ""OutOfStock"", ""url"": ""https://www.hlj.com/takopi-takopi-s-original-sin-gsc16645"", ""condition"": ""NewCondition"", ""fetched_at"": ""2026-09-27T10:02:17.514510""}, {""shop_name"": ""Solaris Japan"", ""price_jpy"": 5598, ""availability"": ""InStock"", ""url"": ""https://solarisjapan.com/products/takopii-no-genzai-takopii-sofubi-figure-good-smile-company-max-factory?aff=1095"", ""condition"": ""NewCondition"", ""fetched_at"": ""2026-09-27T10:02:17.514513""}, {""shop_name"": ""Nin-Nin Game"", ""price_jpy"": 4930, ""availability"": ""OutOfStock"", ""url"": ""https://www.nin-nin-game.com/en/our-selection-hidden/79551-soft-vinyl-figure-takopi-s-original-sin-takopi-good-smile-company-.html"", ""condition"": ""NewCondition"", ""fetched_at"": ""2026-09-27T10:02:17.514517""}, {""shop_name"": ""Hobby Genki"", ""price_jpy"": 4582, ""availability"": ""OutOfStock"", ""url"": ""https://hobby-genki.com/fr/good-smile-company/10249-takopi-takopi-s-original-sin-soft-vinyl-4580590166455.html"", ""condition"": ""NewCondition"", ""fetched_at"": ""2026-09-27T10:02:17.514521""}]",,5598,5598,1,10,2026-09-27T10:02:17.514540,1.0,"[""jsonl""]"
67229,MyFigureList,https://myfigurelist.com/figure/67229/Licca-chan-Peanuts-PEANUTS-x-LICCA,Licca-chan - Peanuts - PEANUTS x LICCA,,,Tomy,Anime Figure,2019-08-14,,,22,67229,https://cdn.myfigurelist.com/figure-images/152621fd-1d59-3bbd-b7fe-379e04edcdfa/Licca-chan-Peanuts-PEANUTS-x-LICCA_897d00bc-b558-3288-9347-5a4f24e93528.jpg|https://cdn.myfigurelist.com/figure-images/152621fd-1d59-3bbd-b7fe-379e04edcdfa/Licca-chan-Peanuts-PEANUTS-x-LICCA_8f6044bd-96b1-399a-ab37-b9aa18c0c457.jpg|https://cdn.myfigurelist.com/figure-images/152621fd-1d59-3bbd-b7fe-379e04edcdfa/Licca-chan-Peanuts-PEANUTS-x-LICCA_e8107f33-2770-3275-b81a-e2b19ad50df0.jpg|https://cdn.myfigurelist.com/figure-images/152621fd-1d59-3bbd-b7fe-379e04edcdfa/Licca-chan-Peanuts-PEANUTS-x-LICCA_71486124-2ff2-35c9-a95f-5bad2f997906.jpg|https://cdn.myfigurelist.com/figure-images/152621fd-1d59-3bbd-b7fe-379e04edcdfa/Licca-chan-Peanuts-PEANUTS-x-LICCA_1a32f119-21b6-3b67-9216-61cbca47a62d.jpg|https://cdn.myfigurelist.com/figure-images/152621fd-1d59-3bbd-b7fe-379e04edcdfa/Licca-chan-Peanuts-PEANUTS-x-LICCA_125a8ffc-f038-3309-8553-2c00ce4ad66f.jpg,[],6000,6000,6000,0,1,2026-09-27T02:05:54.131988Z,0.95,"[""csv"", ""jsonl""]"
44152,MyFigureList,https://myfigurelist.com/figure/44152/Fate-Grand-Order-Abigail-Williams-Mizugi,Fate/Grand Order - Abigail Williams - Mizugi,Fate/Grand Order,Abigail Williams,Hamin_gja,Scale Figure,2022-07-24,Non-Scale,Tomogomahu,,44152,https://cdn.myfigurelist.com/figure-images/604c3e3d-bc2f-3eb8-be4b-0c1643d18d3f/Fate-Grand-Order-Abigail-Williams-Mizugi_931927d1-f42d-310a-95db-a222e95473af.jpg,[],18000,,,0,0,2026-09-27T10:02:17.430773,1.0,"[""jsonl""]"
38967,MyFigureList,https://myfigurelist.com/figure/38967/Final-Fantasy-XIV-Alphinaud-Leveilleur-Dollfie-Dream-Dollfie-Dream-Sister-1-3,Final Fantasy XIV - Alphinaud Leveilleur - Dollfie Dream - Dollfie Dream Sister - 1/3,Final Fantasy XIV,Alphinaud Leveilleur,Volks,Scale Figure,2025-08-16,1/3,Misaki Serika,,4988601384308,https://cdn.myfigurelist.com/figure-images/87984855-2e77-394d-b6a0-c3c0341194d8/Final-Fantasy-XIV-Alphinaud-Leveilleur-Dollfie-Dream-Dollfie-Dream-Sister-1-3_bf4f53f5-70bf-3892-b7af-bf2a2ec39e89.jpg,[],108000,,,0,0,2026-09-27T10:02:15.779999,1.0,"[""jsonl""]"
117722,MyFigureList,https://myfigurelist.com/figure/117722/Piapro-Characters-Hatsune-Miku-Banpresto-Evolve-Sakura,Piapro Characters - Hatsune Miku - Banpresto Evolve - Sakura,Piapro Characters,Miku Hatsune,BANDAI SPIRITS,Anime Figure,2026-04-28,,,,117722,https://cdn.myfigurelist.com/figure-images/e55eb981-93be-3a9d-9256-389005c46080/Piapro-Characters-Hatsune-Miku-Banpresto-Evolve-Sakura_21847d90-bbb7-3fab-a7a2-19809f5c4dad.jpg,"[{""shop_name"": ""Gundam Planet"", ""price_jpy"": 6346, ""availability"": ""InStock"", ""url"": ""https://www.gundamplanet.com/products/banpresto-evolve-sakura-miku"", ""condition"": ""NewCondition"", ""fetched_at"": ""2026-09-27T10:02:15.617942""}, {""shop_name"": ""Exfigure"", ""price_jpy"": 5385, ""availability"": ""InStock"", ""url"": ""https://exfigure.com/products/piapro-characters-hatsune-miku-banpresto-evolve-sakura-bandai-spirits"", ""condition"": ""NewCondition"", ""fetched_at"": ""2026-09-27T10:02:15.617969""}, {""shop_name"": ""Animota"", ""price_jpy"": 4135, ""availability"": ""InStock"", ""url"": ""https://animota.net/en-eu/products/animota-e-fig20217"", ""condition"": ""NewCondition"", ""fetched_at"": ""2026-09-27T10:02:15.617975""}, {""shop_name"": ""Solaris Japan"", ""price_jpy"": 3024, ""availability"": ""InStock"", ""url"": ""https://solarisjapan.com/products/piapro-characters-hatsune-miku-banpresto-evolve-sakura-bandai-spirits?aff=1095"", ""condition"": ""NewCondition"", ""fetched_at"": ""2026-09-27T10:02:15.617980""}]",,3024,6346,4,4,2026-09-27T10:02:15.618213,1.0,"[""jsonl""]"
49236,MyFigureList,https://myfigurelist.com/figure/49236/Shaman-King-Kyouyama-Anna-1-8,Shaman King - Kyouyama Anna - 1/8,Shaman King,Anna Kyouyama,Man Madou,Scale Figure,2014-07-27,1/8,,,49236,https://cdn.myfigurelist.com/figure-images/204cf1e1-1e56-3dd7-a3ed-ea6aebc04fef/Shaman-King-Kyouyama-Anna-1-8_d0be276f-6610-38f8-a526-3a6af853576a.jpg,[],9000,,,0,0,2026-09-27T10:02:18.561356,1.0,"[""jsonl""]"
69234,MyFigureList,https://myfigurelist.com/figure/69234/Suzumiya-Haruhi-no-Yuuutsu-Suzumiya-Haruhi-1-7-Sukesuke-Haruhi,Suzumiya Haruhi no Yuuutsu - Suzumiya Haruhi - 1/7 - Sukesuke Haruhi,Suzumiya Haruhi no Yuuutsu,Haruhi Suzumiya,,Scale Figure,2010-01-01,1/7,,,4961524462568,https://cdn.myfigurelist.com/figure-images/1ccff18c-6b16-36f5-a3cd-12b430fe4892/Suzumiya-Haruhi-no-Yuuutsu-Suzumiya-Haruhi-1-7-Sukesuke-Haruhi_796855e7-4cae-3b72-8801-29526b7156f5.jpg,[],7800,,,0,0,2026-09-27T10:02:19.257840,1.0,"[""jsonl""]"
33737,MyFigureList,https://myfigurelist.com/figure/33737/Senjou-no-Valkyria-Gallian-Chronicles-Selvaria-Bles-Dwell-1-7-The-Special-Color-inspired-by-Initial-Sketch-,Senjou no Valkyria: Gallian Chronicles - Selvaria Bles - Dwell - 1/7 - -The Special Color inspired by Initial Sketch-,Valkyria Chronicles,Selvaria Bles,Vertex,Scale Figure,2015-07-26,1/7,Makoto,,33737,https://cdn.myfigurelist.com/figure-images/114caa8f-69e7-3db0-86bb-b8fd0e03fb82/Senjou-no-Valkyria-Gallian-Chronicles-Selvaria-Bles-Dwell-1-7-The-Special-Color-inspired-by-Initial-Sketch-_2c26a9e8-4a2a-3e68-808e-3c56ceb5ca01.jpg,[],13889,,,0,0,2026-09-27T10:02:19.393013,1.0,"[""jsonl""]"
588,MyFigureList,https://myfigurelist.com/figure/588/SH-Figuarts-Sailor-Chibi-Moon-Sailor-Moon,"S.H. Figuarts - Sailor Chibi Moon ""Sailor Moon""",Bishoujo Senshi Sailor Moon,Usagi Tsukino,Bandai,Scale Figure,2015-05-01,Non-Scale,,,4543112920140,https://cdn.myfigurelist.com/figure-images/4543112920140/SH-Figuarts-Sailor-Chibi-Moon-Sailor-Moon_30cac19d-20d7-44f3-86ec-a3a2180be217.jpg,"[{""shop_name"": ""Amiami"", ""price_jpy"": 3250, ""availability"": ""OutOfStock"", ""url"": ""https://www.amiami.com/eng/detail/?gcode=FIGURE-009635"", ""condition"": ""NewCondition"", ""fetched_at"": ""2026-09-27T10:02:19.137985""}, {""shop_name"": ""Okini Land"", ""price_jpy"": 5520, ""availability"": ""InStock"", ""url"": ""https://okini.land/en/11059-s-h-figuarts-sailor-chibi-moon-bandai-4543112920140.html"", ""condition"": ""NewCondition"", ""fetched_at"": ""2026-09-27T10:02:19.138010""}, {""shop_name"": ""Hobby Link Japan"", ""price_jpy"": 3570, ""availability"": ""OutOfStock"", ""url"": ""https://www.hlj.com/s-h-figuarts-sailor-chibi-moon-ban992014"", ""condition"": ""NewCondition"", ""fetched_at"": ""2026-09-27T10:02:19.138073""}, {""shop_name"": ""Ninoma"", ""price_jpy"": 9415, ""availability"": ""InStock"", ""url"": ""https://www.ninoma.com/index.php/sh-figuarts-sailor-moon-sailor-chibi-moon"", ""condition"": ""NewCondition"", ""fetched_at"": ""2026-09-27T10:02:19.138104""}, {""shop_name"": ""Meccha Japan"", ""price_jpy"": 8000, ""availability"": ""OutOfStock"", ""url"": ""https://meccha-japan.com/en/sh-figuarts/41696-figure-chibiusa-tsukino-sailor-moon-shfiguarts.html"", ""condition"": ""NewCondition"", ""fetched_at"": ""2026-09-27T10:02:19.138118""}, {""shop_name"": ""Hobby Search"", ""price_jpy"": 3927, ""availability"": ""OutOfStock"", ""url"": ""https://www.1999.co.jp/eng/10306928"", ""condition"": ""NewCondition"", ""fetched_at"": ""2026-09-27T10:02:19.138124""}, {""shop_name"": ""Animota"", ""price_jpy"": 13306, ""availability"": ""InStock"", ""url"": ""https://animota.net/products/animota-e-fig2563"", ""condition"": ""NewCondition"", ""fetched_at"": ""2026-09-27T10:02:19.138128""}, {""shop_name"": ""Solaris Japan"", ""price_jpy"": 8907, ""availability"": ""InStock"", ""url"": ""https://solarisjapan.com/products/bishoujo-senshi-sailor-moon-sailor-chibimoon-s-h-figuarts-bandai?aff=1095"", ""condition"": ""NewCondition"", ""fetched_at"": ""2026-09-27T10:02:19.138132""}, {""shop_name"": ""Nin-Nin Game"", ""price_jpy"": 9160, ""availability"": ""InStock"", ""url"": ""https://www.nin-nin-game.com/en/japanese-import-sailor-moon-hobbies-and-figures/14025-sailor-moon-sailor-chibi-moon-sh-figuarts-en.html"", ""condition"": ""NewCondition"", ""fetched_at"": ""2026-09-27T10:02:19.138136""}]",,5520,13306,5,9,2026-09-27T10:02:19.138157,1.0,"[""jsonl""]"
18515,MyFigureList,https://myfigurelist.com/figure/18515/Huggy-Good-Smile-Kaguya-sama-Love-Is-War-The-First-Kiss-That-Never-Ends-Chika-Fujiwara,Huggy Good Smile Kaguya-sama: Love Is War -The First Kiss That Never Ends- Chika Fujiwara,Kaguya-sama wa Kokurasetai,Chika Fujiwara,Good Smile Arts Shanghai,Scale Figure,2024-08-01,Non-Scale,,,4580590178977,https://cdn.myfigurelist.com/figure-images/4580590178977/Huggy-Good-Smile-Kaguya-sama-Love-Is-War-The-First-Kiss-That-Never-Ends-Chika-Fujiwara_b2cafbf7-0557-4d27-b38a-88bd5652d198.jpg,"[{""shop_name"": ""Plaza Japan"", ""price_jpy"": 1186, ""availability"": ""OutOfStock"", ""url"": ""https://www.plazajapan.com/4580590178977/"", ""condition"": ""NewCondition"", ""fetched_at"": ""2026-09-27T10:02:21.853828""}, {""shop_name"": ""Okini Land"", ""price_jpy"": 1828, ""availability"": ""OutOfStock"", ""url"": ""https://okini.land/en/62435-huggy-good-smile-kaguya-sama-love-is-war-the-first-kiss-never-ends-fujiwara-chika-good-smile-arts-shanghai-4580590178977.html?id_currency=5"", ""condition"": ""NewCondition"", ""fetched_at"": ""2026-09-27T10:02:21.853855""}, {""shop_name"": ""Hobby Link Japan"", ""price_jpy"": 1505, ""availability"": ""OutOfStock"", ""url"": ""https://www.hlj.com/huggy-good-smile-chika-fujiwara-kaguya-sama-love-is-war-the-first-kiss-that-never-ends-gsc17897"", ""condition"": ""NewCondition"", ""fetched_at"": ""2026-09-27T10:02:21.853861""}, {""shop_name"": ""Ninoma"", ""price_jpy"": 1539, ""availability"": ""OutOfStock"", ""url"": ""https://ninoma.com/products/huggy-good-smile-kaguya-sama-love-is-war-the-first-kiss-never-ends-fujiwara-chika?_pos=1&_sid=0f64495ed&_ss=r"", ""condition"": ""NewCondition"", ""fetched_at"": ""2026-09-27T10:02:21.853866""}, {""shop_name"": ""Meccha Japan"", ""price_jpy"": 2593, ""availability"": ""InStock"", ""url"": ""https://meccha-japan.com/en/figures/127785-figure-chika-fujiwara-huggy-good-smile-kaguya-sama-love-is-war-the-first-kiss-that-never-ends.html"", ""condition"": ""NewCondition"", ""fetched_at"": ""2026-09-27T10:02:21.853870""}, {""shop_name"": ""Hobby Search"", ""price_jpy"": 1540, ""availability"": ""OutOfStock"", ""url"": ""https://www.1999.co.jp/eng/11055859"", ""condition"": ""NewCondition"", ""fetched_at"": ""2026-09-27T10:02:21.853874""}, {""shop_name"": ""Japan Figure"", ""price_jpy"": 1111, ""availability"": ""OutOfStock"", ""url"": ""https://japan-figure.com/products/good-smile-company-kaguya-sama-love-is-war-fujiwara-chika-movable-figure"", ""condition"": ""NewCondition"", ""fetched_at"": ""2026-09-27T10:02:21.853878""}, {""shop_name"": ""Nin-Nin Game"", ""price_jpy"": 1331, ""availability"": ""OutOfStock"", ""url"": ""https://www.nin-nin-game.com/en/kaguya-sama-love-is-war/114606-huggy-good-smile-kaguya-sama-love-is-war-the-first-kiss-that-never-ends-chika-fujiwara-good-smile-arts-shanghai-.html"", ""condition"": ""NewCondition"", ""fetched_at"": ""2026-09-27T10:02:21.853882""}]",,2593,2593,1,8,2026-09-27T10:02:21.853902,1.0,"[""jsonl""]"
104364,MyFigureList,https://myfigurelist.com/figure/104364/Ultraman-Blazar-Ultra-Action-Figure,Ultraman Blazar - Ultra Action Figure,Ultraman Blazar,Gento Hiruma,Bandai,Anime Figure,2023-07-08,,,,4570117973727,https://cdn.myfigurelist.com/figure-images/aec5640b-d2a2-3eea-8f4a-2abb9e7efb15/Ultraman-Blazar-Ultra-Action-Figure_d118777c-1af0-3d95-b096-6a6a0035d016.jpg,"[{""shop_name"": ""Hobby Link Japan"", ""price_jpy"": 2300, ""availability"": ""OutOfStock"", ""url"": ""https://www.hlj.com/ultra-action-figure-ultraman-blazer-bann97372"", ""condition"": ""NewCondition"", ""fetched_at"": ""2026-09-27T10:02:24.739128""}, {""shop_name"": ""Hobby Search"", ""price_jpy"": 2150, ""availability"": ""OutOfStock"", ""url"": ""https://www.1999.co.jp/10976699"", ""condition"": ""NewCondition"", ""fetched_at"": ""2026-09-27T10:02:24.739151""}, {""shop_name"": ""Japan Figure"", ""price_jpy"": 2527, ""availability"": ""InStock"", ""url"": ""https://japan-figure.com/products/bandai-ultraman-blazer-ultra-action-figure-for-kids-and-collectors"", ""condition"": ""NewCondition"", ""fetched_at"": ""2026-09-27T10:02:24.739157""}, {""shop_name"": ""Nin-Nin Game"", ""price_jpy"": 2472, ""availability"": ""InStock"", ""url"": ""https://www.nin-nin-game.com/en/ultraman/120520-ultraman-ultra-action-figure-series-ultraman-blazar-bandai-.html"", ""condition"": ""NewCondition"", ""fetched_at"": ""2026-09-27T10:02:24.739161""}]",,2472,2527,2,4,2026-09-27T10:02:24.739178,1.0,"[""jsonl""]"
4425,MyFigureList,https://myfigurelist.com/figure/4425/Resinya!-Portrait-Collection-Da-Capo-Kotori-Shirakawa-Kazami-Academy-Attached-School-Uniform-Mini-Costume-Bundled-Edition,Resinya! Portrait Collection - Da Capo: Kotori Shirakawa (Kazami Academy Attached School Uniform Mini Costume Bundled Edition),Da Capo,Kotori Shirakawa,COSPA,Scale Figure,2009-04-01,1/6,,,4531894340713,https://cdn.myfigurelist.com/figure-images/4531894340713/Resinya!-Portrait-Collection-Da-Capo-Kotori-Shirakawa-Kazami-Academy-Attached-School-Uniform-Mini-Costume-Bundled-Edition_e7929579-3a91-4e20-a8b3-de9cf4778bc1.jpg,"[{""shop_name"": ""Hobby Search"", ""price_jpy"": 8548, ""availability"": ""OutOfStock"", ""url"": ""https://www.1999.co.jp/eng/10084245"", ""condition"": ""NewCondition"", ""fetched_at"": ""2026-09-27T10:02:25.064917""}, {""shop_name"": ""Amiami"", ""price_jpy"": 8370, ""availability"": ""OutOfStock"", ""url"": ""https://www.amiami.com/eng/detail/?gcode=FIG-MOE-0504"", ""condition"": ""NewCondition"", ""fetched_at"": ""2026-09-27T10:02:25.064945""}, {""shop_name"": ""Hobby Link Japan"", ""price_jpy"": 9143, ""availability"": ""OutOfStock"", ""url"": ""https://www.hlj.com/1-6-scale-resinya-portrait-collection-kotori-shirakawa-kazami-gakuen-uniform-csp34071"", ""condition"": ""NewCondition"", ""fetched_at"": ""2026-09-27T10:02:25.064952""}]",,,,0,3,2026-09-27T10:02:25.065027,1.0,"[""jsonl""]"
14864,MyFigureList,https://myfigurelist.com/figure/14864/B-STYLE-ReZERO-Starting-Life-in-Another-World-Rem-Bare-Leg-Bunny-Ver-1-4-Complete-Figure,B-STYLE Re:ZERO -Starting Life in Another World- Rem Bare Leg Bunny Ver. 1/4 Complete Figure,Re: Zero kara Hajimeru Isekai Seikatsu,Rem,FREEing,Scale Figure,2021-10-01,1/4,Masato Abe,,4570001510090,https://cdn.myfigurelist.com/figure-images/4570001510090/B-STYLE-ReZERO-Starting-Life-in-Another-World-Rem-Bare-Leg-Bunny-Ver-1-4-Complete-Figure_5ff42a2c-af5b-4a9a-afe6-aeb40d19fce3.jpg,"[{""shop_name"": ""Figuya"", ""price_jpy"": 55112, ""availability"": ""OutOfStock"", ""url"": ""https://figuya.com/en/products/rem-1-4-b-style-bunny-bare-leg-freeing-29791-en"", ""condition"": ""NewCondition"", ""fetched_at"": ""2026-09-27T10:02:24.868297""}, {""shop_name"": ""Plaza Japan"", ""price_jpy"": 36535, ""availability"": ""InStock"", ""url"": ""https://www.plazajapan.com/4570001510090/"", ""condition"": ""NewCondition"", ""fetched_at"": ""2026-09-27T10:02:24.868321""}, {""shop_name"": ""Amiami"", ""price_jpy"": 18200, ""availability"": ""OutOfStock"", ""url"": ""NOTFOUND"", ""condition"": ""NewCondition"", ""fetched_at"": ""2026-09-27T10:02:24.868327""}, {""shop_name"": ""Hobby Link Japan"", ""price_jpy"": 21850, ""availability"": ""OutOfStock"", ""url"": ""https://www.hlj.com/1-4-scale-re-zero-starting-life-in-another-world-rem-bare-leg-bunny-ver-figure-fre51009"", ""condition"": ""NewCondition"", ""fetched_at"": ""2026-09-27T10:02:24.868331""}, {""shop_name"": ""Ninoma"", ""price_jpy"": 23000, ""availability"": ""OutOfStock"", ""url"": ""https://ninoma.com/products/re-zero-starting-life-in-another-world-rem-bare-legs-bunny-ver-freeing?_pos=1&_sid=bb735bf67&_ss=r"", ""condition"": ""NewCondition"", ""fetched_at"": ""2026-09-27T10:02:24.868336""}, {""shop_name"": ""Lunar Toy Store"", ""price_jpy"": 37440, ""availability"": ""InStock"", ""url"": ""https://www.lunartoystore.com/anime-figures/rem-bare-leg-bunny-ver"", ""condition"": ""NewCondition"", ""fetched_at"": ""2026-09-27T10:02:24.868340""}, {""shop_name"": ""Hobby Search"", ""price_jpy"": 25307, ""availability"": ""OutOfStock"", ""url"": ""https://www.1999.co.jp/eng/10759750"", ""condition"": ""NewCondition"", ""fetched_at"": ""2026-09-27T10:02:24.868344""}, {""shop_name"": ""Animota"", ""price_jpy"": 33620, ""availability"": ""InStock"", ""url"": ""https://animota.net/en-eu/products/animota-e-fig942"", ""condition"": ""NewCondition"", ""fetched_at"": ""2026-09-27T10:02:24.868348""}, {""shop_name"": ""Japan Figure"", ""price_jpy"": 35463, ""availability"": ""InStock"", ""url"": ""https://japan-figure.com/products/re-life-in-a-different-world-from-zero-rem-barefoot-bunny-ver-1-4-scale-pvc-pre-painted-complete-figure"", ""condition"": ""NewCondition"", ""fetched_at"": ""2026-09-27T10:02:24.868352""}, {""shop_name"": ""Solaris Japan"", ""price_jpy"": 33900, ""availability"": ""InStock"", ""url"": ""https://solarisjapan.com/products/re-zero-kara-hajimeru-isekai-seikatsu-rem-b-style-1-4-bare-leg-bunny-ver-freeing?aff=1095"", ""condition"": ""NewCondition"", ""fetched_at"": ""2026-09-27T10:02:24.868356""}, {""shop_name"": ""Nin-Nin Game"", ""price_jpy"": 21505, ""availability"": ""InStock"", ""url"": ""https://www.nin-nin-game.com/en/rezero-starting-life-in-another-world/45244-b-style-rezero-starting-life-in-another-world-rem-bare-leg-bunny-ver-freeing-.html"", ""condition"": ""NewCondition"", ""fetched_at"": ""2026-09-27T10:02:24.868359""}]",,21505,37440,6,11,2026-09-27T10:02:24.868379,1.0,"[""jsonl""]"
10144,MyFigureList,https://myfigurelist.com/figure/10144/Lucky-Star-Tsukasa-Hiiragi-Uniform-Ver-Complete-Figure,Lucky Star - Tsukasa Hiiragi Uniform  Ver. Complete Figure,Lucky Star,Tsukasa Hiiragi,WAVE,Scale Figure,2009-08-01,Non-Scale,Bunmei,,4943209550678,https://cdn.myfigurelist.com/figure-images/4943209550678/Lucky-Star-Tsukasa-Hiiragi-Uniform-Ver-Complete-Figure_f7d7e3e9-8c7f-417a-84fb-df18490ab11c.jpg,"[{""shop_name"": ""Hobby Search"", ""price_jpy"": 3272, ""availability"": ""OutOfStock"", ""url"": ""https://www.1999.co.jp/eng/10086025"", ""condition"": ""NewCondition"", ""fetched_at"": ""2026-09-27T10:02:25.246139""}, {""shop_name"": ""Amiami"", ""price_jpy"": 3200, ""availability"": ""OutOfStock"", ""url"": ""https://www.amiami.com/eng/detail/?gcode=FIG-MOE-0621"", ""condition"": ""NewCondition"", ""fetched_at"": ""2026-09-27T10:02:25.246168""}, {""shop_name"": ""Hobby Link Japan"", ""price_jpy"": 2975, ""availability"": ""OutOfStock"", ""url"": ""https://www.hlj.com/1-12-scale-tsukasa-hiiragi-uniform-ver-pvc-wavnf-67"", ""condition"": ""NewCondition"", ""fetched_at"": ""2026-09-27T10:02:25.246175""}]",,,,0,3,2026-09-27T10:02:25.246195,1.0,"[""jsonl""]"
117768,MyFigureList,https://myfigurelist.com/figure/117768/Senki-Zesshou-Symphogear-G-Maria-Cadenzavna-Eve-1-7,Senki Zesshou Symphogear G - Maria Cadenzavna Eve - 1/7,Senki Zesshou Symphogear,Maria Cadenzavna Eve,Toys-R,Scale Figure,2015-07-26,1/7,,,117768,https://cdn.myfigurelist.com/figure-images/e5039670-6b3d-371c-b48c-47099b204d44/Senki-Zesshou-Symphogear-G-Maria-Cadenzavna-Eve-1-7_c6441624-c978-3ec6-a53d-b352689ceadc.jpg,[],7000,,,0,0,2026-09-27T10:02:25.131706,1.0,"[""jsonl""]"
66931,MyFigureList,https://myfigurelist.com/figure/66931/Kidou-Senshi-Gundam-Phantom-Bullets-MS-06F-Zaku-II-Gunner-Robot-Spirits-Robot-Spirits-ltSide-MSgt-Robot-Spirits-ver-ANIME,Kidou Senshi Gundam: Phantom Bullets - MS-06F Zaku II Gunner - Robot Spirits - Robot Spirits &lt;Side MS&gt; - Robot Spirits ver. A.N.I.M.E.,Kidou Senshi Gundam,MS-06F Zaku II Gunner,BANDAI SPIRITS,Anime Figure,2023-10-01,,,,66931,https://cdn.myfigurelist.com/figure-images/13d0aa31-5a62-3963-8757-06a343978cef/Kidou-Senshi-Gundam-Phantom-Bullets-MS-06F-Zaku-II-Gunner-Robot-Spirits-Robot-Spirits-ltSide-MSgt-Robot-Spirits-ver-ANIME_38f85462-ba40-39b8-a930-a926d971436f.jpg,[],8500,,,0,0,2026-09-27T10:02:27.911891,1.0,"[""jsonl""]"
60605,MyFigureList,https://myfigurelist.com/figure/60605/Golden-Axe-Tyris-Flare-1-12,Golden Axe - Tyris Flare - 1/12,Golden Axe,Tyris Flare,Storm Collectibles,Scale Figure,2022-03-01,1/12,,,4570030946129,https://cdn.myfigurelist.com/figure-images/116b69fc-ac7f-38b5-a778-d7f1ff2672f1/Golden-Axe-Tyris-Flare-1-12_6559e449-bf3b-303f-8503-b0f06d397ead.jpg,"[{""shop_name"": ""Amiami"", ""price_jpy"": 17230, ""availability"": ""OutOfStock"", ""url"": ""NOTFOUND"", ""condition"": ""NewCondition"", ""fetched_at"": ""2026-09-27T10:02:27.815684""}, {""shop_name"": ""Hobby Link Japan"", ""price_jpy"": 17800, ""availability"": ""OutOfStock"", ""url"": ""https://www.hlj.com/golden-axe-tyris-flare-blue-dragon-set-scc94612"", ""condition"": ""NewCondition"", ""fetched_at"": ""2026-09-27T10:02:27.815707""}]",,,,0,2,2026-09-27T10:02:27.815725,1.0,"[""jsonl""]"
125553,MyFigureList,https://myfigurelist.com/figure/125553/Azone-Original-Doll-Black-Raven-Amane-1-3-The-fate-of-blaze-Lost-Souls-Azone-Direct-Store-Ver,"Azone Original Doll - Black Raven - Amane - 1/3 - The fate of blaze ~ Lost Souls~ , Azone Direct Store Ver.",,,Azone,Scale Figure,2015-04-01,1/3,,,4580116049712,https://cdn.myfigurelist.com/figure-images/ea206d61-eff6-350e-b48b-f65f804c4b25/Azone-Original-Doll-Black-Raven-Amane-1-3-The-fate-of-blaze-Lost-Souls-Azone-Direct-Store-Ver_70697ed6-3a59-3615-8ea0-eda946f33536.jpg,[],47000,,,0,0,2026-09-27T10:02:28.156745,1.0,"[""jsonl""]"
575,MyFigureList,https://myfigurelist.com/figure/575/Dakara-Boku-wa-H-ga-Dekinai-Lisara-Restole-Dress-Shirt-Ver-1-8-Complete-Figure,"Dakara Boku wa, H ga Dekinai. - Lisara Restole Dress Shirt Ver. 1/8 Complete Figure","Dakara Boku wa, H ga Dekinai.",Lisara Restole,FREEing,Scale Figure,2014-03-01,1/8,NoRI,,4571245294494,https://cdn.myfigurelist.com/figure-images/4571245294494/Dakara-Boku-wa-H-ga-Dekinai-Lisara-Restole-Dress-Shirt-Ver-1-8-Complete-Figure_2aadc70c-b2f3-4161-81f4-53f3a63b54e1.jpg,"[{""shop_name"": ""Solaris Japan"", ""price_jpy"": 32590, ""availability"": ""InStock"", ""url"": ""https://solarisjapan.com/products/dakara-boku-wa-h-ga-dekinai-lisara-restall-1-8-y-shirt-ver-freeing?aff=1095"", ""condition"": ""UsedCondition"", ""fetched_at"": ""2026-09-27T10:02:28.033495""}]",,32590,32590,1,1,2026-09-27T10:02:28.033540,1.0,"[""jsonl""]"
93373,MyFigureList,https://myfigurelist.com/figure/93373/Sword-Art-Online-Silica-Ichiban-Kuji-Premium-Ichiban-Kuji-Premium-Sword-Art-Online-Stage-1-Kyun-Chara,Sword Art Online - Silica - Ichiban Kuji Premium - Ichiban Kuji Premium Sword Art Online Stage 1 - Kyun-Chara,Sword Art Online,Silica,Banpresto,Anime Figure,2014-03-29,,Toytec,,93373,https://cdn.myfigurelist.com/figure-images/8248c933-33d6-367b-bc2c-2508377e848b/Sword-Art-Online-Silica-Ichiban-Kuji-Premium-Ichiban-Kuji-Premium-Sword-Art-Online-Stage-1-Kyun-Chara_90e1854e-8356-335a-9fca-393867653a10.jpg,[],762,,,0,0,2026-09-27T10:02:30.660425,1.0,"[""jsonl""]"
88694,MyFigureList,https://myfigurelist.com/figure/88694/Koutetsu-Jeeg-Himika-Gutto-Kuru-Figure-Collection-La-beaut-08,Koutetsu Jeeg - Himika - Gutto-Kuru Figure Collection La beauté  (08),Koutetsu Jeeg,Himika,CM's Corporation,Anime Figure,2012-12-01,,,,4571159654520,https://cdn.myfigurelist.com/figure-images/6f28d582-d3ee-36c6-8024-aaa5b3ba70c3/Koutetsu-Jeeg-Himika-Gutto-Kuru-Figure-Collection-La-beaut-08_b6d04e06-9f36-3f36-92be-d11512cf6fa3.jpg,"[{""shop_name"": ""Hobby Link Japan"", ""price_jpy"": 4930, ""availability"": ""OutOfStock"", ""url"": ""https://www.hlj.com/gutto-kuru-figur-la-beaute-queen-homika-cms65452"", ""condition"": ""NewCondition"", ""fetched_at"": ""2026-09-27T10:02:31.309897""}, {""shop_name"": ""Hobby Search"", ""price_jpy"": 5423, ""availability"": ""OutOfStock"", ""url"": ""https://www.1999.co.jp/10198783"", ""condition"": ""NewCondition"", ""fetched_at"": ""2026-09-27T10:02:31.309924""}, {""shop_name"": ""Nin-Nin Game"", ""price_jpy"": 9248, ""availability"": ""OutOfStock"", ""url"": ""https://www.nin-nin-game.com/en/cm-s-corporation/8234-steel-jeeg-joou-himika-gutto-kuru-figure-collection-la-beaute-08-en.html"", ""condition"": ""NewCondition"", ""fetched_at"": ""2026-09-27T10:02:31.309930""}]",,,,0,3,2026-09-27T10:02:31.309947,1.0,"[""jsonl""]"
34238,MyFigureList,https://myfigurelist.com/figure/34238/Metal-Gear-Solid-V-Ground-Zeroes-Naked-Snake-Play-Arts-Kai-Metallic-ver,Metal Gear Solid V: Ground Zeroes - Naked Snake - Play Arts Kai - Metallic ver.,Metal Gear,Jack Snake,,Scale Figure,2014-03-20,1/6,,,34238,https://cdn.myfigurelist.com/figure-images/348af085-474c-3eaa-8f99-b2aed488363a/Metal-Gear-Solid-V-Ground-Zeroes-Naked-Snake-Play-Arts-Kai-Metallic-ver_cd2bc68d-d868-3f7b-9706-d2e18facc331.jpg,[],12638,,,0,0,2026-09-27T10:02:31.198375,1.0,"[""jsonl""]"
76299,MyFigureList,https://myfigurelist.com/figure/76299/Soukou-Kihei-VOTOMS-Fyana-Treasure-Figure-Collection-1-12,Soukou Kihei VOTOMS - Fyana - Treasure Figure Collection - 1/12,Soukou Kihei Votoms,Fyana,WAVE,Scale Figure,2007-01-01,1/12,,,76299,https://cdn.myfigurelist.com/figure-images/3c4e2df5-cfc9-31b8-a166-97dc4d05b630/Soukou-Kihei-VOTOMS-Fyana-Treasure-Figure-Collection-1-12_7753ac5a-2f7a-3464-b176-7110656ed706.jpg,[],6825,,,0,0,2026-09-27T10:02:31.394975,1.0,"[""jsonl""]"
32593,MyFigureList,https://myfigurelist.com/figure/32593/Goshiki-Gamibanashi-Ao-no-Aizome-Aizome-No-Gunyu,Goshiki Gamibanashi - Ao no Aizome - Aizome No Gunyu,Goshiki no Gamibanashi,Ao Aizome,Kitutehu,Scale Figure,2007-10-29,Non-Scale,Kitutehu,,32593,https://cdn.myfigurelist.com/figure-images/10e17c6d-f2d1-3775-9002-33417eff5463/Goshiki-Gamibanashi-Ao-no-Aizome-Aizome-No-Gunyu_3ae46a62-d4cd-3f51-8553-02f612c11690.jpg,"[{""shop_name"": ""Okini Land"", ""price_jpy"": 33235, ""availability"": ""OutOfStock"", ""url"": ""https://okini.land/en/86163-replicaart-series-none-scale-15-inch-star-trek-2009-uss-enterprise-ncc-1701-light-up-starship-hiya-6957534202865.html?id_currency=5"", ""condition"": ""NewCondition"", ""fetched_at"": ""2026-09-27T10:02:30.733875""}]",,,,0,1,2026-09-27T10:02:30.733914,1.0,"[""jsonl""]"
42674,MyFigureList,https://myfigurelist.com/figure/42674/Shin-Seiki-Evangelion-Souryuu-Asuka-Langley-1-8-D-gata-Plugsuit,Shin Seiki Evangelion - Souryuu Asuka Langley - 1/8 - D-gata Plugsuit,Shin Seiki Evangelion,Asuka Langley Souryuu,H2-Project,Scale Figure,2001-08-05,1/8,Katayama Hiroki,,42674,https://cdn.myfigurelist.com/figure-images/34599b9e-a7a6-3580-b486-e6877c74cb3b/Shin-Seiki-Evangelion-Souryuu-Asuka-Langley-1-8-D-gata-Plugsuit_914a3b12-ac7c-3ffa-8704-4b20912429b2.jpg,[],5000,,,0,0,2026-09-27T10:02:34.085206,1.0,"[""jsonl""]"
117664,MyFigureList,https://myfigurelist.com/figure/117664/Touhou-Project-Hakurei-Reimu-Bust,Touhou Project - Hakurei Reimu - Bust,Touhou Project,Reimu Hakurei,ques Q,Anime Figure,2009-02-01,,Zash,,117664,https://cdn.myfigurelist.com/figure-images/e55c3b8b-49b6-3ccf-a9f4-03dc43b106b1/Touhou-Project-Hakurei-Reimu-Bust_ba3a8a10-dc38-39a5-8fa5-3298334740f3.jpg,[],4500,,,0,0,2026-09-27T10:02:33.965427,1.0,"[""jsonl""]"
56971,MyFigureList,https://myfigurelist.com/figure/56971/Touhou-Project-Imaizumi-Kagerou,Touhou Project - Imaizumi Kagerou,Touhou Project,Kagerou Imaizumi,Akimikan,Scale Figure,2016-05-08,Non-Scale,Nekonomikan,,56971,https://cdn.myfigurelist.com/figure-images/e0416588-d67d-3884-b9a7-5a2489b1e945/Touhou-Project-Imaizumi-Kagerou_391e25e8-2e0b-3c40-9d45-7810b9c07c42.jpg,[],7000,,,0,0,2026-09-27T10:02:33.740164,1.0,"[""jsonl""]"
44630,MyFigureList,https://myfigurelist.com/figure/44630/Genshin-Impact-Maha-Rukkhadevata-1-7,Genshin Impact - Maha Rukkhadevata - 1/7,Genshin Impact,Maha Rukkhadevata,Higata Naruyo,Scale Figure,2023-07-30,Non-Scale,Higata Naruyo,,44630,https://cdn.myfigurelist.com/figure-images/b101c2fb-8267-30ef-b80c-e65d5ab080a2/Genshin-Impact-Maha-Rukkhadevata-1-7_44b04f65-52fd-3a9f-88b4-05b39f6346c9.jpg,[],26000,,,0,0,2026-09-27T10:02:33.864510,1.0,"[""jsonl""]"
111741,MyFigureList,https://myfigurelist.com/figure/111741/Yu-Gi-Oh!-Duel-Monsters-GX-Marufuji-Ryou-POP!-Animation-1737-POP!-Vinyl,Yu-Gi-Oh! Duel Monsters GX - Marufuji Ryou - POP! Animation  (1737) - POP! Vinyl,Yu-Gi-Oh! Duel Monsters,Ryou Marufuji,Funko Toys,Anime Figure,2024-11-01,,,,111741,https://cdn.myfigurelist.com/figure-images/cbaa0a4e-4280-3fc3-b311-db1b44ea71fe/Yu-Gi-Oh!-Duel-Monsters-GX-Marufuji-Ryou-POP!-Animation-1737-POP!-Vinyl_a692f020-f844-3178-a31f-e5d4126dc7ae.jpg,[],1976,,,0,0,2026-09-27T10:02:36.725277,1.0,"[""jsonl""]"
8788,MyFigureList,https://myfigurelist.com/figure/8788/Figuarts-ZERO-Monkey-D-Luffy-Trafalgar-Law-5th-Anniversary-Edition-ONE-PIECE,"Figuarts ZERO - Monkey D. Luffy & Trafalgar Law -5th Anniversary Edition- ""ONE PIECE""",One Piece,Trafalgar Law,Bandai,Scale Figure,2015-12-01,Non-Scale,,,4549660022541,https://cdn.myfigurelist.com/figure-images/4549660022541/Figuarts-ZERO-Monkey-D-Luffy-Trafalgar-Law-5th-Anniversary-Edition-ONE-PIECE_dc5b553a-937c-4b9e-93eb-f9a83dcb0685.jpg,"[{""shop_name"": ""Figuya"", ""price_jpy"": 21796, ""availability"": ""OutOfStock"", ""url"": ""https://figuya.com/en/products/monkey-d-luffy-trafalgar-law-figuarts-zero-5th-anniversary-edition"", ""condition"": ""NewCondition"", ""fetched_at"": ""2026-09-27T10:02:36.878329""}, {""shop_name"": ""Meccha Japan"", ""price_jpy"": 32039, ""availability"": ""InStock"", ""url"": ""https://meccha-japan.com/en/figuarts-zero/38895-figure-monkey-d-luffy-trafalgar-law-5th-anniversary-ver-one-piece-figuarts-zero.html"", ""condition"": ""NewCondition"", ""fetched_at"": ""2026-09-27T10:02:36.878397""}, {""shop_name"": ""Hobby Search"", ""price_jpy"": 8602, ""availability"": ""OutOfStock"", ""url"": ""https://www.1999.co.jp/eng/search?typ1_c=101&cat=&state=&sold=0&sortid=6&searchkey=4549660022541"", ""condition"": ""NewCondition"", ""fetched_at"": ""2026-09-27T10:02:36.878408""}, {""shop_name"": ""Amiami"", ""price_jpy"": 7200, ""availability"": ""OutOfStock"", ""url"": ""https://www.amiami.com/eng/detail/?gcode=FIGURE-012850"", ""condition"": ""NewCondition"", ""fetched_at"": ""2026-09-27T10:02:36.878413""}, {""shop_name"": ""Hobby Link Japan"", ""price_jpy"": 8280, ""availability"": ""OutOfStock"", ""url"": ""https://www.hlj.com/figuarts-zero-monkey-d-luffy-trafalgar-law-5th-anniversary-edition-bann02254"", ""condition"": ""NewCondition"", ""fetched_at"": ""2026-09-27T10:02:36.878417""}, {""shop_name"": ""Solaris Japan"", ""price_jpy"": 29336, ""availability"": ""InStock"", ""url"": ""https://solarisjapan.com/products/monkey-d-luffy-trafalgar-law-5th-anniversary-edition?aff=1095"", ""condition"": ""NewCondition"", ""fetched_at"": ""2026-09-27T10:02:36.878421""}, {""shop_name"": ""Nin-Nin Game"", ""price_jpy"": 73803, ""availability"": ""InStock"", ""url"": ""https://www.nin-nin-game.com/en/one-piece/15752-one-piece-monkey-d-luffy-trafalgar-law-5th-anniversary-edition-figuarts-zero-en.html"", ""condition"": ""NewCondition"", ""fetched_at"": ""2026-09-27T10:02:36.878425""}]",,29336,73803,3,7,2026-09-27T10:02:36.878447,1.0,"[""jsonl""]"
125207,MyFigureList,https://myfigurelist.com/figure/125207/The-Boys-Homelander-Mafex-No269-Blood-Splatter-Ver,The Boys - Homelander - Mafex  (No.269) - Blood Splatter Ver.,The Boys,John Gillman,Medicom Toy,Anime Figure,2025-08-23,,Ohata Masato,,4530956472690,https://cdn.myfigurelist.com/figure-images/f60cc2be-4e90-3c0d-b2ba-991bc43d2acf/The-Boys-Homelander-Mafex-No269-Blood-Splatter-Ver_db7e362f-014b-30b8-8a45-0d75bb6f6a4d.jpg,"[{""shop_name"": ""Okini Land"", ""price_jpy"": 14924, ""availability"": ""OutOfStock"", ""url"": ""https://okini.land/en/92774-mafex-homelander-blood-splatter-ver--medicom-toy-4530956472690.html?id_currency=5"", ""condition"": ""NewCondition"", ""fetched_at"": ""2026-09-27T10:02:37.338500""}, {""shop_name"": ""Hobby Link Japan"", ""price_jpy"": 12800, ""availability"": ""OutOfStock"", ""url"": ""https://www.hlj.com/mafex-homelander-blood-splatter-ver-medmafex-269"", ""condition"": ""NewCondition"", ""fetched_at"": ""2026-09-27T10:02:37.338524""}]",,,,0,2,2026-09-27T10:02:37.338543,1.0,"[""jsonl""]"
19406,MyFigureList,https://myfigurelist.com/figure/19406/VIVIgnette-Tenseishitara-Dai-nana-Ouji-datta-node-Kimama-ni-Majutsu-wo-Kiwamemasu-Sylpha-Figure,"VIVIgnette Tenseishitara Dai-nana Ouji datta node, Kimama ni Majutsu wo Kiwamemasu Sylpha Figure","Tensei shitara Dai Nana Ouji Datta node, Kimama ni Majutsu wo Kiwameru",Sylpha Moon,Bandai Namco Film Works,Scale Figure,2025-05-01,Non-Scale,瀬谷,,4934569998071,https://cdn.myfigurelist.com/figure-images/4934569998071/VIVIgnette-Tenseishitara-Dai-nana-Ouji-datta-node-Kimama-ni-Majutsu-wo-Kiwamemasu-Sylpha-Figure_20e86273-0dc4-470e-ad8b-46a3bc8aac5f.jpg,"[{""shop_name"": ""Plaza Japan"", ""price_jpy"": 38809, ""availability"": ""OutOfStock"", ""url"": ""https://www.plazajapan.com/4934569998071/"", ""condition"": ""NewCondition"", ""fetched_at"": ""2026-09-27T10:02:37.153550""}, {""shop_name"": ""Amiami"", ""price_jpy"": 22000, ""availability"": ""InStock"", ""url"": ""NOTFOUND"", ""condition"": ""NewCondition"", ""fetched_at"": ""2026-09-27T10:02:37.153577""}, {""shop_name"": ""Okini Land"", ""price_jpy"": 25650, ""availability"": ""OutOfStock"", ""url"": ""https://okini.land/en/78337-vivignette-sylpha-bandai-namco-filmworks-4934569998071.html?id_currency=5"", ""condition"": ""NewCondition"", ""fetched_at"": ""2026-09-27T10:02:37.153584""}, {""shop_name"": ""Hobby Link Japan"", ""price_jpy"": 20000, ""availability"": ""OutOfStock"", ""url"": ""https://www.hlj.com/vivignette-i-was-reincarnated-as-the-7th-prince-so-i-can-take-my-time-perfecting-my-magical-ability-sylpha-bnf99807"", ""condition"": ""NewCondition"", ""fetched_at"": ""2026-09-27T10:02:37.153589""}, {""shop_name"": ""Ninoma"", ""price_jpy"": 22000, ""availability"": ""OutOfStock"", ""url"": ""https://ninoma.com/products/vivignette-i-was-reincarnated-as-the-7th-prince-so-i-can-take-my-time-perfecting-my-magical-ability-sylpha?_pos=1&_sid=d73aee4ec&_ss=r"", ""condition"": ""NewCondition"", ""fetched_at"": ""2026-09-27T10:02:37.153593""}, {""shop_name"": ""Meccha Japan"", ""price_jpy"": 19801, ""availability"": ""OutOfStock"", ""url"": ""https://meccha-japan.com/en/figures/137558-figure-sylpha-i-was-reincarnated-as-the-7th-prince-so-i-can-take-my-time-perfecting-my-magical-ability-vivignette.html"", ""condition"": ""NewCondition"", ""fetched_at"": ""2026-09-27T10:02:37.153597""}, {""shop_name"": ""Lunar Toy Store"", ""price_jpy"": 30868, ""availability"": ""OutOfStock"", ""url"": ""https://www.lunartoystore.com/vivignette-sylpha-pre-painted-figure"", ""condition"": ""NewCondition"", ""fetched_at"": ""2026-09-27T10:02:37.153601""}, {""shop_name"": ""Hobby Search"", ""price_jpy"": 22035, ""availability"": ""OutOfStock"", ""url"": ""https://www.1999.co.jp/eng/11093617"", ""condition"": ""NewCondition"", ""fetched_at"": ""2026-09-27T10:02:37.153605""}, {""shop_name"": ""Animota"", ""price_jpy"": 51030, ""availability"": ""InStock"", ""url"": ""https://animota.net/en-eu/products/animota-e-pre5460"", ""condition"": ""NewCondition"", ""fetched_at"": ""2026-09-27T10:02:37.153609""}, {""shop_name"": ""Solaris Japan"", ""price_jpy"": 33379, ""availability"": ""InStock"", ""url"": ""https://solarisjapan.com/products/tensei-shitara-dainana-ouji-datta-node-kimama-ni-majutsu-wo-kiwamemasu-sylpha-vivignette-bandai-namco-filmworks-union-creative-international-ltd?aff=1095"", ""condition"": ""NewCondition"", ""fetched_at"": ""2026-09-27T10:02:37.153614""}, {""shop_name"": ""Nin-Nin Game"", ""price_jpy"": 39730, ""availability"": ""InStock"", ""url"": ""https://www.nin-nin-game.com/en/union-creative/129921-i-was-reincarnated-as-the-7th-prince-so-i-can-take-my-time-perfecting-my-magical-ability-sylpha-union-creative-.html"", ""condition"": ""NewCondition"", ""fetched_at"": ""2026-09-27T10:02:37.153618""}, {""shop_name"": ""Hobby Genki"", ""price_jpy"": 20900, ""availability"": ""OutOfStock"", ""url"": ""https://hobby-genki.com/fr/bandai/35266-vivignette-sylpha-i-was-reincarnated-as-the-7th-prince-so-i-can-take-my-time-perfecting-my-magical-ability-4934569998071.html"", ""condition"": ""NewCondition"", ""fetched_at"": ""2026-09-27T10:02:37.153622""}]",,22000,51030,4,12,2026-09-27T10:02:37.153643,1.0,"[""jsonl""]"
45510,MyFigureList,https://myfigurelist.com/figure/45510/Azur-Lane-Tartu-1-7-Overthinking-Summer,Azur Lane - Tartu - 1/7 - Overthinking Summer,Azur Lane,Tartu Le Terrible,Hermit Crab,Scale Figure,2022-07-24,1/7,,,45510,https://cdn.myfigurelist.com/figure-images/0a13ef0a-1ddc-3136-b271-40a56c6c954d/Azur-Lane-Tartu-1-7-Overthinking-Summer_36e68b73-7aa2-3edb-ae32-0e86c2c84135.jpg,[],20000,,,0,0,2026-09-27T10:02:37.242144,1.0,"[""jsonl""]"
83929,MyFigureList,https://myfigurelist.com/figure/83929/Nikukan-Girl-Succubus-Nahato-chan-1-4-Moisture-eye-ver,Nikukan Girl - Succubus Nahato-chan - 1/4 - Moisture eye ver.,,,Insight,Scale Figure,2023-08-01,1/4,Matsurugi,15,4589607796081,https://cdn.myfigurelist.com/figure-images/570f8b59-45c2-3b1b-b550-7e1a2f0d5387/Nikukan-Girl-Succubus-Nahato-chan-1-4-Moisture-eye-ver_6b15ed50-5f42-3fb4-9102-660b5395dd2c.jpg,"[{""shop_name"": ""Nin-Nin Game"", ""price_jpy"": 35569, ""availability"": ""OutOfStock"", ""url"": ""https://www.nin-nin-game.com/en/insight/91935-nikkan-shoujo-original-character-succubus-nacht-chan-14-moisture-eye-ver-limited-quantities-insight-.html"", ""condition"": ""NewCondition"", ""fetched_at"": ""2026-09-27T10:02:40.262867""}]",,,,0,1,2026-09-27T10:02:40.262905,1.0,"[""csv"", ""jsonl""]"
9469,MyFigureList,https://myfigurelist.com/figure/9469/Is-the-order-a-rabbit-Cocoa-Cafe-Style-1-7-Complete-Figure,Is the order a rabbit?? - Cocoa (Cafe Style) 1/7 Complete Figure,Gochuumon wa Usagi desu ka?,Cocoa Hoto,Plum,Scale Figure,2018-06-01,1/7,,,4582362382308,https://cdn.myfigurelist.com/figure-images/4582362382308/Is-the-order-a-rabbit-Cocoa-Cafe-Style-1-7-Complete-Figure_9c830865-34fe-4e6e-acc0-3a3dc2bdc4ef.jpg,"[{""shop_name"": ""Lunar Toy Store"", ""price_jpy"": 23426, ""availability"": ""OutOfStock"", ""url"": ""https://www.lunartoystore.com/4582362382308"", ""condition"": ""NewCondition"", ""fetched_at"": ""2026-09-27T10:02:39.754030""}, {""shop_name"": ""Amiami"", ""price_jpy"": 11470, ""availability"": ""OutOfStock"", ""url"": ""https://www.amiami.com/eng/detail/?gcode=FIGURE-038317"", ""condition"": ""NewCondition"", ""fetched_at"": ""2026-09-27T10:02:39.754052""}, {""shop_name"": ""Hobby Link Japan"", ""price_jpy"": 12500, ""availability"": ""OutOfStock"", ""url"": ""https://www.hlj.com/1-7-scale-is-the-order-a-rabbit-cocoa-cafe-style-pvc-poa38230"", ""condition"": ""NewCondition"", ""fetched_at"": ""2026-09-27T10:02:39.754057""}, {""shop_name"": ""Solaris Japan"", ""price_jpy"": 14118, ""availability"": ""InStock"", ""url"": ""https://solarisjapan.com/products/gochuumon-wa-usagi-desu-ka-hoto-kokoa-1-7-cafe-style-plum?aff=1095"", ""condition"": ""NewCondition"", ""fetched_at"": ""2026-09-27T10:02:39.754061""}, {""shop_name"": ""Nin-Nin Game"", ""price_jpy"": 13706, ""availability"": ""OutOfStock"", ""url"": ""https://www.nin-nin-game.com/en/is-the-order-a-rabbit/26853-is-the-order-a-rabbit-gochuumon-wa-usagi-desu-ka-cocoa-cafe-style-reissue-plum-.html"", ""condition"": ""NewCondition"", ""fetched_at"": ""2026-09-27T10:02:39.754065""}]",,14118,14118,1,5,2026-09-27T10:02:39.754083,1.0,"[""jsonl""]"
75801,MyFigureList,https://myfigurelist.com/figure/75801/Azur-Lane-USS-Cowpens-1-7-Milky-Care,Azur Lane - USS Cowpens - 1/7 - Milky Care,Azur Lane,Cowpens,Josenoshin,Scale Figure,2026-03-01,1/7,Jose,,75801,https://cdn.myfigurelist.com/figure-images/3a279875-7221-33f7-be29-74fbfe417141/Azur-Lane-USS-Cowpens-1-7-Milky-Care_88942d58-13d3-3af9-b6ff-1dbf80a5468a.jpg,[],13000,13000,13000,0,0,2026-09-27T10:02:40.073383,1.0,"[""csv"", ""jsonl""]"
65764,MyFigureList,https://myfigurelist.com/figure/65764/Bokura-wa-Mahou-Shounen-Odagiri-Kaito,Bokura wa Mahou Shounen - Odagiri Kaito,Bokura wa Mahou Shounen,Kaito Odagiri,Kesshou Doukutsu,Anime Figure,2023-02-12,,,,65764,https://cdn.myfigurelist.com/figure-images/0f131e43-4e6f-37c4-b7e8-a3f5534140d9/Bokura-wa-Mahou-Shounen-Odagiri-Kaito_69e6bb25-1da7-326b-ad7b-243d44d519c4.jpg,[],7000,,,0,0,2026-09-27T10:02:40.149148,1.0,"[""jsonl""]"
39419,MyFigureList,https://myfigurelist.com/figure/39419/ReZero-kara-Hajimeru-Isekai-Seikatsu-Felix-Argyle,Re:Zero kara Hajimeru Isekai Seikatsu - Felix Argyle,Re:Zero kara Hajimeru Isekai Seikatsu,Felix Argyle,Acperience,Scale Figure,2018-02-18,1/7,,,39419,https://cdn.myfigurelist.com/figure-images/7686a052-48e5-3835-a9f0-3e85d6764f85/ReZero-kara-Hajimeru-Isekai-Seikatsu-Felix-Argyle_e36f27dd-f01c-332d-b790-3300cddc2049.jpg,[],8000,,,0,0,2026-09-27T10:02:43.206689,1.0,"[""jsonl""]"
66468,MyFigureList,https://myfigurelist.com/figure/66468/Sandra-Type-1,Sandra - Type 1,,,Myou Doll,Anime Figure,2020-09-24,,,,66468,https://cdn.myfigurelist.com/figure-images/11de3623-a49d-3265-b2a6-929dd8c70f39/Sandra-Type-1_f315706d-54b0-3cab-a840-1917cfb9f5dc.jpg,[],38273,,,0,0,2026-09-27T10:02:43.019134,1.0,"[""jsonl""]"
30273,MyFigureList,https://myfigurelist.com/figure/30273/One-Piece-Kozuki-Hiyori-Kimekomi-Ningyou-Special-price-set-with-exclusive-glass-case,One Piece - Kozuki Hiyori - Kimekomi Ningyou - Special price set with exclusive glass case,One Piece,Hiyori Kozuki,,Scale Figure,2024-02-01,Non-Scale,Pinpoint,,4535123836626,https://cdn.myfigurelist.com/figure-images/4535123836626/One-Piece-Kozuki-Hiyori-Kimekomi-Ningyou-Special-price-set-with-exclusive-glass-case_7f8dbc51-a24f-3a28-bb76-f860c29025d0.jpg,"[{""shop_name"": ""Nin-Nin Game"", ""price_jpy"": 247968, ""availability"": ""OutOfStock"", ""url"": ""https://www.nin-nin-game.com/en/one-piece/94686-kimekomi-ningyou-one-piece-kozuki-hiyori-limited-japanese-doll-with-exclusive-glass-case-kyugetsu-megahouse-.html"", ""condition"": ""NewCondition"", ""fetched_at"": ""2026-09-27T10:02:43.422208""}]",,,,0,1,2026-09-27T10:02:43.422247,1.0,"[""jsonl""]"
125612,MyFigureList,https://myfigurelist.com/figure/125612/Macross-Frontier-Ranka-Lee-Excellent-Model-1-8-NA-Limited-Color-ver,Macross Frontier - Ranka Lee - Excellent Model - 1/8 - N.A Limited Color ver.,Macross Frontier,Ranka Lee,MegaHouse,Scale Figure,2009-06-08,1/8,Nakajima Shuuji,,4535123712210,https://cdn.myfigurelist.com/figure-images/f48c61ac-5df3-3392-bf2d-c64f32f4a05f/Macross-Frontier-Ranka-Lee-Excellent-Model-1-8-NA-Limited-Color-ver_dd87dfa3-c60a-338a-a953-1a2380423798.jpg,[],5700,,,0,0,2026-09-27T10:02:43.325273,1.0,"[""jsonl""]"
87193,MyFigureList,https://myfigurelist.com/figure/87193/Link-Click-Lu-Guang-Link-Click-Shi-Guang-Sen-Ling-Series,Link Click - Lu Guang - Link Click Shi Guang Sen Ling Series,Shiguang Dailiren,Lu Guang,Minidoll,Anime Figure,2025-03-01,,,,87193,https://cdn.myfigurelist.com/figure-images/69132134-70f1-38fe-9b27-f93b737d4a2a/Link-Click-Lu-Guang-Link-Click-Shi-Guang-Sen-Ling-Series_b0c4a935-481a-3fc0-97d1-5d967e9c6425.jpg,[],2052,,,0,0,2026-09-27T10:02:46.147142,1.0,"[""jsonl""]"
4974,MyFigureList,https://myfigurelist.com/figure/4974/My-Hero-Academia-Tsuyu-Asui-Hero-Suit-Ver-2P-Color-1-8-Complete-Figure,My Hero Academia Tsuyu Asui Hero Suit Ver. 2P Color 1/8 Complete Figure,Boku no Hero Academia,Tsuyu Asui,Takara Tomy,Scale Figure,2024-03-01,1/8,Yoshinori Itou,,4573347242519,https://cdn.myfigurelist.com/figure-images/4573347242519/My-Hero-Academia-Tsuyu-Asui-Hero-Suit-Ver-2P-Color-1-8-Complete-Figure_85570f19-43ea-416c-9104-b642a8890b5b.jpg,"[{""shop_name"": ""Amiami"", ""price_jpy"": 14850, ""availability"": ""InStock"", ""url"": ""https://www.amiami.com/eng/detail/?gcode=FIGURE-051810"", ""condition"": ""NewCondition"", ""fetched_at"": ""2026-09-27T10:02:46.257165""}, {""shop_name"": ""Solaris Japan"", ""price_jpy"": 14052, ""availability"": ""InStock"", ""url"": ""https://solarisjapan.com/products/boku-no-hero-academia-asui-tsuyu-1-8-hero-suit-ver-2p-color-bell-fine-takara-tomy?aff=1095"", ""condition"": ""NewCondition"", ""fetched_at"": ""2026-09-27T10:02:46.257192""}]",,14052,14850,2,2,2026-09-27T10:02:46.257213,1.0,"[""jsonl""]"
112360,MyFigureList,https://myfigurelist.com/figure/112360/Saint-Seiya-Sagittarius-Seiya-Candy-Toy-Saint-Seiya-Daizenshuu,Saint Seiya - Sagittarius Seiya - Candy Toy - Saint Seiya Daizenshuu,Saint Seiya,Seiya Sagittarius,Bandai,Anime Figure,2016-12-19,,,,4549660097846,https://cdn.myfigurelist.com/figure-images/cdee33e3-3149-3a54-8ebe-eff2bc28e6ca/Saint-Seiya-Sagittarius-Seiya-Candy-Toy-Saint-Seiya-Daizenshuu_2964436f-bcf2-3a5d-8aaa-e9ca5df56ebd.jpg,"[{""shop_name"": ""Amiami"", ""price_jpy"": 2100, ""availability"": ""OutOfStock"", ""url"": ""https://www.amiami.com/eng/detail/?gcode=GOODS-00097554"", ""condition"": ""NewCondition"", ""fetched_at"": ""2026-09-27T10:02:45.804015""}, {""shop_name"": ""Hobby Link Japan"", ""price_jpy"": 2250, ""availability"": ""OutOfStock"", ""url"": ""https://www.hlj.com/saint-seiya-daizenshuu-sagittarius-seiya-bann09784"", ""condition"": ""NewCondition"", ""fetched_at"": ""2026-09-27T10:02:45.804040""}, {""shop_name"": ""Hobby Search"", ""price_jpy"": 2612, ""availability"": ""OutOfStock"", ""url"": ""https://www.1999.co.jp/10397644"", ""condition"": ""NewCondition"", ""fetched_at"": ""2026-09-27T10:02:45.804045""}, {""shop_name"": ""Nin-Nin Game"", ""price_jpy"": 7140, ""availability"": ""OutOfStock"", ""url"": ""https://www.nin-nin-game.com/en/saint-seiya/19196-saint-seiya-daizenshu-sagittarius-seiya-bandai-en.html"", ""condition"": ""NewCondition"", ""fetched_at"": ""2026-09-27T10:02:45.804049""}]",,,,0,4,2026-09-27T10:02:45.804066,1.0,"[""jsonl""]"
32740,MyFigureList,https://myfigurelist.com/figure/32740/Bishoujo-Senshi-Sailor-Moon-Sailor-Saturn-POP!-Animation-299-POP!-Vinyl-13756,Bishoujo Senshi Sailor Moon - Sailor Saturn - POP! Animation  (299) - POP! Vinyl  (13756),Bishoujo Senshi Sailor Moon,Hotaru Tomoe,Funko Toys,Scale Figure,2017-09-23,Non-Scale,,,32740,https://cdn.myfigurelist.com/figure-images/3940862c-bff7-3c74-878b-89a6dfaebe22/Bishoujo-Senshi-Sailor-Moon-Sailor-Saturn-POP!-Animation-299-POP!-Vinyl-13756_b0829cff-61ed-3ee5-abd6-2bdc9a4dc8ab.jpg,"[{""shop_name"": ""Okini Land"", ""price_jpy"": 33235, ""availability"": ""OutOfStock"", ""url"": ""https://okini.land/en/86163-replicaart-series-none-scale-15-inch-star-trek-2009-uss-enterprise-ncc-1701-light-up-starship-hiya-6957534202865.html?id_currency=5"", ""condition"": ""NewCondition"", ""fetched_at"": ""2026-09-27T10:02:48.982053""}]",,,,0,1,2026-09-27T10:02:48.982090,1.0,"[""jsonl""]"
108522,MyFigureList,https://myfigurelist.com/figure/108522/Sanrio-Characters-Tuxedo-Sam-LOL-Loves-Hello-Kitty-Reversible-Plush-Surprise-LOL-Surprise!-Sailor-Tuxedosam,Sanrio Characters - Tuxedo Sam - L.O.L. Loves Hello Kitty Reversible Plush Surprise - L.O.L. Surprise! - Sailor Tuxedosam,Sanrio Characters,Tuxedo Sam,MGA Entertainment,Anime Figure,2025-12-01,,,,108522,https://cdn.myfigurelist.com/figure-images/bf481eea-58a3-3bee-a462-74f5d7808880/Sanrio-Characters-Tuxedo-Sam-LOL-Loves-Hello-Kitty-Reversible-Plush-Surprise-LOL-Surprise!-Sailor-Tuxedosam_e5014806-a6cc-3917-8534-0042c8a58466.jpg,[],2221,2221,2221,0,0,2026-09-27T10:02:48.718067,0.95,"[""csv"", ""jsonl""]"
113241,MyFigureList,https://myfigurelist.com/figure/113241/Pop-Mate-Rio-1-3-Black-hair-bikini-version,Pop Mate - Rio - 1/3 - Black hair bikini version,,,Tokyo Doll,Scale Figure,2011-06-01,1/3,,,113241,https://cdn.myfigurelist.com/figure-images/d0c218c7-63aa-3ed3-8ae3-544ccb869d6c/Pop-Mate-Rio-1-3-Black-hair-bikini-version_aad54c0d-7ec1-38a2-a904-1e9503736c2b.jpg,[],81050,,,0,0,2026-09-27T10:02:48.899539,1.0,"[""jsonl""]"
96564,MyFigureList,https://myfigurelist.com/figure/96564/Komi-san-wa-Komyushou-Desu-Komi-Shouko-Bust-Maid,Komi-san wa Komyushou Desu. - Komi Shouko - Bust - Maid,"Komi-san wa, Komyushou desu.",Shouko Komi,Edge,Anime Figure,2023-07-30,,,,96564,https://cdn.myfigurelist.com/figure-images/8f167487-cd95-3b3e-8bc7-2618f2f165b0/Komi-san-wa-Komyushou-Desu-Komi-Shouko-Bust-Maid_6997d980-b3a4-32aa-affa-15dbf73a371a.jpg,[],1500,,,0,0,2026-09-27T10:02:48.786580,1.0,"[""jsonl""]"
26581,MyFigureList,https://myfigurelist.com/figure/26581/Play-Arts-Kai-BAYONETTA-Bayonetta-Action-Figure,Play Arts Kai - BAYONETTA: Bayonetta Action Figure,,,Square Enix,Scale Figure,2010-06-01,Non-Scale,,,4988601313766,https://cdn.myfigurelist.com/figure-images/4988601313766/Play-Arts-Kai-BAYONETTA-Bayonetta-Action-Figure_4ec6cb6e-65a9-4075-bff6-8fa8b015158b.jpg,"[{""shop_name"": ""Amiami"", ""price_jpy"": 3675, ""availability"": ""OutOfStock"", ""url"": ""NOTFOUND"", ""condition"": ""NewCondition"", ""fetched_at"": ""2026-09-27T10:02:49.191142""}, {""shop_name"": ""Hobby Link Japan"", ""price_jpy"": 3825, ""availability"": ""OutOfStock"", ""url"": ""https://www.hlj.com/play-arts-kai-action-figure-bayonetta-enx31376"", ""condition"": ""NewCondition"", ""fetched_at"": ""2026-09-27T10:02:49.191170""}, {""shop_name"": ""Hobby Search"", ""price_jpy"": 4207, ""availability"": ""OutOfStock"", ""url"": ""https://www.1999.co.jp/10107857"", ""condition"": ""NewCondition"", ""fetched_at"": ""2026-09-27T10:02:49.191176""}, {""shop_name"": ""Nin-Nin Game"", ""price_jpy"": 39922, ""availability"": ""OutOfStock"", ""url"": ""https://www.nin-nin-game.com/en/play-arts-hidden/32929-bayonetta-bayonetta-play-arts-kai-square-enix-used-en.html"", ""condition"": ""NewCondition"", ""fetched_at"": ""2026-09-27T10:02:49.191181""}]",,,,0,4,2026-09-27T10:02:49.191201,1.0,"[""jsonl""]"
18222,MyFigureList,https://myfigurelist.com/figure/18222/Blue-Archive-Azusa-Swimsuit-1-7-Complete-Figure,Blue Archive Azusa (Swimsuit) 1/7 Complete Figure,Blue Archive,Azusa Shirasu,elegant,Scale Figure,2024-11-01,1/7,Takeuchi,,4595986922010,https://cdn.myfigurelist.com/figure-images/4595986922010/Blue-Archive-Azusa-Swimsuit-1-7-Complete-Figure_26ef7517-2dd5-460a-9fb0-1835045a8255.jpg,"[{""shop_name"": ""Amiami"", ""price_jpy"": 32980, ""availability"": ""InStock"", ""url"": ""NOTFOUND"", ""condition"": ""NewCondition"", ""fetched_at"": ""2026-09-27T10:02:52.046199""}, {""shop_name"": ""Okini Land"", ""price_jpy"": 33113, ""availability"": ""OutOfStock"", ""url"": ""https://okini.land/en/60942-azusa-swimwear-1-7-scale-figure-elegant-4595986922010.html?id_currency=5"", ""condition"": ""NewCondition"", ""fetched_at"": ""2026-09-27T10:02:52.046224""}, {""shop_name"": ""Hobby Link Japan"", ""price_jpy"": 28400, ""availability"": ""OutOfStock"", ""url"": ""https://www.hlj.com/1-7-scale-blue-archive-azusa-swimsuit-elg92201"", ""condition"": ""NewCondition"", ""fetched_at"": ""2026-09-27T10:02:52.046229""}, {""shop_name"": ""Ninoma"", ""price_jpy"": 58273, ""availability"": ""InStock"", ""url"": ""https://ninoma.com/products/blue-archive-azusa-swimsuit-1-7-scale?_pos=1&_sid=db194fd76&_ss=r"", ""condition"": ""NewCondition"", ""fetched_at"": ""2026-09-27T10:02:52.046234""}, {""shop_name"": ""Meccha Japan"", ""price_jpy"": 45000, ""availability"": ""OutOfStock"", ""url"": ""https://meccha-japan.com/en/figures/124359-figure-azusa-swimsuit-ver-blue-archive.html"", ""condition"": ""NewCondition"", ""fetched_at"": ""2026-09-27T10:02:52.046238""}, {""shop_name"": ""Lunar Toy Store"", ""price_jpy"": 68981, ""availability"": ""OutOfStock"", ""url"": ""https://www.lunartoystore.com/azusa-swimsuit"", ""condition"": ""NewCondition"", ""fetched_at"": ""2026-09-27T10:02:52.046242""}, {""shop_name"": ""Hobby Search"", ""price_jpy"": 31240, ""availability"": ""OutOfStock"", ""url"": ""https://www.1999.co.jp/11042409"", ""condition"": ""NewCondition"", ""fetched_at"": ""2026-09-27T10:02:52.046247""}, {""shop_name"": ""Solaris Japan"", ""price_jpy"": 43997, ""availability"": ""InStock"", ""url"": ""https://solarisjapan.com/products/blue-archive-shirasu-azusa-1-7-swimsuit-ver-apex-innovation-elegant?aff=1095"", ""condition"": ""NewCondition"", ""fetched_at"": ""2026-09-27T10:02:52.046252""}, {""shop_name"": ""Nin-Nin Game"", ""price_jpy"": 64740, ""availability"": ""OutOfStock"", ""url"": ""https://www.nin-nin-game.com/en/japanese-import-hobbies-toys-game-character/110168-blue-archive-shirasu-azusa-17-swimsuit-ver-apex-elegant-.html"", ""condition"": ""NewCondition"", ""fetched_at"": ""2026-09-27T10:02:52.046256""}, {""shop_name"": ""Hobby Genki"", ""price_jpy"": 28116, ""availability"": ""OutOfStock"", ""url"": ""https://hobby-genki.com/fr/blue-archive/26889-azusa-swimsuit-blue-archive-17-scale-figure-4595986922010.html"", ""condition"": ""NewCondition"", ""fetched_at"": ""2026-09-27T10:02:52.046260""}]",,32980,58273,3,10,2026-09-27T10:02:52.046280,1.0,"[""jsonl""]"
2581,MyFigureList,https://myfigurelist.com/figure/2581/Nendoroid-Love-Producer-EVOL-x-LOVE-Shaw-Goodsmile-Online-Shop-Exclusive,Nendoroid Love & Producer -EVOL x LOVE- Shaw [Goodsmile Online Shop Exclusive],Koi to Producer: EVOL x LOVE,Simon Shaw,Good Smile Arts Shanghai,Scale Figure,2022-05-01,Non-Scale,Toytech D.T.C,,4580590125889,https://cdn.myfigurelist.com/figure-images/4580590125889/Nendoroid-Love-Producer-EVOL-x-LOVE-Shaw-Goodsmile-Online-Shop-Exclusive_5f21598d-c4c9-437f-a6ca-1c9687766158.jpg,"[{""shop_name"": ""Figuya"", ""price_jpy"": 12068, ""availability"": ""OutOfStock"", ""url"": ""https://figuya.com/en/products/nendoroid-1686-ling-xiao-33672-en"", ""condition"": ""NewCondition"", ""fetched_at"": ""2026-09-27T10:02:52.151936""}, {""shop_name"": ""Plaza Japan"", ""price_jpy"": 17864, ""availability"": ""InStock"", ""url"": ""https://www.plazajapan.com/4580590125889/"", ""condition"": ""NewCondition"", ""fetched_at"": ""2026-09-27T10:02:52.151974""}, {""shop_name"": ""Amiami"", ""price_jpy"": 5290, ""availability"": ""OutOfStock"", ""url"": ""https://www.amiami.com/eng/detail/?gcode=FIGURE-130399"", ""condition"": ""NewCondition"", ""fetched_at"": ""2026-09-27T10:02:52.151981""}, {""shop_name"": ""Okini Land"", ""price_jpy"": 4851, ""availability"": ""OutOfStock"", ""url"": ""https://okini.land/en/26829-nendoroid-xiao-ling-sho-good-smile-arts-shanghai-4580590125889.html"", ""condition"": ""NewCondition"", ""fetched_at"": ""2026-09-27T10:02:52.151986""}, {""shop_name"": ""Hobby Link Japan"", ""price_jpy"": 5498, ""availability"": ""OutOfStock"", ""url"": ""https://www.hlj.com/nendoroid-xiao-ling-love-producer-gsc12588"", ""condition"": ""NewCondition"", ""fetched_at"": ""2026-09-27T10:02:52.151991""}, {""shop_name"": ""Ninoma"", ""price_jpy"": 17561, ""availability"": ""InStock"", ""url"": ""https://ninoma.com/products/mr-love-queens-choice-nendoroid-1686-xiao-ling-sho?_pos=1&_sid=7d635872e&_ss=r"", ""condition"": ""NewCondition"", ""fetched_at"": ""2026-09-27T10:02:52.152000""}, {""shop_name"": ""Meccha Japan"", ""price_jpy"": 18075, ""availability"": ""InStock"", ""url"": ""https://meccha-japan.com/en/chibi-style/33261-nendoroid-xiao-ling-mr-love-queens-choice.html"", ""condition"": ""NewCondition"", ""fetched_at"": ""2026-09-27T10:02:52.152004""}, {""shop_name"": ""Lunar Toy Store"", ""price_jpy"": 9582, ""availability"": ""OutOfStock"", ""url"": ""https://www.lunartoystore.com/catalogsearch/result/?q=4580590125889"", ""condition"": ""NewCondition"", ""fetched_at"": ""2026-09-27T10:02:52.152009""}, {""shop_name"": ""Hobby Search"", ""price_jpy"": 5353, ""availability"": ""OutOfStock"", ""url"": ""https://www.1999.co.jp/eng/search?typ1_c=101&cat=&state=&sold=0&sortid=6&searchkey=4580590125889"", ""condition"": ""NewCondition"", ""fetched_at"": ""2026-09-27T10:02:52.152013""}, {""shop_name"": ""Animota"", ""price_jpy"": 7241, ""availability"": ""InStock"", ""url"": ""https://animota.net/products/animota-e-fig1563"", ""condition"": ""NewCondition"", ""fetched_at"": ""2026-09-27T10:02:52.152019""}, {""shop_name"": ""Japan Figure"", ""price_jpy"": 17088, ""availability"": ""InStock"", ""url"": ""https://japan-figure.com/products/nendoroid-koi-to-producer-evol-x-love-show-non-scale-abs-amp-pvc-pre-painted-movable-figure"", ""condition"": ""NewCondition"", ""fetched_at"": ""2026-09-27T10:02:52.152023""}, {""shop_name"": ""Solaris Japan"", ""price_jpy"": 7162, ""availability"": ""InStock"", ""url"": ""https://solarisjapan.com/products/lian-yu-zhi-zuo-ren-ling-xiao-nendoroid-1686-good-smile-arts-shanghai-good-smile-company?aff=1095"", ""condition"": ""NewCondition"", ""fetched_at"": ""2026-09-27T10:02:52.152028""}, {""shop_name"": ""Nin-Nin Game"", ""price_jpy"": 17191, ""availability"": ""InStock"", ""url"": ""https://www.nin-nin-game.com/en/nendoroid/51037-nendoroid-love-producer-evol-x-love-xiao-ling-nendoroid-1686-.html"", ""condition"": ""NewCondition"", ""fetched_at"": ""2026-09-27T10:02:52.152032""}]",,7162,18075,7,13,2026-09-27T10:02:52.152058,1.0,"[""jsonl""]"
811,MyFigureList,https://myfigurelist.com/figure/811/Fate-stay-night-Master-Altria-1-7-Complete-Figure,Fate/stay night - Master Altria 1/7 Complete Figure,Fate/stay night,Altria Pendragon,Alter,Scale Figure,2016-07-01,1/7,Ryo Hashimoto,,4560228204308,https://cdn.myfigurelist.com/figure-images/4560228204308/Fate-stay-night-Master-Altria-1-7-Complete-Figure_3472f51e-efc1-4cb1-89ca-ea4f4c4746c2.jpg,"[{""shop_name"": ""Figuya"", ""price_jpy"": 32883, ""availability"": ""OutOfStock"", ""url"": ""https://figuya.com/en/products/master-artoria-altria-alter-re-release-6434-en"", ""condition"": ""NewCondition"", ""fetched_at"": ""2026-09-27T10:02:51.777673""}, {""shop_name"": ""Amiami"", ""price_jpy"": 13800, ""availability"": ""OutOfStock"", ""url"": ""https://www.amiami.com/eng/detail/?gcode=FIGURE-017051"", ""condition"": ""NewCondition"", ""fetched_at"": ""2026-09-27T10:02:51.777701""}, {""shop_name"": ""Okini Land"", ""price_jpy"": 15449, ""availability"": ""OutOfStock"", ""url"": ""https://okini.land/en/9853-master-altria-alter.html"", ""condition"": ""NewCondition"", ""fetched_at"": ""2026-09-27T10:02:51.777709""}, {""shop_name"": ""Hobby Link Japan"", ""price_jpy"": 12800, ""availability"": ""OutOfStock"", ""url"": ""https://www.hlj.com/1-7-scale-fate-stay-night-master-artoria-pvc-reissue-alt20430-2"", ""condition"": ""NewCondition"", ""fetched_at"": ""2026-09-27T10:02:51.777714""}, {""shop_name"": ""Ninoma"", ""price_jpy"": 26470, ""availability"": ""InStock"", ""url"": ""https://ninoma.com/products/fate-stay-night-master-arturia?_pos=1&_sid=90de30141&_ss=r"", ""condition"": ""NewCondition"", ""fetched_at"": ""2026-09-27T10:02:51.777718""}, {""shop_name"": ""Meccha Japan"", ""price_jpy"": 32071, ""availability"": ""InStock"", ""url"": ""https://meccha-japan.com/en/figures/24211-figure-master-altria-fate-stay-night.html"", ""condition"": ""NewCondition"", ""fetched_at"": ""2026-09-27T10:02:51.777723""}, {""shop_name"": ""Lunar Toy Store"", ""price_jpy"": 22209, ""availability"": ""OutOfStock"", ""url"": ""https://www.lunartoystore.com/4560228204308"", ""condition"": ""NewCondition"", ""fetched_at"": ""2026-09-27T10:02:51.777728""}, {""shop_name"": ""Hobby Search"", ""price_jpy"": 13376, ""availability"": ""OutOfStock"", ""url"": ""https://www.1999.co.jp/eng/10374125"", ""condition"": ""NewCondition"", ""fetched_at"": ""2026-09-27T10:02:51.777733""}, {""shop_name"": ""Akibasoul"", ""price_jpy"": 14320, ""availability"": ""InStock"", ""url"": ""https://www.akibasoul.com/?s=4560228204308%&post_type=product"", ""condition"": ""NewCondition"", ""fetched_at"": ""2026-09-27T10:02:51.777737""}, {""shop_name"": ""Animota"", ""price_jpy"": 25652, ""availability"": ""InStock"", ""url"": ""https://animota.net/products/animota-e-fig25"", ""condition"": ""NewCondition"", ""fetched_at"": ""2026-09-27T10:02:51.777741""}, {""shop_name"": ""Japan Figure"", ""price_jpy"": 22993, ""availability"": ""InStock"", ""url"": ""https://japan-figure.com/products/alter-fate-stay-night-master-altria-1-7-pvc-figure-f-s-alter"", ""condition"": ""NewCondition"", ""fetched_at"": ""2026-09-27T10:02:51.777745""}, {""shop_name"": ""Solaris Japan"", ""price_jpy"": 26966, ""availability"": ""InStock"", ""url"": ""https://solarisjapan.com/products/fate-stay-night-master-artoria-1-7-alter?aff=1095"", ""condition"": ""NewCondition"", ""fetched_at"": ""2026-09-27T10:02:51.777750""}, {""shop_name"": ""Nin-Nin Game"", ""price_jpy"": 26049, ""availability"": ""InStock"", ""url"": ""https://www.nin-nin-game.com/en/fatestay-night-/31837-fatestay-night-master-altria-reissue-alter-.html"", ""condition"": ""NewCondition"", ""fetched_at"": ""2026-09-27T10:02:51.777754""}]",,14320,32071,7,13,2026-09-27T10:02:51.777774,1.0,"[""jsonl""]"
125457,MyFigureList,https://myfigurelist.com/figure/125457/One-Piece-Tony-Tony-Chopper-Excellent-Model-Portrait-Of-Pirates-Sailing-Again-1-8-Crimin-ver,"One Piece - Tony Tony Chopper - Excellent Model - Portrait Of Pirates ""Sailing Again"" - 1/8 - Crimin ver.",One Piece,Tony Tony Chopper,MegaHouse,Scale Figure,2013-12-21,1/8,,,4535123714368,https://cdn.myfigurelist.com/figure-images/e18f0a1c-5581-3e65-b411-cf124ec0479f/One-Piece-Tony-Tony-Chopper-Excellent-Model-Portrait-Of-Pirates-Sailing-Again-1-8-Crimin-ver_af70f6f7-1b14-35ac-8d2e-513d1582a7b3.jpg,[],2857,,,0,0,2026-09-27T10:02:51.905023,1.0,"[""jsonl""]"
96111,MyFigureList,https://myfigurelist.com/figure/96111/Haou-Daikei-Ryuu-Knight-Dark-Knight-Steru-Variable-Action,Haou Daikei Ryuu Knight - Dark Knight Steru - Variable Action,Haou Daikei Ryuu Knight,Dark Knight Steru,MegaHouse,Anime Figure,2010-06-01,,,,4535123811401,https://cdn.myfigurelist.com/figure-images/8cfcae35-8e6b-3aae-bc53-537a4625111b/Haou-Daikei-Ryuu-Knight-Dark-Knight-Steru-Variable-Action_04d51f51-2dce-3324-92af-deba2adb0330.jpg,"[{""shop_name"": ""Hobby Link Japan"", ""price_jpy"": 4950, ""availability"": ""OutOfStock"", ""url"": ""https://www.hlj.com/variable-action-dark-knight-steru-meg81140"", ""condition"": ""NewCondition"", ""fetched_at"": ""2026-09-27T10:02:55.287277""}, {""shop_name"": ""Ninoma"", ""price_jpy"": 12134, ""availability"": ""InStock"", ""url"": ""https://ninoma.com/products/dark-knight-steru-variable-action-haou-daikei-ryuu-knight-megahouse?_pos=1&_sid=75c8cc3a0&_ss=r"", ""condition"": ""NewCondition"", ""fetched_at"": ""2026-09-27T10:02:55.287300""}, {""shop_name"": ""Hobby Search"", ""price_jpy"": 5142, ""availability"": ""OutOfStock"", ""url"": ""https://www.1999.co.jp/10111901"", ""condition"": ""NewCondition"", ""fetched_at"": ""2026-09-27T10:02:55.287305""}, {""shop_name"": ""Solaris Japan"", ""price_jpy"": 11387, ""availability"": ""InStock"", ""url"": ""https://solarisjapan.com/products/haou-daikei-ryuu-knight-dark-knight-steru-variable-action-megahouse?aff=1095"", ""condition"": ""NewCondition"", ""fetched_at"": ""2026-09-27T10:02:55.287310""}]",,11387,12134,2,4,2026-09-27T10:02:55.287325,1.0,"[""jsonl""]"
41383,MyFigureList,https://myfigurelist.com/figure/41383/Fate-Grand-Order-Ishtar,Fate/Grand Order - Ishtar,Fate/Grand Order,Ishtar,Grabiansky,Scale Figure,2017-07-30,Non-Scale,,,41383,https://cdn.myfigurelist.com/figure-images/7ee19a78-0b0c-32be-9b8b-526e856f51b5/Fate-Grand-Order-Ishtar_5d29d06f-ba13-31e1-8198-b4a3e299ee55.jpg,[],12000,,,0,0,2026-09-27T10:02:55.360263,1.0,"[""jsonl""]"
113500,MyFigureList,https://myfigurelist.com/figure/113500/Dragon-Quest-King-Slime-Metallic-Monsters-Gallery-Roto-Blue-Version,Dragon Quest - King Slime - Metallic Monsters Gallery - Roto Blue Version,Dragon Quest,King Slime,Square Enix,Anime Figure,2024-05-12,,,,113500,https://cdn.myfigurelist.com/figure-images/d25bce00-546e-35f0-a499-7c1c9da1d062/Dragon-Quest-King-Slime-Metallic-Monsters-Gallery-Roto-Blue-Version_5467b3ea-d843-3d41-9bd5-71c001f85e7f.jpg,[],3000,,,0,0,2026-09-27T10:02:55.134547,1.0,"[""jsonl""]"
96261,MyFigureList,https://myfigurelist.com/figure/96261/Gojira-vs-MechaGojira-1974-MechaGojira-Movie-Monster-Series,Gojira vs. MechaGojira (1974) - MechaGojira - Movie Monster Series,Gojira,MechaGojira,Bandai,Anime Figure,2025-10-01,,,,96261,https://cdn.myfigurelist.com/figure-images/8de28531-47e8-344c-a047-13abebb8c29f/Gojira-vs-MechaGojira-1974-MechaGojira-Movie-Monster-Series_86c88a5c-e5cb-38e5-a598-f9ff4e0e95b4.jpg,[],3800,,,0,0,2026-09-27T10:02:55.068846,1.0,"[""jsonl""]"
95622,MyFigureList,https://myfigurelist.com/figure/95622/Centaur-no-Nayami-Kimihara-Himeno-Suru-Miko,Centaur no Nayami - Kimihara Himeno - Suru Miko,Centaur no Nayami,Himeno Kimihara,Muteki Boiler,Anime Figure,2016-07-24,,,,95622,https://cdn.myfigurelist.com/figure-images/8b07cbc9-d6e4-3c22-8b41-730577bbd2e4/Centaur-no-Nayami-Kimihara-Himeno-Suru-Miko_679faee2-bf08-30f2-a58f-126b3e153b79.jpg,[],8000,,,0,0,2026-09-27T10:02:55.213677,1.0,"[""jsonl""]"
16876,MyFigureList,https://myfigurelist.com/figure/16876/Identity-V-Figure-Gardener,Identity V Figure Gardener,Identity V,Emma Woods,NetEase Games,Scale Figure,2023-12-01,Non-Scale,,,6932230912423,https://cdn.myfigurelist.com/figure-images/6932230912423/Identity-V-Figure-Gardener_1fbe99e2-2d93-44cc-94bc-aa781c2ee4ae.jpg,[],1800,,,0,0,2026-09-27T10:02:58.556668,1.0,"[""jsonl""]"
2026,MyFigureList,https://myfigurelist.com/figure/2026/Nendoroid-Fate-Grand-Order-Caster-Altria-Caster,Nendoroid Fate/Grand Order Caster/Altria Caster,Fate/Grand Order,Altria Caster,Good Smile Company,Scale Figure,2021-11-01,Non-Scale,Keita Tagami,,4580590124912,https://cdn.myfigurelist.com/figure-images/4580590124912/Nendoroid-Fate-Grand-Order-Caster-Altria-Caster_64d8fef1-ce3c-4559-948d-0f3c8393dfc8.jpg,"[{""shop_name"": ""Plaza Japan"", ""price_jpy"": 15382, ""availability"": ""InStock"", ""url"": ""https://www.plazajapan.com/4580590124912/"", ""condition"": ""NewCondition"", ""fetched_at"": ""2026-09-27T10:02:58.472156""}, {""shop_name"": ""Okini Land"", ""price_jpy"": 5282, ""availability"": ""OutOfStock"", ""url"": ""https://okini.land/en/25127-nendoroid-caster-altria-caster-good-smile-company.html"", ""condition"": ""NewCondition"", ""fetched_at"": ""2026-09-27T10:02:58.472181""}, {""shop_name"": ""Hobby Link Japan"", ""price_jpy"": 5009, ""availability"": ""OutOfStock"", ""url"": ""https://www.hlj.com/nendoroid-caster-altria-caster-fate-grand-order-gsc12491"", ""condition"": ""NewCondition"", ""fetched_at"": ""2026-09-27T10:02:58.472188""}, {""shop_name"": ""Ninoma"", ""price_jpy"": 14724, ""availability"": ""InStock"", ""url"": ""https://ninoma.com/products/fate-grand-order-nendoroid-1600-caster-altria-caster?_pos=1&_sid=4fe940bfd&_ss=r"", ""condition"": ""NewCondition"", ""fetched_at"": ""2026-09-27T10:02:58.472192""}, {""shop_name"": ""Meccha Japan"", ""price_jpy"": 17247, ""availability"": ""InStock"", ""url"": ""https://meccha-japan.com/en/chibi-style/29163-nendoroid-caster-altoria-fate-grand-order.html"", ""condition"": ""NewCondition"", ""fetched_at"": ""2026-09-27T10:02:58.472197""}, {""shop_name"": ""Lunar Toy Store"", ""price_jpy"": 8974, ""availability"": ""OutOfStock"", ""url"": ""https://www.lunartoystore.com/catalogsearch/result/?q=4580590124912"", ""condition"": ""NewCondition"", ""fetched_at"": ""2026-09-27T10:02:58.472201""}, {""shop_name"": ""Hobby Search"", ""price_jpy"": 5219, ""availability"": ""OutOfStock"", ""url"": ""https://www.1999.co.jp/eng/search?typ1_c=101&cat=&state=&sold=0&sortid=6&searchkey=4580590124912"", ""condition"": ""NewCondition"", ""fetched_at"": ""2026-09-27T10:02:58.472205""}, {""shop_name"": ""Solaris Japan"", ""price_jpy"": 16249, ""availability"": ""InStock"", ""url"": ""https://solarisjapan.com/products/fate-grand-order-altria-caster-nendoroid-1600-caster-good-smile-company?aff=1095"", ""condition"": ""NewCondition"", ""fetched_at"": ""2026-09-27T10:02:58.472209""}, {""shop_name"": ""Hobby Genki"", ""price_jpy"": 4814, ""availability"": ""OutOfStock"", ""url"": ""https://hobby-genki.com/fr/nendoroid/1295-nendoroid-caster-altria-caster-fategrand-order-4580590124912.html"", ""condition"": ""NewCondition"", ""fetched_at"": ""2026-09-27T10:02:58.472213""}]",,14724,17247,4,9,2026-09-27T10:02:58.472231,1.0,"[""jsonl""]"
57097,MyFigureList,https://myfigurelist.com/figure/57097/LuckyStar-Izumi-Konata-Nyamo-1-8,Lucky☆Star - Izumi Konata - Nyamo - 1/8,Lucky☆Star,Nanako Kuroi,T's System,Scale Figure,2008-02-24,1/8,Miyagawa Takeshi,18,57097,https://cdn.myfigurelist.com/figure-images/e2adb411-94f5-336e-a4a0-7c103ec0b169/LuckyStar-Izumi-Konata-Nyamo-1-8_f5ed3eaa-4c2b-3af7-bd98-b8df25121c04.jpg,[],7000,7000,7000,0,0,2026-09-27T10:02:58.611727,1.0,"[""csv"", ""jsonl""]"
125728,MyFigureList,https://myfigurelist.com/figure/125728/Ultraseven-Pitt-Seijin-Ultra-Monster-Series-2016-196-Orange-Ver,Ultraseven - Pitt Seijin - Ultra Monster Series (2016)  (196) - Orange Ver.,Ultraseven,Pitt Seijin,Bandai,Anime Figure,2023-05-27,,,,4549660965411,https://cdn.myfigurelist.com/figure-images/f33e9b3d-a232-3ee0-b1c8-8915a806acd3/Ultraseven-Pitt-Seijin-Ultra-Monster-Series-2016-196-Orange-Ver_1968a7f2-bb0f-3b6f-be3c-bae8f4cd4aff.jpg,"[{""shop_name"": ""Hobby Search"", ""price_jpy"": 654, ""availability"": ""OutOfStock"", ""url"": ""https://www.1999.co.jp/10945061"", ""condition"": ""NewCondition"", ""fetched_at"": ""2026-09-27T10:02:58.380546""}, {""shop_name"": ""Japan Figure"", ""price_jpy"": 1169, ""availability"": ""InStock"", ""url"": ""https://japan-figure.com/products/bandai-ultra-monster-196-pit-alien-orange"", ""condition"": ""NewCondition"", ""fetched_at"": ""2026-09-27T10:02:58.380580""}, {""shop_name"": ""Hobby Link Japan"", ""price_jpy"": 665, ""availability"": ""InStock"", ""url"": ""https://www.hlj.com/ultra-monster-series-196-alien-pit-orange-ver-bann96541"", ""condition"": ""NewCondition"", ""fetched_at"": ""2026-09-27T10:02:58.380584""}, {""shop_name"": ""Nin-Nin Game"", ""price_jpy"": 1732, ""availability"": ""InStock"", ""url"": ""https://www.nin-nin-game.com/en/ultraman/120627-ultraman-ultra-monster-series-196-alien-pitt-orange-ver-bandai-.html"", ""condition"": ""NewCondition"", ""fetched_at"": ""2026-09-27T10:02:58.380588""}]",,665,1732,3,4,2026-09-27T10:02:58.380603,1.0,"[""jsonl""]"
73495,MyFigureList,https://myfigurelist.com/figure/73495/Blue-Archive-Hakari-Atsuko-1-7,Blue Archive - Hakari Atsuko - 1/7,Blue Archive,Atsuko Hakari,Ke Jincun,Scale Figure,2024-07-28,1/7,Tofu Member Sheep,,73495,https://cdn.myfigurelist.com/figure-images/30eaef95-56b6-3206-b566-fdc0ac20cc1b/Blue-Archive-Hakari-Atsuko-1-7_312b3b74-1354-3fad-b49a-de60f428b772.jpg,[],15000,,,0,0,2026-09-27T10:02:58.668498,1.0,"[""jsonl""]"
10387,MyFigureList,https://myfigurelist.com/figure/10387/Excellent-Model-Anyamaru-Tantei-Kiruminzuu-Riko-Mikogami-1-8-Complete-Figure,Excellent Model - Anyamaru Tantei Kiruminzuu: Riko Mikogami 1/8 Complete Figure,Anyamaru Tantei Kiruminzuu,Riko Mikogami,MegaHouse,Scale Figure,2010-10-01,1/8,Hiromitsu Morikawa,,4535123712890,https://cdn.myfigurelist.com/figure-images/4535123712890/Excellent-Model-Anyamaru-Tantei-Kiruminzuu-Riko-Mikogami-1-8-Complete-Figure_b5a08aac-4f41-4a5d-a64c-a709100cd8f2.jpg,"[{""shop_name"": ""Ninoma"", ""price_jpy"": 11000, ""availability"": ""OutOfStock"", ""url"": ""https://www.ninoma.com/index.php/mikogami-riko-1-8-excellent-model-anyamal-tantei-kiruminzoo-megahouse"", ""condition"": ""NewCondition"", ""fetched_at"": ""2026-09-27T10:03:01.437068""}, {""shop_name"": ""Hobby Search"", ""price_jpy"": 6358, ""availability"": ""OutOfStock"", ""url"": ""https://www.1999.co.jp/eng/10121655"", ""condition"": ""NewCondition"", ""fetched_at"": ""2026-09-27T10:03:01.437097""}, {""shop_name"": ""Amiami"", ""price_jpy"": 5580, ""availability"": ""OutOfStock"", ""url"": ""https://www.amiami.com/eng/detail/?gcode=FIG-MOE-1980"", ""condition"": ""NewCondition"", ""fetched_at"": ""2026-09-27T10:03:01.437103""}, {""shop_name"": ""Hobby Link Japan"", ""price_jpy"": 6120, ""availability"": ""OutOfStock"", ""url"": ""https://www.hlj.com/1-8-scale-riko-mikogami-pvc-meg71289"", ""condition"": ""NewCondition"", ""fetched_at"": ""2026-09-27T10:03:01.437107""}]",,,,0,4,2026-09-27T10:03:01.437126,1.0,"[""jsonl""]"
29171,MyFigureList,https://myfigurelist.com/figure/29171/Variable-Action-Heroes-ONE-PIECE-Nico-Robin-Complete-Figure,Variable Action Heroes ONE PIECE Nico Robin Complete Figure,One Piece,Nico Robin,MegaHouse,Scale Figure,2025-11-01,Non-Scale,,,4535123844966,https://cdn.myfigurelist.com/figure-images/4535123844966/Variable-Action-Heroes-ONE-PIECE-Nico-Robin-Complete-Figure_c96c6312-a628-4c6b-93f6-a690ab7f8804.jpg,"[{""shop_name"": ""Plaza Japan"", ""price_jpy"": 9315, ""availability"": ""OutOfStock"", ""url"": ""https://www.plazajapan.com/4535123844966/"", ""condition"": ""NewCondition"", ""fetched_at"": ""2026-09-27T10:03:00.747640""}, {""shop_name"": ""Big Bad Toy Store"", ""price_jpy"": 17685, ""availability"": ""InStock"", ""url"": ""https://www.bigbadtoystore.com/product/one-piece-variable-action-heroes-nico-robin-action-figure-reissue-160557"", ""condition"": ""NewCondition"", ""fetched_at"": ""2026-09-27T10:03:00.747668""}, {""shop_name"": ""Kappa Hobby"", ""price_jpy"": 15614, ""availability"": ""OutOfStock"", ""url"": ""https://kappahobby.com/products/variable-action-heroes-one-piece-nico-robin-repeat"", ""condition"": ""NewCondition"", ""fetched_at"": ""2026-09-27T10:03:00.747673""}, {""shop_name"": ""Hobby Link Japan"", ""price_jpy"": 9500, ""availability"": ""OutOfStock"", ""url"": ""https://www.hlj.com/variable-action-heroes-one-piece-nico-robin-reissue-meg84496"", ""condition"": ""NewCondition"", ""fetched_at"": ""2026-09-27T10:03:00.747677""}, {""shop_name"": ""Meccha Japan"", ""price_jpy"": 11982, ""availability"": ""OutOfStock"", ""url"": ""https://meccha-japan.com/en/figures/159995-figure-nico-robin-one-piece-variable-action-heroes.html"", ""condition"": ""NewCondition"", ""fetched_at"": ""2026-09-27T10:03:00.747681""}, {""shop_name"": ""Hobby Bee"", ""price_jpy"": 14570, ""availability"": ""OutOfStock"", ""url"": ""https://hobby-bee.com/products/variable-action-heroes-nico-robin-reissue"", ""condition"": ""NewCondition"", ""fetched_at"": ""2026-09-27T10:03:00.747685""}, {""shop_name"": ""Solaris Japan"", ""price_jpy"": 12624, ""availability"": ""InStock"", ""url"": ""https://solarisjapan.com/products/one-piece-nico-robin-variable-action-heroes-2025-re-release-megahouse?aff=1095"", ""condition"": ""NewCondition"", ""fetched_at"": ""2026-09-27T10:03:00.747688""}, {""shop_name"": ""Nin-Nin Game"", ""price_jpy"": 21840, ""availability"": ""InStock"", ""url"": ""https://www.nin-nin-game.com/en/one-piece/181908-variable-action-heroes-one-piece-nico-robin-reissue-megahouse-.html"", ""condition"": ""NewCondition"", ""fetched_at"": ""2026-09-27T10:03:00.747692""}, {""shop_name"": ""Hobby Genki"", ""price_jpy"": 10450, ""availability"": ""InStock"", ""url"": ""https://hobby-genki.com/en/one-piece/54113-variable-action-heroes-nico-robin-one-piece-action-figure-reissue-4535123844966.html"", ""condition"": ""NewCondition"", ""fetched_at"": ""2026-09-27T10:03:00.747695""}, {""shop_name"": ""Figuya"", ""price_jpy"": 14414, ""availability"": ""OutOfStock"", ""url"": ""https://figuya.com/en/products/yu-gi-oh-monsters-chronicle-duel-monsters-pvc-statue-valkyrion-the-magna-warrior-13-cm"", ""condition"": ""NewCondition"", ""fetched_at"": ""2026-09-27T10:03:00.747732""}, {""shop_name"": ""Crunchyroll"", ""price_jpy"": 11998, ""availability"": ""InStock"", ""url"": ""https://store.crunchyroll.com/products/one-piece--nico-robin-variable-action-heroes-action-figure-rerun-4535123844966.html"", ""condition"": ""NewCondition"", ""fetched_at"": ""2026-09-27T10:03:00.747741""}, {""shop_name"": ""Amiami"", ""price_jpy"": 8880, ""availability"": ""InStock"", ""url"": ""NOTFOUND"", ""condition"": ""NewCondition"", ""fetched_at"": ""2026-09-27T10:03:00.747746""}, {""shop_name"": ""Okini Land"", ""price_jpy"": 10493, ""availability"": ""OutOfStock"", ""url"": ""https://okini.land/en/89511-variable-action-heroes-one-piece-nico-robin-megahouse-4535123844966.html?id_currency=5"", ""condition"": ""NewCondition"", ""fetched_at"": ""2026-09-27T10:03:00.747750""}, {""shop_name"": ""Hobby Search"", ""price_jpy"": 8882, ""availability"": ""OutOfStock"", ""url"": ""https://www.1999.co.jp/11210818"", ""condition"": ""NewCondition"", ""fetched_at"": ""2026-09-27T10:03:00.747754""}, {""shop_name"": ""Animota"", ""price_jpy"": 22515, ""availability"": ""InStock"", ""url"": ""https://animota.net/en-eu/products/animota-e-pre9318"", ""condition"": ""NewCondition"", ""fetched_at"": ""2026-09-27T10:03:00.747758""}, {""shop_name"": ""Japan Figure"", ""price_jpy"": 21615, ""availability"": ""InStock"", ""url"": ""https://japan-figure.com/products/megahouse-variable-action-heroes-one-piece-nico-robin-figure"", ""condition"": ""NewCondition"", ""fetched_at"": ""2026-09-27T10:03:00.747762""}]",,8880,22515,8,16,2026-09-27T10:03:00.747786,1.0,"[""jsonl""]"
57779,MyFigureList,https://myfigurelist.com/figure/57779/Evangelion-Shin-Gekijouban-Q-EVA-02-Real-Action-Heroes-634-Gamma-Ver,Evangelion Shin Gekijouban: Q - EVA-02 - Real Action Heroes  (#634) - Gamma Ver.,Neon Genesis Evangelion,Asuka Langley Soryu,Medicom Toy,Scale Figure,2014-05-01,1/4,Noda Yumiko,,4530956106342,https://cdn.myfigurelist.com/figure-images/e779b2fb-e77b-3348-af68-1bb8eee7be9f/Evangelion-Shin-Gekijouban-Q-EVA-02-Real-Action-Heroes-634-Gamma-Ver_0376a5eb-ade5-39ca-a16f-0eeb8a67cc80.jpg,"[{""shop_name"": ""Amiami"", ""price_jpy"": 21630, ""availability"": ""OutOfStock"", ""url"": ""NOTFOUND"", ""condition"": ""NewCondition"", ""fetched_at"": ""2026-09-27T10:03:01.339559""}, {""shop_name"": ""Hobby Link Japan"", ""price_jpy"": 22674, ""availability"": ""OutOfStock"", ""url"": ""https://www.hlj.com/rah-neo-evangelion-eva-02-y-gamma-medrah-634"", ""condition"": ""NewCondition"", ""fetched_at"": ""2026-09-27T10:03:01.339582""}, {""shop_name"": ""Hobby Search"", ""price_jpy"": 23383, ""availability"": ""OutOfStock"", ""url"": ""https://www.1999.co.jp/10232688"", ""condition"": ""NewCondition"", ""fetched_at"": ""2026-09-27T10:03:01.339588""}, {""shop_name"": ""Solaris Japan"", ""price_jpy"": 56468, ""availability"": ""InStock"", ""url"": ""https://solarisjapan.com/products/evangelion-shin-gekijouban-q-eva-02-real-action-heroes-634-gamma-ver-medicom-toy?aff=1095"", ""condition"": ""NewCondition"", ""fetched_at"": ""2026-09-27T10:03:01.339592""}]",,56468,56468,1,4,2026-09-27T10:03:01.339611,1.0,"[""jsonl""]"
78726,MyFigureList,https://myfigurelist.com/figure/78726/Touhou-Project-Mystia-Lorelei-Magnet,Touhou Project - Mystia Lorelei - Magnet,Touhou Project,Mystia Lorelei,Now Loading,Anime Figure,2024-07-28,,,,78726,https://cdn.myfigurelist.com/figure-images/42489dc6-6b05-3753-ac88-59fc1b949bd4/Touhou-Project-Mystia-Lorelei-Magnet_3b19dfed-255f-3d46-9be9-2370c5f19b5d.jpg,[],1000,,,0,0,2026-09-27T10:03:01.132611,1.0,"[""jsonl""]"
109901,MyFigureList,https://myfigurelist.com/figure/109901/Colorful-Dreamin-PureNeemo-Temari-1-6-Dreaming-Teddy-Wild-Strawberry-ver,"Colorful Dreamin' - PureNeemo - Temari - 1/6 - Dreaming Teddy,  Wild Strawberry ver.",,,Azone,Scale Figure,2024-09-20,1/6,Sawada Keisuke,,4573199842585,https://cdn.myfigurelist.com/figure-images/c4f88d0a-9d76-310c-b8c5-09b3cedcb08d/Colorful-Dreamin-PureNeemo-Temari-1-6-Dreaming-Teddy-Wild-Strawberry-ver_d2f31c97-0c1d-333a-915b-c1c528d84cc0.jpg,"[{""shop_name"": ""Okini Land"", ""price_jpy"": 22154, ""availability"": ""OutOfStock"", ""url"": ""https://okini.land/en/75199-colorful-dreamin-temari-dreaming-bear-wild-strawberry-ver-azone-international-4573199842585.html?id_currency=5"", ""condition"": ""NewCondition"", ""fetched_at"": ""2026-09-27T10:03:04.698476""}, {""shop_name"": ""Hobby Link Japan"", ""price_jpy"": 19000, ""availability"": ""OutOfStock"", ""url"": ""https://www.hlj.com/1-6-scale-colorful-dreamin-temari-dreaming-kuma-chan-wild-strawberry-ver-aznpod057-cts"", ""condition"": ""NewCondition"", ""fetched_at"": ""2026-09-27T10:03:04.698498""}, {""shop_name"": ""Meccha Japan"", ""price_jpy"": 23822, ""availability"": ""OutOfStock"", ""url"": ""https://meccha-japan.com/en/japanese-dolls/144387-japanese-doll-temari-dreaming-teddy-wild-strawberry-ver-colorful-dreamin.html"", ""condition"": ""NewCondition"", ""fetched_at"": ""2026-09-27T10:03:04.698504""}, {""shop_name"": ""Hobby Search"", ""price_jpy"": 19855, ""availability"": ""OutOfStock"", ""url"": ""https://www.1999.co.jp/11120010"", ""condition"": ""NewCondition"", ""fetched_at"": ""2026-09-27T10:03:04.698508""}]",,,,0,4,2026-09-27T10:03:04.698524,1.0,"[""jsonl""]"
57365,MyFigureList,https://myfigurelist.com/figure/57365/Mouretsu-Pirates-Katou-Marika-1-8,Mouretsu Pirates - Katou Marika - 1/8,Mouretsu Pirates,Marika Katou,,Scale Figure,2014-02-07,1/8,Otoyama Houjun,,4981932506609,https://cdn.myfigurelist.com/figure-images/e4e1b35b-0887-3881-9138-91cf346304a2/Mouretsu-Pirates-Katou-Marika-1-8_1f519f15-4ac0-31ba-b212-acd21db2e6b2.jpg,"[{""shop_name"": ""Figuya"", ""price_jpy"": 30196, ""availability"": ""OutOfStock"", ""url"": ""https://figuya.com/en/products/marika-katou-hobby-japan-exclusive"", ""condition"": ""NewCondition"", ""fetched_at"": ""2026-09-27T10:03:04.467179""}, {""shop_name"": ""Solaris Japan"", ""price_jpy"": 15195, ""availability"": ""InStock"", ""url"": ""https://solarisjapan.com/products/mouretsu-pirates-katou-marika-1-8-amakuni-hobby-japan-1?aff=1095"", ""condition"": ""NewCondition"", ""fetched_at"": ""2026-09-27T10:03:04.467200""}]",,15195,15195,1,2,2026-09-27T10:03:04.467256,1.0,"[""jsonl""]"
60429,MyFigureList,https://myfigurelist.com/figure/60429/Vocaloid-Hatsune-Miku-Taito-Kuji-Taito-Kuji-Honpo-Sakura-Miku-Last-Happy-Prize-Sakura-Jump-Pastel-ver,"Vocaloid - Hatsune Miku - Taito Kuji - Taito Kuji Honpo Sakura Miku  (Last Happy Prize) - Sakura, Jump Pastel ver.",VOCALOID,Miku Hatsune,Taito,Scale Figure,2020-04-29,Non-Scale,,,60429,https://cdn.myfigurelist.com/figure-images/f38e1c24-76a9-3296-9a00-c1f4e44eda46/Vocaloid-Hatsune-Miku-Taito-Kuji-Taito-Kuji-Honpo-Sakura-Miku-Last-Happy-Prize-Sakura-Jump-Pastel-ver_91506f78-c513-3bac-b1b0-87cbd83d5930.jpg,[],909,,,0,0,2026-09-27T10:03:04.543151,1.0,"[""jsonl""]"
82971,MyFigureList,https://myfigurelist.com/figure/82971/The-Dark-Knight-Batman-ARTFX-1-6-Original-Suit-Ver,The Dark Knight - Batman - ARTFX - 1/6 - Original Suit Ver.,The Dark Knight,Batman,Kotobukiya,Scale Figure,2008-11-01,1/6,,,4934054900930,https://cdn.myfigurelist.com/figure-images/57c69caa-8d11-3a34-a9cb-15c7824de90d/The-Dark-Knight-Batman-ARTFX-1-6-Original-Suit-Ver_082b1984-f1e3-324d-a43a-af84e41a6b1c.jpg,"[{""shop_name"": ""Hobby Link Japan"", ""price_jpy"": 11400, ""availability"": ""OutOfStock"", ""url"": ""https://www.hlj.com/1-6-scale-artfx-statue-batman-the-dark-knight-original-suit-ver-kbysv-48"", ""condition"": ""NewCondition"", ""fetched_at"": ""2026-09-27T10:03:04.770179""}, {""shop_name"": ""Hobby Search"", ""price_jpy"": 11220, ""availability"": ""OutOfStock"", ""url"": ""https://www.1999.co.jp/10074279"", ""condition"": ""NewCondition"", ""fetched_at"": ""2026-09-27T10:03:04.770203""}]",,,,0,2,2026-09-27T10:03:04.770222,1.0,"[""jsonl""]"
110328,MyFigureList,https://myfigurelist.com/figure/110328/Kinnikuman,Kinnikuman,Kinnikuman,Kinnikuman,Medicos Entertainment,Anime Figure,2005-09-01,,,,110328,https://cdn.myfigurelist.com/figure-images/c66d8d1c-01a5-3fa3-9d49-e1da6283a97e/Kinnikuman_b80793c4-7338-3603-9fd1-28ba7d2d8784.jpg,[],3500,,,0,0,2026-09-27T10:03:04.353051,1.0,"[""jsonl""]"
97079,MyFigureList,https://myfigurelist.com/figure/97079/Sakura-Taisen-Kitaooji-Hanabi-1-10,Sakura Taisen - Kitaooji Hanabi - 1/10,Sakura Taisen,Hanabi Kitaooji,Max Factory,Scale Figure,2004-11-14,1/10,Kudou Yuuji,15,4545784040133,https://cdn.myfigurelist.com/figure-images/912749a5-3953-3868-b6bb-13776d843197/Sakura-Taisen-Kitaooji-Hanabi-1-10_8643e192-7900-38f7-ae55-66100d214f89.jpg,"[{""shop_name"": ""Amiami"", ""price_jpy"": 4030, ""availability"": ""OutOfStock"", ""url"": ""NOTFOUND"", ""condition"": ""NewCondition"", ""fetched_at"": ""2026-09-27T10:03:07.155657""}, {""shop_name"": ""Hobby Link Japan"", ""price_jpy"": 4320, ""availability"": ""OutOfStock"", ""url"": ""https://www.hlj.com/1-10-scale-kitaouji-hanabi-pvc-max04013"", ""condition"": ""NewCondition"", ""fetched_at"": ""2026-09-27T10:03:07.155681""}]",,,,0,2,2026-09-27T10:03:07.155700,1.0,"[""csv"", ""jsonl""]"
72381,MyFigureList,https://myfigurelist.com/figure/72381/Date-A-Live-Tokisaki-Kurumi-1-8-Limited-Pearl-Dress-ver,Date A Live - Tokisaki Kurumi - 1/8 - Limited Pearl Dress ver.,Date A Live,Kurumi Tokisaki,Griffon Enterprises,Scale Figure,2014-07-27,1/8,Sakaki Kaoru,,4582221157566,https://cdn.myfigurelist.com/figure-images/29d25d85-231b-379c-ad96-d80d94d12031/Date-A-Live-Tokisaki-Kurumi-1-8-Limited-Pearl-Dress-ver_063b1adb-091d-3762-8a50-2eecbdabe24a.jpg,[],8796,,,0,0,2026-09-27T10:03:06.720064,1.0,"[""jsonl""]"
7088,MyFigureList,https://myfigurelist.com/figure/7088/Nendoroid-Listen-to-Me-Girls-I-Am-Your-Father!-Miu-Takanashi,"Nendoroid - Listen to Me, Girls. I Am Your Father!: Miu Takanashi",Papa no Iu Koto o Kikinasai!,Miu Takanashi,Good Smile Company,Scale Figure,2012-07-01,Non-Scale,"Isao Shirasagi, Mesuka",,4582191969305,https://cdn.myfigurelist.com/figure-images/4582191969305/Nendoroid-Listen-to-Me-Girls-I-Am-Your-Father!-Miu-Takanashi_4225a3b4-7e17-4a74-9a59-4f8d2e8e3139.jpg,"[{""shop_name"": ""Figuya"", ""price_jpy"": 9034, ""availability"": ""OutOfStock"", ""url"": ""https://figuya.com/en/products/nendoroid-241-miu-takanashi"", ""condition"": ""NewCondition"", ""fetched_at"": ""2026-09-27T10:03:06.905129""}, {""shop_name"": ""Amiami"", ""price_jpy"": 3050, ""availability"": ""OutOfStock"", ""url"": ""https://www.amiami.com/eng/detail/?gcode=FIG-MOE-5524"", ""condition"": ""NewCondition"", ""fetched_at"": ""2026-09-27T10:03:06.905167""}, {""shop_name"": ""Okini Land"", ""price_jpy"": 3082, ""availability"": ""InStock"", ""url"": ""https://okini.land/en/14312-nendoroid-miu-takanashi-good-smile-company-4582191969305.html"", ""condition"": ""NewCondition"", ""fetched_at"": ""2026-09-27T10:03:06.905173""}, {""shop_name"": ""Hobby Link Japan"", ""price_jpy"": 3000, ""availability"": ""OutOfStock"", ""url"": ""https://www.hlj.com/nendoroid-miu-takanashi-gsc96930"", ""condition"": ""NewCondition"", ""fetched_at"": ""2026-09-27T10:03:06.905178""}, {""shop_name"": ""Hobby Search"", ""price_jpy"": 3116, ""availability"": ""OutOfStock"", ""url"": ""https://www.1999.co.jp/eng/10181398"", ""condition"": ""NewCondition"", ""fetched_at"": ""2026-09-27T10:03:06.905182""}, {""shop_name"": ""Animota"", ""price_jpy"": 9618, ""availability"": ""InStock"", ""url"": ""https://animota.net/products/animota-e-fig4208"", ""condition"": ""NewCondition"", ""fetched_at"": ""2026-09-27T10:03:06.905186""}, {""shop_name"": ""Solaris Japan"", ""price_jpy"": 5359, ""availability"": ""InStock"", ""url"": ""https://solarisjapan.com/products/papa-no-iu-koto-o-kikinasai-takanashi-miu-nendoroid-241-good-smile-company?aff=1095"", ""condition"": ""NewCondition"", ""fetched_at"": ""2026-09-27T10:03:06.905190""}, {""shop_name"": ""Nin-Nin Game"", ""price_jpy"": 4983, ""availability"": ""InStock"", ""url"": ""https://www.nin-nin-game.com/en/nendoroid/9134-listen-to-me-girls-i-am-your-father-miwa-takanashi-nendoroid-241-.html"", ""condition"": ""NewCondition"", ""fetched_at"": ""2026-09-27T10:03:06.905194""}]",,3082,9618,4,8,2026-09-27T10:03:06.905216,1.0,"[""jsonl""]"
61430,MyFigureList,https://myfigurelist.com/figure/61430/Dragon-Ball-Arise-Great-Ape-Fasha-Complete-Figure,Dragon Ball Arise Great Ape Fasha Complete Figure,Dragon Ball Z,Fasha Bardock,PLEX,Scale Figure,2026-06-01,1/6,,,4562351891493,https://cdn.myfigurelist.com/figure-images/15153452-697a-46fe-8611-67de656174da/Dragon-Ball-Arise-Great-Ape-Fasha-Complete-Figure_1fa35393-e83a-4e77-bb98-8728021bb9a8.jpg,"[{""shop_name"": ""Amiami"", ""price_jpy"": 33000, ""availability"": ""InStock"", ""url"": ""NOTFOUND"", ""condition"": ""NewCondition"", ""fetched_at"": ""2026-09-27T10:03:06.783547""}, {""shop_name"": ""Okini Land"", ""price_jpy"": 35037, ""availability"": ""OutOfStock"", ""url"": ""https://okini.land/en/102620-dragon-ball-z-dragon-ball-arise-great-ape-fasha-plex-4562351891493.html?id_currency=5"", ""condition"": ""NewCondition"", ""fetched_at"": ""2026-09-27T10:03:06.783569""}, {""shop_name"": ""Hobby Link Japan"", ""price_jpy"": 30000, ""availability"": ""OutOfStock"", ""url"": ""https://www.hlj.com/dragon-ball-arise-giant-ape-selypa-plx89149"", ""condition"": ""NewCondition"", ""fetched_at"": ""2026-09-27T10:03:06.783574""}, {""shop_name"": ""Meccha Japan"", ""price_jpy"": 30583, ""availability"": ""OutOfStock"", ""url"": ""https://meccha-japan.com/en/figures/174205-figure-great-ape-seripa-dragon-ball.html"", ""condition"": ""NewCondition"", ""fetched_at"": ""2026-09-27T10:03:06.783578""}, {""shop_name"": ""Hobby Search"", ""price_jpy"": 31350, ""availability"": ""OutOfStock"", ""url"": ""https://www.1999.co.jp/11327708"", ""condition"": ""NewCondition"", ""fetched_at"": ""2026-09-27T10:03:06.783582""}, {""shop_name"": ""Nin-Nin Game"", ""price_jpy"": 29963, ""availability"": ""OutOfStock"", ""url"": ""https://www.nin-nin-game.com/en/dragon-ball/218354-dragon-ball-arise-dragon-ball-z-oozaru-fasha-plex-.html"", ""condition"": ""NewCondition"", ""fetched_at"": ""2026-09-27T10:03:06.783586""}, {""shop_name"": ""Hobby Genki"", ""price_jpy"": 30030, ""availability"": ""InStock"", ""url"": ""https://hobby-genki.com/en/dragon-ball/75750-dragon-ball-arise-great-ape-seripa-dragon-ball-z-figure-4562351891493.html"", ""condition"": ""NewCondition"", ""fetched_at"": ""2026-09-27T10:03:06.783589""}]",,30030,33000,2,7,2026-09-27T10:03:06.783605,1.0,"[""jsonl""]"
70062,MyFigureList,https://myfigurelist.com/figure/70062/Code-Geass-Hangyaku-no-Lelouch-Lelouch-Lamperouge-Ichiban-Kuji-Ichiban-Kuji-Code-Geass-Hangyaku-no-Lelouch-Boukoku-no-Akito-Kyun-Chara,Code Geass - Hangyaku no Lelouch - Lelouch Lamperouge - Ichiban Kuji - Ichiban Kuji Code Geass - Hangyaku no Lelouch × Boukoku no Akito - Kyun-Chara,Code Geass - Hangyaku no Lelouch,Lelouch Lamperouge,Banpresto,Anime Figure,2013-03-01,,Toytec,,70062,https://cdn.myfigurelist.com/figure-images/22f079ec-4d09-3b4c-b0e2-d925d7bac609/Code-Geass-Hangyaku-no-Lelouch-Lelouch-Lamperouge-Ichiban-Kuji-Ichiban-Kuji-Code-Geass-Hangyaku-no-Lelouch-Boukoku-no-Akito-Kyun-Chara_bcd8d4e8-d8ec-39a2-8142-9c778f7b83bc.jpg,[],571,,,0,0,2026-09-27T10:03:06.971243,1.0,"[""jsonl""]"
113451,MyFigureList,https://myfigurelist.com/figure/113451/Princess-Connect!-ReDive-Pecorine-1-8,Princess Connect! Re:Dive - Pecorine - 1/8,Princess Connect! Re:Dive,Pecorine,Yume Matsuri Koubou,Scale Figure,2022-12-10,1/8,Nekono Keita,,113451,https://cdn.myfigurelist.com/figure-images/d1e7d4e9-dd09-34c0-90c1-a4a822769456/Princess-Connect!-ReDive-Pecorine-1-8_7e3e9083-0b76-3de3-a366-3f2fe48dc5c0.jpg,[],8000,,,0,0,2026-09-27T10:03:11.237274,1.0,"[""jsonl""]"
63580,MyFigureList,https://myfigurelist.com/figure/63580/Vocaloid-Hatsune-Miku-Senbonzakura,Vocaloid - Hatsune Miku - Senbonzakura,VOCALOID,Miku Hatsune,Nikukyu Daiou,Anime Figure,2013-07-28,,,,63580,https://cdn.myfigurelist.com/figure-images/060bc6f6-c625-3098-bb08-98e158eedb97/Vocaloid-Hatsune-Miku-Senbonzakura_97d44c53-412b-3158-b626-418122c10960.jpg,[],8000,,,0,0,2026-09-27T10:03:11.116872,1.0,"[""jsonl""]"
5146,MyFigureList,https://myfigurelist.com/figure/5146/Bobbing-Head-ONE-PIECE-Series-Tony-Tony-Chopper-Gamba-Osaka-Edition-Complete-Figure,Bobbing Head ONE PIECE Series - Tony Tony Chopper Gamba Osaka Edition Complete Figure,One Piece,Tony Tony Chopper,Dive,Scale Figure,2012-02-01,Non-Scale,,,4562337541473,https://cdn.myfigurelist.com/figure-images/4562337541473/Bobbing-Head-ONE-PIECE-Series-Tony-Tony-Chopper-Gamba-Osaka-Edition-Complete-Figure_b90d143a-37a2-4bd9-b682-6b1d8a5860c4.jpg,"[{""shop_name"": ""Amiami"", ""price_jpy"": 2592, ""availability"": ""OutOfStock"", ""url"": ""https://www.amiami.com/eng/detail/?gcode=FIG-IPN-3109"", ""condition"": ""NewCondition"", ""fetched_at"": ""2026-09-27T10:03:10.980893""}]",,,,0,1,2026-09-27T10:03:10.980936,1.0,"[""jsonl""]"
115472,MyFigureList,https://myfigurelist.com/figure/115472/Sanrio-Characters-Mell-Sofubi-Figure,Sanrio Characters - Mell - Sofubi Figure,Sanrio Characters,Mell,,Anime Figure,2025-09-12,,,,115472,https://cdn.myfigurelist.com/figure-images/d83bd290-973b-381a-8559-a1ef5ade53de/Sanrio-Characters-Mell-Sofubi-Figure_cbc2c2df-e25c-37cd-be73-eb65bcea860f.jpg,[],1000,,,0,0,2026-09-27T10:03:13.346251,1.0,"[""jsonl""]"
89957,MyFigureList,https://myfigurelist.com/figure/89957/Saezuru-Tori-wa-Habatakanai-Dohmeki-Chikara-Bust,Saezuru Tori wa Habatakanai - Dohmeki Chikara - Bust,Saezuru Tori wa Habatakanai,Chikara Dohmeki,Mob,Anime Figure,2017-07-30,,,,89957,https://cdn.myfigurelist.com/figure-images/7494b5d5-1640-3773-8c00-634facd43e27/Saezuru-Tori-wa-Habatakanai-Dohmeki-Chikara-Bust_c603f304-1087-3554-95d5-421c51165995.jpg,[],5000,,,0,0,2026-09-27T10:03:13.412225,1.0,"[""jsonl""]"
63291,MyFigureList,https://myfigurelist.com/figure/63291/Avataro-Sentai-Donbrothers-Don-Momotaro-Change-Heroes,Avataro Sentai Donbrothers - Don Momotaro - Change Heroes,Avataro Sentai Donbrothers,Momotaro Don,Bandai,Anime Figure,2022-01-08,,,,4549660743651,https://cdn.myfigurelist.com/figure-images/04e2a8e5-3d17-3af2-a674-a575c55627ab/Avataro-Sentai-Donbrothers-Don-Momotaro-Change-Heroes_e54161ae-9a13-35fd-85b7-cf1813e7ada9.jpg,"[{""shop_name"": ""Amiami"", ""price_jpy"": 1150, ""availability"": ""OutOfStock"", ""url"": ""NOTFOUND"", ""condition"": ""NewCondition"", ""fetched_at"": ""2026-09-27T10:03:13.283157""}, {""shop_name"": ""Hobby Link Japan"", ""price_jpy"": 1425, ""availability"": ""OutOfStock"", ""url"": ""https://www.hlj.com/change-heroes-donmomotaro-donbrothers-bann74365"", ""condition"": ""NewCondition"", ""fetched_at"": ""2026-09-27T10:03:13.283183""}, {""shop_name"": ""Hobby Search"", ""price_jpy"": 1402, ""availability"": ""OutOfStock"", ""url"": ""https://www.1999.co.jp/10829183"", ""condition"": ""NewCondition"", ""fetched_at"": ""2026-09-27T10:03:13.283189""}, {""shop_name"": ""Japan Figure"", ""price_jpy"": 2252, ""availability"": ""InStock"", ""url"": ""https://japan-figure.com/products/herds-avataro-sentai-donbrothers-don-momotaro-change-heroes-action-figure"", ""condition"": ""NewCondition"", ""fetched_at"": ""2026-09-27T10:03:13.283193""}, {""shop_name"": ""Solaris Japan"", ""price_jpy"": 3316, ""availability"": ""InStock"", ""url"": ""https://solarisjapan.com/products/avataro-sentai-donbrothers-don-momotaro-change-heroes-bandai?aff=1095"", ""condition"": ""NewCondition"", ""fetched_at"": ""2026-09-27T10:03:13.283197""}]",,2252,3316,2,5,2026-09-27T10:03:13.283214,1.0,"[""jsonl""]"
23296,MyFigureList,https://myfigurelist.com/figure/23296/Satsuki-Katze-Original-Character-Onikko-chan-1-55-Complete-Figure,Satsuki Katze Original Character Onikko-chan 1/5.5 Complete Figure,,,Nocturne,Scale Figure,2025-03-01,1/5.5,Hizumi Himizu,16,4580770170241,https://cdn.myfigurelist.com/figure-images/4580770170241/Satsuki-Katze-Original-Character-Onikko-chan-1-55-Complete-Figure_8f3f24ef-ec50-4d2a-ac40-75144557f7c1.jpg,"[{""shop_name"": ""Kappa Hobby"", ""price_jpy"": 39221, ""availability"": ""OutOfStock"", ""url"": ""https://kappahobby.com/products/onikko-chan-1-5-5-scale-figure"", ""condition"": ""NewCondition"", ""fetched_at"": ""2026-09-27T10:03:16.315923""}, {""shop_name"": ""Hobby Bee"", ""price_jpy"": 48470, ""availability"": ""OutOfStock"", ""url"": ""https://hobby-bee.com/products/onikko-chan"", ""condition"": ""NewCondition"", ""fetched_at"": ""2026-09-27T10:03:16.315951""}, {""shop_name"": ""Solaris Japan"", ""price_jpy"": 40652, ""availability"": ""InStock"", ""url"": ""https://solarisjapan.com/products/original-creators-collection-onikko-chan-1-5-5-native-nocturne-shop-exclusive?aff=1095"", ""condition"": ""NewCondition"", ""fetched_at"": ""2026-09-27T10:03:16.315957""}, {""shop_name"": ""Nin-Nin Game"", ""price_jpy"": 41133, ""availability"": ""InStock"", ""url"": ""https://www.nin-nin-game.com/en/japanese-import-hobby-figures-native/130410-creator-s-collection-original-onikko-chan-155-limited-edition-bonus-nocturne-native-.html"", ""condition"": ""NewCondition"", ""fetched_at"": ""2026-09-27T10:03:16.315961""}, {""shop_name"": ""Hobby Genki"", ""price_jpy"": 36950, ""availability"": ""InStock"", ""url"": ""https://hobby-genki.com/en/native/35555-onikko-chan-satsuki-katze-original-character-155-scale-figure-4580770170241.html"", ""condition"": ""NewCondition"", ""fetched_at"": ""2026-09-27T10:03:16.315966""}, {""shop_name"": ""Figuya"", ""price_jpy"": 57502, ""availability"": ""OutOfStock"", ""url"": ""https://figuya.com/en/products/onikko-chan-creator-s-collection-native-nocturne-62514-en"", ""condition"": ""NewCondition"", ""fetched_at"": ""2026-09-27T10:03:16.315970""}, {""shop_name"": ""Amiami"", ""price_jpy"": 33990, ""availability"": ""InStock"", ""url"": ""NOTFOUND"", ""condition"": ""NewCondition"", ""fetched_at"": ""2026-09-27T10:03:16.315974""}, {""shop_name"": ""Lunar Toy Store"", ""price_jpy"": 36244, ""availability"": ""OutOfStock"", ""url"": ""https://www.lunartoystore.com/onikko-chan"", ""condition"": ""NewCondition"", ""fetched_at"": ""2026-09-27T10:03:16.315977""}, {""shop_name"": ""Gundam Planet"", ""price_jpy"": 47269, ""availability"": ""OutOfStock"", ""url"": ""https://www.gundamplanet.com/products/1-5-5-onikko-chan"", ""condition"": ""NewCondition"", ""fetched_at"": ""2026-09-27T10:03:16.315981""}]",,33990,41133,4,9,2026-09-27T10:03:16.315998,1.0,"[""csv"", ""jsonl""]"
14602,MyFigureList,https://myfigurelist.com/figure/14602/Kyonyuu-Fantasy-Gaiden-Shamsiel-Kyonyuu-Gensou-Ver-Fair-1-6-Complete-Figure,Kyonyuu Fantasy Gaiden Shamsiel Kyonyuu Gensou Ver. -Fair- 1/6 Complete Figure,Kyonyuu Fantasy,Shamsiel Shahar,Lechery,Scale Figure,2023-04-01,1/6,Kaitendo,,4560266125788,https://cdn.myfigurelist.com/figure-images/4560266125788/Kyonyuu-Fantasy-Gaiden-Shamsiel-Kyonyuu-Gensou-Ver-Fair-1-6-Complete-Figure_8dea5c35-b9a6-4a2a-a335-83e2069d4d2a.jpg,"[{""shop_name"": ""Figuya"", ""price_jpy"": 46598, ""availability"": ""OutOfStock"", ""url"": ""NOTFOUND"", ""condition"": ""NewCondition"", ""fetched_at"": ""2026-09-27T10:03:16.590272""}, {""shop_name"": ""Amiami"", ""price_jpy"": 22000, ""availability"": ""OutOfStock"", ""url"": ""https://www.amiami.com/eng/detail/?gcode=FIGURE-146151"", ""condition"": ""NewCondition"", ""fetched_at"": ""2026-09-27T10:03:16.590297""}, {""shop_name"": ""Hobby Link Japan"", ""price_jpy"": 23432, ""availability"": ""OutOfStock"", ""url"": ""https://www.hlj.com/1-6-scale-kyonyuu-fantasy-gaiden-shamsiel-kyonyuu-gensou-ver-fair-lec12578"", ""condition"": ""NewCondition"", ""fetched_at"": ""2026-09-27T10:03:16.590303""}, {""shop_name"": ""Ninoma"", ""price_jpy"": 26257, ""availability"": ""InStock"", ""url"": ""https://ninoma.com/products/kyonyu-fantasy-gaiden-shamsiel-kyonyu-gensou-ver-fair?_pos=1&_sid=15522b5cb&_ss=r"", ""condition"": ""NewCondition"", ""fetched_at"": ""2026-09-27T10:03:16.590307""}, {""shop_name"": ""Meccha Japan"", ""price_jpy"": 29991, ""availability"": ""InStock"", ""url"": ""https://meccha-japan.com/en/figures/87698-figure-fair-shamshell-big-breast-illusion-ver-kyonyuu-fantasy-gaiden.html"", ""condition"": ""NewCondition"", ""fetched_at"": ""2026-09-27T10:03:16.590311""}, {""shop_name"": ""Japan Figure"", ""price_jpy"": 26322, ""availability"": ""InStock"", ""url"": ""https://japan-figure.com/products/lechery-big-fantasy-gaiden-shamshell-big-fantasy-ver-fair-1-6-scale-pvc-painted-complete-figure"", ""condition"": ""NewCondition"", ""fetched_at"": ""2026-09-27T10:03:16.590316""}, {""shop_name"": ""Solaris Japan"", ""price_jpy"": 24435, ""availability"": ""InStock"", ""url"": ""https://solarisjapan.com/products/kyonyuu-fantasy-gaiden-shamsiel-1-6-kyonyuu-gensou-ver-fair-lechery?aff=1095"", ""condition"": ""NewCondition"", ""fetched_at"": ""2026-09-27T10:03:16.590319""}, {""shop_name"": ""Nin-Nin Game"", ""price_jpy"": 25432, ""availability"": ""InStock"", ""url"": ""https://www.nin-nin-game.com/en/lechery/77285-kyonyuu-fantasy-gaiden-shamsiel-kyonyuu-16-fair-ver-lechery-.html"", ""condition"": ""NewCondition"", ""fetched_at"": ""2026-09-27T10:03:16.590323""}, {""shop_name"": ""Hobby Genki"", ""price_jpy"": 17380, ""availability"": ""OutOfStock"", ""url"": ""https://hobby-genki.com/fr/pre-order-18/9656-shamsiel-kyonyuu-gensou-ver-fair-kyonyuu-fantasy-gaiden-16-scale-figure-4560266125788.html"", ""condition"": ""NewCondition"", ""fetched_at"": ""2026-09-27T10:03:16.590327""}]",,24435,29991,5,9,2026-09-27T10:03:16.590344,1.0,"[""jsonl""]"
107420,MyFigureList,https://myfigurelist.com/figure/107420/Ginga-Kikoutai-Majestic-Prince-Suzukaze-Rin-Beach-Queens-1-10-WF-Special-Version,Ginga Kikoutai Majestic Prince - Suzukaze Rin - Beach Queens - 1/10 - WF Special Version,Ginga Kikoutai Majestic Prince,Rin Suzukaze,WAVE,Scale Figure,2014-02-09,1/10,Kawanishi Ken,,107420,https://cdn.myfigurelist.com/figure-images/bae63aaf-78c3-36e1-9972-db551c829d0b/Ginga-Kikoutai-Majestic-Prince-Suzukaze-Rin-Beach-Queens-1-10-WF-Special-Version_ad09fce6-ee40-3e10-bad3-c93fc01f4757.jpg,[],4200,,,0,0,2026-09-27T10:03:16.382922,1.0,"[""jsonl""]"
118317,MyFigureList,https://myfigurelist.com/figure/118317/SoniComi-Super-Sonico-Sonico-1-8,SoniComi (Super Sonico) - Sonico - 1/8,SoniAni: Super Sonico The Animation,Sonico,83℃,Scale Figure,2015-03-29,1/8,Hatsumi,,118317,https://cdn.myfigurelist.com/figure-images/e7ef3a67-bd5d-3e40-b924-e3aabc773194/SoniComi-Super-Sonico-Sonico-1-8_567e0cb5-1441-35bb-acd2-85f78d709d67.jpg,[],8000,,,0,0,2026-09-27T10:03:16.756277,1.0,"[""jsonl""]"
117472,MyFigureList,https://myfigurelist.com/figure/117472/Jirai-Edith-1-6,Jirai Edith - 1/6,,,GS Juukou,Scale Figure,2025-09-01,1/6,Shoppai Gensan,,117472,https://cdn.myfigurelist.com/figure-images/e4687789-cc27-338c-a058-2fa87454d76a/Jirai-Edith-1-6_c09cf4ac-9c87-3ea0-a548-bf22d0e32d07.jpg,[],17553,,,0,0,2026-09-27T10:03:19.647537,1.0,"[""jsonl""]"
12493,MyFigureList,https://myfigurelist.com/figure/12493/Hdge-technical-statue-No12-Ca-Calra-Calne-Ca-Shujin-to-Kami-Hikouki-ver-Complete-Figure,Hdge technical statue No.12 Ca Calra (Calne Ca Shujin to Kami Hikouki ver.) Complete Figure,Hatsune Miku,Calne Ca,Union Creative,Scale Figure,2017-12-01,Non-Scale,Keita Kawai,,4589642702511,https://cdn.myfigurelist.com/figure-images/4589642702511/Hdge-technical-statue-No12-Ca-Calra-Calne-Ca-Shujin-to-Kami-Hikouki-ver-Complete-Figure_bc07f62a-3fca-4f87-8227-5101fcfbc504.jpg,"[{""shop_name"": ""Plaza Japan"", ""price_jpy"": 15386, ""availability"": ""OutOfStock"", ""url"": ""https://www.plazajapan.com/4589642702511/"", ""condition"": ""NewCondition"", ""fetched_at"": ""2026-09-27T10:03:18.819137""}, {""shop_name"": ""Lunar Toy Store"", ""price_jpy"": 24035, ""availability"": ""OutOfStock"", ""url"": ""https://www.lunartoystore.com/catalogsearch/result/?q=4589642702511"", ""condition"": ""NewCondition"", ""fetched_at"": ""2026-09-27T10:03:18.819164""}, {""shop_name"": ""Amiami"", ""price_jpy"": 13430, ""availability"": ""OutOfStock"", ""url"": ""https://www.amiami.com/eng/detail/?gcode=FIGURE-033517"", ""condition"": ""NewCondition"", ""fetched_at"": ""2026-09-27T10:03:18.819168""}, {""shop_name"": ""Okini Land"", ""price_jpy"": 16290, ""availability"": ""OutOfStock"", ""url"": ""https://okini.land/en/21297-hdge-technical-statue-no-12-ca-calne-calne-ca-prisoner-and-paper-plane-ver-union-creative-international-4589642702511.html?id_currency=5"", ""condition"": ""NewCondition"", ""fetched_at"": ""2026-09-27T10:03:18.819172""}, {""shop_name"": ""Solaris Japan"", ""price_jpy"": 25714, ""availability"": ""InStock"", ""url"": ""https://solarisjapan.com/products/shuujin-to-kami-hikouki-calne-ca-hdge-no-12-ca-calra-union-creative-international-ltd?aff=1095"", ""condition"": ""NewCondition"", ""fetched_at"": ""2026-09-27T10:03:18.819175""}, {""shop_name"": ""Hobby Link Japan"", ""price_jpy"": 13300, ""availability"": ""OutOfStock"", ""url"": ""https://www.hlj.com/hdge-technical-statue-no-12-ca-calra-calne-ca-prisoner-and-paper-plane-ver-reissue-hhh70251"", ""condition"": ""NewCondition"", ""fetched_at"": ""2026-09-27T10:03:18.819178""}]",,25714,25714,1,6,2026-09-27T10:03:18.819194,1.0,"[""jsonl""]"
117624,MyFigureList,https://myfigurelist.com/figure/117624/Boku-no-Hero-Academia-All-Might-Silver-Age,Boku no Hero Academia - All Might - Silver Age,Boku no Hero Academia,All Might,McFarlane Toys,Anime Figure,2019-11-24,,,,117624,https://cdn.myfigurelist.com/figure-images/e52638fa-9ee0-39bf-a534-0454a24f2aae/Boku-no-Hero-Academia-All-Might-Silver-Age_fb9198ce-87aa-36a5-8e5d-8a054a966219.jpg,[],2392,,,0,0,2026-09-27T10:03:19.420646,1.0,"[""jsonl""]"
77585,MyFigureList,https://myfigurelist.com/figure/77585/Dragon-Ball-Z-Special-Tatta-Hitori-no-Saishuu-Kessen-Freezer-ni-Idonda-Z-Senshi-Son-Gokuu-no-Chichi-Frieza-First-Form-Dragon-Stars-Series,Dragon Ball Z Special Tatta Hitori no Saishuu Kessen ~Freezer ni Idonda Z Senshi Son Gokuu no Chichi~ - Frieza - First Form - Dragon Stars Series,Dragon Ball Z Special,Frieza,Bandai,Anime Figure,2024-07-01,,,,77585,https://cdn.myfigurelist.com/figure-images/41bc7d70-c541-3ce7-9596-a67ae3acc0e8/Dragon-Ball-Z-Special-Tatta-Hitori-no-Saishuu-Kessen-Freezer-ni-Idonda-Z-Senshi-Son-Gokuu-no-Chichi-Frieza-First-Form-Dragon-Stars-Series_8dd81cee-324a-384d-ad63-428346249299.jpg,[],7733,,,0,0,2026-09-27T10:03:19.503278,1.0,"[""jsonl""]"
35854,MyFigureList,https://myfigurelist.com/figure/35854/Captain-America-Civil-War-War-Machine-Mark-3-SHFiguarts,Captain America: Civil War - War Machine Mark 3 - S.H.Figuarts,Kyaputen Amerika,James Rhodes,Bandai,Scale Figure,2017-02-23,1/12,,,4549660112099,https://cdn.myfigurelist.com/figure-images/24fbe319-7de9-35fc-abd5-aa66e89fdaa6/Captain-America-Civil-War-War-Machine-Mark-3-SHFiguarts_74d4e936-1e1b-3b36-9b7c-54b70ba5c9c5.jpg,"[{""shop_name"": ""Ninoma"", ""price_jpy"": 12457, ""availability"": ""InStock"", ""url"": ""https://ninoma.com/products/war-machine-mark-3-s-h-figuarts-captain-america-civil-war-bandai?_pos=1&_sid=90c4fd29d&_ss=r"", ""condition"": ""NewCondition"", ""fetched_at"": ""2026-09-27T10:03:22.269155""}, {""shop_name"": ""Nin-Nin Game"", ""price_jpy"": 31574, ""availability"": ""InStock"", ""url"": ""https://www.nin-nin-game.com/en/marvel-dc-comics/20014-captain-america-civil-war-war-machine-mark-3-limited-edition-sh-figuarts-en.html"", ""condition"": ""NewCondition"", ""fetched_at"": ""2026-09-27T10:03:22.269183""}]",,12457,31574,2,2,2026-09-27T10:03:22.269207,1.0,"[""jsonl""]"
108231,MyFigureList,https://myfigurelist.com/figure/108231/Nendoroid-Character-Vocal-Series-01-Hatsune-Miku-MAGICAL*CURE!-LOVE-SHOT!-Ver,Nendoroid Character Vocal Series 01 Hatsune Miku MAGICAL*CURE! LOVE SHOT! Ver.,VOCALOID,Miku Hatsune,Good Smile Company,Anime Figure,2026-12-01,,Sculptor: toytec D.T.C,,4570232589421,https://cdn.myfigurelist.com/figure-images/42a4258a-4da2-4d3a-b5a5-989b612fae8c/Nendoroid-Character-Vocal-Series-01-Hatsune-Miku-MAGICAL*CURE!-LOVE-SHOT!-Ver_585c27ae-69a4-3a07-938f-c96cf90cca58.jpg,"[{""shop_name"": ""Amiami"", ""price_jpy"": 7200, ""availability"": ""PreOrder"", ""url"": ""NOTFOUND"", ""condition"": ""NewCondition"", ""fetched_at"": ""2026-09-27T10:03:22.154177""}, {""shop_name"": ""Hobby Link Japan"", ""price_jpy"": 7273, ""availability"": ""PreOrder"", ""url"": ""https://www.hlj.com/nendoroid-hatsune-miku-m-gical-cure-love-shot-gsc58942"", ""condition"": ""NewCondition"", ""fetched_at"": ""2026-09-27T10:03:22.154320""}, {""shop_name"": ""Ninoma"", ""price_jpy"": 7200, ""availability"": ""PreOrder"", ""url"": ""https://ninoma.com/products/nendoroid-character-vocal-series-01-hatsune-miku-hatsune-miku-m-gical-cure-love-shot-ver?_pos=1&_sid=f03ea1211&_ss=r"", ""condition"": ""NewCondition"", ""fetched_at"": ""2026-09-27T10:03:22.154331""}, {""shop_name"": ""Meccha Japan"", ""price_jpy"": 7143, ""availability"": ""PreOrder"", ""url"": ""https://meccha-japan.com/en/nendoroid/183149-nendoroid-hatsune-miku-magical-cure-love-shot-ver-character-vocal-series-01-hatsune-miku.html"", ""condition"": ""NewCondition"", ""fetched_at"": ""2026-09-27T10:03:22.154337""}, {""shop_name"": ""Hobby Search"", ""price_jpy"": 7119, ""availability"": ""PreOrder"", ""url"": ""https://www.1999.co.jp/11429332"", ""condition"": ""NewCondition"", ""fetched_at"": ""2026-09-27T10:03:22.154341""}, {""shop_name"": ""Animota"", ""price_jpy"": 9807, ""availability"": ""PreOrder"", ""url"": ""https://animota.net/en-eu/products/animota-e-pre12539"", ""condition"": ""NewCondition"", ""fetched_at"": ""2026-09-27T10:03:22.154347""}, {""shop_name"": ""Japan Figure"", ""price_jpy"": 9455, ""availability"": ""PreOrder"", ""url"": ""https://japan-figure.com/products/good-smile-company-hatsune-miku-nendoroid-collectible-figure-10cm"", ""condition"": ""NewCondition"", ""fetched_at"": ""2026-09-27T10:03:22.154352""}, {""shop_name"": ""Solaris Japan"", ""price_jpy"": 9414, ""availability"": ""PreOrder"", ""url"": ""https://solarisjapan.com/products/vocaloid-hatsune-miku-nendoroid-3090-m-gical-cure-love-shot-ver-good-smile-company?aff=1095"", ""condition"": ""NewCondition"", ""fetched_at"": ""2026-09-27T10:03:22.154357""}, {""shop_name"": ""Nin-Nin Game"", ""price_jpy"": 9561, ""availability"": ""PreOrder"", ""url"": ""https://www.nin-nin-game.com/en/nendoroid/246506-nendoroid-3090-hatsune-miku-mgicalcure-love-shot-ver-limited-bonus-good-smile-company-.html"", ""condition"": ""NewCondition"", ""fetched_at"": ""2026-09-27T10:03:22.154362""}]",,,,0,9,2026-09-27T10:03:22.154387,1.0,"[""jsonl""]"
88388,MyFigureList,https://myfigurelist.com/figure/88388/Kamen-Rider-Double-Forever-A-to-Z-The-Gaia-Memories-of-Fate-Kamen-Rider-Joker-Project-BM!-47,Kamen Rider Double Forever: A to Z/The Gaia Memories of Fate - Kamen Rider Joker - Project BM!  (47),Kamen Rider W,Shotaro Hidari,Medicom Toy,Anime Figure,2011-09-01,,Koguma Shimon,,88388,https://cdn.myfigurelist.com/figure-images/6e08d02d-546c-3737-a61b-bcf52879d015/Kamen-Rider-Double-Forever-A-to-Z-The-Gaia-Memories-of-Fate-Kamen-Rider-Joker-Project-BM!-47_2a3be3fc-1698-330b-b439-3644faca43c7.jpg,[],19000,,,0,0,2026-09-27T10:03:22.366186,1.0,"[""jsonl""]"
117708,MyFigureList,https://myfigurelist.com/figure/117708/Touhou-Project-Hakurei-Reimu-Pinkyst-Unofficial,Touhou Project - Hakurei Reimu - Pinky:st  (Unofficial),Touhou Project,Reimu Hakurei,Gray Phantom,Anime Figure,2009-07-26,,,,117708,https://cdn.myfigurelist.com/figure-images/e56c2e87-7000-3fc0-9654-78fef1e39882/Touhou-Project-Hakurei-Reimu-Pinkyst-Unofficial_46a72f57-d33f-37c1-8564-38a03f6adc7c.jpg,[],2500,,,0,0,2026-09-27T10:03:21.861398,1.0,"[""jsonl""]"
95643,MyFigureList,https://myfigurelist.com/figure/95643/Nekopara-Maple-Creators-Collection-1-7,Nekopara - Maple - Creator's Collection - 1/7,Nekopara,Maple,Native,Scale Figure,2024-07-17,1/7,Grizzry Panda,,4562271933143,https://cdn.myfigurelist.com/figure-images/8bb1334f-c081-3db2-971f-cb9f4380427d/Nekopara-Maple-Creators-Collection-1-7_5c79cb7e-ab04-3b0a-8b10-1b645b2d3b72.jpg,"[{""shop_name"": ""Nin-Nin Game"", ""price_jpy"": 27292, ""availability"": ""OutOfStock"", ""url"": ""https://www.nin-nin-game.com/en/japanese-import-hobby-figures-native/92251-creator-s-collection-nekopara-maple-17-limited-edition-bonus-native-.html"", ""condition"": ""NewCondition"", ""fetched_at"": ""2026-09-27T10:03:25.589790""}]",,,,0,1,2026-09-27T10:03:25.589837,1.0,"[""jsonl""]"
467,MyFigureList,https://myfigurelist.com/figure/467/Nendoroid-Zanma-Taisei-Demonbane-Al-Azif,Nendoroid - Zanma Taisei Demonbane: Al Azif,Demonbane,Al Azif,Good Smile Company,Scale Figure,2009-06-01,Non-Scale,Yukiwo Ageta,,4582191963174,https://cdn.myfigurelist.com/figure-images/4582191963174/Nendoroid-Zanma-Taisei-Demonbane-Al-Azif_d2c8885b-c7a6-4366-8afe-f50e71459fcd.jpg,"[{""shop_name"": ""Ninoma"", ""price_jpy"": 5308, ""availability"": ""OutOfStock"", ""url"": ""https://www.ninoma.com/index.php/al-azif-nendoroid-029-demonbane-good-smile-company"", ""condition"": ""NewCondition"", ""fetched_at"": ""2026-09-27T10:03:25.387516""}, {""shop_name"": ""Hobby Search"", ""price_jpy"": 3116, ""availability"": ""OutOfStock"", ""url"": ""https://www.1999.co.jp/eng/10063917"", ""condition"": ""NewCondition"", ""fetched_at"": ""2026-09-27T10:03:25.387543""}, {""shop_name"": ""Amiami"", ""price_jpy"": 3050, ""availability"": ""OutOfStock"", ""url"": ""https://www.amiami.com/eng/detail/?gcode=HOB-FIG-6847"", ""condition"": ""NewCondition"", ""fetched_at"": ""2026-09-27T10:03:25.387549""}, {""shop_name"": ""Okini Land"", ""price_jpy"": 4715, ""availability"": ""InStock"", ""url"": ""https://okini.land/en/13981-nendoroid-al-azif-good-smile-company.html"", ""condition"": ""NewCondition"", ""fetched_at"": ""2026-09-27T10:03:25.387555""}, {""shop_name"": ""Hobby Link Japan"", ""price_jpy"": 3000, ""availability"": ""OutOfStock"", ""url"": ""https://www.hlj.com/nendoroid-al-azif-gsc96317"", ""condition"": ""NewCondition"", ""fetched_at"": ""2026-09-27T10:03:25.387559""}, {""shop_name"": ""Solaris Japan"", ""price_jpy"": 6631, ""availability"": ""InStock"", ""url"": ""https://solarisjapan.com/products/demonbane-al-azif-nendoroid-029-good-smile-company?aff=1095"", ""condition"": ""NewCondition"", ""fetched_at"": ""2026-09-27T10:03:25.387563""}, {""shop_name"": ""Nin-Nin Game"", ""price_jpy"": 7020, ""availability"": ""OutOfStock"", ""url"": ""https://www.nin-nin-game.com/en/nendoroid/9167-demonbane-al-azif-nendoroid-29-en.html"", ""condition"": ""NewCondition"", ""fetched_at"": ""2026-09-27T10:03:25.387567""}, {""shop_name"": ""Hobby Genki"", ""price_jpy"": 3667, ""availability"": ""OutOfStock"", ""url"": ""https://hobby-genki.com/fr/nendoroid/17635-nendoroid-al-azif-demonbane-figure-4582191963174.html"", ""condition"": ""NewCondition"", ""fetched_at"": ""2026-09-27T10:03:25.387571""}]",,4715,6631,2,8,2026-09-27T10:03:25.387592,1.0,"[""jsonl""]"
16332,MyFigureList,https://myfigurelist.com/figure/16332/figma-Yuru-Camp-Rin-Shima,figma Yuru Camp Rin Shima,Yuru Camp,Rin Shima,Max Factory,Scale Figure,2022-12-01,Non-Scale,"Shougo, Uniko Enomoto",13,4545784067987,https://cdn.myfigurelist.com/figure-images/4545784067987/figma-Yuru-Camp-Rin-Shima_134ab598-91c8-4648-b167-091708b0b8f3.jpg,"[{""shop_name"": ""Figuya"", ""price_jpy"": 17858, ""availability"": ""OutOfStock"", ""url"": ""https://figuya.com/en/products/figma-551-rin-shima-35822-en"", ""condition"": ""NewCondition"", ""fetched_at"": ""2026-09-27T10:03:25.017996""}, {""shop_name"": ""Plaza Japan"", ""price_jpy"": 8724, ""availability"": ""OutOfStock"", ""url"": ""https://www.plazajapan.com/4545784067987/"", ""condition"": ""NewCondition"", ""fetched_at"": ""2026-09-27T10:03:25.018028""}, {""shop_name"": ""Amiami"", ""price_jpy"": 7300, ""availability"": ""OutOfStock"", ""url"": ""https://www.amiami.com/eng/detail/?gcode=FIGURE-134153"", ""condition"": ""NewCondition"", ""fetched_at"": ""2026-09-27T10:03:25.018035""}, {""shop_name"": ""Okini Land"", ""price_jpy"": 13969, ""availability"": ""OutOfStock"", ""url"": ""https://okini.land/en/28230-figma-shima-rin-max-factory-4545784067987.html"", ""condition"": ""NewCondition"", ""fetched_at"": ""2026-09-27T10:03:25.018039""}, {""shop_name"": ""Hobby Link Japan"", ""price_jpy"": 7440, ""availability"": ""OutOfStock"", ""url"": ""https://www.hlj.com/figma-rin-shima-laid-back-camp-max06798"", ""condition"": ""NewCondition"", ""fetched_at"": ""2026-09-27T10:03:25.018044""}, {""shop_name"": ""Ninoma"", ""price_jpy"": 18020, ""availability"": ""InStock"", ""url"": ""https://ninoma.com/products/yurucamp-figma-551-shima-rin?_pos=1&_sid=a7a186ef3&_ss=r"", ""condition"": ""NewCondition"", ""fetched_at"": ""2026-09-27T10:03:25.018048""}, {""shop_name"": ""Meccha Japan"", ""price_jpy"": 20000, ""availability"": ""OutOfStock"", ""url"": ""https://meccha-japan.com/en/articulated-figures/47289-figma-rin-shima-laid-back-camp.html"", ""condition"": ""NewCondition"", ""fetched_at"": ""2026-09-27T10:03:25.018053""}, {""shop_name"": ""Hobby Search"", ""price_jpy"": 7480, ""availability"": ""OutOfStock"", ""url"": ""https://www.1999.co.jp/eng/search?typ1_c=101&cat=&state=&sold=0&sortid=6&searchkey=4545784067987"", ""condition"": ""NewCondition"", ""fetched_at"": ""2026-09-27T10:03:25.018057""}, {""shop_name"": ""Animota"", ""price_jpy"": 13271, ""availability"": ""InStock"", ""url"": ""https://animota.net/products/animota-e-pre457"", ""condition"": ""NewCondition"", ""fetched_at"": ""2026-09-27T10:03:25.018061""}, {""shop_name"": ""Japan Figure"", ""price_jpy"": 14900, ""availability"": ""OutOfStock"", ""url"": ""https://japan-figure.com/products/figma-yurukan-shima-rin-non-scale-plastic-painted-movable-figure"", ""condition"": ""NewCondition"", ""fetched_at"": ""2026-09-27T10:03:25.018065""}, {""shop_name"": ""Solaris Japan"", ""price_jpy"": 17040, ""availability"": ""InStock"", ""url"": ""https://solarisjapan.com/products/yurucamp-shima-rin-figma-551-max-factory?aff=1095"", ""condition"": ""NewCondition"", ""fetched_at"": ""2026-09-27T10:03:25.018068""}, {""shop_name"": ""Nin-Nin Game"", ""price_jpy"": 9992, ""availability"": ""OutOfStock"", ""url"": ""https://www.nin-nin-game.com/en/figma/55727-figma-yurucamp-shima-rin-limited-edition-bonus-figma-550-.html"", ""condition"": ""NewCondition"", ""fetched_at"": ""2026-09-27T10:03:25.018072""}, {""shop_name"": ""Hobby Genki"", ""price_jpy"": 3520, ""availability"": ""OutOfStock"", ""url"": ""https://hobby-genki.com/fr/laid-back-camp-yuru-camp/2612-figma-rin-shima-laid-back-camp-4545784067987.html"", ""condition"": ""NewCondition"", ""fetched_at"": ""2026-09-27T10:03:25.018077""}]",,13271,18020,3,13,2026-09-27T10:03:25.018097,1.0,"[""csv"", ""jsonl""]"
17281,MyFigureList,https://myfigurelist.com/figure/17281/GUILTY-GEAR-Xrd-SIGN-Ramlethal-Valentine-1-8-Complete-Figure,GUILTY GEAR Xrd -SIGN- Ramlethal Valentine 1/8 Complete Figure,Guilty Gear,Ramlethal Valentine,FREEing,Scale Figure,2016-01-01,1/8,FREEing,,4571245295569,https://cdn.myfigurelist.com/figure-images/4571245295569/GUILTY-GEAR-Xrd-SIGN-Ramlethal-Valentine-1-8-Complete-Figure_98b2493e-b961-429d-9730-4ac5350acf90.jpg,"[{""shop_name"": ""Figuya"", ""price_jpy"": 36485, ""availability"": ""OutOfStock"", ""url"": ""https://figuya.com/en/products/ramlethal-valentine-guilty-gear-xrd-sign-4852-en"", ""condition"": ""NewCondition"", ""fetched_at"": ""2026-09-27T10:03:25.232123""}, {""shop_name"": ""Amiami"", ""price_jpy"": 18670, ""availability"": ""OutOfStock"", ""url"": ""https://www.amiami.com/eng/detail/?gcode=FIGURE-012203"", ""condition"": ""NewCondition"", ""fetched_at"": ""2026-09-27T10:03:25.232152""}, {""shop_name"": ""Hobby Link Japan"", ""price_jpy"": 18296, ""availability"": ""OutOfStock"", ""url"": ""https://www.hlj.com/1-8-scale-ramlethal-valentine-pvc-fre29556"", ""condition"": ""NewCondition"", ""fetched_at"": ""2026-09-27T10:03:25.232159""}, {""shop_name"": ""Ninoma"", ""price_jpy"": 434603, ""availability"": ""OutOfStock"", ""url"": ""https://ninoma.com/products/ramlethal-valentine-1-8-guilty-gear-xrd-sign-freeing?_pos=1&_sid=0d8582b4e&_ss=r"", ""condition"": ""NewCondition"", ""fetched_at"": ""2026-09-27T10:03:25.232164""}, {""shop_name"": ""Hobby Search"", ""price_jpy"": 19067, ""availability"": ""OutOfStock"", ""url"": ""https://www.1999.co.jp/eng/search?typ1_c=101&cat=&state=&sold=0&sortid=6&searchkey=4571245295569"", ""condition"": ""NewCondition"", ""fetched_at"": ""2026-09-27T10:03:25.232168""}, {""shop_name"": ""Animota"", ""price_jpy"": 102045, ""availability"": ""InStock"", ""url"": ""https://animota.net/products/animota-e-fig-amz2233"", ""condition"": ""NewCondition"", ""fetched_at"": ""2026-09-27T10:03:25.232173""}, {""shop_name"": ""Nin-Nin Game"", ""price_jpy"": 254481, ""availability"": ""OutOfStock"", ""url"": ""https://www.nin-nin-game.com/en/guilty-gear/15345-guilty-gear-xrd-sign-ramlethal-valentine-freeing-en.html"", ""condition"": ""NewCondition"", ""fetched_at"": ""2026-09-27T10:03:25.232177""}]",,102045,102045,1,7,2026-09-27T10:03:25.232197,1.0,"[""jsonl""]"
41780,MyFigureList,https://myfigurelist.com/figure/41780/Fate-Grand-Order-Ibaraki-Douji-1-8,Fate/Grand Order - Ibaraki Douji - 1/8,Fate/Grand Order,Ibaraki Douji,Fujiyama Sankaku,Scale Figure,2017-07-30,1/8,,,41780,https://cdn.myfigurelist.com/figure-images/9bdaabc3-38fc-33a1-9efd-67bd89b93704/Fate-Grand-Order-Ibaraki-Douji-1-8_fca66a20-0494-3675-bf9d-137cd46848b6.jpg,[],8000,,,0,0,2026-09-27T10:03:28.335944,1.0,"[""jsonl""]"
77140,MyFigureList,https://myfigurelist.com/figure/77140/Higurashi-no-Naku-Koro-ni-Kai-Ryuuguu-Rena-Angel-Mort-e-Yokoso,Higurashi no Naku Koro ni Kai - Ryuuguu Rena - ~Angel Mort e Yokoso~,Higurashi no Naku Koro ni,Rena Ryuuguu,Banpresto,Anime Figure,2010-11-22,,,16,77140,https://cdn.myfigurelist.com/figure-images/3bce27e9-0ef6-3d34-80a5-4df22c6fdadd/Higurashi-no-Naku-Koro-ni-Kai-Ryuuguu-Rena-Angel-Mort-e-Yokoso_cf2c1635-ab22-3ecf-817b-8e9fa85b1a4d.jpg,[],1450,1450,1450,0,0,2026-09-27T10:03:28.206036,0.95,"[""csv"", ""jsonl""]"
114623,MyFigureList,https://myfigurelist.com/figure/114623/Fate-Grand-Order-Minamoto-no-Raikou-1-6-Mizugi,Fate/Grand Order - Minamoto no Raikou - 1/6 - Mizugi,Fate/Grand Order,Minamoto no Raikou,Shirubeya Mokeibou,Scale Figure,2025-02-09,1/6,RR,,114623,https://cdn.myfigurelist.com/figure-images/d6c33872-985c-3a1c-b226-47063ac059d4/Fate-Grand-Order-Minamoto-no-Raikou-1-6-Mizugi_48fb7a13-d30c-3e1f-8437-899156eb0f46.jpg,[],25000,,,0,0,2026-09-27T10:03:27.827934,1.0,"[""jsonl""]"
38616,MyFigureList,https://myfigurelist.com/figure/38616/Di-Gi-Charat-Dejiko-Gema-Puchiko,Di Gi Charat - Dejiko - Gema - Puchiko,Di Gi Charat,Yasuno Petit Charat,B-CLUB,Scale Figure,2001-07-01,Non-Scale,,,38616,https://cdn.myfigurelist.com/figure-images/57ae3cc5-471e-3378-aba5-e7af3bc02f74/Di-Gi-Charat-Dejiko-Gema-Puchiko_0751313d-7211-37bc-ae60-14b19db1caba.jpg,[],12800,,,0,0,2026-09-27T10:03:28.020479,1.0,"[""jsonl""]"
3184,MyFigureList,https://myfigurelist.com/figure/3184/SHFiguarts-Ant-Man-Avengers-Endgame,S.H.Figuarts Ant-Man (Avengers: Endgame),Avengers: Endgame,Scott Lang,BANDAI SPIRITS,Scale Figure,2019-04-01,Non-Scale,,,4573102555618,https://cdn.myfigurelist.com/figure-images/4573102555618/SHFiguarts-Ant-Man-Avengers-Endgame_d629cc59-bb4e-4f7e-82b6-cc68ffc9bf0f.jpg,"[{""shop_name"": ""Plaza Japan"", ""price_jpy"": 11077, ""availability"": ""InStock"", ""url"": ""https://www.plazajapan.com/4573102555618/"", ""condition"": ""NewCondition"", ""fetched_at"": ""2026-09-27T10:03:31.395667""}, {""shop_name"": ""Amiami"", ""price_jpy"": 6264, ""availability"": ""OutOfStock"", ""url"": ""https://www.amiami.com/eng/detail/?gcode=FIGURE-047748"", ""condition"": ""NewCondition"", ""fetched_at"": ""2026-09-27T10:03:31.395692""}, {""shop_name"": ""Okini Land"", ""price_jpy"": 6327, ""availability"": ""OutOfStock"", ""url"": ""https://okini.land/en/8708--shfiguarts-antman-avengers-endgame-bandai-spirits.html"", ""condition"": ""NewCondition"", ""fetched_at"": ""2026-09-27T10:03:31.395699""}, {""shop_name"": ""Ninoma"", ""price_jpy"": 10699, ""availability"": ""InStock"", ""url"": ""https://www.ninoma.com/index.php/ant-man-s-h-figuarts-avengers-endgame-bandai-spirits"", ""condition"": ""NewCondition"", ""fetched_at"": ""2026-09-27T10:03:31.395703""}, {""shop_name"": ""Hobby Search"", ""price_jpy"": 6380, ""availability"": ""OutOfStock"", ""url"": ""https://www.1999.co.jp/eng/10603508"", ""condition"": ""NewCondition"", ""fetched_at"": ""2026-09-27T10:03:31.395707""}, {""shop_name"": ""Animota"", ""price_jpy"": 12335, ""availability"": ""InStock"", ""url"": ""https://animota.net/products/animota-j-rc_it6wliwk1qg0_bczt"", ""condition"": ""NewCondition"", ""fetched_at"": ""2026-09-27T10:03:31.395712""}, {""shop_name"": ""Solaris Japan"", ""price_jpy"": 10033, ""availability"": ""InStock"", ""url"": ""https://solarisjapan.com/products/avengers-endgame-ant-man-scott-lang-s-h-figuarts-bandai-spirits?aff=1095"", ""condition"": ""NewCondition"", ""fetched_at"": ""2026-09-27T10:03:31.395716""}, {""shop_name"": ""Nin-Nin Game"", ""price_jpy"": 10190, ""availability"": ""InStock"", ""url"": ""https://www.nin-nin-game.com/en/marvel-dc-comics/31374-avengers-endgame-ant-man-scott-lang-sh-figuarts-.html"", ""condition"": ""NewCondition"", ""fetched_at"": ""2026-09-27T10:03:31.395720""}, {""shop_name"": ""Hobby Genki"", ""price_jpy"": 9990, ""availability"": ""OutOfStock"", ""url"": ""https://hobby-genki.com/fr/shfiguarts/61-shfiguarts-ant-man-avengers-end-game-4573102555618.html"", ""condition"": ""NewCondition"", ""fetched_at"": ""2026-09-27T10:03:31.395724""}]",,10033,12335,5,9,2026-09-27T10:03:31.395743,1.0,"[""jsonl""]"
27155,MyFigureList,https://myfigurelist.com/figure/27155/Tokusatsu-Revoltech-No043-Batman-Batmobile-Tumbler,Tokusatsu Revoltech No.043 Batman - Batmobile Tumbler,Batman,,Kaiyodo,Scale Figure,2013-04-01,Non-Scale,Toshinari Ichihara,13,4537807040497,https://cdn.myfigurelist.com/figure-images/4537807040497/Tokusatsu-Revoltech-No043-Batman-Batmobile-Tumbler_fe5d17d6-bdd0-4981-863d-af7d6da3c8d8.jpg,"[{""shop_name"": ""Figuya"", ""price_jpy"": 5539, ""availability"": ""OutOfStock"", ""url"": ""https://figuya.com/en/products/batmobile-tumbler-batman-dark-knight-rises-revoltech-13415-en"", ""condition"": ""NewCondition"", ""fetched_at"": ""2026-09-27T10:03:30.959150""}, {""shop_name"": ""Ninoma"", ""price_jpy"": 5062, ""availability"": ""InStock"", ""url"": ""https://ninoma.com/products/batmobile-batman-revoltech-sfx-no-043-the-dark-knight-kaiyodo?_pos=1&_sid=217b3350a&_ss=r"", ""condition"": ""NewCondition"", ""fetched_at"": ""2026-09-27T10:03:30.959177""}, {""shop_name"": ""Hobby Search"", ""price_jpy"": 3544, ""availability"": ""OutOfStock"", ""url"": ""https://www.1999.co.jp/search?typ1_c=100&cat=&state=&sold=0&sortid=7&searchkey=4537807040497"", ""condition"": ""NewCondition"", ""fetched_at"": ""2026-09-27T10:03:30.959184""}, {""shop_name"": ""Amiami"", ""price_jpy"": 3070, ""availability"": ""OutOfStock"", ""url"": ""https://www.amiami.com/eng/detail/?gcode=FIG-KAI-4859"", ""condition"": ""NewCondition"", ""fetched_at"": ""2026-09-27T10:03:30.959188""}, {""shop_name"": ""Solaris Japan"", ""price_jpy"": 9478, ""availability"": ""InStock"", ""url"": ""https://solarisjapan.com/products/batman-begins-the-dark-knight-the-dark-knight-rises-batman-batmobile-tumbler-revoltech-revoltech-sfx-043-kaiyodo-1?aff=1095"", ""condition"": ""NewCondition"", ""fetched_at"": ""2026-09-27T10:03:30.959193""}, {""shop_name"": ""Hobby Link Japan"", ""price_jpy"": 3222, ""availability"": ""OutOfStock"", ""url"": ""https://www.hlj.com/sci-fi-revoltech-batmobile-tumbler-kyd04049"", ""condition"": ""NewCondition"", ""fetched_at"": ""2026-09-27T10:03:30.959198""}, {""shop_name"": ""Nin-Nin Game"", ""price_jpy"": 9720, ""availability"": ""InStock"", ""url"": ""https://www.nin-nin-game.com/en/justice-league/8835-batman-batmobile-tumbler-tokusatsu-revoltech-no043-en.html"", ""condition"": ""NewCondition"", ""fetched_at"": ""2026-09-27T10:03:30.959202""}]",,5062,9720,3,7,2026-09-27T10:03:30.959220,1.0,"[""csv"", ""jsonl""]"
42322,MyFigureList,https://myfigurelist.com/figure/42322/Lineage-II-Dark-Elf-1-7-Limited-Edition,Lineage II - Dark Elf - 1/7 - Limited Edition,Lineage II,Dark Elf,Orchid Seed,Scale Figure,2019-05-29,1/7,Iwanaga Sakurako,23,42322,https://cdn.myfigurelist.com/figure-images/59b7316c-a35e-314b-a687-4a744f75b5b4/Lineage-II-Dark-Elf-1-7-Limited-Edition_d83420ff-3d9b-36b5-ae37-2d92ee54de1f.jpg,[],15000,15000,15000,0,0,2026-09-27T10:03:30.857394,1.0,"[""csv"", ""jsonl""]"
44110,MyFigureList,https://myfigurelist.com/figure/44110/Jojo-no-Kimyou-na-Bouken-Ougon-no-Kaze-Formaggio-Ichiban-Kuji-Ichiban-Kuji-Jojo-no-Kimyou-na-Bouken-Golden-Wind-Hitman-Team-F-Prize-Masterlise,Jojo no Kimyou na Bouken - Ougon no Kaze - Formaggio - Ichiban Kuji - Ichiban Kuji Jojo no Kimyou na Bouken Golden Wind -Hitman Team-  (F Prize) - Masterlise,,,BANDAI SPIRITS,Scale Figure,2025-02-22,1/7,Natsusaka Shinichirou,,44110,https://cdn.myfigurelist.com/figure-images/47aedd1c-8b88-38ec-8cba-a7e97ca66d69/Jojo-no-Kimyou-na-Bouken-Ougon-no-Kaze-Formaggio-Ichiban-Kuji-Ichiban-Kuji-Jojo-no-Kimyou-na-Bouken-Golden-Wind-Hitman-Team-F-Prize-Masterlise_cdb11dbe-d1a0-31f9-a146-fed45fdff706.jpg,[],773,,,0,0,2026-09-27T10:03:31.179574,1.0,"[""jsonl""]"
19805,MyFigureList,https://myfigurelist.com/figure/19805/TENITOL-Hitori-Gotoh-Cafe-Style-ver-Complete-Figure,TENITOL Hitori Gotoh Cafe Style ver. Complete Figure,Bocchi the Rock!,Hitori Gotoh,FuRyu,Scale Figure,2025-04-01,Non-Scale,moineau,,4580736406964,https://cdn.myfigurelist.com/figure-images/4580736406964/TENITOL-Hitori-Gotoh-Cafe-Style-ver-Complete-Figure_afa55225-6a2a-4270-bc95-672d8e76c180.jpg,"[{""shop_name"": ""Amiami"", ""price_jpy"": 4851, ""availability"": ""InStock"", ""url"": ""https://www.amiami.com/eng/detail/?gcode=FIGURE-173043"", ""condition"": ""NewCondition"", ""fetched_at"": ""2026-09-27T10:03:34.732438""}, {""shop_name"": ""Meccha Japan"", ""price_jpy"": 8283, ""availability"": ""OutOfStock"", ""url"": ""https://meccha-japan.com/en/figures/140522-figure-hitori-gotoh-cafe-style-ver-bocchi-the-rock-tenitol.html"", ""condition"": ""NewCondition"", ""fetched_at"": ""2026-09-27T10:03:34.732468""}, {""shop_name"": ""Lunar Toy Store"", ""price_jpy"": 7954, ""availability"": ""OutOfStock"", ""url"": ""https://www.lunartoystore.com/hitori-gotoh-cafe-style-ver-tenitol"", ""condition"": ""NewCondition"", ""fetched_at"": ""2026-09-27T10:03:34.732474""}, {""shop_name"": ""Animota"", ""price_jpy"": 10198, ""availability"": ""OutOfStock"", ""url"": ""https://animota.net/en-eu/products/animota-e-pre6126"", ""condition"": ""NewCondition"", ""fetched_at"": ""2026-09-27T10:03:34.732479""}, {""shop_name"": ""Nin-Nin Game"", ""price_jpy"": 8790, ""availability"": ""OutOfStock"", ""url"": ""https://www.nin-nin-game.com/en/bocchi-the-rock/134351-tenitol-bocchi-the-rock-hitori-gotoh-cafe-style-ver-limited-edition-furyu-.html"", ""condition"": ""NewCondition"", ""fetched_at"": ""2026-09-27T10:03:34.732483""}, {""shop_name"": ""Hobby Genki"", ""price_jpy"": 8050, ""availability"": ""InStock"", ""url"": ""https://hobby-genki.com/en/bocchi-the-rock/37112-tenitol-hitori-gotoh-cafe-style-ver-bocchi-the-rock-figure-limited-edition.html"", ""condition"": ""NewCondition"", ""fetched_at"": ""2026-09-27T10:03:34.732511""}]",,4851,8050,2,6,2026-09-27T10:03:34.732549,1.0,"[""jsonl""]"
10335,MyFigureList,https://myfigurelist.com/figure/10335/Xenogears-BRING-ARTS-Fei-Fong-Wong-Action-Figure,Xenogears - BRING ARTS: Fei Fong Wong Action Figure,Xenogears,Fei Fong Wong,Square Enix,Scale Figure,2018-08-01,Non-Scale,,,4988601336352,https://cdn.myfigurelist.com/figure-images/4988601336352/Xenogears-BRING-ARTS-Fei-Fong-Wong-Action-Figure_5ea14e13-c5a8-486b-9841-6d7648a862cd.jpg,"[{""shop_name"": ""Plaza Japan"", ""price_jpy"": 6942, ""availability"": ""OutOfStock"", ""url"": ""https://www.plazajapan.com/4988601336352/"", ""condition"": ""NewCondition"", ""fetched_at"": ""2026-09-27T10:03:33.871526""}, {""shop_name"": ""Lunar Toy Store"", ""price_jpy"": 11712, ""availability"": ""OutOfStock"", ""url"": ""https://www.lunartoystore.com/4988601336352"", ""condition"": ""NewCondition"", ""fetched_at"": ""2026-09-27T10:03:33.871589""}, {""shop_name"": ""Hobby Search"", ""price_jpy"": 6732, ""availability"": ""OutOfStock"", ""url"": ""https://www.1999.co.jp/eng/10530763"", ""condition"": ""NewCondition"", ""fetched_at"": ""2026-09-27T10:03:33.871672""}, {""shop_name"": ""Amiami"", ""price_jpy"": 6390, ""availability"": ""OutOfStock"", ""url"": ""https://www.amiami.com/eng/detail/?gcode=FIGURE-038455"", ""condition"": ""NewCondition"", ""fetched_at"": ""2026-09-27T10:03:33.871680""}, {""shop_name"": ""Hobby Link Japan"", ""price_jpy"": 6800, ""availability"": ""OutOfStock"", ""url"": ""https://www.hlj.com/xenogears-bring-arts-fei-fong-wong-enx33635"", ""condition"": ""NewCondition"", ""fetched_at"": ""2026-09-27T10:03:33.871685""}, {""shop_name"": ""Nin-Nin Game"", ""price_jpy"": 14264, ""availability"": ""OutOfStock"", ""url"": ""https://www.nin-nin-game.com/en/xenoblade-series/26534-xenogears-fei-fei-fong-wong-bring-arts-square-enix-.html"", ""condition"": ""NewCondition"", ""fetched_at"": ""2026-09-27T10:03:33.871690""}]",,,,0,6,2026-09-27T10:03:33.871711,1.0,"[""jsonl""]"
66850,MyFigureList,https://myfigurelist.com/figure/66850/Fate-Grand-Order-Nitocris-Mini,Fate/Grand Order - Nitocris - Mini,Fate/Grand Order,Nitocris,Flalalamingo,Anime Figure,2022-07-24,,Ninomiya Akiko,,66850,https://cdn.myfigurelist.com/figure-images/137c8fad-3e6f-3d97-9480-c674396fca91/Fate-Grand-Order-Nitocris-Mini_2f6b40d8-8535-3a5f-95ce-1cd87a1aeb3e.jpg,[],5000,,,0,0,2026-09-27T10:03:34.484120,1.0,"[""jsonl""]"
84016,MyFigureList,https://myfigurelist.com/figure/84016/Transformers-Dark-of-the-Moon-Sentinel-Prime-Mechtech-DA02,Transformers: Dark of the Moon - Sentinel Prime - Mechtech  (DA02),Transformers: Dark of the Moon,Sentinel Prime,Takara Tomy,Anime Figure,2011-05-14,,,,4904810422358,https://cdn.myfigurelist.com/figure-images/572074e7-b613-32b6-a0a4-31325425d788/Transformers-Dark-of-the-Moon-Sentinel-Prime-Mechtech-DA02_d1e237af-f56d-3a40-9952-14ed10ac5424.jpg,"[{""shop_name"": ""Solaris Japan"", ""price_jpy"": 15217, ""availability"": ""InStock"", ""url"": ""https://solarisjapan.com/products/transformers-darkside-moon-sentinel-prime-mechtech-da02-takara-tomy?aff=1095"", ""condition"": ""UsedCondition"", ""fetched_at"": ""2026-09-27T10:03:34.572989""}]",,15217,15217,1,1,2026-09-27T10:03:34.573026,0.95,"[""csv"", ""jsonl""]"
83553,MyFigureList,https://myfigurelist.com/figure/83553/Kamen-Rider-Kuuga-Kamen-Rider-Kuuga-Mighty-Form-Ichiban-Kuji-Ichiban-Kuji-Kamen-Rider-Zi-O-vol-3-feat-So-do-Kamen-Rider-W-Sofvics,Kamen Rider Kuuga - Kamen Rider Kuuga Mighty Form - Ichiban Kuji - Ichiban Kuji Kamen Rider Zi-O vol. 3 feat. So-do Kamen Rider W - Sofvics,Kamen Rider Kuuga,Yusuke Godai,BANDAI SPIRITS,Anime Figure,2019-06-28,,,,83553,https://cdn.myfigurelist.com/figure-images/5a70dfd3-a43b-3663-917d-48329779f4a6/Kamen-Rider-Kuuga-Kamen-Rider-Kuuga-Mighty-Form-Ichiban-Kuji-Ichiban-Kuji-Kamen-Rider-Zi-O-vol-3-feat-So-do-Kamen-Rider-W-Sofvics_746cef3e-ff1d-3973-9b16-10e56a2130a3.jpg,[],602,,,0,0,2026-09-27T10:03:37.343654,1.0,"[""jsonl""]"
54100,MyFigureList,https://myfigurelist.com/figure/54100/Monster-Hunter-Lagiacrus-Capcom-Figure-Builder-Creators-Model-Rare-Species,Monster Hunter - Lagiacrus - Capcom Figure Builder Creator's Model - Rare Species,Monster Hunter,Lagiacrus,Capcom,Scale Figure,2012-06-21,Non-Scale,Ooyama Ryuu,,4976219043038,https://cdn.myfigurelist.com/figure-images/0dce843d-7c9f-3863-9a09-0b69080ff134/Monster-Hunter-Lagiacrus-Capcom-Figure-Builder-Creators-Model-Rare-Species_9fb1fb1a-f43b-3d46-9562-a31f550e3032.jpg,"[{""shop_name"": ""Animota"", ""price_jpy"": 152506, ""availability"": ""InStock"", ""url"": ""https://animota.net/en-eu/products/animota-e-fig-amz1615"", ""condition"": ""NewCondition"", ""fetched_at"": ""2026-09-27T10:03:37.427807""}]",,152506,152506,1,1,2026-09-27T10:03:37.427854,1.0,"[""jsonl""]"
72760,MyFigureList,https://myfigurelist.com/figure/72760/Piapro-Characters-Hatsune-Miku-O-Miku-Sugar-amp-Spice,Piapro Characters - Hatsune Miku - O-Miku - Sugar &amp; Spice,Piapro Characters,Miku Hatsune,Clutter,Anime Figure,2019-12-14,,,,72760,https://cdn.myfigurelist.com/figure-images/2b5b4a98-453f-32b0-bc75-a23ac0f0e24a/Piapro-Characters-Hatsune-Miku-O-Miku-Sugar-amp-Spice_d07577ed-371b-3965-b620-04244a34024e.jpg,[],27380,,,0,0,2026-09-27T10:03:37.641137,1.0,"[""jsonl""]"
117582,MyFigureList,https://myfigurelist.com/figure/117582/Sanrio-Characters-Pompompurin-LOL-Loves-Hello-Kitty-And-Friends-LOL-Surprise!-Pompompurin-Puddin,Sanrio Characters - Pompompurin - L.O.L. Loves Hello Kitty And Friends - L.O.L. Surprise! - Pompompurin Puddin',Sanrio Characters,Pompompurin,MGA Entertainment,Anime Figure,2025-01-01,,,,117582,https://cdn.myfigurelist.com/figure-images/e4d23cf8-630c-3e6f-ba36-831979ab08b7/Sanrio-Characters-Pompompurin-LOL-Loves-Hello-Kitty-And-Friends-LOL-Surprise!-Pompompurin-Puddin_fea46b4e-89a8-34db-b3b5-51c4e13a6a9c.jpg,[],2039,,,0,0,2026-09-27T10:03:37.505136,1.0,"[""jsonl""]"
8425,MyFigureList,https://myfigurelist.com/figure/8425/Fraulein-Revoltech-The-Melancholy-of-Haruhi-Suzumiya-School-Festival-SPECIAL-No3-Mikuru-Asahina-Mikurus-Adventure-ver,"Fraulein Revoltech - The Melancholy of Haruhi Suzumiya School Festival SPECIAL No.3 ""Mikuru Asahina"" Mikuru's Adventure ver.",Suzumiya Haruhi no Yuuutsu,Mikuru Asahina,Kaiyodo,Scale Figure,2009-04-01,1/10,Tomohide Enoki,,4537807020147,https://cdn.myfigurelist.com/figure-images/4537807020147/Fraulein-Revoltech-The-Melancholy-of-Haruhi-Suzumiya-School-Festival-SPECIAL-No3-Mikuru-Asahina-Mikuru's-Adventure-ver_c4f6c477-bc42-47f7-a059-c378fe0dac26.jpg,"[{""shop_name"": ""Hobby Search"", ""price_jpy"": 2225, ""availability"": ""OutOfStock"", ""url"": ""https://www.1999.co.jp/eng/10083657"", ""condition"": ""NewCondition"", ""fetched_at"": ""2026-09-27T10:03:40.768063""}, {""shop_name"": ""Amiami"", ""price_jpy"": 1940, ""availability"": ""OutOfStock"", ""url"": ""https://www.amiami.com/eng/detail/?gcode=FIG-MOE-0539"", ""condition"": ""NewCondition"", ""fetched_at"": ""2026-09-27T10:03:40.768088""}, {""shop_name"": ""Solaris Japan"", ""price_jpy"": 8297, ""availability"": ""InStock"", ""url"": ""https://solarisjapan.com/products/fraulein-revoltech-the-melancholy-of-haruhi-suzumiya-school-festival-special-no-3-mikuru-asahina-mikurus-adventure-ver-1?aff=1095"", ""condition"": ""NewCondition"", ""fetched_at"": ""2026-09-27T10:03:40.768093""}, {""shop_name"": ""Hobby Link Japan"", ""price_jpy"": 2143, ""availability"": ""OutOfStock"", ""url"": ""https://www.hlj.com/fraulein-revoltech-mikuru-asahina-the-adventures-of-mikuru-ver-kyd02014"", ""condition"": ""NewCondition"", ""fetched_at"": ""2026-09-27T10:03:40.768097""}]",,8297,8297,1,4,2026-09-27T10:03:40.768115,1.0,"[""jsonl""]"
64869,MyFigureList,https://myfigurelist.com/figure/64869/Shaun-the-Sheep-Shaun-Ultra-Detail-Figure-No425,Shaun the Sheep - Shaun - Ultra Detail Figure  (No.425),Shaun the Sheep,Shaun the Sheep,Medicom Toy,Anime Figure,2018-06-01,,MOTOR KEN,,4530956154251,https://cdn.myfigurelist.com/figure-images/0b5ed5c6-6952-381e-84e3-c2c04bec4c8c/Shaun-the-Sheep-Shaun-Ultra-Detail-Figure-No425_f87af2cf-3116-3829-942a-32bc77369dd4.jpg,"[{""shop_name"": ""Amiami"", ""price_jpy"": 1320, ""availability"": ""OutOfStock"", ""url"": ""NOTFOUND"", ""condition"": ""NewCondition"", ""fetched_at"": ""2026-09-27T10:03:40.664304""}, {""shop_name"": ""Hobby Link Japan"", ""price_jpy"": 960, ""availability"": ""OutOfStock"", ""url"": ""https://www.hlj.com/udf-shaun-the-sheep-1-shaun-medudf-425"", ""condition"": ""NewCondition"", ""fetched_at"": ""2026-09-27T10:03:40.664364""}, {""shop_name"": ""Hobby Search"", ""price_jpy"": 1056, ""availability"": ""InStock"", ""url"": ""https://www.1999.co.jp/10521832"", ""condition"": ""NewCondition"", ""fetched_at"": ""2026-09-27T10:03:40.664372""}, {""shop_name"": ""Solaris Japan"", ""price_jpy"": 2115, ""availability"": ""InStock"", ""url"": ""https://solarisjapan.com/products/shaun-the-sheep-shaun-ultra-detail-figure-no-425-medicom-toy?aff=1095"", ""condition"": ""NewCondition"", ""fetched_at"": ""2026-09-27T10:03:40.664377""}]",,1056,2115,2,4,2026-09-27T10:03:40.664396,1.0,"[""jsonl""]"
63400,MyFigureList,https://myfigurelist.com/figure/63400/Goddess-of-Victory-Nikke-Privaty-SKP-1-10-Unkind-Maid,Goddess of Victory: Nikke - Privaty - S.K.P - 1/10 - Unkind Maid,Goddess of Victory: Nikke,Privaty,Hobby sakura,Scale Figure,2026-06-01,1/10,,,6974982161421,https://cdn.myfigurelist.com/figure-images/055d570d-a6ae-3677-b869-e9cb861aa89e/Goddess-of-Victory-Nikke-Privaty-SKP-1-10-Unkind-Maid_8e7b50ad-dc01-31b8-a06c-334671d0dbce.jpg,"[{""shop_name"": ""Hobby Link Japan"", ""price_jpy"": 7500, ""availability"": ""OutOfStock"", ""url"": ""https://www.hlj.com/1-10-scale-goddess-of-victory-nikke-privaty-unkind-maid-hsa16142"", ""condition"": ""NewCondition"", ""fetched_at"": ""2026-09-27T10:03:40.588366""}, {""shop_name"": ""Meccha Japan"", ""price_jpy"": 11975, ""availability"": ""OutOfStock"", ""url"": ""https://meccha-japan.com/en/figures/167321-figure-privaty-unkind-maid-goddess-of-victory-nikke.html"", ""condition"": ""NewCondition"", ""fetched_at"": ""2026-09-27T10:03:40.588395""}, {""shop_name"": ""Hobby Bee"", ""price_jpy"": 13428, ""availability"": ""InStock"", ""url"": ""https://hobby-bee.com/products/goddess-of-victory-nikke-privaty-unkind-maid"", ""condition"": ""NewCondition"", ""fetched_at"": ""2026-09-27T10:03:40.588400""}, {""shop_name"": ""Solaris Japan"", ""price_jpy"": 18839, ""availability"": ""InStock"", ""url"": ""https://solarisjapan.com/products/goddess-of-victory-nikke-privaty-s-k-p-1-10-unkind-maid-hobby-sakura?aff=1095"", ""condition"": ""NewCondition"", ""fetched_at"": ""2026-09-27T10:03:40.588405""}, {""shop_name"": ""Nin-Nin Game"", ""price_jpy"": 15973, ""availability"": ""InStock"", ""url"": ""https://www.nin-nin-game.com/en/goddess-of-victory-nikke/201425-goddess-of-victory-nikke-privaty-unkind-maid-ver-110-hobby-sakura-.html"", ""condition"": ""NewCondition"", ""fetched_at"": ""2026-09-27T10:03:40.588409""}, {""shop_name"": ""Amiami"", ""price_jpy"": 7420, ""availability"": ""OutOfStock"", ""url"": ""NOTFOUND"", ""condition"": ""NewCondition"", ""fetched_at"": ""2026-09-27T10:03:40.588414""}, {""shop_name"": ""Hobby Search"", ""price_jpy"": 7837, ""availability"": ""OutOfStock"", ""url"": ""https://www.1999.co.jp/11269062"", ""condition"": ""NewCondition"", ""fetched_at"": ""2026-09-27T10:03:40.588418""}, {""shop_name"": ""Exfigure"", ""price_jpy"": 18703, ""availability"": ""InStock"", ""url"": ""https://exfigure.com/products/goddess-of-victory-nikke-privaty-s-k-p-unkind-maid-hobby-sakura"", ""condition"": ""NewCondition"", ""fetched_at"": ""2026-09-27T10:03:40.588422""}]",,13428,18839,4,8,2026-09-27T10:03:40.588441,1.0,"[""jsonl""]"
23596,MyFigureList,https://myfigurelist.com/figure/23596/Ultra-Detail-Figure-UDF-Kantamu-Robo-Renewal-Edition,Ultra Detail Figure UDF Kantamu Robo (Renewal Edition),Crayon Shin-chan,,Medicom Toy,Scale Figure,2024-06-01,Non-Scale,PERFECT-STUDIO,,4530956157832,https://cdn.myfigurelist.com/figure-images/4530956157832/Ultra-Detail-Figure-UDF-Kantamu-Robo-Renewal-Edition_58657df7-1c1b-45a8-9272-81e635b65021.jpg,"[{""shop_name"": ""Plaza Japan"", ""price_jpy"": 1446, ""availability"": ""OutOfStock"", ""url"": ""https://www.plazajapan.com/4530956157832/"", ""condition"": ""NewCondition"", ""fetched_at"": ""2026-09-27T10:03:39.864303""}, {""shop_name"": ""Ninoma"", ""price_jpy"": 2056, ""availability"": ""InStock"", ""url"": ""https://ninoma.com/products/udf-crayon-shin-chan-kantam-robo-renewal-ver?_pos=1&_sid=aa889b55e&_ss=r"", ""condition"": ""NewCondition"", ""fetched_at"": ""2026-09-27T10:03:39.864362""}, {""shop_name"": ""Hobby Search"", ""price_jpy"": 1237, ""availability"": ""InStock"", ""url"": ""https://www.1999.co.jp/eng/search?typ1_c=101&cat=&state=&sold=0&sortid=6&searchkey=4530956157832"", ""condition"": ""NewCondition"", ""fetched_at"": ""2026-09-27T10:03:39.864369""}, {""shop_name"": ""Amiami"", ""price_jpy"": 1400, ""availability"": ""InStock"", ""url"": ""https://www.amiami.com/eng/detail/?gcode=FIGURE-171306"", ""condition"": ""NewCondition"", ""fetched_at"": ""2026-09-27T10:03:39.864373""}, {""shop_name"": ""Okini Land"", ""price_jpy"": 1705, ""availability"": ""OutOfStock"", ""url"": ""https://okini.land/en/78711-udf-kantam-robo-renewal-ver-medicom-toy-4530956157832.html?id_currency=5"", ""condition"": ""NewCondition"", ""fetched_at"": ""2026-09-27T10:03:39.864378""}, {""shop_name"": ""Hobby Link Japan"", ""price_jpy"": 1500, ""availability"": ""InStock"", ""url"": ""https://www.hlj.com/udf-kuntam-robo-renewal-ver-medudf-783"", ""condition"": ""NewCondition"", ""fetched_at"": ""2026-09-27T10:03:39.864382""}, {""shop_name"": ""Hobby Genki"", ""price_jpy"": 1188, ""availability"": ""OutOfStock"", ""url"": ""https://hobby-genki.com/en/ultra-detail-figure/72555-ultra-detail-figure-udf-kantamu-robo-renewal-edition-crayon-shin-chan-4530956157832.html"", ""condition"": ""NewCondition"", ""fetched_at"": ""2026-09-27T10:03:39.864386""}]",,1237,2056,4,7,2026-09-27T10:03:39.864409,1.0,"[""jsonl""]"
53744,MyFigureList,https://myfigurelist.com/figure/53744/Kamen-Rider-V3-Riderman-SHFiguarts-SHFiguarts-Shinkocchou-Seihou,Kamen Rider V3 - Riderman - S.H.Figuarts - S.H.Figuarts Shinkocchou Seihou,Kamen Rider,Joji Yuki,BANDAI SPIRITS,Scale Figure,2023-06-01,1/12,,,53744,https://cdn.myfigurelist.com/figure-images/a6b2b6ad-76ce-3d24-a1a0-54c38d5b304e/Kamen-Rider-V3-Riderman-SHFiguarts-SHFiguarts-Shinkocchou-Seihou_6658ce23-c7ec-3469-9710-cb6fa726e502.jpg,[],8000,,,0,0,2026-09-27T10:03:40.270412,1.0,"[""jsonl""]"
28466,MyFigureList,https://myfigurelist.com/figure/28466/Golden-Kamuy-Asirpa-Pop-Up-Parade,Golden Kamuy - Asirpa - Pop Up Parade,Golden Kamuy,Asirpa,Good Smile Company,Scale Figure,2025-05-01,Non-Scale,Dogu,,4580590196506,https://cdn.myfigurelist.com/figure-images/4580590196506/Golden-Kamuy-Asirpa-Pop-Up-Parade_68032a62-1899-35d4-87cc-8621c11567e8.jpg,"[{""shop_name"": ""Plaza Japan"", ""price_jpy"": 4755, ""availability"": ""OutOfStock"", ""url"": ""https://www.plazajapan.com/4580590196506/"", ""condition"": ""NewCondition"", ""fetched_at"": ""2026-09-27T10:03:43.331068""}, {""shop_name"": ""Amiami"", ""price_jpy"": 4950, ""availability"": ""InStock"", ""url"": ""NOTFOUND"", ""condition"": ""NewCondition"", ""fetched_at"": ""2026-09-27T10:03:43.331092""}, {""shop_name"": ""Okini Land"", ""price_jpy"": 5242, ""availability"": ""OutOfStock"", ""url"": ""https://okini.land/en/78411-pop-up-parade-asirpa-good-smile-company-4580590196506.html?id_currency=5"", ""condition"": ""NewCondition"", ""fetched_at"": ""2026-09-27T10:03:43.331097""}, {""shop_name"": ""Hobby Link Japan"", ""price_jpy"": 5000, ""availability"": ""OutOfStock"", ""url"": ""https://www.hlj.com/pop-up-parade-asirpa-golden-kamuy-gsc19650"", ""condition"": ""NewCondition"", ""fetched_at"": ""2026-09-27T10:03:43.331102""}, {""shop_name"": ""Ninoma"", ""price_jpy"": 4675, ""availability"": ""OutOfStock"", ""url"": ""https://ninoma.com/products/pop-up-parade-golden-kamuy-asirpa?_pos=1&_sid=0ffd66eb7&_ss=r"", ""condition"": ""NewCondition"", ""fetched_at"": ""2026-09-27T10:03:43.331106""}, {""shop_name"": ""Meccha Japan"", ""price_jpy"": 5600, ""availability"": ""InStock"", ""url"": ""https://meccha-japan.com/en/figures/149214-figure-asirpa-golden-kamuy-pop-up-parade-.html"", ""condition"": ""NewCondition"", ""fetched_at"": ""2026-09-27T10:03:43.331110""}, {""shop_name"": ""Hobby Search"", ""price_jpy"": 4675, ""availability"": ""OutOfStock"", ""url"": ""https://www.1999.co.jp/11138252"", ""condition"": ""NewCondition"", ""fetched_at"": ""2026-09-27T10:03:43.331114""}, {""shop_name"": ""Animota"", ""price_jpy"": 9776, ""availability"": ""InStock"", ""url"": ""https://animota.net/en-eu/products/animota-e-pre7177"", ""condition"": ""NewCondition"", ""fetched_at"": ""2026-09-27T10:03:43.331117""}, {""shop_name"": ""Japan Figure"", ""price_jpy"": 8070, ""availability"": ""InStock"", ""url"": ""https://japan-figure.com/products/good-smile-company-pop-up-parade-asirpa-figure-golden-kamuy-japan-official-release"", ""condition"": ""NewCondition"", ""fetched_at"": ""2026-09-27T10:03:43.331121""}, {""shop_name"": ""Solaris Japan"", ""price_jpy"": 8156, ""availability"": ""InStock"", ""url"": ""https://solarisjapan.com/products/golden-kamuy-asirpa-pop-up-parade-good-smile-company?aff=1095"", ""condition"": ""NewCondition"", ""fetched_at"": ""2026-09-27T10:03:43.331125""}, {""shop_name"": ""Nin-Nin Game"", ""price_jpy"": 7743, ""availability"": ""InStock"", ""url"": ""https://www.nin-nin-game.com/en/pop-up-parade/152453-pop-up-parade-golden-kamuy-asirpa-good-smile-company-.html"", ""condition"": ""NewCondition"", ""fetched_at"": ""2026-09-27T10:03:43.331128""}, {""shop_name"": ""Hobby Genki"", ""price_jpy"": 4400, ""availability"": ""OutOfStock"", ""url"": ""https://hobby-genki.com/en/golden-kamuy/41879-pop-up-parade-asirpa-golden-kamuy-figure-4580590196506.html"", ""condition"": ""NewCondition"", ""fetched_at"": ""2026-09-27T10:03:43.331132""}]",,4950,9776,6,12,2026-09-27T10:03:43.331149,1.0,"[""jsonl""]"
5956,MyFigureList,https://myfigurelist.com/figure/5956/DESKTOP-REAL-McCOY-06-Dragon-Ball-Son-Goku-Bulma-Complete-Figure,DESKTOP REAL McCOY 06 - Dragon Ball: Son Goku & Bulma Complete Figure,Dragon Ball,Bulma Briefs,MegaHouse,Scale Figure,2018-01-01,Non-Scale,PINPOINT,,4535123823831,https://cdn.myfigurelist.com/figure-images/4535123823831/DESKTOP-REAL-McCOY-06-Dragon-Ball-Son-Goku-Bulma-Complete-Figure_54881c97-7240-49b6-8c0e-2df50dd542da.jpg,"[{""shop_name"": ""Lunar Toy Store"", ""price_jpy"": 16428, ""availability"": ""OutOfStock"", ""url"": ""https://www.lunartoystore.com/catalogsearch/result/?q=4535123823831"", ""condition"": ""NewCondition"", ""fetched_at"": ""2026-09-27T10:03:42.907867""}, {""shop_name"": ""Hobby Search"", ""price_jpy"": 9702, ""availability"": ""OutOfStock"", ""url"": ""https://www.1999.co.jp/eng/search?typ1_c=101&cat=&state=&sold=0&sortid=6&searchkey=4535123823831"", ""condition"": ""NewCondition"", ""fetched_at"": ""2026-09-27T10:03:42.907891""}, {""shop_name"": ""Amiami"", ""price_jpy"": 8650, ""availability"": ""OutOfStock"", ""url"": ""https://www.amiami.com/eng/detail/?gcode=FIGURE-033114"", ""condition"": ""NewCondition"", ""fetched_at"": ""2026-09-27T10:03:42.907896""}, {""shop_name"": ""Hobby Link Japan"", ""price_jpy"": 9310, ""availability"": ""OutOfStock"", ""url"": ""https://www.hlj.com/desktop-real-mccoy-06-son-goku-bulma-meg82383"", ""condition"": ""NewCondition"", ""fetched_at"": ""2026-09-27T10:03:42.907900""}, {""shop_name"": ""Nin-Nin Game"", ""price_jpy"": 16990, ""availability"": ""OutOfStock"", ""url"": ""https://www.nin-nin-game.com/en/dragon-ball/24758-dragon-ball-desktop-real-mccoy-06-son-goku-bulma-megahouse-en.html"", ""condition"": ""NewCondition"", ""fetched_at"": ""2026-09-27T10:03:42.907903""}]",,,,0,5,2026-09-27T10:03:42.907920,1.0,"[""jsonl""]"
98800,MyFigureList,https://myfigurelist.com/figure/98800/Nikkan-Danshi-A-1-8,Nikkan Danshi A - 1/8,,,Insight,Scale Figure,2021-12-01,1/8,Serina,,4589607792397,https://cdn.myfigurelist.com/figure-images/989dc013-4292-346c-aa5a-fc44e8b90405/Nikkan-Danshi-A-1-8_667c00b5-b5b6-3994-8fe2-ccd6226d629b.jpg,"[{""shop_name"": ""Nin-Nin Game"", ""price_jpy"": 30105, ""availability"": ""InStock"", ""url"": ""https://www.nin-nin-game.com/en/nikkan-shoujo/50600-original-character-nikkan-danshi-a-18-insight-.html"", ""condition"": ""NewCondition"", ""fetched_at"": ""2026-09-27T10:03:43.485854""}]",,30105,30105,1,1,2026-09-27T10:03:43.485911,1.0,"[""jsonl""]"
97944,MyFigureList,https://myfigurelist.com/figure/97944/Transformers-Go!-Budora-G08,Transformers Go! - Budora - G08,Transformers Go!,Budora,Takara Tomy,Anime Figure,2013-08-01,,,,4904810483342,https://cdn.myfigurelist.com/figure-images/94cc1839-d050-3d2b-b097-a19bb9b0dbd9/Transformers-Go!-Budora-G08_b246b6cf-4652-3868-809a-43d283501997.jpg,[],4200,,,0,0,2026-09-27T10:03:43.541587,1.0,"[""jsonl""]"
94216,MyFigureList,https://myfigurelist.com/figure/94216/Arknights-Rosmontis-1-7-Yomigaeru-Kioku,Arknights - Rosmontis - 1/7 - Yomigaeru Kioku,Arknights,Rosmontis,,Scale Figure,2024-07-28,1/7,Dazge Zi Ge,,94216,https://cdn.myfigurelist.com/figure-images/8562dc08-294f-3953-ad0b-3a6109c02ef9/Arknights-Rosmontis-1-7-Yomigaeru-Kioku_d730d5b0-8448-313b-b327-866dc61b9ff0.jpg,[],15000,,,0,0,2026-09-27T10:03:43.394638,1.0,"[""jsonl""]"
9730,MyFigureList,https://myfigurelist.com/figure/9730/Toaru-Kagaku-no-Railgun-Kuroko-Shirai-Bunny-Ver-1-4-Complete-Figure,Toaru Kagaku no Railgun - Kuroko Shirai Bunny Ver. 1/4 Complete Figure,Toaru Majutsu no Index,Kuroko Shirai,FREEing,Scale Figure,2013-05-01,1/4,FREEing,,4571245293954,https://cdn.myfigurelist.com/figure-images/4571245293954/Toaru-Kagaku-no-Railgun-Kuroko-Shirai-Bunny-Ver-1-4-Complete-Figure_f6836dc3-a14f-4f36-977f-56fad851da5d.jpg,"[{""shop_name"": ""Ninoma"", ""price_jpy"": 38087, ""availability"": ""OutOfStock"", ""url"": ""https://www.ninoma.com/index.php/shirai-kuroko-1-4-to-aru-kagaku-no-railgun-freeing"", ""condition"": ""NewCondition"", ""fetched_at"": ""2026-09-27T10:03:46.529834""}, {""shop_name"": ""Hobby Search"", ""price_jpy"": 16740, ""availability"": ""OutOfStock"", ""url"": ""https://www.1999.co.jp/eng/10209453"", ""condition"": ""NewCondition"", ""fetched_at"": ""2026-09-27T10:03:46.529858""}, {""shop_name"": ""Amiami"", ""price_jpy"": 14650, ""availability"": ""OutOfStock"", ""url"": ""https://www.amiami.com/eng/detail/?gcode=FIG-MOE-7951"", ""condition"": ""NewCondition"", ""fetched_at"": ""2026-09-27T10:03:46.529864""}, {""shop_name"": ""Animota"", ""price_jpy"": 59272, ""availability"": ""InStock"", ""url"": ""https://animota.net/products/animota-e-fig4697"", ""condition"": ""NewCondition"", ""fetched_at"": ""2026-09-27T10:03:46.529868""}, {""shop_name"": ""Hobby Link Japan"", ""price_jpy"": 16114, ""availability"": ""OutOfStock"", ""url"": ""https://www.hlj.com/1-4-scale-kuroko-shirai-bunny-ver-pvc-fre29395"", ""condition"": ""NewCondition"", ""fetched_at"": ""2026-09-27T10:03:46.529872""}, {""shop_name"": ""Solaris Japan"", ""price_jpy"": 50720, ""availability"": ""InStock"", ""url"": ""https://solarisjapan.com/products/to-aru-kagaku-no-railgun-shirai-kuroko-1-4-bunny-ver-freeing?aff=1095"", ""condition"": ""NewCondition"", ""fetched_at"": ""2026-09-27T10:03:46.529877""}, {""shop_name"": ""Nin-Nin Game"", ""price_jpy"": 37512, ""availability"": ""OutOfStock"", ""url"": ""https://www.nin-nin-game.com/en/a-certain-scientific-railgun/4823-toaru-kagaku-no-railgun-shirai-kuroko-bunny-ver-en.html"", ""condition"": ""NewCondition"", ""fetched_at"": ""2026-09-27T10:03:46.529881""}]",,50720,59272,2,7,2026-09-27T10:03:46.529896,1.0,"[""jsonl""]"
73247,MyFigureList,https://myfigurelist.com/figure/73247/Pullip-Line-Yeolume-Y-002-Blackberry,Pullip (Line) - Yeolume  (Y-002) - Blackberry,,,Groove,Anime Figure,2013-08-01,,Cheonsang Cheonha,,4560373838182,https://cdn.myfigurelist.com/figure-images/2d42a30d-27e4-37d1-b29e-a826d3aeed71/Pullip-Line-Yeolume-Y-002-Blackberry_65616a8b-a556-3363-88ec-b44d0b7258db.jpg,[],8800,,,0,0,2026-09-27T10:03:45.862228,1.0,"[""jsonl""]"
41034,MyFigureList,https://myfigurelist.com/figure/41034/Dragon-Ball-Muten-Roshi-Ichiban-Kuji-Ichiban-Kuji-Dragon-Ball-EX-Son-Goku-Shugyou-hen-Last-One-Prize-Masterlise,Dragon Ball - Muten Roshi - Ichiban Kuji - Ichiban Kuji Dragon Ball EX Son Goku Shugyou-hen  (Last One Prize) - Masterlise,Dragon Ball,Muten Roshi,BANDAI SPIRITS,Scale Figure,2025-02-08,1/8,,,41034,https://cdn.myfigurelist.com/figure-images/5d893210-9da6-3051-a66e-470b45ee2d82/Dragon-Ball-Muten-Roshi-Ichiban-Kuji-Ichiban-Kuji-Dragon-Ball-EX-Son-Goku-Shugyou-hen-Last-One-Prize-Masterlise_548cf6df-8238-3d7f-adcd-50bd6b62649e.jpg,[],773,,,0,0,2026-09-27T10:03:46.148145,1.0,"[""jsonl""]"
88434,MyFigureList,https://myfigurelist.com/figure/88434/Code-Geass-Hangyaku-no-Lelouch-Cornelia-Li-Britannia,Code Geass - Hangyaku no Lelouch - Cornelia Li Britannia,Code Geass - Hangyaku no Lelouch,Cornelia li Britannia,Tomoprepa,Anime Figure,2008-02-24,,TOMO Prepa &amp; b-konno,,88434,https://cdn.myfigurelist.com/figure-images/6e98bf9e-0062-3840-9b2c-46ab70f4f7c2/Code-Geass-Hangyaku-no-Lelouch-Cornelia-Li-Britannia_4ea7f7b8-73db-31fe-926c-e5be012eb093.jpg,[],9500,,,0,0,2026-09-27T10:03:48.873073,1.0,"[""jsonl""]"
41921,MyFigureList,https://myfigurelist.com/figure/41921/Ikki-Tousen-Ryofu-Housen-1-7,Ikki Tousen - Ryofu Housen - 1/7,Ikki Tousen,Ryofu Housen,Essence.,Scale Figure,2010-07-25,1/7,Uchijima Yasuhiro,,41921,https://cdn.myfigurelist.com/figure-images/18ae21bd-4440-3d81-bf3c-2fbe0c1ae4f5/Ikki-Tousen-Ryofu-Housen-1-7_cee312bb-1d3a-31f8-a714-d02a62521608.jpg,[],11000,,,0,0,2026-09-27T10:03:49.072085,1.0,"[""jsonl""]"
97847,MyFigureList,https://myfigurelist.com/figure/97847/Senkan-Shoujo-R-Akagi,Senkan Shoujo R - Akagi,Senkan Shoujo,Akagi,,Anime Figure,2025-10-02,,Errrgo,,97847,https://cdn.myfigurelist.com/figure-images/9465ce42-c893-3fa5-bf4f-413729d59004/Senkan-Shoujo-R-Akagi_98ba3c21-895e-317b-b4dd-50aaae641c08.jpg,[],30976,,,0,0,2026-09-27T10:03:49.167213,1.0,"[""jsonl""]"
22912,MyFigureList,https://myfigurelist.com/figure/22912/KDcolle-Sword-Art-Online-Alternative-Gun-Gale-Online-LLENN-Light-Novel-Swimsuit-ver-1-7-Complete-Figure,KDcolle Sword Art Online Alternative: Gun Gale Online LLENN: Light Novel Swimsuit ver. 1/7 Complete Figure,Sword Art Online,Karen Kohiruimaki,KADOKAWA,Scale Figure,2025-10-01,1/7,Sayori,,4942330349908,https://cdn.myfigurelist.com/figure-images/4942330349908/KDcolle-Sword-Art-Online-Alternative-Gun-Gale-Online-LLENN-Light-Novel-Swimsuit-ver-1-7-Complete-Figure_2d3be957-cfb0-4542-9c9b-9d790bb6600b.jpg,"[{""shop_name"": ""Crunchyroll"", ""price_jpy"": 25924, ""availability"": ""InStock"", ""url"": ""https://store.crunchyroll.com/products/sword-art-online-alternative-gun-gale-online--llenn-17-scale-figure-light-novel-swimsuit-ver-4942330349908.html"", ""condition"": ""NewCondition"", ""fetched_at"": ""2026-09-27T10:03:52.450154""}, {""shop_name"": ""Amiami"", ""price_jpy"": 14850, ""availability"": ""InStock"", ""url"": ""NOTFOUND"", ""condition"": ""NewCondition"", ""fetched_at"": ""2026-09-27T10:03:52.450181""}, {""shop_name"": ""Meccha Japan"", ""price_jpy"": 18644, ""availability"": ""OutOfStock"", ""url"": ""https://meccha-japan.com/en/figures/151493-figure-llenn-swimsuit-ver-sword-art-online-alternative-gun-gale-online.html"", ""condition"": ""NewCondition"", ""fetched_at"": ""2026-09-27T10:03:52.450188""}, {""shop_name"": ""Lunar Toy Store"", ""price_jpy"": 22111, ""availability"": ""OutOfStock"", ""url"": ""https://www.lunartoystore.com/llenn-light-novel-swimsuit-ver"", ""condition"": ""NewCondition"", ""fetched_at"": ""2026-09-27T10:03:52.450193""}, {""shop_name"": ""Solaris Japan"", ""price_jpy"": 20799, ""availability"": ""InStock"", ""url"": ""https://solarisjapan.com/products/sword-art-online-alternative-gun-gale-online-llenn-kdcolle-1-7-light-novel-swimsuit-ver-kadokawa-thousand-shop-exclusive?aff=1095"", ""condition"": ""NewCondition"", ""fetched_at"": ""2026-09-27T10:03:52.450198""}]",,14850,25924,3,5,2026-09-27T10:03:52.450217,1.0,"[""jsonl""]"
18622,MyFigureList,https://myfigurelist.com/figure/18622/KDcolle-YOHANE-THE-PARHELION-SUNSHINE-in-the-MIRROR-Yohane-1-7-Complete-Figure,KDcolle YOHANE THE PARHELION -SUNSHINE in the MIRROR- Yohane 1/7 Complete Figure,Genjitsu no YOHANE: Sunshine in the Mirror,Yohane Tsushima,KADOKAWA,Scale Figure,2024-10-01,1/7,CKB,,4935228909711,https://cdn.myfigurelist.com/figure-images/4935228909711/KDcolle-YOHANE-THE-PARHELION-SUNSHINE-in-the-MIRROR-Yohane-1-7-Complete-Figure_0d7e653a-79b1-4f6e-9cf7-b6372e6ccbb4.jpg,"[{""shop_name"": ""Figuya"", ""price_jpy"": 46461, ""availability"": ""OutOfStock"", ""url"": ""https://figuya.com/en/products/yohane-yoshino-tsushima-kd-colle-kadokawa-59165-en"", ""condition"": ""NewCondition"", ""fetched_at"": ""2026-09-27T10:03:52.571986""}, {""shop_name"": ""Amiami"", ""price_jpy"": 11000, ""availability"": ""InStock"", ""url"": ""NOTFOUND"", ""condition"": ""NewCondition"", ""fetched_at"": ""2026-09-27T10:03:52.572014""}, {""shop_name"": ""Meccha Japan"", ""price_jpy"": 24700, ""availability"": ""OutOfStock"", ""url"": ""https://meccha-japan.com/en/figures/138063-figure-yohane-the-parhelion-sunshine-in-the-mirror.html"", ""condition"": ""NewCondition"", ""fetched_at"": ""2026-09-27T10:03:52.572020""}, {""shop_name"": ""Lunar Toy Store"", ""price_jpy"": 29220, ""availability"": ""OutOfStock"", ""url"": ""https://www.lunartoystore.com/yohane-the-parhelion-sunshine-in-the-mirror-yohane"", ""condition"": ""NewCondition"", ""fetched_at"": ""2026-09-27T10:03:52.572025""}, {""shop_name"": ""Animota"", ""price_jpy"": 29737, ""availability"": ""OutOfStock"", ""url"": ""https://animota.net/en-eu/products/animota-e-pre4305"", ""condition"": ""NewCondition"", ""fetched_at"": ""2026-09-27T10:03:52.572029""}, {""shop_name"": ""Solaris Japan"", ""price_jpy"": 41035, ""availability"": ""InStock"", ""url"": ""https://solarisjapan.com/products/genjitsu-no-yohane-tsushima-yoshiko-kdcolle-1-7-kadokawa-shop-exclusive?aff=1095"", ""condition"": ""NewCondition"", ""fetched_at"": ""2026-09-27T10:03:52.572034""}, {""shop_name"": ""Nin-Nin Game"", ""price_jpy"": 25313, ""availability"": ""OutOfStock"", ""url"": ""https://www.nin-nin-game.com/en/kdcolle/116480-kdcolle-yohane-the-parhelion-sunshine-in-the-mirror-tsushima-yoshiko-17-ebten-limited-edition-kadokawa-.html"", ""condition"": ""NewCondition"", ""fetched_at"": ""2026-09-27T10:03:52.572038""}]",,11000,41035,2,7,2026-09-27T10:03:52.572059,1.0,"[""jsonl""]"
110146,MyFigureList,https://myfigurelist.com/figure/110146/Touhou-Project-Hinanai-Tenshi-1-8-Limited-Color,Touhou Project - Hinanai Tenshi - 1/8 - Limited Color,Touhou Project,Tenshi Hinanai,Griffon Enterprises,Scale Figure,2012-02-12,1/8,Del,,4582221154688,https://cdn.myfigurelist.com/figure-images/c57f1eb8-2f53-31c2-9c57-5d64186c3e71/Touhou-Project-Hinanai-Tenshi-1-8-Limited-Color_565ad325-d7f8-30a0-8330-57ff6dca1519.jpg,[],6667,,,0,0,2026-09-27T10:03:51.881532,1.0,"[""jsonl""]"
49176,MyFigureList,https://myfigurelist.com/figure/49176/THE-iDOLMSTER-Shiny-Colors-Sonoda-Chiyoko,THE iDOLM@STER: Shiny Colors - Sonoda Chiyoko,The Idolmaster,Chiyoko Sonoda,Prestage,Scale Figure,2020-02-09,1/7,,,49176,https://cdn.myfigurelist.com/figure-images/313f8096-248e-3296-9fce-36a0d72b37ff/THE-iDOLMSTER-Shiny-Colors-Sonoda-Chiyoko_182f207d-4d96-3aad-bdfa-0f519624acbd.jpg,[],10000,,,0,0,2026-09-27T10:03:51.963440,1.0,"[""jsonl""]"
55492,MyFigureList,https://myfigurelist.com/figure/55492/Trigun-Meryl-Stryfe,Trigun - Meryl Stryfe,Trigun,Meryl Stryfe,Kaiyodo,Scale Figure,2002-07-01,Non-Scale,,,55492,https://cdn.myfigurelist.com/figure-images/1340b0da-2d48-3554-bc94-4c9a017cbaa5/Trigun-Meryl-Stryfe_1cc0f12d-255b-369b-be2a-031671c85d86.jpg,[],4500,,,0,0,2026-09-27T10:03:55.501154,1.0,"[""jsonl""]"
4821,MyFigureList,https://myfigurelist.com/figure/4821/Shining-Beach-Heroines-Xiao-Mei-Swimsuit-Ver-1-7-Complete-Figure,Shining Beach Heroines - Xiao-Mei -Swimsuit Ver.- 1/7 Complete Figure,Shining Tears X Wind,Xiao-Mei Lin,FREEing,Scale Figure,2017-08-01,1/7,Hiroshi,,4571245297051,https://cdn.myfigurelist.com/figure-images/4571245297051/Shining-Beach-Heroines-Xiao-Mei-Swimsuit-Ver-1-7-Complete-Figure_362180fd-7e07-4019-8c94-56b04f9ecee9.jpg,"[{""shop_name"": ""Amiami"", ""price_jpy"": 10490, ""availability"": ""OutOfStock"", ""url"": ""https://www.amiami.com/eng/detail/?gcode=FIGURE-027697"", ""condition"": ""NewCondition"", ""fetched_at"": ""2026-09-27T10:03:55.310662""}, {""shop_name"": ""Hobby Link Japan"", ""price_jpy"": 11259, ""availability"": ""OutOfStock"", ""url"": ""https://www.hlj.com/1-7-scale-xiaomei-swimsuit-ver-pvc-shining-beach-heroines-fre29705"", ""condition"": ""NewCondition"", ""fetched_at"": ""2026-09-27T10:03:55.310690""}, {""shop_name"": ""Ninoma"", ""price_jpy"": 16843, ""availability"": ""OutOfStock"", ""url"": ""https://www.ninoma.com/index.php/xiao-mei-swimsuit-ver-version-1-7-scale-shining-beach-heroines-shining-blade-freeing"", ""condition"": ""NewCondition"", ""fetched_at"": ""2026-09-27T10:03:55.310697""}, {""shop_name"": ""Lunar Toy Store"", ""price_jpy"": 16884, ""availability"": ""OutOfStock"", ""url"": ""https://www.lunartoystore.com/catalogsearch/result/?q=4571245297051"", ""condition"": ""NewCondition"", ""fetched_at"": ""2026-09-27T10:03:55.310702""}, {""shop_name"": ""Hobby Search"", ""price_jpy"": 11732, ""availability"": ""OutOfStock"", ""url"": ""https://www.1999.co.jp/eng/search?typ1_c=101&cat=&state=&sold=0&sortid=6&searchkey=4571245297051"", ""condition"": ""NewCondition"", ""fetched_at"": ""2026-09-27T10:03:55.310706""}, {""shop_name"": ""Japan Figure"", ""price_jpy"": 21750, ""availability"": ""InStock"", ""url"": ""https://japan-figure.com/products/freeing-japan-shining-beach-heroines-xiaomei-swimsuit-ver-1-7-pvc-figure"", ""condition"": ""NewCondition"", ""fetched_at"": ""2026-09-27T10:03:55.310711""}, {""shop_name"": ""Solaris Japan"", ""price_jpy"": 20528, ""availability"": ""InStock"", ""url"": ""https://solarisjapan.com/products/shining-blade-xiao-mei-shining-beach-heroines-1-7-swimsuit-ver?aff=1095"", ""condition"": ""NewCondition"", ""fetched_at"": ""2026-09-27T10:03:55.310715""}, {""shop_name"": ""Nin-Nin Game"", ""price_jpy"": 24402, ""availability"": ""InStock"", ""url"": ""https://www.nin-nin-game.com/en/freeing/22475-shining-beach-heroines-xiaomei-swimsuit-ver-freeing-.html"", ""condition"": ""NewCondition"", ""fetched_at"": ""2026-09-27T10:03:55.310719""}]",,20528,24402,3,8,2026-09-27T10:03:55.310740,1.0,"[""jsonl""]"
66356,MyFigureList,https://myfigurelist.com/figure/66356/Lil-Fairy-Picco-Neemo-Luo,Lil' Fairy - Picco Neemo - Luo,,,Azone,Anime Figure,2020-01-01,,,,4573199836188,https://cdn.myfigurelist.com/figure-images/11657e73-e907-33b6-9aee-d41f7c976e49/Lil-Fairy-Picco-Neemo-Luo_46b967ae-c589-3ea8-9e26-905b68455765.jpg,"[{""shop_name"": ""Hobby Link Japan"", ""price_jpy"": 9000, ""availability"": ""OutOfStock"", ""url"": ""https://www.hlj.com/lil-fairy-little-helper-luo-aznpid041lfl"", ""condition"": ""NewCondition"", ""fetched_at"": ""2026-09-27T10:03:55.583400""}]",,,,0,1,2026-09-27T10:03:55.583434,1.0,"[""jsonl""]"
10511,MyFigureList,https://myfigurelist.com/figure/10511/My-HiME-Natsuki-Kuga-Complete-Figure,My-HiME - Natsuki Kuga Complete Figure,Mai-HiME,Natsuki Kuga,Griffon Enterprises,Scale Figure,2007-01-01,Non-Scale,,,4582221150376,https://cdn.myfigurelist.com/figure-images/4582221150376/My-HiME-Natsuki-Kuga-Complete-Figure_1c179cea-ecc2-4641-90af-a1e8eb514107.jpg,"[{""shop_name"": ""Solaris Japan"", ""price_jpy"": 2968, ""availability"": ""InStock"", ""url"": ""https://solarisjapan.com/products/my-hime-natsuki-kuga-1?aff=1095"", ""condition"": ""UsedCondition"", ""fetched_at"": ""2026-09-27T10:03:55.416358""}]",,2968,2968,1,1,2026-09-27T10:03:55.416398,1.0,"[""jsonl""]"
109987,MyFigureList,https://myfigurelist.com/figure/109987/Dragon-Ball-Z-Nappa-Bandai-Shokugan-Candy-Toy-Shodo-Shodo-Dragon-Ball-Vol4,Dragon Ball Z - Nappa - Bandai Shokugan - Candy Toy - Shodo - Shodo Dragon Ball Vol.4,Dragon Ball Z,Nappa,Bandai,Anime Figure,2017-03-21,,,,4549660141112,https://cdn.myfigurelist.com/figure-images/c559d3f0-8fbd-3f2c-897f-d4901c306f85/Dragon-Ball-Z-Nappa-Bandai-Shokugan-Candy-Toy-Shodo-Shodo-Dragon-Ball-Vol4_1a363a35-69d7-3c8d-8de4-248b6cc05882.jpg,"[{""shop_name"": ""Amiami"", ""price_jpy"": 5230, ""availability"": ""OutOfStock"", ""url"": ""NOTFOUND"", ""condition"": ""NewCondition"", ""fetched_at"": ""2026-09-27T10:03:58.209089""}, {""shop_name"": ""Hobby Link Japan"", ""price_jpy"": 4860, ""availability"": ""OutOfStock"", ""url"": ""https://www.hlj.com/shodo-dragon-ball-4-1box-6pcs-bann14111"", ""condition"": ""NewCondition"", ""fetched_at"": ""2026-09-27T10:03:58.209114""}, {""shop_name"": ""Nin-Nin Game"", ""price_jpy"": 6533, ""availability"": ""InStock"", ""url"": ""https://www.nin-nin-game.com/en/dragon-ball/23966-dragon-ball-z-son-goku-bandai-shodo-vol-4-.html"", ""condition"": ""NewCondition"", ""fetched_at"": ""2026-09-27T10:03:58.209121""}]",,6533,6533,1,3,2026-09-27T10:03:58.209139,1.0,"[""jsonl""]"
125860,MyFigureList,https://myfigurelist.com/figure/125860/PLAMAX-Naked-Angel-1-20-Mami-Zenba-Plastic-Model,PLAMAX Naked Angel 1/20 Mami Zenba Plastic Model,,,Max Factory,Anime Figure,2027-02-01,,,,4545784015766,https://cdn.myfigurelist.com/figure-images/8275aece-831c-49af-8889-33ae2e6c3900/PLAMAX-Naked-Angel-1-20-Mami-Zenba-Plastic-Model_36c06945-f838-3dbb-a2a7-0282f6d0bd8a.jpg,"[{""shop_name"": ""Nin-Nin Game"", ""price_jpy"": 2602, ""availability"": ""PreOrder"", ""url"": ""https://www.nin-nin-game.com/en/plamax/255305-plamax-naked-angel-mami-zemba-120-set-of-4-max-factory-.html"", ""condition"": ""NewCondition"", ""fetched_at"": ""2026-09-27T10:03:57.899408""}]",,,,0,1,2026-09-27T10:03:57.899443,1.0,"[""jsonl""]"
28389,MyFigureList,https://myfigurelist.com/figure/28389/Nanatsu-no-Bitoku-Michael-1-8-Chuugi-no-Zou-Chuugi-no-Fukuin-Set,"Nanatsu no Bitoku - Michael - 1/8 - Chuugi no Zou, Chuugi no Fukuin Set",Nanatsu no Bitoku,Michael,,Scale Figure,2018-06-08,1/8,Pinpoint,,4981932510613,https://cdn.myfigurelist.com/figure-images/4981932510613/Nanatsu-no-Bitoku-Michael-1-8-Chuugi-no-Zou-Chuugi-no-Fukuin-Set_91d64136-87ba-3ad4-8c04-f2847f2bc21a.jpg,"[{""shop_name"": ""Japan Figure"", ""price_jpy"": 29116, ""availability"": ""InStock"", ""url"": ""https://japan-figure.com/products/7virtus-michael-loyalty-statue-1-8-pvc-figure-hobbyjapan-2017-510613-hobby-japan"", ""condition"": ""NewCondition"", ""fetched_at"": ""2026-09-27T10:03:58.655449""}, {""shop_name"": ""Solaris Japan"", ""price_jpy"": 27519, ""availability"": ""InStock"", ""url"": ""https://solarisjapan.com/products/the-seven-heavenly-virtues-michael-1-8-chuugi-no-zou-chuugi-no-fukuin-set?aff=1095"", ""condition"": ""NewCondition"", ""fetched_at"": ""2026-09-27T10:03:58.655476""}, {""shop_name"": ""Nin-Nin Game"", ""price_jpy"": 33154, ""availability"": ""OutOfStock"", ""url"": ""https://www.nin-nin-game.com/en/hobby-japan/23800-the-seven-heavenly-virtues-michael-chuugi-no-fukuin-limited-set-hobbyjapan-.html"", ""condition"": ""NewCondition"", ""fetched_at"": ""2026-09-27T10:03:58.655482""}]",,27519,29116,2,3,2026-09-27T10:03:58.655502,1.0,"[""jsonl""]"
80014,MyFigureList,https://myfigurelist.com/figure/80014/Gridman-Universe-Takarada-Rikka-1-7-AXGRIT-Ver,Gridman Universe - Takarada Rikka - 1/7 - AXGRIT Ver.,Gridman Universe,Rikka Takarada,Design COCO,Scale Figure,2027-03-01,1/7,Design Coco,,4595643112747,https://cdn.myfigurelist.com/figure-images/473a291d-83bc-3d5b-8575-03034f45fff4/Gridman-Universe-Takarada-Rikka-1-7-AXGRIT-Ver_1c85caff-c32f-3185-a9e2-f0e744e61dcc.jpg,"[{""shop_name"": ""Hobby Link Japan"", ""price_jpy"": 31800, ""availability"": ""PreOrder"", ""url"": ""https://www.hlj.com/1-7-scale-movie-gridman-universe-rikka-takarada-axgrit-ver-dsc11274"", ""condition"": ""NewCondition"", ""fetched_at"": ""2026-09-27T10:03:58.443572""}, {""shop_name"": ""Nin-Nin Game"", ""price_jpy"": 30294, ""availability"": ""PreOrder"", ""url"": ""https://www.nin-nin-game.com/en/gridman-universe/199093-gridman-universe-rikka-takarada-axgrit-ver-17-design-coco-.html"", ""condition"": ""NewCondition"", ""fetched_at"": ""2026-09-27T10:03:58.443601""}]",,,,0,2,2026-09-27T10:03:58.443620,1.0,"[""jsonl""]"
14194,MyFigureList,https://myfigurelist.com/figure/14194/Amaha-Collection-Dancing-Girl-Nile-Suntanned-Skin-ver-1-6-Complete-Figure,Amaha Collection - Dancing Girl Nile Suntanned Skin ver. 1/6 Complete Figure,Seirei Tsukai no Blade Dance,Nile Norn,Beat,Scale Figure,2008-07-01,1/6,Amaha Minatogawa,,4546431314041,https://cdn.myfigurelist.com/figure-images/4546431314041/Amaha-Collection-Dancing-Girl-Nile-Suntanned-Skin-ver-1-6-Complete-Figure_9dc6b31e-957c-4a13-a39d-294b6b3026a7.jpg,"[{""shop_name"": ""Amiami"", ""price_jpy"": 6410, ""availability"": ""OutOfStock"", ""url"": ""https://www.amiami.com/eng/detail/?gcode=HOB-FIG-8791"", ""condition"": ""NewCondition"", ""fetched_at"": ""2026-09-27T10:04:00.928008""}, {""shop_name"": ""Hobby Link Japan"", ""price_jpy"": 7370, ""availability"": ""OutOfStock"", ""url"": ""https://www.hlj.com/1-6-scale-dancing-girl-nile-suntan-version-pvc-bet31404"", ""condition"": ""NewCondition"", ""fetched_at"": ""2026-09-27T10:04:00.928033""}, {""shop_name"": ""Solaris Japan"", ""price_jpy"": 11489, ""availability"": ""InStock"", ""url"": ""https://solarisjapan.com/products/amaha-collection-dancing-girl-nile-suntanned-skin-ver-1-6?aff=1095"", ""condition"": ""NewCondition"", ""fetched_at"": ""2026-09-27T10:04:00.928040""}]",,11489,11489,1,3,2026-09-27T10:04:00.928058,1.0,"[""jsonl""]"
12576,MyFigureList,https://myfigurelist.com/figure/12576/Attack-on-Titan-The-Final-Season-Levi-Birthday-1-7-Scale-Figure,Attack on Titan The Final Season Levi Birthday 1/7 Scale Figure,Shingeki no Kyojin,Levi Ackerman,MAPPA,Scale Figure,2022-12-01,1/7,Design COCO (Art Director: CHIGA),,4589584957376,https://cdn.myfigurelist.com/figure-images/4589584957376/Attack-on-Titan-The-Final-Season-Levi-Birthday-1-7-Scale-Figure_fcd523d1-aefd-4b63-9da9-7f222587f629.jpg,"[{""shop_name"": ""Figuya"", ""price_jpy"": 60410, ""availability"": ""OutOfStock"", ""url"": ""https://figuya.com/en/products/levi-birthday-f-nex-furyu-36248-en"", ""condition"": ""NewCondition"", ""fetched_at"": ""2026-09-27T10:04:01.303041""}, {""shop_name"": ""Meccha Japan"", ""price_jpy"": 39014, ""availability"": ""OutOfStock"", ""url"": ""https://meccha-japan.com/en/figuresmecha/49796-figure-levi-birthday-ver-attack-on-titan.html"", ""condition"": ""NewCondition"", ""fetched_at"": ""2026-09-27T10:04:01.303063""}, {""shop_name"": ""Lunar Toy Store"", ""price_jpy"": 49440, ""availability"": ""OutOfStock"", ""url"": ""https://www.lunartoystore.com/catalogsearch/result/?q=4589584957376"", ""condition"": ""NewCondition"", ""fetched_at"": ""2026-09-27T10:04:01.303069""}, {""shop_name"": ""Amiami"", ""price_jpy"": 24970, ""availability"": ""InStock"", ""url"": ""https://www.amiami.com/eng/detail/?gcode=FIGURE-134970"", ""condition"": ""NewCondition"", ""fetched_at"": ""2026-09-27T10:04:01.303074""}, {""shop_name"": ""Solaris Japan"", ""price_jpy"": 26768, ""availability"": ""InStock"", ""url"": ""https://solarisjapan.com/products/shingeki-no-kyojin-the-final-season-levi-f-nex-1-7-birthday-furyu-mappa-shop-exclusive?aff=1095"", ""condition"": ""NewCondition"", ""fetched_at"": ""2026-09-27T10:04:01.303079""}, {""shop_name"": ""Nin-Nin Game"", ""price_jpy"": 30075, ""availability"": ""InStock"", ""url"": ""https://www.nin-nin-game.com/en/attack-on-titan/57009-fnex-shingeki-no-kyojin-the-final-season-levi-17-birthday-ver-limited-edition-furyu-.html"", ""condition"": ""NewCondition"", ""fetched_at"": ""2026-09-27T10:04:01.303084""}, {""shop_name"": ""Hobby Genki"", ""price_jpy"": 22990, ""availability"": ""OutOfStock"", ""url"": ""https://hobby-genki.com/fr/attack-on-titan-shingeki-no-kyojin/22737-fnex-levi-birthday-attack-on-titan-the-final-season-17-scale-figure-4589584957376.html"", ""condition"": ""NewCondition"", ""fetched_at"": ""2026-09-27T10:04:01.303088""}]",,24970,30075,3,7,2026-09-27T10:04:01.303108,1.0,"[""jsonl""]"
91505,MyFigureList,https://myfigurelist.com/figure/91505/Gekijouban-Kara-no-Kyoukai-Mirai-Fukuin-Ryougi-Shiki-Ichiban-Kuji-Premium-Ichiban-Kuji-Premium-Gekijouban-Kara-no-Kyoukai-Kyun-Chara-Secret,Gekijouban Kara no Kyoukai: Mirai Fukuin - Ryougi Shiki - Ichiban Kuji Premium - Ichiban Kuji Premium Gekijouban Kara no Kyoukai - Kyun-Chara - Secret,Kara no Kyoukai,Shiki Ryougi,Banpresto,Anime Figure,2014-02-15,,Toytec,,91505,https://cdn.myfigurelist.com/figure-images/75f689b5-0f49-3e55-ba5e-2c93c83a503e/Gekijouban-Kara-no-Kyoukai-Mirai-Fukuin-Ryougi-Shiki-Ichiban-Kuji-Premium-Ichiban-Kuji-Premium-Gekijouban-Kara-no-Kyoukai-Kyun-Chara-Secret_42188710-fc1e-37a0-a85c-0c1d511b5bcd.jpg,[],762,,,0,0,2026-09-27T10:04:01.456689,1.0,"[""jsonl""]"
60797,MyFigureList,https://myfigurelist.com/figure/60797/Tokyo-Ghoul-Tsukiyama-Shuu-Color-Tops-Green-Wave-35-McFarlane-Collector-Program,Tokyo Ghoul - Tsukiyama Shuu - Color Tops: Green Wave  (#35) - McFarlane Collector Program,Tokyo Ghoul,Shuu Tsukiyama,McFarlane Toys,Scale Figure,2018-06-01,Non-Scale,,,4573374378649,https://cdn.myfigurelist.com/figure-images/b974e10b-e608-32c8-ab5e-4fc022c69cbb/Tokyo-Ghoul-Tsukiyama-Shuu-Color-Tops-Green-Wave-35-McFarlane-Collector-Program_afc34b24-b43f-3f6e-a6e0-3b7dd09eb338.jpg,"[{""shop_name"": ""Amiami"", ""price_jpy"": 3750, ""availability"": ""OutOfStock"", ""url"": ""NOTFOUND"", ""condition"": ""NewCondition"", ""fetched_at"": ""2026-09-27T10:04:01.568093""}]",,,,0,1,2026-09-27T10:04:01.568136,1.0,"[""jsonl""]"
64602,MyFigureList,https://myfigurelist.com/figure/64602/Touhou-Project-Kamishirasawa-Keine,Touhou Project - Kamishirasawa Keine,Touhou Project,Keine Kamishirasawa,Mad Roar,Anime Figure,2010-02-01,,Pit Fighter Karma,,64602,https://cdn.myfigurelist.com/figure-images/0a535125-4710-323b-a84a-e10b635c520e/Touhou-Project-Kamishirasawa-Keine_c5f092b7-4b1e-3c1c-a379-7895e76d1cfd.jpg,[],5000,,,0,0,2026-09-27T10:04:03.900485,1.0,"[""jsonl""]"
84119,MyFigureList,https://myfigurelist.com/figure/84119/Wu-Shan-Wu-Xing-Yi-Xuan-Wen-Ren,Wu Shan Wu Xing - Yi Xuan Wen Ren,Wu Shan Wu Xing,Wenren Yixuan,AniMester,Anime Figure,2021-11-26,,,,84119,https://cdn.myfigurelist.com/figure-images/579ae2df-0114-3738-b33b-565c6fd270e6/Wu-Shan-Wu-Xing-Yi-Xuan-Wen-Ren_a3a307ab-a75c-3889-bb95-c3916772430a.jpg,[],31781,,,0,0,2026-09-27T10:04:04.548504,1.0,"[""jsonl""]"
97922,MyFigureList,https://myfigurelist.com/figure/97922/Doujin-Figure-After-School-1-7,Doujin Figure - After School - 1/7,,,,Scale Figure,2023-11-01,1/7,,22,97922,https://cdn.myfigurelist.com/figure-images/94309d64-61ae-315a-905b-f328e2479db3/Doujin-Figure-After-School-1-7_cb35ea76-04a4-3e41-a2eb-0d0b61c3107b.jpg,[],54500,54500,54500,0,1,2026-09-27T02:16:59.629224Z,1.0,"[""csv"", ""jsonl""]"
28301,MyFigureList,https://myfigurelist.com/figure/28301/Kimetsu-no-Yaiba-Tomioka-Giyuu-1-8,Kimetsu no Yaiba - Tomioka Giyuu - 1/8,Kimetsu no Yaiba,Giyuu Tomioka,,Scale Figure,2022-04-29,1/8,Miro,,4534530885555,https://cdn.myfigurelist.com/figure-images/4534530885555/Kimetsu-no-Yaiba-Tomioka-Giyuu-1-8_4dc1e066-00c0-305b-b8c3-a27480cba916.jpg,"[{""shop_name"": ""Figuya"", ""price_jpy"": 44328, ""availability"": ""OutOfStock"", ""url"": ""https://figuya.com/en/products/giyu-tomioka-aniplex-wing-22486-en"", ""condition"": ""NewCondition"", ""fetched_at"": ""2026-09-27T10:04:04.005714""}, {""shop_name"": ""Amiami"", ""price_jpy"": 11520, ""availability"": ""InStock"", ""url"": ""NOTFOUND"", ""condition"": ""NewCondition"", ""fetched_at"": ""2026-09-27T10:04:04.005741""}, {""shop_name"": ""Solaris Japan"", ""price_jpy"": 23628, ""availability"": ""InStock"", ""url"": ""https://solarisjapan.com/products/kimetsu-no-yaiba-tomioka-giyuu-1-8-aniplex-shop-exclusive?aff=1095"", ""condition"": ""NewCondition"", ""fetched_at"": ""2026-09-27T10:04:04.005746""}, {""shop_name"": ""Nin-Nin Game"", ""price_jpy"": 29254, ""availability"": ""InStock"", ""url"": ""https://www.nin-nin-game.com/en/demon-slayer-kimetsu-no-yaiba/39870-giyu-tomioka-kimetsu-no-yaiba-demon-slayer-limited-edition-aniplex-.html"", ""condition"": ""NewCondition"", ""fetched_at"": ""2026-09-27T10:04:04.005750""}, {""shop_name"": ""Hobby Genki"", ""price_jpy"": 8995, ""availability"": ""OutOfStock"", ""url"": ""https://hobby-genki.com/en/aniplex/482-aniplex-kimetsu-no-yaiba-demon-slayer-giyu-tomioka-limited-edition--4534530885555.html"", ""condition"": ""NewCondition"", ""fetched_at"": ""2026-09-27T10:04:04.005755""}]",,11520,29254,3,5,2026-09-27T10:04:04.005774,1.0,"[""jsonl""]"
51432,MyFigureList,https://myfigurelist.com/figure/51432/THE-iDOLMSTER-Cinderella-Girls-Maekawa-Miku-EXQ-Figure,THE iDOLM@STER Cinderella Girls - Maekawa Miku - EXQ Figure,THE IDOLM@STER Cinderella Girls,Miku Maekawa,Banpresto,Scale Figure,2019-01-10,Non-Scale,Jarel,,51432,https://cdn.myfigurelist.com/figure-images/31c29592-04f8-304c-a52d-947754fc4c04/THE-iDOLMSTER-Cinderella-Girls-Maekawa-Miku-EXQ-Figure_35cb23be-d623-358a-9c96-ad794b2fd158.jpg,[],,,,0,0,2026-09-27T10:04:04.452026,1.0,"[""jsonl""]"
55009,MyFigureList,https://myfigurelist.com/figure/55009/Azur-Lane-Hammann-1-9-Swimsuit,Azur Lane - Hammann - 1/9 - Swimsuit,Azur Lane,Hammann,Matsumari,Scale Figure,2020-02-09,1/9,Matsumari Makoto,,55009,https://cdn.myfigurelist.com/figure-images/9c69001a-1307-3ae5-81d7-9a043230a2ee/Azur-Lane-Hammann-1-9-Swimsuit_e08c73ab-0ba4-37d4-b24f-873a9a58943c.jpg,[],8000,,,0,0,2026-09-27T10:04:07.796668,1.0,"[""jsonl""]"
87675,MyFigureList,https://myfigurelist.com/figure/87675/Kamen-Rider-555-Kamen-Rider-Faiz-SIC-Kiwami-Tamashii-Blaster-Form,Kamen Rider 555 - Kamen Rider Faiz - S.I.C. Kiwami Tamashii - Blaster Form,Kamen Rider 555,Kamen Rider Faiz,Bandai,Anime Figure,2009-12-01,,,,87675,https://cdn.myfigurelist.com/figure-images/6b327307-85dc-3b25-8e3c-0f50f3bef281/Kamen-Rider-555-Kamen-Rider-Faiz-SIC-Kiwami-Tamashii-Blaster-Form_388982e8-a4bf-3cf7-9e9f-f808c70d1f4c.jpg,[],1260,,,0,0,2026-09-27T10:04:07.640756,1.0,"[""jsonl""]"
37738,MyFigureList,https://myfigurelist.com/figure/37738/FLCL-Canti-1-12-Atomosk,FLCL - Canti - 1/12 - Atomosk,Furi Kuri,Canti Nandaba,FUNNYBUNNY,Scale Figure,2010-07-01,1/12,,18,37738,https://cdn.myfigurelist.com/figure-images/2a9af8fe-686b-31a1-903b-76e2bb9a950e/FLCL-Canti-1-12-Atomosk_de2d412c-73ae-3635-b14f-3158366abc59.jpg,[],1400,1400,1400,0,0,2026-09-27T10:04:06.912098,1.0,"[""csv"", ""jsonl""]"
70067,MyFigureList,https://myfigurelist.com/figure/70067/Oinari-JK-Tamamo-chan!-Fushimi-Tamamo-2,Oinari JK Tamamo-chan! - Fushimi Tamamo - 2,Oinari JK Tamamo-chan!,Tamamo Fushimi,Aim,Anime Figure,2022-07-24,,,,70067,https://cdn.myfigurelist.com/figure-images/22ea5acc-2635-3efd-8fd2-e165e1f78f2b/Oinari-JK-Tamamo-chan!-Fushimi-Tamamo-2_545a969d-53f7-3882-9818-ae3414e4ee1d.jpg,[],8000,,,0,0,2026-09-27T10:04:09.960299,1.0,"[""jsonl""]"
46560,MyFigureList,https://myfigurelist.com/figure/46560/Fate-Grand-Order-Jeanne-dArc-Alter-R,Fate/Grand Order - Jeanne d'Arc (Alter) - R,Fate/Grand Order,Jeanne d'Arc Alter,Vispo,Scale Figure,2019-07-28,Non-Scale,Katagiri Katsuhiro,,46560,https://cdn.myfigurelist.com/figure-images/a0d0b53f-1b2d-3eca-a7b5-8cb12ef226f3/Fate-Grand-Order-Jeanne-dArc-Alter-R_2c9edcbd-139d-306c-aea4-0f8d66ec45c6.jpg,[],30000,,,0,0,2026-09-27T10:04:10.462107,1.0,"[""jsonl""]"
74997,MyFigureList,https://myfigurelist.com/figure/74997/Sousou-no-Frieren-Frieren-AnyMy-Kuji-AnyMy-Kuji-Sousou-no-Frieren-A-Prize,Sousou no Frieren - Frieren - AnyMy Kuji - AnyMy Kuji Sousou no Frieren  (A Prize),Sousou no Frieren,Frieren,Legs Company,Anime Figure,2026-03-13,,,,74997,https://cdn.myfigurelist.com/figure-images/36f87231-a38b-3c5f-b335-55c42e5ee45a/Sousou-no-Frieren-Frieren-AnyMy-Kuji-AnyMy-Kuji-Sousou-no-Frieren-A-Prize_d2f963ba-95cd-3d5c-a491-4c97a8fba6ec.jpg,"[{""shop_name"": ""Animota"", ""price_jpy"": 7761, ""availability"": ""InStock"", ""url"": ""https://animota.net/en-eu/products/animota-e-fig20851"", ""condition"": ""NewCondition"", ""fetched_at"": ""2026-09-27T10:04:10.382808""}]",,7761,7761,1,1,2026-09-27T10:04:10.382849,1.0,"[""jsonl""]"
17015,MyFigureList,https://myfigurelist.com/figure/17015/Nendoroid-More-Jujutsu-Kaisen-Design-Container-Nobara-Kugisaki-Ver,Nendoroid More Jujutsu Kaisen Design Container Nobara Kugisaki Ver.,Jujutsu Kaisen,Nobara Kugisaki,Good Smile Company,Scale Figure,2023-12-01,Non-Scale,Nendoron,,4580590182813,https://cdn.myfigurelist.com/figure-images/4580590182813/Nendoroid-More-Jujutsu-Kaisen-Design-Container-Nobara-Kugisaki-Ver_2316fda5-d61c-45e0-8fe8-2d1657c1c6a6.jpg,"[{""shop_name"": ""Ninoma"", ""price_jpy"": 3483, ""availability"": ""InStock"", ""url"": ""https://ninoma.com/products/nendoroid-more-jujutsu-kaisen-jujutsu-kaisen-design-container-kugisaki-nobara-ver?_pos=1&_sid=424f9efcf&_ss=r"", ""condition"": ""NewCondition"", ""fetched_at"": ""2026-09-27T10:04:13.545602""}, {""shop_name"": ""Hobby Search"", ""price_jpy"": 1699, ""availability"": ""InStock"", ""url"": ""https://www.1999.co.jp/eng/10998938"", ""condition"": ""NewCondition"", ""fetched_at"": ""2026-09-27T10:04:13.545631""}, {""shop_name"": ""Amiami"", ""price_jpy"": 1280, ""availability"": ""InStock"", ""url"": ""https://www.amiami.com/eng/detail/?gcode=FIGURE-156730"", ""condition"": ""NewCondition"", ""fetched_at"": ""2026-09-27T10:04:13.545637""}, {""shop_name"": ""Hobby Link Japan"", ""price_jpy"": 1818, ""availability"": ""InStock"", ""url"": ""https://www.hlj.com/nendoroid-more-jujutsu-kaisen-design-container-nobara-kugisaki-ver-gsc18281"", ""condition"": ""NewCondition"", ""fetched_at"": ""2026-09-27T10:04:13.545641""}, {""shop_name"": ""Nin-Nin Game"", ""price_jpy"": 3070, ""availability"": ""InStock"", ""url"": ""https://www.nin-nin-game.com/en/jujutsu-kaisen/96755-nendoroid-more-jujutsu-kaisen-design-container-nobara-kugisaki-ver-good-smile-company-.html"", ""condition"": ""NewCondition"", ""fetched_at"": ""2026-09-27T10:04:13.545645""}]",,1280,3483,5,5,2026-09-27T10:04:13.545666,1.0,"[""jsonl""]"
113623,MyFigureList,https://myfigurelist.com/figure/113623/Ultraman-New-Generation-Stars-Ultraman-Orb-Ultraman-Orb-Spacium-Zeperion-SHFiguarts,Ultraman New Generation Stars - Ultraman Orb - Ultraman Orb Spacium Zeperion - S.H.Figuarts,,,BANDAI SPIRITS,Anime Figure,2024-02-23,,,,4573102656469,https://cdn.myfigurelist.com/figure-images/d2c9a97b-d1de-3e6e-84e5-540a34de27e3/Ultraman-New-Generation-Stars-Ultraman-Orb-Ultraman-Orb-Spacium-Zeperion-SHFiguarts_fa2d41bd-3e4d-3d3a-8d03-ed817b5eca3e.jpg,"[{""shop_name"": ""Hobby Search"", ""price_jpy"": 7700, ""availability"": ""OutOfStock"", ""url"": ""https://www.1999.co.jp/11024606"", ""condition"": ""NewCondition"", ""fetched_at"": ""2026-09-27T10:04:13.634759""}, {""shop_name"": ""Hobby Link Japan"", ""price_jpy"": 7000, ""availability"": ""OutOfStock"", ""url"": ""https://www.hlj.com/s-h-figuarts-ultraman-orb-specium-zeperion-ultraman-new-generation-stars-ver-banc656469"", ""condition"": ""NewCondition"", ""fetched_at"": ""2026-09-27T10:04:13.634786""}, {""shop_name"": ""Nin-Nin Game"", ""price_jpy"": 9370, ""availability"": ""InStock"", ""url"": ""https://www.nin-nin-game.com/en/ultraman/104496-shfiguarts-ultraman-new-generation-stars-ultraman-orb-spacium-zeperion-bandai-spirits-.html"", ""condition"": ""NewCondition"", ""fetched_at"": ""2026-09-27T10:04:13.634793""}]",,9370,9370,1,3,2026-09-27T10:04:13.634814,1.0,"[""jsonl""]"
66045,MyFigureList,https://myfigurelist.com/figure/66045/Beast-Wars-II-Black-Lio-Convoy-Robotmasters-Black,Beast Wars II - Black Lio Convoy - Robotmasters - Black,Beast Wars II,Black Lio Convoy,Takara,Anime Figure,2006-02-01,,,,66045,https://cdn.myfigurelist.com/figure-images/10330d70-dade-3e0e-9ede-9ec9d6623c44/Beast-Wars-II-Black-Lio-Convoy-Robotmasters-Black_9c9677d5-9599-3d95-940c-35b430891507.jpg,[],1480,,,0,0,2026-09-27T10:04:13.440187,1.0,"[""jsonl""]"
79144,MyFigureList,https://myfigurelist.com/figure/79144/Kidou-Senshi-Gundam-0083-Stardust-Memory-RX-78GP03S-Gundam-Stamen-Gundam-FIX-Figuration-0034-1-144,"Kidou Senshi Gundam 0083 Stardust Memory - RX-78GP03S Gundam ""Stamen"" - Gundam FIX Figuration  (#0034) - 1/144",Kidou Senshi Gundam,RX-78GP03S Gundam Stamen,Bandai,Scale Figure,2007-04-01,1/144,,,4543112458131,https://cdn.myfigurelist.com/figure-images/486e81d3-c72a-3889-8f66-5c7231d9df82/Kidou-Senshi-Gundam-0083-Stardust-Memory-RX-78GP03S-Gundam-Stamen-Gundam-FIX-Figuration-0034-1-144_5e53633f-a832-319a-a0cc-e947df26bdf9.jpg,"[{""shop_name"": ""Solaris Japan"", ""price_jpy"": 40684, ""availability"": ""InStock"", ""url"": ""https://solarisjapan.com/products/kidou-senshi-gundam-0083-stardust-memory-rx-78gp03s-gundam-dendrobium-stamen-gundam-fix-figuration-0034-1-144-bandai?aff=1095"", ""condition"": ""UsedCondition"", ""fetched_at"": ""2026-09-27T10:04:13.060201""}]",,40684,40684,1,1,2026-09-27T10:04:13.060237,1.0,"[""jsonl""]"
65044,MyFigureList,https://myfigurelist.com/figure/65044/Transformers-Convoy-Lunar-Cruiser-Prime,Transformers - Convoy - Lunar Cruiser Prime,Transformers,Convoy,Takara Tomy,Anime Figure,2024-03-01,,,,4904810906612,https://cdn.myfigurelist.com/figure-images/0c1d66e5-8913-32ab-a68a-0b0e21d4e9ab/Transformers-Convoy-Lunar-Cruiser-Prime_c4a249a0-47a2-30fa-93ae-c871c19b7b8f.jpg,"[{""shop_name"": ""Plaza Japan"", ""price_jpy"": 19191, ""availability"": ""InStock"", ""url"": ""https://www.plazajapan.com/4904810906612/"", ""condition"": ""NewCondition"", ""fetched_at"": ""2026-09-27T10:04:16.031268""}, {""shop_name"": ""Okini Land"", ""price_jpy"": 11119, ""availability"": ""InStock"", ""url"": ""https://okini.land/en/68943-transformers-jaxa-lunar-cruiser-prime-takaratomy-4904810906612.html?id_currency=5"", ""condition"": ""NewCondition"", ""fetched_at"": ""2026-09-27T10:04:16.031293""}, {""shop_name"": ""Hobby Link Japan"", ""price_jpy"": 9500, ""availability"": ""OutOfStock"", ""url"": ""https://www.hlj.com/lunar-cruiser-prime-tkt90661"", ""condition"": ""NewCondition"", ""fetched_at"": ""2026-09-27T10:04:16.031300""}, {""shop_name"": ""Meccha Japan"", ""price_jpy"": 15051, ""availability"": ""InStock"", ""url"": ""https://meccha-japan.com/en/mecha-robot/116510-figure-lunar-cruiser-prime.html"", ""condition"": ""NewCondition"", ""fetched_at"": ""2026-09-27T10:04:16.031304""}, {""shop_name"": ""Hobby Search"", ""price_jpy"": 9900, ""availability"": ""OutOfStock"", ""url"": ""https://www.1999.co.jp/11008985"", ""condition"": ""NewCondition"", ""fetched_at"": ""2026-09-27T10:04:16.031364""}, {""shop_name"": ""Japan Figure"", ""price_jpy"": 18682, ""availability"": ""InStock"", ""url"": ""https://japan-figure.com/products/takara-tomy-japan-transformers-luna-cruiser-prime"", ""condition"": ""NewCondition"", ""fetched_at"": ""2026-09-27T10:04:16.031376""}, {""shop_name"": ""Solaris Japan"", ""price_jpy"": 17106, ""availability"": ""InStock"", ""url"": ""https://solarisjapan.com/products/transformers-convoy-lunar-cruiser-prime-takara-tomy?aff=1095"", ""condition"": ""NewCondition"", ""fetched_at"": ""2026-09-27T10:04:16.031381""}, {""shop_name"": ""Nin-Nin Game"", ""price_jpy"": 18881, ""availability"": ""InStock"", ""url"": ""https://www.nin-nin-game.com/en/transformers/99733-transformers-lunar-cruiser-prime-takara-tomy-.html"", ""condition"": ""NewCondition"", ""fetched_at"": ""2026-09-27T10:04:16.031385""}]",,11119,19191,6,8,2026-09-27T10:04:16.031408,1.0,"[""jsonl""]"
35813,MyFigureList,https://myfigurelist.com/figure/35813/Kamen-Rider-X-Apollo-Geist-SHFiguarts,Kamen Rider X - Apollo Geist - S.H.Figuarts,Kamen Rider,Apollo Geist,Bandai,Scale Figure,2013-08-24,1/12,,,35813,https://cdn.myfigurelist.com/figure-images/35538763-e650-3754-ad7d-88788e6d322a/Kamen-Rider-X-Apollo-Geist-SHFiguarts_abf67e79-6e81-33fc-a428-12b4870e4fa7.jpg,[],3990,,,0,0,2026-09-27T10:04:16.475368,1.0,"[""jsonl""]"
117810,MyFigureList,https://myfigurelist.com/figure/117810/Kanashimi-no-Belladonna-Jeanne-Watercolour-Edition,Kanashimi no Belladonna - Jeanne - Watercolour Edition,Kanashimi no Belladonna,Jeanne,Unbox Industries,Anime Figure,2022-12-01,,Kondou Satoshi,,117810,https://cdn.myfigurelist.com/figure-images/e5803f2a-33b6-3e79-b9be-0d447add1d62/Kanashimi-no-Belladonna-Jeanne-Watercolour-Edition_476fdd4a-1ba0-3906-9e7f-cf04a6dc9062.jpg,[],27258,,,0,0,2026-09-27T10:04:16.557639,1.0,"[""jsonl""]"
125609,MyFigureList,https://myfigurelist.com/figure/125609/Samurai-Spirits-Tenkaichi-Kenkakuden-Earthquake-1-12,Samurai Spirits Tenkaichi Kenkakuden - Earthquake - 1/12,Samurai Spirits,Earthquake,Storm Collectibles,Scale Figure,2025-05-01,1/12,,,4570030957699,https://cdn.myfigurelist.com/figure-images/f4248b48-7c58-3a26-9dc2-08761d614051/Samurai-Spirits-Tenkaichi-Kenkakuden-Earthquake-1-12_5d5337e0-0a65-31d1-a705-011c5b8edd86.jpg,"[{""shop_name"": ""Hobby Search"", ""price_jpy"": 30195, ""availability"": ""OutOfStock"", ""url"": ""https://www.1999.co.jp/10999748"", ""condition"": ""NewCondition"", ""fetched_at"": ""2026-09-27T10:04:16.765239""}, {""shop_name"": ""Hobby Link Japan"", ""price_jpy"": 30500, ""availability"": ""OutOfStock"", ""url"": ""https://www.hlj.com/samurai-shodown-vi-earthquake-scc95769"", ""condition"": ""NewCondition"", ""fetched_at"": ""2026-09-27T10:04:16.765269""}]",,,,0,2,2026-09-27T10:04:16.765290,1.0,"[""jsonl""]"
43028,MyFigureList,https://myfigurelist.com/figure/43028/Azur-Lane-Owari,Azur Lane - Owari,Azur Lane,Owari AzurLane,Vizion,Scale Figure,2024-09-01,Non-Scale,Ryuuseimaru,,43028,https://cdn.myfigurelist.com/figure-images/1b35b4f1-eaaa-3ef5-afca-d447cc643158/Azur-Lane-Owari_d08ffcd8-a9a6-3db3-a2a4-1046f01db01f.jpg,[],23000,,,0,0,2026-09-27T10:04:19.918905,1.0,"[""jsonl""]"
66236,MyFigureList,https://myfigurelist.com/figure/66236/A-Channel-Ichii-Tooru-EX-Figure-Gym-Uniform-ver,A Channel - Ichii Tooru - EX Figure - Gym Uniform ver.,A-Channel,Tooru Ichii,SEGA,Anime Figure,2012-02-01,,,,66236,https://cdn.myfigurelist.com/figure-images/10ee5d4c-3380-30ba-9331-2ff088e8b6b6/A-Channel-Ichii-Tooru-EX-Figure-Gym-Uniform-ver_a9baf8fb-d6ba-3bf0-929b-6ed5fe7cbb95.jpg,[],1550,,,0,0,2026-09-27T10:04:19.810377,1.0,"[""jsonl""]"
68225,MyFigureList,https://myfigurelist.com/figure/68225/Yu-Gi-Oh!-Duel-Monsters-Black-Magician-Girl-Kuriboh-1-6,Yu-Gi-Oh! Duel Monsters - Black Magician Girl - Kuriboh - 1/6,Yu-Gi-Oh! Duel Monsters,Black Magician Girl,MAGI ARTS,Scale Figure,2023-10-02,1/6,Meloncheese,,68225,https://cdn.myfigurelist.com/figure-images/18c26bf1-8ae5-398a-ada2-580a2326e596/Yu-Gi-Oh!-Duel-Monsters-Black-Magician-Girl-Kuriboh-1-6_fde3a801-971b-32bd-88b1-a1c4c4211d9d.jpg,[],22517,,,0,0,2026-09-27T10:04:19.540031,1.0,"[""jsonl""]"
38000,MyFigureList,https://myfigurelist.com/figure/38000/Kamen-Rider-Geats-Kamen-Rider-Tycoon-SHFiguarts-Ninja-Form,Kamen Rider Geats - Kamen Rider Tycoon - S.H.Figuarts - Ninja Form,Kamen Rider,Keiwa Sakurai,BANDAI SPIRITS,Scale Figure,2023-07-01,Non-Scale,,,38000,https://cdn.myfigurelist.com/figure-images/811bbfec-2d44-3c16-b65c-034162796b44/Kamen-Rider-Geats-Kamen-Rider-Tycoon-SHFiguarts-Ninja-Form_4886a912-54e8-3024-9b6f-395af43241ba.jpg,[],7500,,,0,0,2026-09-27T10:04:19.752590,1.0,"[""jsonl""]"
51603,MyFigureList,https://myfigurelist.com/figure/51603/To-LOVEru-Darkness-Lala-Satalin-Deviluke-1-1,To LOVEru Darkness - Lala Satalin Deviluke - 1/1,To LOVEru,Lala Satalin Deviluke,Design COCO,Scale Figure,2018-03-01,1/1,,,51603,https://cdn.myfigurelist.com/figure-images/3ba62785-8d20-383e-b93a-b5ea87ff0ca6/To-LOVEru-Darkness-Lala-Satalin-Deviluke-1-1_20986a37-a7f8-3df1-bf09-acbe8c5039f3.jpg,[],2800000,,,0,0,2026-09-27T10:04:20.056701,1.0,"[""jsonl""]"
117539,MyFigureList,https://myfigurelist.com/figure/117539/Keroro-Gunsou-Pururu-Kangocho,Keroro Gunsou - Pururu Kangocho,Keroro Gunsou,Pururu Kangocho,UN-BALANCE,Anime Figure,2010-02-07,,,,117539,https://cdn.myfigurelist.com/figure-images/e4a5991f-d4c1-3af0-9a0a-49e8c040f767/Keroro-Gunsou-Pururu-Kangocho_bf7236a7-78d5-3308-a852-38886557c0cc.jpg,[],2000,,,0,0,2026-09-27T10:04:21.937577,1.0,"[""jsonl""]"
125653,MyFigureList,https://myfigurelist.com/figure/125653/Captain-Tsubasa-Misaki-Tarou-Ultra-Detail-Figure-No624,Captain Tsubasa - Misaki Tarou - Ultra Detail Figure  (No.624),Captain Tsubasa,Tarou Misaki,Medicom Toy,Anime Figure,2021-10-01,,,,4530956156248,https://cdn.myfigurelist.com/figure-images/84f7655c-eb9d-38a2-8eae-9ddc209a1efb/Captain-Tsubasa-Misaki-Tarou-Ultra-Detail-Figure-No624_f399c21c-c54d-33b3-9166-42e6592cc279.jpg,"[{""shop_name"": ""Ninoma"", ""price_jpy"": 4119, ""availability"": ""InStock"", ""url"": ""https://ninoma.com/products/udf-captain-tsubasa-misaki-taro?_pos=1&_sid=e8ba8f637&_ss=r"", ""condition"": ""NewCondition"", ""fetched_at"": ""2026-09-27T10:04:22.380157""}, {""shop_name"": ""Hobby Search"", ""price_jpy"": 1144, ""availability"": ""OutOfStock"", ""url"": ""https://www.1999.co.jp/10778918"", ""condition"": ""NewCondition"", ""fetched_at"": ""2026-09-27T10:04:22.380183""}, {""shop_name"": ""Animota"", ""price_jpy"": 2562, ""availability"": ""InStock"", ""url"": ""https://animota.net/en-eu/products/animota-e-fig2419"", ""condition"": ""NewCondition"", ""fetched_at"": ""2026-09-27T10:04:22.380189""}, {""shop_name"": ""Okini Land"", ""price_jpy"": 1463, ""availability"": ""OutOfStock"", ""url"": ""https://okini.land/en/24998-udf-misaki-taro-medicom-toy-4530956156248.html?id_currency=5"", ""condition"": ""NewCondition"", ""fetched_at"": ""2026-09-27T10:04:22.380193""}, {""shop_name"": ""Hobby Link Japan"", ""price_jpy"": 1105, ""availability"": ""OutOfStock"", ""url"": ""https://www.hlj.com/udf-captain-tsubasa-taro-misaki-medudf-624"", ""condition"": ""NewCondition"", ""fetched_at"": ""2026-09-27T10:04:22.380198""}, {""shop_name"": ""Nin-Nin Game"", ""price_jpy"": 3724, ""availability"": ""InStock"", ""url"": ""https://www.nin-nin-game.com/en/udf/48504-udf-captain-tsubasa-tarou-misaki-ultra-detail-figure-no624-.html"", ""condition"": ""NewCondition"", ""fetched_at"": ""2026-09-27T10:04:22.380202""}]",,2562,4119,3,6,2026-09-27T10:04:22.380220,1.0,"[""jsonl""]"
16325,MyFigureList,https://myfigurelist.com/figure/16325/Statue-Legend-JoJos-Bizarre-Adventure-PartIV-Keichou-Nijimura-Bad-Company,Statue Legend JoJo's Bizarre Adventure Part.IV Keichou Nijimura & Bad Company,JoJo no Kimyou na Bouken,Keichou Nijimura,Medicos Entertainment,Scale Figure,2023-12-01,Non-Scale,,,4570188442931,https://cdn.myfigurelist.com/figure-images/4570188442931/Statue-Legend-JoJo's-Bizarre-Adventure-PartIV-Keichou-Nijimura-Bad-Company_e5e6ce74-3aa9-43cb-af5f-aa0919fa015c.jpg,"[{""shop_name"": ""Figuya"", ""price_jpy"": 18110, ""availability"": ""OutOfStock"", ""url"": ""https://figuya.com/en/products/nijimura-keichou-statue-legend-di-molto-bene-50467-en"", ""condition"": ""NewCondition"", ""fetched_at"": ""2026-09-27T10:04:22.031013""}, {""shop_name"": ""Plaza Japan"", ""price_jpy"": 8221, ""availability"": ""InStock"", ""url"": ""https://www.plazajapan.com/4570188442931/"", ""condition"": ""NewCondition"", ""fetched_at"": ""2026-09-27T10:04:22.031041""}, {""shop_name"": ""Crunchyroll"", ""price_jpy"": 14590, ""availability"": ""InStock"", ""url"": ""https://store.crunchyroll.com/products/jojos-bizarre-adventure-keicho-nijimura-bad-company-statue-legend-figure-set-re-run-4570188442931.html"", ""condition"": ""NewCondition"", ""fetched_at"": ""2026-09-27T10:04:22.031047""}, {""shop_name"": ""Amiami"", ""price_jpy"": 8090, ""availability"": ""InStock"", ""url"": ""https://www.amiami.com/eng/detail/?gcode=FIGURE-153075"", ""condition"": ""NewCondition"", ""fetched_at"": ""2026-09-27T10:04:22.031051""}, {""shop_name"": ""Okini Land"", ""price_jpy"": 8629, ""availability"": ""OutOfStock"", ""url"": ""https://okini.land/en/49533-statue-legend-nijimura-keicho-bad-company-medicos-entertainment-4570188442931.html"", ""condition"": ""NewCondition"", ""fetched_at"": ""2026-09-27T10:04:22.031055""}, {""shop_name"": ""Hobby Link Japan"", ""price_jpy"": 8000, ""availability"": ""OutOfStock"", ""url"": ""https://www.hlj.com/jojo-statue-legend-keicho-nijimura-bad-company-reissue-dbn44293"", ""condition"": ""NewCondition"", ""fetched_at"": ""2026-09-27T10:04:22.031059""}, {""shop_name"": ""Ninoma"", ""price_jpy"": 7644, ""availability"": ""InStock"", ""url"": ""https://ninoma.com/products/statue-legend-jojos-bizarre-adventure-part-iv-nijimura-keicho-bad-company?_pos=1&_sid=67c4ddbb0&_ss=r"", ""condition"": ""NewCondition"", ""fetched_at"": ""2026-09-27T10:04:22.031063""}, {""shop_name"": ""Meccha Japan"", ""price_jpy"": 7508, ""availability"": ""InStock"", ""url"": ""https://meccha-japan.com/en/articulated-figures/74656-figure-keicho-nijimura--bad-company-jojos-bizarre-adventure-part-4.html"", ""condition"": ""NewCondition"", ""fetched_at"": ""2026-09-27T10:04:22.031067""}, {""shop_name"": ""Hobby Search"", ""price_jpy"": 7920, ""availability"": ""InStock"", ""url"": ""https://www.1999.co.jp/eng/10977539"", ""condition"": ""NewCondition"", ""fetched_at"": ""2026-09-27T10:04:22.031070""}, {""shop_name"": ""Animota"", ""price_jpy"": 12296, ""availability"": ""InStock"", ""url"": ""https://animota.net/products/animota-e-pre2412"", ""condition"": ""NewCondition"", ""fetched_at"": ""2026-09-27T10:04:22.031074""}, {""shop_name"": ""Solaris Japan"", ""price_jpy"": 10633, ""availability"": ""InStock"", ""url"": ""https://solarisjapan.com/products/diamond-wa-kudakenai-jojo-no-kimyou-na-bouken-bad-company-nijimura-keichou-statue-legend-7-2023-re-release-di-molto-bene-medicos-entertainment?aff=1095"", ""condition"": ""NewCondition"", ""fetched_at"": ""2026-09-27T10:04:22.031078""}, {""shop_name"": ""Nin-Nin Game"", ""price_jpy"": 10044, ""availability"": ""InStock"", ""url"": ""https://www.nin-nin-game.com/en/jojo-s-bizarre-adventure/90823-statue-legend-7-jojo-s-bizarre-adventure-partiv-keichou-nijimura-bad-company-reissue-medicos-entertainment-.html"", ""condition"": ""NewCondition"", ""fetched_at"": ""2026-09-27T10:04:22.031082""}, {""shop_name"": ""Hobby Genki"", ""price_jpy"": 7480, ""availability"": ""OutOfStock"", ""url"": ""https://hobby-genki.com/fr/jojo-s-bizarre-adventure/16164-statue-legend-keicho-nijimura-bad-company-jojo-s-bizarre-adventure-part-4-diamond-is-unbreakable-4570188442931.html"", ""condition"": ""NewCondition"", ""fetched_at"": ""2026-09-27T10:04:22.031104""}]",,7508,14590,9,13,2026-09-27T10:04:22.031132,1.0,"[""jsonl""]"
104647,MyFigureList,https://myfigurelist.com/figure/104647/The-Nightmare-Before-Christmas-Mayor-Series-1-Action-Figure,The Nightmare Before Christmas - Mayor - Series 1 Action Figure,The Nightmare Before Christmas,Mayor,JUN Planning,Anime Figure,2008-11-01,,,,104647,https://cdn.myfigurelist.com/figure-images/b00bfed8-c975-3670-9356-293d13b92115/The-Nightmare-Before-Christmas-Mayor-Series-1-Action-Figure_0aff1a0d-f816-3335-8f0c-fd73b69f2bd4.jpg,[],2079,,,0,0,2026-09-27T10:04:22.274934,1.0,"[""jsonl""]"
115403,MyFigureList,https://myfigurelist.com/figure/115403/Ojamajo-Doremi-Dokkan!-Harukaze-Doremi,Ojamajo Doremi Dokka~n! - Harukaze Doremi,Ojamajo Doremi,Doremi Harukaze,Ano MEGA Rou,Anime Figure,2006-02-19,,Ano Megaro,14,115403,https://cdn.myfigurelist.com/figure-images/d87b7637-75df-3db7-a753-99b21ee3e5aa/Ojamajo-Doremi-Dokkan!-Harukaze-Doremi_4c6d284f-a718-30fd-b891-165e94208c57.jpg,[],5000,5000,5000,0,0,2026-09-27T10:04:25.574340,0.95,"[""csv"", ""jsonl""]"
85986,MyFigureList,https://myfigurelist.com/figure/85986/Kizuato-Kashiwagi-Hatsune-1-5,Kizuato - Kashiwagi Hatsune - 1/5,Kizuato,Hatsune Kashiwagi,Okayama Figure Engineering,Scale Figure,2005-08-01,1/5,,,85986,https://cdn.myfigurelist.com/figure-images/63d68a0b-6a45-3d78-916f-3d82d5f5a09f/Kizuato-Kashiwagi-Hatsune-1-5_a185759a-978d-32b2-97e9-7e4fc88592a4.jpg,[],12000,12000,12000,0,0,2026-09-27T10:04:25.018234,1.0,"[""csv"", ""jsonl""]"
95172,MyFigureList,https://myfigurelist.com/figure/95172/Shin-Kamen-Rider-Kamen-Rider-No-0-FigZero-1-6,Shin Kamen Rider - Kamen Rider No. 0 - FigZero - 1/6,Shin Kamen Rider,Kamen Rider No. 0,threezero,Scale Figure,2024-07-01,1/6,,,95172,https://cdn.myfigurelist.com/figure-images/89a77a25-711e-3aac-9a0f-fc691505ec18/Shin-Kamen-Rider-Kamen-Rider-No-0-FigZero-1-6_a63eddec-ef0a-3b12-8ee8-a34241992f2e.jpg,[],29004,,,0,0,2026-09-27T10:04:25.486977,1.0,"[""jsonl""]"
87254,MyFigureList,https://myfigurelist.com/figure/87254/Dairantou-Smash-Bros-for-Wii-U-Shulk-Amiibo-Amiibo-Dairantou-Smash-Bros-Series,Dairantou Smash Bros. for Wii U - Shulk - Amiibo - Amiibo Dairantou Smash Bros. Series,Dairantou Smash Bros.,Shulk,Nintendo,Anime Figure,2015-02-19,,,,4902370523362,https://cdn.myfigurelist.com/figure-images/69b152d2-c557-344d-b50d-78d59eb441ec/Dairantou-Smash-Bros-for-Wii-U-Shulk-Amiibo-Amiibo-Dairantou-Smash-Bros-Series_5e67a5fe-f4cd-3a34-814f-7df503f30f35.jpg,"[{""shop_name"": ""Hobby Search"", ""price_jpy"": 1320, ""availability"": ""OutOfStock"", ""url"": ""https://www.1999.co.jp/10523421"", ""condition"": ""NewCondition"", ""fetched_at"": ""2026-09-27T10:04:24.965325""}, {""shop_name"": ""Animota"", ""price_jpy"": 6748, ""availability"": ""InStock"", ""url"": ""https://animota.net/en-eu/products/animota-e-fig1243"", ""condition"": ""NewCondition"", ""fetched_at"": ""2026-09-27T10:04:24.965352""}, {""shop_name"": ""Japan Figure"", ""price_jpy"": 5103, ""availability"": ""InStock"", ""url"": ""https://japan-figure.com/products/nintendo-amiibo-shulk-super-smash-bros-new-4902370523362"", ""condition"": ""NewCondition"", ""fetched_at"": ""2026-09-27T10:04:24.965358""}, {""shop_name"": ""Solaris Japan"", ""price_jpy"": 6030, ""availability"": ""InStock"", ""url"": ""https://solarisjapan.com/products/amiibo-super-smash-bros-series-figure-shulk?aff=1095"", ""condition"": ""NewCondition"", ""fetched_at"": ""2026-09-27T10:04:24.965363""}, {""shop_name"": ""Nin-Nin Game"", ""price_jpy"": 4208, ""availability"": ""InStock"", ""url"": ""https://www.nin-nin-game.com/en/amiibo/13763-amiibo-shulk-super-smash-bros-series-ver-wii-u-.html"", ""condition"": ""NewCondition"", ""fetched_at"": ""2026-09-27T10:04:24.965367""}]",,4208,6748,4,5,2026-09-27T10:04:24.965384,1.0,"[""jsonl""]"
65853,MyFigureList,https://myfigurelist.com/figure/65853/Hololive-Amane-Kanata-SD,Hololive - Amane Kanata - SD,Hololive,Kanata Amane,Seikouudokubu,Anime Figure,2021-05-15,,,,65853,https://cdn.myfigurelist.com/figure-images/0f6dcd7b-a2dc-324f-86bd-7ea3f6c9a4af/Hololive-Amane-Kanata-SD_cb22b4da-4d1a-3945-8370-6388ae1b9266.jpg,[],10000,,,0,0,2026-09-27T10:04:28.442029,1.0,"[""jsonl""]"
100704,MyFigureList,https://myfigurelist.com/figure/100704/Disney-Fantasia-Mickey-Mouse-Miracle-Action-Figure-40-Sorcerors-Apprentice,Disney - Fantasia - Mickey Mouse - Miracle Action Figure - 40 - Sorceror's Apprentice,,,Medicom Toy,Anime Figure,2011-08-01,,,,100704,https://cdn.myfigurelist.com/figure-images/9ff1cec4-d6f2-3e58-a8b1-f09db87402ac/Disney-Fantasia-Mickey-Mouse-Miracle-Action-Figure-40-Sorcerors-Apprentice_52ae47cf-ec2b-3fdf-8a41-e9e1826c5fd0.jpg,[],6090,,,0,0,2026-09-27T10:04:28.387510,1.0,"[""jsonl""]"
12510,MyFigureList,https://myfigurelist.com/figure/12510/GOD-EATER-3-Claire-Victorious-AmiAmi-Exclusive-Smiling-Ver-1-7-Complete-Figure,GOD EATER 3 Claire Victorious AmiAmi Exclusive Smiling Ver. 1/7 Complete Figure,God Eater,Claire Victorious,Plum,Scale Figure,2019-08-01,1/7,,,4582362382735,https://cdn.myfigurelist.com/figure-images/4582362382735/GOD-EATER-3-Claire-Victorious-AmiAmi-Exclusive-Smiling-Ver-1-7-Complete-Figure_1cfbf2b4-4474-41f4-b777-2ea138d7013d.jpg,"[{""shop_name"": ""Figuya"", ""price_jpy"": 41109, ""availability"": ""OutOfStock"", ""url"": ""https://figuya.com/en/products/claire-victorious-exclusive-smiling-ver-plum-15627-en"", ""condition"": ""NewCondition"", ""fetched_at"": ""2026-09-27T10:04:27.968048""}, {""shop_name"": ""Lunar Toy Store"", ""price_jpy"": 30424, ""availability"": ""OutOfStock"", ""url"": ""https://www.lunartoystore.com/catalogsearch/result/?q=4582362382735"", ""condition"": ""NewCondition"", ""fetched_at"": ""2026-09-27T10:04:27.968073""}, {""shop_name"": ""Amiami"", ""price_jpy"": 15800, ""availability"": ""OutOfStock"", ""url"": ""https://www.amiami.com/eng/detail/?gcode=FIGURE-049275"", ""condition"": ""NewCondition"", ""fetched_at"": ""2026-09-27T10:04:27.968079""}, {""shop_name"": ""Hobby Link Japan"", ""price_jpy"": 26664, ""availability"": ""OutOfStock"", ""url"": ""https://www.hlj.com/1-7-scale-blue-archive-mari-gym-uniform-memorial-lobby-ver-poa38723"", ""condition"": ""NewCondition"", ""fetched_at"": ""2026-09-27T10:04:27.968084""}]",,,,0,4,2026-09-27T10:04:27.968102,1.0,"[""jsonl""]"
98016,MyFigureList,https://myfigurelist.com/figure/98016/Street-Fighter-6-Guile-1-4-Silver-Exclusive,Street Fighter 6 - Guile - 1/4 - Silver Exclusive,Street Fighter,Guile,Premium Collectibles Studio,Scale Figure,2024-06-01,1/4,,,98016,https://cdn.myfigurelist.com/figure-images/94836a93-dac2-3b0e-9c70-48d98e3e97d5/Street-Fighter-6-Guile-1-4-Silver-Exclusive_cfc234c0-c4a9-3d60-80a4-69c1be60f4e5.jpg,[],106008,,,0,0,2026-09-27T10:04:28.334406,1.0,"[""jsonl""]"
25675,MyFigureList,https://myfigurelist.com/figure/25675/Lucrea-Persona-5-Royal-Crow-Loki-ver-Goro-Akechi-SHOW-TIME-Edition-Complete-Figure,Lucrea Persona 5 Royal Crow Loki ver. (Goro Akechi) SHOW TIME Edition Complete Figure,Persona 5,Goro Akechi,MegaHouse,Scale Figure,2025-08-01,Non-Scale,Inui,,4535123843358,https://cdn.myfigurelist.com/figure-images/4535123843358/Lucrea-Persona-5-Royal-Crow-Loki-ver-Goro-Akechi-SHOW-TIME-Edition-Complete-Figure_a55a4f40-8db1-46d0-96f4-6445ee88d59c.jpg,"[{""shop_name"": ""Meccha Japan"", ""price_jpy"": 59792, ""availability"": ""InStock"", ""url"": ""https://meccha-japan.com/en/figures/154798-figure-goro-akechi-crow-loki-ver-persona-5-royal-lucrea-show-time-edition.html"", ""condition"": ""NewCondition"", ""fetched_at"": ""2026-09-27T10:04:28.044053""}, {""shop_name"": ""Crunchyroll"", ""price_jpy"": 27109, ""availability"": ""InStock"", ""url"": ""https://store.crunchyroll.com/products/persona-5-royal-crow-roki-lucrea-figure-showtime-edition-ver-4535123843358.html"", ""condition"": ""NewCondition"", ""fetched_at"": ""2026-09-27T10:04:28.044087""}, {""shop_name"": ""Amiami"", ""price_jpy"": 24200, ""availability"": ""InStock"", ""url"": ""https://www.amiami.com/eng/detail/?gcode=FIGURE-182353"", ""condition"": ""NewCondition"", ""fetched_at"": ""2026-09-27T10:04:28.044093""}, {""shop_name"": ""Animota"", ""price_jpy"": 35877, ""availability"": ""InStock"", ""url"": ""https://animota.net/products/animota-e-pre8186"", ""condition"": ""NewCondition"", ""fetched_at"": ""2026-09-27T10:04:28.044098""}, {""shop_name"": ""Solaris Japan"", ""price_jpy"": 28372, ""availability"": ""InStock"", ""url"": ""https://solarisjapan.com/products/persona-5-the-royal-akechi-goro-lucrea-crow-loki-ver-show-time-edition-megahouse-shop-exclusive?aff=1095"", ""condition"": ""NewCondition"", ""fetched_at"": ""2026-09-27T10:04:28.044102""}, {""shop_name"": ""Nin-Nin Game"", ""price_jpy"": 33990, ""availability"": ""OutOfStock"", ""url"": ""https://www.nin-nin-game.com/en/persona-megami-tensei/164888-lucrea-series-persona-5-the-royal-goro-akechi-crow-loki-show-time-ver-limited-edition-megahouse-.html"", ""condition"": ""NewCondition"", ""fetched_at"": ""2026-09-27T10:04:28.044106""}, {""shop_name"": ""Hobby Genki"", ""price_jpy"": 26580, ""availability"": ""OutOfStock"", ""url"": ""https://hobby-genki.com/en/persona-series/47722-lucrea-persona-5-the-royal-crow-loki-ver-goro-akechi-showtime-edition-figure-4535123843358.html"", ""condition"": ""NewCondition"", ""fetched_at"": ""2026-09-27T10:04:28.044110""}]",,24200,59792,5,7,2026-09-27T10:04:28.044128,1.0,"[""jsonl""]"
118122,MyFigureList,https://myfigurelist.com/figure/118122/Sumomomo-Momomo-Chijou-Saikyou-no-Yome-Kuzuryuu-Momoko-1-8,Sumomomo Momomo: Chijou Saikyou no Yome - Kuzuryuu Momoko - 1/8,Sumomomo Momomo,Momoko Kuzuryuu,Toy's Works,Scale Figure,2006-09-01,1/8,,,118122,https://cdn.myfigurelist.com/figure-images/e4ae74bf-4759-3346-9405-5e780df1bd95/Sumomomo-Momomo-Chijou-Saikyou-no-Yome-Kuzuryuu-Momoko-1-8_34d1a919-d058-30c6-a00b-85e2292f13e9.jpg,[],4800,,,0,0,2026-09-27T10:04:31.736696,1.0,"[""jsonl""]"
32625,MyFigureList,https://myfigurelist.com/figure/32625/Fate-Grand-Order-Koyanskaya-Noodle-Stopper-Figure-Assassin-Koyanskaya-of-Light-Final-Ascension,"Fate/Grand Order - Koyanskaya - Noodle Stopper Figure - Assassin/Koyanskaya of Light, Final Ascension",Fate/Grand Order,Koyanskaya,FuRyu,Scale Figure,2024-06-01,Non-Scale,,,32625,https://cdn.myfigurelist.com/figure-images/ae7cbab2-dc47-3a9a-a693-9ee86268dbdc/Fate-Grand-Order-Koyanskaya-Noodle-Stopper-Figure-Assassin-Koyanskaya-of-Light-Final-Ascension_9f79c867-da32-3b7c-9267-c9d694b6c93b.jpg,"[{""shop_name"": ""Okini Land"", ""price_jpy"": 33235, ""availability"": ""OutOfStock"", ""url"": ""https://okini.land/en/86163-replicaart-series-none-scale-15-inch-star-trek-2009-uss-enterprise-ncc-1701-light-up-starship-hiya-6957534202865.html?id_currency=5"", ""condition"": ""NewCondition"", ""fetched_at"": ""2026-09-27T10:04:31.430979""}]",,,,0,1,2026-09-27T10:04:31.431023,1.0,"[""jsonl""]"
114298,MyFigureList,https://myfigurelist.com/figure/114298/Nikukan-Girl-Joushiki-Kaihen-Tsukishima-Hotori-1-5,Nikukan Girl - Joushiki Kaihen  Tsukishima Hotori - 1/5,,,Insight,Scale Figure,2026-09-01,1/5,Oi-Chan,,4582762881869,https://cdn.myfigurelist.com/figure-images/d3c3fb02-769a-31f3-908c-684ee01a3e5e/Nikukan-Girl-Joushiki-Kaihen-Tsukishima-Hotori-1-5_658b8ae0-bb04-3bfc-b251-dc68e790a267.jpg,[],23800,,,0,0,2026-09-27T10:04:31.650879,1.0,"[""jsonl""]"
32286,MyFigureList,https://myfigurelist.com/figure/32286/Doraemon-Robot-Spirits-103,Doraemon - Robot Spirits  (#103),Doraemon,Doraemon,Bandai,Scale Figure,2011-09-03,Non-Scale,,,4543112614315,https://cdn.myfigurelist.com/figure-images/120d66fe-152c-3bec-83d0-bee9fd46f2a6/Doraemon-Robot-Spirits-103_ce23694a-b1a9-350b-b664-2384db427c20.jpg,"[{""shop_name"": ""Amiami"", ""price_jpy"": 2640, ""availability"": ""OutOfStock"", ""url"": ""NOTFOUND"", ""condition"": ""NewCondition"", ""fetched_at"": ""2026-09-27T10:04:31.862189""}, {""shop_name"": ""Ninoma"", ""price_jpy"": 7638, ""availability"": ""OutOfStock"", ""url"": ""https://ninoma.com/products/doraemon-robot-damashii-103-doraemon-bandai?_pos=1&_sid=799171fd2&_ss=r"", ""condition"": ""NewCondition"", ""fetched_at"": ""2026-09-27T10:04:31.862215""}, {""shop_name"": ""Meccha Japan"", ""price_jpy"": 11699, ""availability"": ""InStock"", ""url"": ""https://meccha-japan.com/en/assembled-mecha-and-robots/30583-figure-doraemon-plastic-model.html"", ""condition"": ""NewCondition"", ""fetched_at"": ""2026-09-27T10:04:31.862221""}, {""shop_name"": ""Animota"", ""price_jpy"": 12410, ""availability"": ""InStock"", ""url"": ""https://animota.net/en-eu/products/animota-e-fig6409"", ""condition"": ""NewCondition"", ""fetched_at"": ""2026-09-27T10:04:31.862225""}, {""shop_name"": ""Japan Figure"", ""price_jpy"": 11572, ""availability"": ""InStock"", ""url"": ""https://japan-figure.com/products/robot-spirits-doraemon-action-figure-bandai-tamashii-nations-bandai"", ""condition"": ""NewCondition"", ""fetched_at"": ""2026-09-27T10:04:31.862229""}, {""shop_name"": ""Solaris Japan"", ""price_jpy"": 8235, ""availability"": ""InStock"", ""url"": ""NOTFOUND"", ""condition"": ""NewCondition"", ""fetched_at"": ""2026-09-27T10:04:31.862233""}, {""shop_name"": ""Nin-Nin Game"", ""price_jpy"": 10300, ""availability"": ""OutOfStock"", ""url"": ""https://www.nin-nin-game.com/en/doraemon-/10907-doraemon-doraemon-robot-spirits-en.html"", ""condition"": ""NewCondition"", ""fetched_at"": ""2026-09-27T10:04:31.862237""}]",,8235,12410,4,7,2026-09-27T10:04:31.862254,1.0,"[""jsonl""]"
111072,MyFigureList,https://myfigurelist.com/figure/111072/Tian-Guan-Ci-Fu-Xie-Lian-Tian-Guan-Ci-Fu-Si-Shi-Xiang-Ban-Blind-Box-Series-Qiu-Ri-Xiang-Feng,Tian Guan Ci Fu - Xie Lian - Tian Guan Ci Fu Si Shi Xiang Ban Blind Box Series - Qiu Ri Xiang Feng,Tian Guan Ci Fu,Xie Lian,All For Play,Anime Figure,2023-06-01,,,,111072,https://cdn.myfigurelist.com/figure-images/c86d404e-6db1-3de3-b86c-43b85fea1a76/Tian-Guan-Ci-Fu-Xie-Lian-Tian-Guan-Ci-Fu-Si-Shi-Xiang-Ban-Blind-Box-Series-Qiu-Ri-Xiang-Feng_317934f0-97d6-3016-8eda-0612594923ea.jpg,[],1354,,,0,0,2026-09-27T10:04:34.349283,1.0,"[""jsonl""]"
124884,MyFigureList,https://myfigurelist.com/figure/124884/Dead-or-Alive-Paradise-Kasumi-Venus-on-the-Beach!-1-6-Special-Edition,Dead or Alive Paradise - Kasumi - Venus on the Beach! - 1/6 - Special Edition,Dead or Alive Paradise,Kasumi,Kotobukiya,Scale Figure,2010-04-02,1/6,Uzou,,4960677110050,https://cdn.myfigurelist.com/figure-images/e79befc8-6576-3a66-ac0a-4f93f8ba95ad/Dead-or-Alive-Paradise-Kasumi-Venus-on-the-Beach!-1-6-Special-Edition_a600a024-5790-339d-841b-44e2914d7996.jpg,"[{""shop_name"": ""Nin-Nin Game"", ""price_jpy"": 21102, ""availability"": ""OutOfStock"", ""url"": ""https://www.nin-nin-game.com/en/japanese-import-sony-psp-softs-and-systems/180901-dead-or-alive-paradise-kasumi-special-figure-himitsu-no-rakuen-box-psp-used-good-condition-en.html"", ""condition"": ""NewCondition"", ""fetched_at"": ""2026-09-27T10:04:34.026509""}]",,,,0,1,2026-09-27T10:04:34.026540,1.0,"[""jsonl""]"
55060,MyFigureList,https://myfigurelist.com/figure/55060/Boku-no-Hero-Academia-Midoriya-Izuku-Ichiban-Kuji-Ichiban-Kuji-Boku-no-Hero-Academia-Next-Generations!!-2-A-Prize,Boku no Hero Academia - Midoriya Izuku - Ichiban Kuji - Ichiban Kuji Boku no Hero Academia Next Generations!! 2  (A Prize),Boku no Hero Academia,Izuku Midoriya,BANDAI SPIRITS,Scale Figure,2023-07-01,Non-Scale,,,55060,https://cdn.myfigurelist.com/figure-images/19e1ad9d-767a-3ce0-9f80-f80001066453/Boku-no-Hero-Academia-Midoriya-Izuku-Ichiban-Kuji-Ichiban-Kuji-Boku-no-Hero-Academia-Next-Generations!!-2-A-Prize_ed55287e-a0c0-38af-adf3-22dfa0ec1ce4.jpg,[],682,,,0,0,2026-09-27T10:04:34.588112,1.0,"[""jsonl""]"
27815,MyFigureList,https://myfigurelist.com/figure/27815/League-of-Legends-Gwen-1-6-The-Hallowed-Seamstress,League of Legends - Gwen - 1/6 - The Hallowed Seamstress,League of Legends,Gwen,Infinity Studio,Scale Figure,2023-09-25,1/6,Zeyu Qiu,,4580416926133,https://cdn.myfigurelist.com/figure-images/4580416926133/League-of-Legends-Gwen-1-6-The-Hallowed-Seamstress_2adc453f-7155-3c1f-b055-e13a0eedc9b4.jpg,"[{""shop_name"": ""Okini Land"", ""price_jpy"": 81710, ""availability"": ""OutOfStock"", ""url"": ""NOTFOUND"", ""condition"": ""NewCondition"", ""fetched_at"": ""2026-09-27T10:04:34.510356""}, {""shop_name"": ""Hobby Link Japan"", ""price_jpy"": 70000, ""availability"": ""OutOfStock"", ""url"": ""https://www.hlj.com/1-6-scale-infinity-studio-x-league-of-legends-the-hallowed-seamstress-gwen-iso92613"", ""condition"": ""NewCondition"", ""fetched_at"": ""2026-09-27T10:04:34.510386""}, {""shop_name"": ""Meccha Japan"", ""price_jpy"": 84847, ""availability"": ""OutOfStock"", ""url"": ""https://meccha-japan.com/en/figures/102847-figure-the-hallowed-seamstress-gwen-infinity-studio-o-league-of-legends.html"", ""condition"": ""NewCondition"", ""fetched_at"": ""2026-09-27T10:04:34.510392""}, {""shop_name"": ""Hobby Search"", ""price_jpy"": 73150, ""availability"": ""OutOfStock"", ""url"": ""https://www.1999.co.jp/10968901"", ""condition"": ""NewCondition"", ""fetched_at"": ""2026-09-27T10:04:34.510396""}, {""shop_name"": ""Animota"", ""price_jpy"": 83723, ""availability"": ""OutOfStock"", ""url"": ""https://animota.net/en-eu/products/animota-e-pre2265"", ""condition"": ""NewCondition"", ""fetched_at"": ""2026-09-27T10:04:34.510401""}, {""shop_name"": ""Nin-Nin Game"", ""price_jpy"": 74607, ""availability"": ""OutOfStock"", ""url"": ""https://www.nin-nin-game.com/en/league-of-legends/88380-league-of-legends-the-hallowed-seamstress-gwen-16-scale-statue-infinity-studio-.html"", ""condition"": ""NewCondition"", ""fetched_at"": ""2026-09-27T10:04:34.510405""}, {""shop_name"": ""Hobby Genki"", ""price_jpy"": 68530, ""availability"": ""OutOfStock"", ""url"": ""https://hobby-genki.com/en/scale-figures-statues/14941-infinity-studioleague-of-legends-the-hallowed-seamstress-gwen-16-scale-statue-4580416926133.html"", ""condition"": ""NewCondition"", ""fetched_at"": ""2026-09-27T10:04:34.510409""}]",,,,0,7,2026-09-27T10:04:34.510430,1.0,"[""jsonl""]"
7393,MyFigureList,https://myfigurelist.com/figure/7393/Vulcanlog-015-Gurazeni-Natsunosuke-Bonda-Spiders-HOME-Uniform-ver-,Vulcanlog 015 Gurazeni - Natsunosuke Bonda -Spiders HOME Uniform ver.-,Gurazeni,Natsunosuke Bonda,Union Creative,Scale Figure,2016-07-01,Non-Scale,Ken Matsuura,,4562192557732,https://cdn.myfigurelist.com/figure-images/4562192557732/Vulcanlog-015-Gurazeni-Natsunosuke-Bonda-Spiders-HOME-Uniform-ver-_e7d56c0d-9a28-440a-b92b-0c78bc6260ab.jpg,"[{""shop_name"": ""Hobby Search"", ""price_jpy"": 6910, ""availability"": ""OutOfStock"", ""url"": ""https://www.1999.co.jp/eng/10386703"", ""condition"": ""NewCondition"", ""fetched_at"": ""2026-09-27T10:04:37.809076""}, {""shop_name"": ""Amiami"", ""price_jpy"": 6100, ""availability"": ""OutOfStock"", ""url"": ""https://www.amiami.com/eng/detail/?gcode=FIGURE-018773"", ""condition"": ""NewCondition"", ""fetched_at"": ""2026-09-27T10:04:37.809101""}, {""shop_name"": ""Hobby Link Japan"", ""price_jpy"": 6282, ""availability"": ""OutOfStock"", ""url"": ""https://www.hlj.com/vulcanlog-015-gurazeni-natsunosuke-bonda-spiders-home-uniform-powered-by-revoltech-unc55773"", ""condition"": ""NewCondition"", ""fetched_at"": ""2026-09-27T10:04:37.809106""}, {""shop_name"": ""Solaris Japan"", ""price_jpy"": 7968, ""availability"": ""InStock"", ""url"": ""https://solarisjapan.com/products/gurazeni-tokyo-dome-hen-banda-natsunosuke-vulcanlog-015-spiders-home-uniform-ver-union-creative-international-ltd?aff=1095"", ""condition"": ""NewCondition"", ""fetched_at"": ""2026-09-27T10:04:37.809111""}]",,7968,7968,1,4,2026-09-27T10:04:37.809128,1.0,"[""jsonl""]"
97955,MyFigureList,https://myfigurelist.com/figure/97955/Mamehinata-1-7,Mamehinata - 1/7,,,Platinum Max,Scale Figure,2025-07-27,1/7,Qiu,,97955,https://cdn.myfigurelist.com/figure-images/94bfb5ff-417f-3159-9dfb-9361f5a3718f/Mamehinata-1-7_8c07997e-66f5-3ec8-aaf1-223720072eab.jpg,[],16000,,,0,0,2026-09-27T10:04:37.923231,1.0,"[""jsonl""]"
61266,MyFigureList,https://myfigurelist.com/figure/61266/THE-KING-OF-FIGHTERS-Mai-Shiranui-Anniversary-Ver-1-4-Complete-Figure,THE KING OF FIGHTERS Mai Shiranui Anniversary Ver. 1/4 Complete Figure,The King of Fighters,Mai Shiranui,BearPanda,Scale Figure,2026-12-01,1/4,,,6976336010348,https://cdn.myfigurelist.com/figure-images/d0463b23-81db-43c8-850d-e456a8a67565/THE-KING-OF-FIGHTERS-Mai-Shiranui-Anniversary-Ver-1-4-Complete-Figure_3b9b3838-76d5-48b3-b1b5-1b880fcadd7d.jpg,"[{""shop_name"": ""Meccha Japan"", ""price_jpy"": 14051, ""availability"": ""PreOrder"", ""url"": ""https://meccha-japan.com/en/figures/171904-figure-mai-shiranui-anniversary-ver-the-king-of-fighters.html"", ""condition"": ""NewCondition"", ""fetched_at"": ""2026-09-27T10:04:37.103201""}, {""shop_name"": ""Hobby Search"", ""price_jpy"": 14107, ""availability"": ""PreOrder"", ""url"": ""https://www.1999.co.jp/11302495"", ""condition"": ""NewCondition"", ""fetched_at"": ""2026-09-27T10:04:37.103227""}, {""shop_name"": ""Amiami"", ""price_jpy"": 13360, ""availability"": ""PreOrder"", ""url"": ""https://www.amiami.com/eng/detail/?gcode=FIGURE-195685"", ""condition"": ""NewCondition"", ""fetched_at"": ""2026-09-27T10:04:37.103233""}, {""shop_name"": ""Hobby Link Japan"", ""price_jpy"": 13500, ""availability"": ""PreOrder"", ""url"": ""https://www.hlj.com/1-4-scale-the-king-of-fighters-mai-shiranui-anniversary-ver-bpd01034"", ""condition"": ""NewCondition"", ""fetched_at"": ""2026-09-27T10:04:37.103238""}, {""shop_name"": ""Solaris Japan"", ""price_jpy"": 13619, ""availability"": ""PreOrder"", ""url"": ""https://solarisjapan.com/products/the-king-of-fighters-shiranui-mai-1-4-anniversary-ver-bear-panda?aff=1095"", ""condition"": ""NewCondition"", ""fetched_at"": ""2026-09-27T10:04:37.103242""}, {""shop_name"": ""Nin-Nin Game"", ""price_jpy"": 14389, ""availability"": ""PreOrder"", ""url"": ""https://www.nin-nin-game.com/en/the-king-of-fighters/212160-the-king-of-fighters-mai-shiranui-anniversary-ver-14-bearpanda-.html"", ""condition"": ""NewCondition"", ""fetched_at"": ""2026-09-27T10:04:37.103247""}, {""shop_name"": ""Hobby Genki"", ""price_jpy"": 13662, ""availability"": ""PreOrder"", ""url"": ""https://hobby-genki.com/en/the-king-of-fighters/71902-mai-shiranui-the-king-of-fighters-1-4-figure-anniversary-6976336010348.html"", ""condition"": ""NewCondition"", ""fetched_at"": ""2026-09-27T10:04:37.103251""}]",,,,0,7,2026-09-27T10:04:37.103272,1.0,"[""jsonl""]"
50709,MyFigureList,https://myfigurelist.com/figure/50709/Kamen-Rider-Stronger-SHFiguarts-SHFiguarts-Shinkocchou-Seihou,Kamen Rider Stronger - S.H.Figuarts - S.H.Figuarts Shinkocchou Seihou,Kamen Rider,Shigeru Jo,BANDAI SPIRITS,Scale Figure,2025-10-01,1/12,,,50709,https://cdn.myfigurelist.com/figure-images/5759d030-512e-349a-b4a3-6a868dc1669c/Kamen-Rider-Stronger-SHFiguarts-SHFiguarts-Shinkocchou-Seihou_2cbe02e8-200f-3228-a0bd-21dd25e5c680.jpg,[],9000,,,0,0,2026-09-27T10:04:37.703925,1.0,"[""jsonl""]"
118264,MyFigureList,https://myfigurelist.com/figure/118264/Odd-Taxi-Odokawa-Hiroshi,Odd Taxi - Odokawa Hiroshi,Odd Taxi,Hiroshi Odokawa,ULTIMODE,Anime Figure,2023-02-12,,Tsumezuka Hiroyuki,,118264,https://cdn.myfigurelist.com/figure-images/e8289e57-7731-3738-8f3f-f94f3d4c8f66/Odd-Taxi-Odokawa-Hiroshi_9fd83e9e-033a-358f-bc31-687adcf2101b.jpg,[],10000,,,0,0,2026-09-27T10:04:37.596962,1.0,"[""jsonl""]"
15176,MyFigureList,https://myfigurelist.com/figure/15176/Urusei-Yatsura-Mini-Figure-Ataru-Moroboshi,Urusei Yatsura Mini Figure Ataru Moroboshi,Urusei Yatsura,Ataru Moroboshi,Plum,Scale Figure,2024-04-01,Non-Scale,,,4582362385514,https://cdn.myfigurelist.com/figure-images/4582362385514/Urusei-Yatsura-Mini-Figure-Ataru-Moroboshi_d387eccf-2b4b-4a57-8929-b1890b8b4e82.jpg,"[{""shop_name"": ""Figuya"", ""price_jpy"": 6025, ""availability"": ""OutOfStock"", ""url"": ""https://figuya.com/en/products/ataru-moroboshi-urusei-yatsura-mini-figure-plum-49015-en"", ""condition"": ""NewCondition"", ""fetched_at"": ""2026-09-27T10:04:40.051302""}, {""shop_name"": ""Plaza Japan"", ""price_jpy"": 3052, ""availability"": ""InStock"", ""url"": ""https://www.plazajapan.com/4582362385514/"", ""condition"": ""NewCondition"", ""fetched_at"": ""2026-09-27T10:04:40.051332""}, {""shop_name"": ""Crunchyroll"", ""price_jpy"": 4294, ""availability"": ""InStock"", ""url"": ""https://store.crunchyroll.com/products/urusei-yatsura-ataru-moroboshi-mini-figure-4582362385514.html"", ""condition"": ""NewCondition"", ""fetched_at"": ""2026-09-27T10:04:40.051338""}, {""shop_name"": ""Okini Land"", ""price_jpy"": 4135, ""availability"": ""OutOfStock"", ""url"": ""https://okini.land/en/43335-mini-figure-moroboshi-ataru-plum-4582362385514.html?id_currency=5"", ""condition"": ""NewCondition"", ""fetched_at"": ""2026-09-27T10:04:40.051343""}, {""shop_name"": ""Hobby Link Japan"", ""price_jpy"": 2500, ""availability"": ""OutOfStock"", ""url"": ""https://www.hlj.com/urusei-yatsura-mini-figure-ataru-moroboshi-poa38551"", ""condition"": ""NewCondition"", ""fetched_at"": ""2026-09-27T10:04:40.051347""}, {""shop_name"": ""Ninoma"", ""price_jpy"": 3351, ""availability"": ""InStock"", ""url"": ""https://ninoma.com/products/urusei-yatsura-mini-figure-moroboshi-ataru-1?_pos=1&_sid=f906fb697&_ss=r"", ""condition"": ""NewCondition"", ""fetched_at"": ""2026-09-27T10:04:40.051352""}, {""shop_name"": ""Meccha Japan"", ""price_jpy"": 3703, ""availability"": ""InStock"", ""url"": ""https://meccha-japan.com/en/minifigure/92357-mini-figure-ataru-moroboshi-urusei-yatsura.html"", ""condition"": ""NewCondition"", ""fetched_at"": ""2026-09-27T10:04:40.051357""}, {""shop_name"": ""Hobby Search"", ""price_jpy"": 2337, ""availability"": ""InStock"", ""url"": ""https://www.1999.co.jp/eng/search?typ1_c=101&cat=&state=&sold=0&sortid=6&searchkey=4582362385514"", ""condition"": ""NewCondition"", ""fetched_at"": ""2026-09-27T10:04:40.051361""}, {""shop_name"": ""Solaris Japan"", ""price_jpy"": 4139, ""availability"": ""InStock"", ""url"": ""https://solarisjapan.com/products/urusei-yatsura-moroboshi-ataru-mini-figure-plum?aff=1095"", ""condition"": ""NewCondition"", ""fetched_at"": ""2026-09-27T10:04:40.051365""}, {""shop_name"": ""Nin-Nin Game"", ""price_jpy"": 2322, ""availability"": ""OutOfStock"", ""url"": ""https://www.nin-nin-game.com/en/urusei-yatsura/105660-mini-figure-urusei-yatsura-moroboshi-ataru-reissue-plum-.html"", ""condition"": ""NewCondition"", ""fetched_at"": ""2026-09-27T10:04:40.051370""}]",,2337,4294,6,10,2026-09-27T10:04:40.051390,1.0,"[""jsonl""]"
94272,MyFigureList,https://myfigurelist.com/figure/94272/Smart-Doll-Oceana-1-3-tea-skin,Smart Doll - Oceana - 1/3 - tea skin,,,Culture Japan,Scale Figure,2019-05-19,1/3,,,94272,https://cdn.myfigurelist.com/figure-images/85fd6e74-3c93-3ea8-9e12-c22977d338af/Smart-Doll-Oceana-1-3-tea-skin_970d6806-5bbf-396a-8a73-0fd956325763.jpg,[],52000,,,0,0,2026-09-27T10:04:40.461390,1.0,"[""jsonl""]"
39237,MyFigureList,https://myfigurelist.com/figure/39237/Arknights-Pinecone,Arknights - Pinecone,Arknights,Pinecone Rhodes,Ni Ji She,Scale Figure,2023-10-02,Non-Scale,Chen Xiaoxing,,39237,https://cdn.myfigurelist.com/figure-images/3bc8c47f-deda-3e94-b1c1-be1e59b7bd35/Arknights-Pinecone_d763b79a-1592-3995-9f26-f2ff1616b4ee.jpg,[],24609,,,0,0,2026-09-27T10:04:40.680134,1.0,"[""jsonl""]"
81390,MyFigureList,https://myfigurelist.com/figure/81390/Kamen-Rider-Dragon-Knight-Kamen-Rider-Knight-Real-Action-Heroes-498-1-6,Kamen Rider Dragon Knight - Kamen Rider Knight - Real Action Heroes  (#498) - 1/6,Kamen Rider Dragon Knight,Shinji Kido,Medicom Toy,Scale Figure,2010-09-01,1/6,MOTOR KEN,,4530956104980,https://cdn.myfigurelist.com/figure-images/511da558-a873-356a-90bc-a8db70c1122f/Kamen-Rider-Dragon-Knight-Kamen-Rider-Knight-Real-Action-Heroes-498-1-6_2f14a173-2d09-36dc-b175-d0697f84aac7.jpg,[],18800,,,0,0,2026-09-27T10:04:40.363193,1.0,"[""jsonl""]"
16093,MyFigureList,https://myfigurelist.com/figure/16093/POP-UP-PARADE-Hololive-Production-Inugami-Korone-Complete-Figure,POP UP PARADE Hololive Production Inugami Korone Complete Figure,Hololive,Korone Inugami,Good Smile Company,Scale Figure,2023-07-01,Non-Scale,Bakusatsu Shooter,,4580416947213,https://cdn.myfigurelist.com/figure-images/4580416947213/POP-UP-PARADE-Hololive-Production-Inugami-Korone-Complete-Figure_ec7ea944-ec34-4f2d-9f71-ea801c7d106f.jpg,"[{""shop_name"": ""Plaza Japan"", ""price_jpy"": 10314, ""availability"": ""InStock"", ""url"": ""https://www.plazajapan.com/4580416943987/"", ""condition"": ""NewCondition"", ""fetched_at"": ""2026-09-27T10:04:43.743030""}, {""shop_name"": ""Meccha Japan"", ""price_jpy"": 8851, ""availability"": ""InStock"", ""url"": ""https://meccha-japan.com/en/figures/35040-figure-inugami-korone-hololive-production-pop-up-parade.html"", ""condition"": ""NewCondition"", ""fetched_at"": ""2026-09-27T10:04:43.743055""}, {""shop_name"": ""Hobby Search"", ""price_jpy"": 4319, ""availability"": ""OutOfStock"", ""url"": ""https://www.1999.co.jp/eng/search?typ1_c=101&cat=&state=&sold=0&sortid=6&searchkey=4580416947213"", ""condition"": ""NewCondition"", ""fetched_at"": ""2026-09-27T10:04:43.743061""}, {""shop_name"": ""Amiami"", ""price_jpy"": 6750, ""availability"": ""InStock"", ""url"": ""https://www.amiami.com/eng/detail/?gcode=FIGURE-152214"", ""condition"": ""NewCondition"", ""fetched_at"": ""2026-09-27T10:04:43.743066""}, {""shop_name"": ""Okini Land"", ""price_jpy"": 6070, ""availability"": ""OutOfStock"", ""url"": ""https://okini.land/en/49668-pop-up-parade-hololive-production-inugami-korone-good-smile-company-4580416947213.html?id_currency=5"", ""condition"": ""NewCondition"", ""fetched_at"": ""2026-09-27T10:04:43.743070""}, {""shop_name"": ""Solaris Japan"", ""price_jpy"": 9473, ""availability"": ""InStock"", ""url"": ""https://solarisjapan.com/products/hololive-inugami-korone-pop-up-parade-2023-re-release-good-smile-company?aff=1095"", ""condition"": ""NewCondition"", ""fetched_at"": ""2026-09-27T10:04:43.743074""}, {""shop_name"": ""Hobby Link Japan"", ""price_jpy"": 4189, ""availability"": ""OutOfStock"", ""url"": ""https://www.hlj.com/pop-up-parade-inugami-korone-hololive-production-reissue-gsc94721"", ""condition"": ""NewCondition"", ""fetched_at"": ""2026-09-27T10:04:43.743079""}, {""shop_name"": ""Hobby Genki"", ""price_jpy"": 3792, ""availability"": ""OutOfStock"", ""url"": ""https://hobby-genki.com/fr/hololive-production/15041-pop-up-parade-inugami-korone-hololive-production-reissue-4580416947213.html"", ""condition"": ""NewCondition"", ""fetched_at"": ""2026-09-27T10:04:43.743082""}]",,6750,10314,4,8,2026-09-27T10:04:43.743102,1.0,"[""jsonl""]"
19725,MyFigureList,https://myfigurelist.com/figure/19725/Adokenette-Kana-Arima-Oshi-no-Ko,"Adokenette Kana Arima ""[Oshi no Ko]""",Oshi no Ko,Kana Arima,BANDAI SPIRITS,Scale Figure,2024-09-01,Non-Scale,,,4573102668318,https://cdn.myfigurelist.com/figure-images/4573102668318/Adokenette-Kana-Arima-Oshi-no-Ko_0947e251-bb91-4ce9-8f9a-dad0b6e60f92.jpg,"[{""shop_name"": ""Figuya"", ""price_jpy"": 6025, ""availability"": ""OutOfStock"", ""url"": ""https://figuya.com/en/products/kana-arima-adokenette-rowtashii-noise-63756-en"", ""condition"": ""NewCondition"", ""fetched_at"": ""2026-09-27T10:04:43.065222""}, {""shop_name"": ""Plaza Japan"", ""price_jpy"": 2852, ""availability"": ""OutOfStock"", ""url"": ""https://www.plazajapan.com/4573102668318/"", ""condition"": ""NewCondition"", ""fetched_at"": ""2026-09-27T10:04:43.065247""}, {""shop_name"": ""Amiami"", ""price_jpy"": 1430, ""availability"": ""InStock"", ""url"": ""https://www.amiami.com/eng/detail/?gcode=FIGURE-172995"", ""condition"": ""NewCondition"", ""fetched_at"": ""2026-09-27T10:04:43.065253""}, {""shop_name"": ""Okini Land"", ""price_jpy"": 1340, ""availability"": ""OutOfStock"", ""url"": ""https://okini.land/en/81080-adokenette-arima-kana-bandai-spirits-4573102668318.html?id_currency=5"", ""condition"": ""NewCondition"", ""fetched_at"": ""2026-09-27T10:04:43.065258""}, {""shop_name"": ""Hobby Link Japan"", ""price_jpy"": 3600, ""availability"": ""InStock"", ""url"": ""https://www.hlj.com/adokenette-kana-arima-banc668318"", ""condition"": ""NewCondition"", ""fetched_at"": ""2026-09-27T10:04:43.065261""}, {""shop_name"": ""Ninoma"", ""price_jpy"": 2417, ""availability"": ""InStock"", ""url"": ""https://ninoma.com/products/adokenette-oshi-no-ko-arima-kana?_pos=1&_sid=23a0465e2&_ss=r"", ""condition"": ""NewCondition"", ""fetched_at"": ""2026-09-27T10:04:43.065266""}, {""shop_name"": ""Meccha Japan"", ""price_jpy"": 1198, ""availability"": ""InStock"", ""url"": ""https://meccha-japan.com/en/figures/140424-figure-adokenette-kana-arima-aqua-oshi-no-ko.html"", ""condition"": ""NewCondition"", ""fetched_at"": ""2026-09-27T10:04:43.065319""}, {""shop_name"": ""Hobby Search"", ""price_jpy"": 1544, ""availability"": ""InStock"", ""url"": ""https://www.1999.co.jp/eng/search?typ1_c=101&cat=&state=&sold=0&sortid=6&searchkey=4573102668318"", ""condition"": ""NewCondition"", ""fetched_at"": ""2026-09-27T10:04:43.065329""}, {""shop_name"": ""Animota"", ""price_jpy"": 3702, ""availability"": ""InStock"", ""url"": ""https://animota.net/en-eu/products/animota-e-pre6107"", ""condition"": ""NewCondition"", ""fetched_at"": ""2026-09-27T10:04:43.065334""}, {""shop_name"": ""Japan Figure"", ""price_jpy"": 2274, ""availability"": ""InStock"", ""url"": ""https://japan-figure.com/products/rowtashii-noise-adokenette-tv-anime-oshi-no-ko-arima-kana-135mm-pvc-figure"", ""condition"": ""NewCondition"", ""fetched_at"": ""2026-09-27T10:04:43.065339""}, {""shop_name"": ""Solaris Japan"", ""price_jpy"": 3213, ""availability"": ""InStock"", ""url"": ""https://solarisjapan.com/products/oshi-no-ko-arima-kana-adokenette-bandai-spirits?aff=1095"", ""condition"": ""NewCondition"", ""fetched_at"": ""2026-09-27T10:04:43.065343""}, {""shop_name"": ""Nin-Nin Game"", ""price_jpy"": 1227, ""availability"": ""InStock"", ""url"": ""https://www.nin-nin-game.com/en/oshi-no-ko/134323-adokenette-series-oshi-no-ko-kana-arima-limited-edition-bandai-spirits-.html"", ""condition"": ""NewCondition"", ""fetched_at"": ""2026-09-27T10:04:43.065347""}]",,1198,3702,9,12,2026-09-27T10:04:43.065368,1.0,"[""jsonl""]"
54472,MyFigureList,https://myfigurelist.com/figure/54472/Azur-Lane-Emile-Bertin-Fantastique-Maid-Ver,Azur Lane - Emile Bertin - Fantastique Maid Ver.,Azur Lane,Emile Bertin,Ichigo MilkTea,Scale Figure,2023-02-12,1/7,Akachom,,54472,https://cdn.myfigurelist.com/figure-images/11d480af-81e7-3608-ada6-66ac48bec448/Azur-Lane-Emile-Bertin-Fantastique-Maid-Ver_a1fb8b9a-74c4-3716-98c4-e6e03540e78f.jpg,[],37000,,,0,0,2026-09-27T10:04:44.014842,1.0,"[""jsonl""]"
106436,MyFigureList,https://myfigurelist.com/figure/106436/Pocket-Monsters-Laplace-POP!-Games-864-POP!-Pokmon-POP!-Vinyl-Pearlescent,Pocket Monsters - Laplace - POP! Games  (864) - POP! Pokémon - POP! Vinyl - Pearlescent,Pocket Monsters,Laplace,,Anime Figure,2024-08-29,,,,106436,https://cdn.myfigurelist.com/figure-images/b6eae269-6479-3112-a50b-00f840f71812/Pocket-Monsters-Laplace-POP!-Games-864-POP!-Pokmon-POP!-Vinyl-Pearlescent_aaf1d47b-a450-33a1-81ef-5f78963503c1.jpg,[],2168,,,0,0,2026-09-27T10:04:46.814638,1.0,"[""jsonl""]"
83000,MyFigureList,https://myfigurelist.com/figure/83000/VShojo-Zentreya-Youtooz-Youtooz-VTuber-Collection-3,VShojo - Zentreya - Youtooz - Youtooz VTuber Collection  (#3),VShojo,Zentreya,Youtooz,Anime Figure,2023-09-23,,,,83000,https://cdn.myfigurelist.com/figure-images/57a556e1-21a6-3165-827c-c7e440e534cd/VShojo-Zentreya-Youtooz-Youtooz-VTuber-Collection-3_21668345-81e3-3a0a-8491-f14aa815da39.jpg,[],4451,,,0,0,2026-09-27T10:04:46.552467,1.0,"[""jsonl""]"
3390,MyFigureList,https://myfigurelist.com/figure/3390/Nendoroid-Black-Gold-Saw-TV-ANIMATION-Ver-from-Black-Rock-Shooter,"Nendoroid - Black Gold Saw TV ANIMATION Ver. from ""Black Rock Shooter""",Black Rock Shooter,Black Gold Saw,Good Smile Company,Scale Figure,2014-07-01,Non-Scale,Sanzigen,,4571368443830,https://cdn.myfigurelist.com/figure-images/4571368443830/Nendoroid-Black-Gold-Saw-TV-ANIMATION-Ver-from-Black-Rock-Shooter_95e9b3e8-8c62-44ab-af22-9748d493f34b.jpg,"[{""shop_name"": ""Amiami"", ""price_jpy"": 3440, ""availability"": ""OutOfStock"", ""url"": ""https://www.amiami.com/eng/detail/?gcode=FIGURE-004939"", ""condition"": ""NewCondition"", ""fetched_at"": ""2026-09-27T10:04:46.757985""}, {""shop_name"": ""Okini Land"", ""price_jpy"": 7590, ""availability"": ""InStock"", ""url"": ""NOTFOUND"", ""condition"": ""NewCondition"", ""fetched_at"": ""2026-09-27T10:04:46.758010""}, {""shop_name"": ""Hobby Link Japan"", ""price_jpy"": 3889, ""availability"": ""OutOfStock"", ""url"": ""https://www.hlj.com/nendoroid-black-gold-saw-tv-animation-ver-gsc44383"", ""condition"": ""NewCondition"", ""fetched_at"": ""2026-09-27T10:04:46.758016""}, {""shop_name"": ""Ninoma"", ""price_jpy"": 8839, ""availability"": ""InStock"", ""url"": ""https://www.ninoma.com/index.php/black-rock-shooter-nendoroid-black-gold-saw-tv-animation-ver"", ""condition"": ""NewCondition"", ""fetched_at"": ""2026-09-27T10:04:46.758020""}, {""shop_name"": ""Hobby Search"", ""price_jpy"": 3850, ""availability"": ""OutOfStock"", ""url"": ""https://www.1999.co.jp/eng/10264186"", ""condition"": ""NewCondition"", ""fetched_at"": ""2026-09-27T10:04:46.758024""}, {""shop_name"": ""Animota"", ""price_jpy"": 13383, ""availability"": ""InStock"", ""url"": ""https://animota.net/en-eu/products/nendoroid-black-gold-saw-tv-animation-ver-from-black-rock-shooter"", ""condition"": ""NewCondition"", ""fetched_at"": ""2026-09-27T10:04:46.758029""}, {""shop_name"": ""Japan Figure"", ""price_jpy"": 10179, ""availability"": ""InStock"", ""url"": ""https://japan-figure.com/products/nendoroid-402-black-rock-shooter-black-gold-saw-tv-animation-ver-good-smile"", ""condition"": ""NewCondition"", ""fetched_at"": ""2026-09-27T10:04:46.758033""}, {""shop_name"": ""Solaris Japan"", ""price_jpy"": 9442, ""availability"": ""InStock"", ""url"": ""https://solarisjapan.com/products/black-rock-shooter-black-gold-saw-nendoroid-402-tv-animation-ver-good-smile-company?aff=1095"", ""condition"": ""NewCondition"", ""fetched_at"": ""2026-09-27T10:04:46.758037""}, {""shop_name"": ""Nin-Nin Game"", ""price_jpy"": 8878, ""availability"": ""OutOfStock"", ""url"": ""https://www.nin-nin-game.com/en/nendoroid/10461-black-rock-shooter-black-gold-saw-nendoroid-en.html"", ""condition"": ""NewCondition"", ""fetched_at"": ""2026-09-27T10:04:46.758041""}]",,7590,13383,5,9,2026-09-27T10:04:46.758061,1.0,"[""jsonl""]"
104524,MyFigureList,https://myfigurelist.com/figure/104524/PLAMAX-MF-103-Riders-portrait-Honda-FTR-223-Red-1-20-Plastic-Model,PLAMAX MF-103 Rider's portrait Honda FTR 223 Red 1/20 Plastic Model,,,Max Factory,Anime Figure,2026-12-01,,,,4545784015612,https://cdn.myfigurelist.com/figure-images/aeeec2bd-9ed6-4f38-9ef7-b6136ff7d5be/PLAMAX-MF-103-Riders-portrait-Honda-FTR-223-Red-1-20-Plastic-Model_aacd38f6-70fb-3f3f-825e-8ca3f6d8f78a.jpg,"[{""shop_name"": ""Amiami"", ""price_jpy"": 1900, ""availability"": ""PreOrder"", ""url"": ""NOTFOUND"", ""condition"": ""NewCondition"", ""fetched_at"": ""2026-09-27T10:04:46.478598""}, {""shop_name"": ""Hobby Link Japan"", ""price_jpy"": 1818, ""availability"": ""PreOrder"", ""url"": ""https://www.hlj.com/1-20-scale-plamax-mf-103-rider-s-portrait-honda-ftr-223-red-max01561"", ""condition"": ""NewCondition"", ""fetched_at"": ""2026-09-27T10:04:46.478637""}, {""shop_name"": ""Hobby Search"", ""price_jpy"": 1799, ""availability"": ""PreOrder"", ""url"": ""https://www.1999.co.jp/11425556"", ""condition"": ""NewCondition"", ""fetched_at"": ""2026-09-27T10:04:46.478644""}, {""shop_name"": ""Japan Figure"", ""price_jpy"": 3695, ""availability"": ""PreOrder"", ""url"": ""https://japan-figure.com/products/max-factory-plamax-honda-ftr-223-red-1-20-model-kit"", ""condition"": ""NewCondition"", ""fetched_at"": ""2026-09-27T10:04:46.478648""}, {""shop_name"": ""Nin-Nin Game"", ""price_jpy"": 1690, ""availability"": ""PreOrder"", ""url"": ""https://www.nin-nin-game.com/en/plamax/245626-plamax-120-mf-103-rider-s-portrait-honda-ftr-223-red-color-ver-plastic-model-max-factory-.html"", ""condition"": ""NewCondition"", ""fetched_at"": ""2026-09-27T10:04:46.478653""}]",,,,0,5,2026-09-27T10:04:46.478671,1.0,"[""jsonl""]"
96496,MyFigureList,https://myfigurelist.com/figure/96496/Goddess-of-Victory-Nikke-Soda-Hanshin-zou-Ichiban-Kuji-Ichiban-Kuji-Goddess-of-Victory-Nikke-Chapter-7-Last-One-Prize-Top-Focus,Goddess of Victory: Nikke - Soda - Hanshin-zou - Ichiban Kuji - Ichiban Kuji Goddess of Victory: Nikke Chapter 7  (Last One Prize) - Top Focus,Goddess of Victory: Nikke,Soda,BANDAI SPIRITS,Anime Figure,2026-05-01,,,,96496,https://cdn.myfigurelist.com/figure-images/8e8c7c7e-5a56-3a21-84a9-0881b135f319/Goddess-of-Victory-Nikke-Soda-Hanshin-zou-Ichiban-Kuji-Ichiban-Kuji-Goddess-of-Victory-Nikke-Chapter-7-Last-One-Prize-Top-Focus_10f6f85e-f131-3383-ab09-97ab4e5cd0a2.jpg,"[{""shop_name"": ""Gundam Planet"", ""price_jpy"": 15089, ""availability"": ""OutOfStock"", ""url"": ""https://www.gundamplanet.com/products/ichibansho-figure-soda-topfocus-chapter-7-goddess-of-victory-nikke"", ""condition"": ""NewCondition"", ""fetched_at"": ""2026-09-27T10:04:49.598047""}, {""shop_name"": ""Animota"", ""price_jpy"": 28722, ""availability"": ""InStock"", ""url"": ""https://animota.net/en-eu/products/animota-e-fig20393"", ""condition"": ""NewCondition"", ""fetched_at"": ""2026-09-27T10:04:49.598076""}]",,28722,28722,1,2,2026-09-27T10:04:49.598096,1.0,"[""jsonl""]"
5435,MyFigureList,https://myfigurelist.com/figure/5435/Animal-Crossing-Sofubi-Series-Tom-Nook,Animal Crossing - Sofubi Series: Tom Nook,Doubutsu no Mori,Tom Nook,Jesnet,Scale Figure,2014-08-01,Non-Scale,,,4907437805948,https://cdn.myfigurelist.com/figure-images/4907437805948/Animal-Crossing-Sofubi-Series-Tom-Nook_7838d5a4-c65e-4641-bbf4-60f1d9530a5a.jpg,"[{""shop_name"": ""Solaris Japan"", ""price_jpy"": 4396, ""availability"": ""InStock"", ""url"": ""https://solarisjapan.com/products/doubutsu-no-mori-soft-vinyl-figure-series-tanukichi?aff=1095"", ""condition"": ""UsedCondition"", ""fetched_at"": ""2026-09-27T10:04:50.220736""}]",,4396,4396,1,1,2026-09-27T10:04:50.220775,1.0,"[""jsonl""]"
66796,MyFigureList,https://myfigurelist.com/figure/66796/Transformers-Dark-of-the-Moon-Hatchet-Cyberverse-CV-21-Decepticon-Hatchet,Transformers: Dark of the Moon - Hatchet - Cyberverse  (CV-21) - Decepticon Hatchet,Transformers: Dark of the Moon,Hatchet,Takara Tomy,Anime Figure,2011-09-03,,,,4904810422808,https://cdn.myfigurelist.com/figure-images/13456844-7ae5-3b46-913c-212b09e4bdf3/Transformers-Dark-of-the-Moon-Hatchet-Cyberverse-CV-21-Decepticon-Hatchet_ce23268c-a7dc-3514-9a83-147419961e37.jpg,"[{""shop_name"": ""Hobby Link Japan"", ""price_jpy"": 1024, ""availability"": ""OutOfStock"", ""url"": ""https://www.hlj.com/cv-21-decepticon-hatchet-tkt42280"", ""condition"": ""NewCondition"", ""fetched_at"": ""2026-09-27T10:04:49.945671""}, {""shop_name"": ""Hobby Search"", ""price_jpy"": 1196, ""availability"": ""OutOfStock"", ""url"": ""https://www.1999.co.jp/10157012"", ""condition"": ""NewCondition"", ""fetched_at"": ""2026-09-27T10:04:49.945701""}]",,,,0,2,2026-09-27T10:04:49.945723,1.0,"[""jsonl""]"
33125,MyFigureList,https://myfigurelist.com/figure/33125/Emma-1-4-Tsuishi-eye-ver,Emma - 1/4 - Tsuishi eye ver.,,,B'full,Scale Figure,2023-06-01,1/4,Ururu Mochi,,4571498449764,https://cdn.myfigurelist.com/figure-images/34879dc8-0d01-3b3e-9f94-78705bcd5013/Emma-1-4-Tsuishi-eye-ver_5a58b835-b728-3bea-9305-c9dbeb436e31.jpg,"[{""shop_name"": ""Meccha Japan"", ""price_jpy"": 27466, ""availability"": ""OutOfStock"", ""url"": ""https://meccha-japan.com/en/figures/103909-figure-jk-ema-tsuishi-ai-ver-bfull-fots.html"", ""condition"": ""NewCondition"", ""fetched_at"": ""2026-09-27T10:04:50.106381""}, {""shop_name"": ""Hobby Search"", ""price_jpy"": 26532, ""availability"": ""OutOfStock"", ""url"": ""https://www.1999.co.jp/10968374"", ""condition"": ""NewCondition"", ""fetched_at"": ""2026-09-27T10:04:50.106410""}, {""shop_name"": ""Japan Figure"", ""price_jpy"": 36927, ""availability"": ""InStock"", ""url"": ""https://japan-figure.com/products/bfull-original-character-emma-1-4-tsuishi-eye-version-figurine"", ""condition"": ""NewCondition"", ""fetched_at"": ""2026-09-27T10:04:50.106417""}, {""shop_name"": ""Solaris Japan"", ""price_jpy"": 32784, ""availability"": ""InStock"", ""url"": ""https://solarisjapan.com/products/original-character-emma-1-4-tsuishi-eye-version-bfull?aff=1095"", ""condition"": ""NewCondition"", ""fetched_at"": ""2026-09-27T10:04:50.106421""}, {""shop_name"": ""Nin-Nin Game"", ""price_jpy"": 27967, ""availability"": ""InStock"", ""url"": ""https://www.nin-nin-game.com/en/b-full-fots-japan/88315-original-jk-emma-14-following-eye-ver-b-full-fots-japan-.html"", ""condition"": ""NewCondition"", ""fetched_at"": ""2026-09-27T10:04:50.106426""}, {""shop_name"": ""Hobby Genki"", ""price_jpy"": 26237, ""availability"": ""OutOfStock"", ""url"": ""https://hobby-genki.com/en/b-full-fots-japan/14966-emma-eye-pursuit-ver-original-jk-14-scale-figure-4571498449764.html"", ""condition"": ""NewCondition"", ""fetched_at"": ""2026-09-27T10:04:50.106431""}]",,27967,36927,3,6,2026-09-27T10:04:50.106518,1.0,"[""jsonl""]"
19321,MyFigureList,https://myfigurelist.com/figure/19321/TENITOL-Shigure-Ui-Complete-Figure,TENITOL Shigure Ui Complete Figure,Kizuna Ai: The Last Live,Ui Shigure,FuRyu,Scale Figure,2025-01-01,Non-Scale,moineau,,4580736406872,https://cdn.myfigurelist.com/figure-images/4580736406872/TENITOL-Shigure-Ui-Complete-Figure_d37aff82-61c5-4155-bc73-0012fe9a6f02.jpg,"[{""shop_name"": ""Amiami"", ""price_jpy"": 4774, ""availability"": ""InStock"", ""url"": ""NOTFOUND"", ""condition"": ""NewCondition"", ""fetched_at"": ""2026-09-27T10:04:52.467633""}, {""shop_name"": ""Meccha Japan"", ""price_jpy"": 21029, ""availability"": ""InStock"", ""url"": ""https://meccha-japan.com/en/figures/136269-figure-ui-shigure-tenitol.html"", ""condition"": ""NewCondition"", ""fetched_at"": ""2026-09-27T10:04:52.467656""}, {""shop_name"": ""Nin-Nin Game"", ""price_jpy"": 9057, ""availability"": ""InStock"", ""url"": ""https://www.nin-nin-game.com/en/vtubers/128222-fnex-tenitol-vtuber-shigure-ui-limited-edition-furyu-.html"", ""condition"": ""NewCondition"", ""fetched_at"": ""2026-09-27T10:04:52.467661""}, {""shop_name"": ""Hobby Genki"", ""price_jpy"": 8050, ""availability"": ""InStock"", ""url"": ""https://hobby-genki.com/fr/tenitol/34236-tenitol-shigure-ui-vtuber-figure-limited-edition-4580736406872.html"", ""condition"": ""NewCondition"", ""fetched_at"": ""2026-09-27T10:04:52.467666""}]",,4774,21029,4,4,2026-09-27T10:04:52.467683,1.0,"[""jsonl""]"
116871,MyFigureList,https://myfigurelist.com/figure/116871/How-to-Win-my-Husband-Over-Rudbeckia-de-Borgia-How-To-Win-My-Husband-Over-Piccoma-Kuji-A-Prize-Piccoma-Kuji,How to Win my Husband Over - Rudbeckia de Borgia - How To Win My Husband Over Piccoma Kuji  (A Prize) - Piccoma Kuji,Na Honjaman Level Up,Rudbeckia de Borgia,Kakao Piccoma,Anime Figure,2026-06-01,,,,116871,https://cdn.myfigurelist.com/figure-images/db49a850-117a-3016-aa2d-38cb84f8ef0d/How-to-Win-my-Husband-Over-Rudbeckia-de-Borgia-How-To-Win-My-Husband-Over-Piccoma-Kuji-A-Prize-Piccoma-Kuji_64e3c1f3-e77b-3277-90e0-8ebf64fd0a97.jpg,[],700,,,0,0,2026-09-27T10:04:52.260205,1.0,"[""jsonl""]"
66809,MyFigureList,https://myfigurelist.com/figure/66809/Tenshi-san,Tenshi-san,,,Himitsu no Baiyou Cycle,Anime Figure,2018-02-18,,Himitsu no Sato,,66809,https://cdn.myfigurelist.com/figure-images/13537fcd-47d1-3ccc-8f8c-27419af5ee2f/Tenshi-san_160482ed-9ecc-3959-9fda-07e322c021c8.jpg,[],5000,,,0,0,2026-09-27T10:04:52.850416,1.0,"[""jsonl""]"
2659,MyFigureList,https://myfigurelist.com/figure/2659/Vertex-Originals-Elf-Village-6th-Villager-Melmu-1-6-Complete-Figure,Vertex Originals Elf Village 6th Villager Melmu 1/6 Complete Figure,Yuuki Yuuna wa Yuusha de Aru,Melmu,Vertex,Scale Figure,2023-08-01,1/6,ATSUMI,,4562389471827,https://cdn.myfigurelist.com/figure-images/4562389471827/Vertex-Originals-Elf-Village-6th-Villager-Melmu-1-6-Complete-Figure_07138a40-6c53-42ae-b3a2-8fb0fa848974.jpg,"[{""shop_name"": ""Ninoma"", ""price_jpy"": 21786, ""availability"": ""InStock"", ""url"": ""https://ninoma.com/products/elf-village-6th-villager-melmu?_pos=1&_sid=b0eda9374&_ss=r"", ""condition"": ""NewCondition"", ""fetched_at"": ""2026-09-27T10:04:52.739530""}, {""shop_name"": ""Meccha Japan"", ""price_jpy"": 25963, ""availability"": ""InStock"", ""url"": ""https://meccha-japan.com/en/figuresmecha/102708-figure-original-character-6th-melmu-elf-village.html"", ""condition"": ""NewCondition"", ""fetched_at"": ""2026-09-27T10:04:52.739565""}, {""shop_name"": ""Hobby Search"", ""price_jpy"": 23375, ""availability"": ""OutOfStock"", ""url"": ""https://www.1999.co.jp/eng/10967919"", ""condition"": ""NewCondition"", ""fetched_at"": ""2026-09-27T10:04:52.739574""}, {""shop_name"": ""Amiami"", ""price_jpy"": 11640, ""availability"": ""InStock"", ""url"": ""https://www.amiami.com/eng/detail/?gcode=FIGURE-151203-R"", ""condition"": ""NewCondition"", ""fetched_at"": ""2026-09-27T10:04:52.739579""}, {""shop_name"": ""Okini Land"", ""price_jpy"": 29149, ""availability"": ""OutOfStock"", ""url"": ""https://okini.land/en/49659-elf-village-6th-villager-melmu-vertex-4562389471827.html?id_currency=5"", ""condition"": ""NewCondition"", ""fetched_at"": ""2026-09-27T10:04:52.739583""}, {""shop_name"": ""Hobby Link Japan"", ""price_jpy"": 25000, ""availability"": ""OutOfStock"", ""url"": ""https://www.hlj.com/1-6-scale-elf-village-6th-villager-melmu-vtx47182"", ""condition"": ""NewCondition"", ""fetched_at"": ""2026-09-27T10:04:52.739588""}, {""shop_name"": ""Solaris Japan"", ""price_jpy"": 23238, ""availability"": ""InStock"", ""url"": ""https://solarisjapan.com/products/original-elf-mura-merum-1-6-vertex?aff=1095"", ""condition"": ""NewCondition"", ""fetched_at"": ""2026-09-27T10:04:52.739592""}, {""shop_name"": ""Hobby Genki"", ""price_jpy"": 22000, ""availability"": ""OutOfStock"", ""url"": ""https://hobby-genki.com/fr/vertex/14823-originals-elf-village-4th-villager-priscilla-16-scale-figure-4562389471827.html"", ""condition"": ""NewCondition"", ""fetched_at"": ""2026-09-27T10:04:52.739596""}]",,11640,25963,4,8,2026-09-27T10:04:52.739617,1.0,"[""jsonl""]"
94171,MyFigureList,https://myfigurelist.com/figure/94171/Evangelion-Shin-Gekijouban-Makinami-Mari-Illustrious,Evangelion Shin Gekijouban - Makinami Mari Illustrious,Evangelion Shin Gekijouban,Makinami Mari Illustrious,dainanaban,Anime Figure,2023-02-12,,,,94171,https://cdn.myfigurelist.com/figure-images/858c4fd1-97d5-380e-93d0-1d28b6798cd2/Evangelion-Shin-Gekijouban-Makinami-Mari-Illustrious_65694ada-8edc-35be-808b-ed5909aca14e.jpg,[],10000,,,0,0,2026-09-27T10:04:52.971531,1.0,"[""jsonl""]"
109964,MyFigureList,https://myfigurelist.com/figure/109964/Future-Heroes-Smith-Reaper,Future Heroes - Smith Reaper,,,Platinum Games,Anime Figure,2020-02-09,,Matsushita Yoshikaze,,,https://cdn.myfigurelist.com/figure-images/c4c86f28-93d0-30fd-ad97-36da900e34fd/Future-Heroes-Smith-Reaper_2b0f56f1-c656-3fb3-a80d-3b193d5339aa.jpg|https://cdn.myfigurelist.com/figure-images/c4c86f28-93d0-30fd-ad97-36da900e34fd/Future-Heroes-Smith-Reaper_c5402930-8a3d-3876-aa6e-3023b7ecead2.jpg|https://cdn.myfigurelist.com/figure-images/c4c86f28-93d0-30fd-ad97-36da900e34fd/Future-Heroes-Smith-Reaper_49dd3b9f-94a5-3a3c-9bf1-0db2756e8a8b.jpg|https://cdn.myfigurelist.com/figure-images/c4c86f28-93d0-30fd-ad97-36da900e34fd/Future-Heroes-Smith-Reaper_05c33148-7a49-3b47-a33d-01c9ef4b7aa8.jpg,[],13000,13000,13000,0,1,2026-09-27T02:04:15.298211Z,1.0,"[""csv""]"
19066,MyFigureList,https://myfigurelist.com/figure/19066/LOVE-CUBE-Akira-Higashiboujou-1-6-Complete-Figure,LOVE CUBE Akira Higashiboujou 1/6 Complete Figure,,,Daiki Kougyou,Scale Figure,2024-11-01,1/6,Shunzo-,28,,https://cdn.myfigurelist.com/figure-images/4582261373339/LOVE-CUBE-Akira-Higashiboujou-1-6-Complete-Figure_2104fef1-efee-4cfc-b8b3-3ffdaaed9dd5.jpg|https://cdn.myfigurelist.com/figure-images/4582261373339/LOVE-CUBE-Akira-Higashiboujou-1-6-Complete-Figure_e02670c6-d9dd-4ce7-950a-d9ce8e5b3432.jpg|https://cdn.myfigurelist.com/figure-images/4582261373339/LOVE-CUBE-Akira-Higashiboujou-1-6-Complete-Figure_f030afab-7a56-4c06-b304-c7cfb72ae042.jpg|https://cdn.myfigurelist.com/figure-images/4582261373339/LOVE-CUBE-Akira-Higashiboujou-1-6-Complete-Figure_ffb57fbf-2b90-4fb9-a709-0af4f350fd1f.jpg|https://cdn.myfigurelist.com/figure-images/4582261373339/LOVE-CUBE-Akira-Higashiboujou-1-6-Complete-Figure_2b52a9e1-42cb-496f-9e8a-21b4ef3a0eb4.jpg|https://cdn.myfigurelist.com/figure-images/4582261373339/LOVE-CUBE-Akira-Higashiboujou-1-6-Complete-Figure_465c20fa-86d3-4e53-90da-e5a590719c16.jpg|https://cdn.myfigurelist.com/figure-images/4582261373339/LOVE-CUBE-Akira-Higashiboujou-1-6-Complete-Figure_eb404193-415c-4a7a-9329-128fe98dec28.jpg|https://cdn.myfigurelist.com/figure-images/4582261373339/LOVE-CUBE-Akira-Higashiboujou-1-6-Complete-Figure_1c1c6db2-c5f9-419a-9f57-4a2ed29a56da.jpg|https://cdn.myfigurelist.com/figure-images/4582261373339/LOVE-CUBE-Akira-Higashiboujou-1-6-Complete-Figure_bc000a5e-93e8-43d9-a091-a12cc1a41f05.jpg|https://cdn.myfigurelist.com/figure-images/4582261373339/LOVE-CUBE-Akira-Higashiboujou-1-6-Complete-Figure_5de5d42d-fcb5-4066-b7f5-0b5171eb6ef1.jpg|https://cdn.myfigurelist.com/figure-images/4582261373339/LOVE-CUBE-Akira-Higashiboujou-1-6-Complete-Figure_3c6b43bc-6679-494d-9d63-1fa77eb02609.jpg|https://cdn.myfigurelist.com/figure-images/4582261373339/LOVE-CUBE-Akira-Higashiboujou-1-6-Complete-Figure_1a630797-834f-4852-8de1-f1859310391b.jpg|https://cdn.myfigurelist.com/figure-images/4582261373339/LOVE-CUBE-Akira-Higashiboujou-1-6-Complete-Figure_d069c182-36e0-419f-bcab-e2498871df21.jpg|https://cdn.myfigurelist.com/figure-images/4582261373339/LOVE-CUBE-Akira-Higashiboujou-1-6-Complete-Figure_f4c9add1-867d-47fd-b407-29daa5357d1a.jpg|https://cdn.myfigurelist.com/figure-images/4582261373339/LOVE-CUBE-Akira-Higashiboujou-1-6-Complete-Figure_bd6eb6ee-3717-428e-91c2-1f6cad0c05b6.jpg|https://cdn.myfigurelist.com/figure-images/4582261373339/LOVE-CUBE-Akira-Higashiboujou-1-6-Complete-Figure_1c44b804-fbcf-4dd4-8c69-bd11827724ac.jpg|https://cdn.myfigurelist.com/figure-images/4582261373339/LOVE-CUBE-Akira-Higashiboujou-1-6-Complete-Figure_562bf453-09dc-43a9-9145-a675f3c6fc1f.jpg|https://cdn.myfigurelist.com/figure-images/4582261373339/LOVE-CUBE-Akira-Higashiboujou-1-6-Complete-Figure_0ad22a23-0de1-4a93-830d-4128593fc94e.jpg,[],,,,0,0,2026-09-27T02:04:17.476710Z,1.0,"[""csv""]"
48133,MyFigureList,https://myfigurelist.com/figure/48133/Touken-Ranbu-Online-Mikazuki-Munechika-Bust-Shinken-Ojii-chan,Touken Ranbu Online - Mikazuki Munechika - Bust - Shinken Ojii-chan,,,Grizzry Panda,Scale Figure,2015-05-05,Non-Scale,,18,,https://cdn.myfigurelist.com/figure-images/677c859d-0905-33e8-9a26-e0d1496367f3/Touken-Ranbu-Online-Mikazuki-Munechika-Bust-Shinken-Ojii-chan_f8b11789-a724-3304-8216-50a0952c197c.jpg|https://cdn.myfigurelist.com/figure-images/677c859d-0905-33e8-9a26-e0d1496367f3/Touken-Ranbu-Online-Mikazuki-Munechika-Bust-Shinken-Ojii-chan_13e8bde7-d777-3b60-9e89-798b416de9a3.jpg|https://cdn.myfigurelist.com/figure-images/677c859d-0905-33e8-9a26-e0d1496367f3/Touken-Ranbu-Online-Mikazuki-Munechika-Bust-Shinken-Ojii-chan_f3f8c60c-a4bd-33c4-99fc-3e46cec3e61a.jpg|https://cdn.myfigurelist.com/figure-images/677c859d-0905-33e8-9a26-e0d1496367f3/Touken-Ranbu-Online-Mikazuki-Munechika-Bust-Shinken-Ojii-chan_87731f0d-85e3-3ae3-bac3-7cdc485dd846.jpg|https://cdn.myfigurelist.com/figure-images/677c859d-0905-33e8-9a26-e0d1496367f3/Touken-Ranbu-Online-Mikazuki-Munechika-Bust-Shinken-Ojii-chan_d6b7b8de-80d2-3220-8e03-a72b17fcbc47.jpg|https://cdn.myfigurelist.com/figure-images/677c859d-0905-33e8-9a26-e0d1496367f3/Touken-Ranbu-Online-Mikazuki-Munechika-Bust-Shinken-Ojii-chan_e78134e2-0eeb-3de7-95a7-9db348e4aa2b.jpg,[],7000,7000,7000,0,1,2026-09-27T02:04:19.515835Z,1.0,"[""csv""]"
34414,MyFigureList,https://myfigurelist.com/figure/34414/Shingeki-no-Kyojin-The-Final-Season-Mikasa-Ackerman-Nendoroid-2001-The-Final-Season-Ver,Shingeki no Kyojin The Final Season - Mikasa Ackerman - Nendoroid  (#2001) - The Final Season Ver.,,,Good Smile Company,Scale Figure,2023-04-07,Non-Scale,Shichibee,10,,https://cdn.myfigurelist.com/figure-images/1a5fa2b3-f0fc-37d4-861e-6b66402ef5a5/Shingeki-no-Kyojin-The-Final-Season-Mikasa-Ackerman-Nendoroid-2001-The-Final-Season-Ver_9b6a6713-0e46-3021-bdd3-3b9b174f4195.jpg|https://cdn.myfigurelist.com/figure-images/1a5fa2b3-f0fc-37d4-861e-6b66402ef5a5/Shingeki-no-Kyojin-The-Final-Season-Mikasa-Ackerman-Nendoroid-2001-The-Final-Season-Ver_65993c9c-eca7-32d5-9f71-9a459b6c2a31.jpg|https://cdn.myfigurelist.com/figure-images/1a5fa2b3-f0fc-37d4-861e-6b66402ef5a5/Shingeki-no-Kyojin-The-Final-Season-Mikasa-Ackerman-Nendoroid-2001-The-Final-Season-Ver_615716dd-684c-3445-ba7e-32a4be226ed7.jpg|https://cdn.myfigurelist.com/figure-images/1a5fa2b3-f0fc-37d4-861e-6b66402ef5a5/Shingeki-no-Kyojin-The-Final-Season-Mikasa-Ackerman-Nendoroid-2001-The-Final-Season-Ver_c85e6826-5613-3367-b8b1-5c43f0f10fa1.jpg|https://cdn.myfigurelist.com/figure-images/1a5fa2b3-f0fc-37d4-861e-6b66402ef5a5/Shingeki-no-Kyojin-The-Final-Season-Mikasa-Ackerman-Nendoroid-2001-The-Final-Season-Ver_855171d4-b43d-336b-b2d1-731b8383e2d0.jpg|https://cdn.myfigurelist.com/figure-images/1a5fa2b3-f0fc-37d4-861e-6b66402ef5a5/Shingeki-no-Kyojin-The-Final-Season-Mikasa-Ackerman-Nendoroid-2001-The-Final-Season-Ver_dfbccfb5-d1fc-394f-b1e4-7c24330acde1.jpg,[],,,,0,0,2026-09-27T02:04:20.382171Z,1.0,"[""csv""]"
92619,MyFigureList,https://myfigurelist.com/figure/92619/Petit-Eva-EvangelionSchool-Evami-Ichiban-Kuji-Ichiban-Kuji-Evangelion-Shin-Gekijouban-Second-Impact-Festival-Ver-Lawson-Recolor-Edition-Secret-ver,"Petit Eva: Evangelion@School - Evami - Ichiban Kuji - Ichiban Kuji Evangelion Shin Gekijouban Second Impact - Festival Ver. Lawson Recolor Edition, Secret ver.",,,,Anime Figure,2011-08-19,,,8,,https://cdn.myfigurelist.com/figure-images/7f8bd7fd-670a-372c-9f6b-067ae633b062/Petit-Eva-EvangelionSchool-Evami-Ichiban-Kuji-Ichiban-Kuji-Evangelion-Shin-Gekijouban-Second-Impact-Festival-Ver-Lawson-Recolor-Edition-Secret-ver_738be503-2f8a-34c7-895b-3fc0b7052ecd.jpg,[],600,600,600,0,1,2026-09-27T02:04:22.363751Z,1.0,"[""csv""]"
46985,MyFigureList,https://myfigurelist.com/figure/46985/Tiger-amp-Bunny-Barnaby-Brooks-Jr-Chibi-Arts-Child,Tiger &amp; Bunny - Barnaby Brooks Jr. - Chibi-Arts - Child,,,Bandai,Scale Figure,2013-02-28,Non-Scale,,10,,https://cdn.myfigurelist.com/figure-images/1e9b4c09-2151-315d-914e-0c4419c46008/Tiger-amp-Bunny-Barnaby-Brooks-Jr-Chibi-Arts-Child_0a63562d-62d4-3474-ae72-ec56b48f8c46.jpg|https://cdn.myfigurelist.com/figure-images/1e9b4c09-2151-315d-914e-0c4419c46008/Tiger-amp-Bunny-Barnaby-Brooks-Jr-Chibi-Arts-Child_426521b6-2b4d-37c5-93b9-aceeb461cb7f.jpg|https://cdn.myfigurelist.com/figure-images/1e9b4c09-2151-315d-914e-0c4419c46008/Tiger-amp-Bunny-Barnaby-Brooks-Jr-Chibi-Arts-Child_43ee53e4-7940-3308-a764-d6a8b06b1a4d.jpg,[],12000,12000,12000,0,1,2026-09-27T02:04:23.521254Z,1.0,"[""csv""]"
3753,MyFigureList,https://myfigurelist.com/figure/3753/SH-Figuarts-Cure-Muse-Suite-PreCure-Tamashii-Web-Shoten-Exclusive,"S.H. Figuarts - Cure Muse ""Suite PreCure"" [Tamashii Web Shoten Exclusive]",,,Bandai,Scale Figure,2017-03-01,Non-Scale,,12,,https://cdn.myfigurelist.com/figure-images/4549660041078/SH-Figuarts-Cure-Muse-Suite-PreCure-Tamashii-Web-Shoten-Exclusive_9439ca12-9006-4084-b225-b3fbf4fd88d6.jpg|https://cdn.myfigurelist.com/figure-images/4549660041078/SH-Figuarts-Cure-Muse-Suite-PreCure-Tamashii-Web-Shoten-Exclusive_5c256f1f-eecb-493f-bfe3-2f3d8c7d1953.jpg,[],,,,0,0,2026-09-27T02:04:31.117069Z,1.0,"[""csv""]"
125438,MyFigureList,https://myfigurelist.com/figure/125438/Kaette-Kita-Ultraman-Ultraman-Jack-Ultra-Hero-500-04-Ultra-Hero-Series-2016-04,Kaette Kita Ultraman - Ultraman Jack - Ultra Hero 500  (04) - Ultra Hero Series (2016)  (04),,,Bandai,Anime Figure,2013-06-29,,,,,https://cdn.myfigurelist.com/figure-images/ddd4ea31-8b34-3f8a-875c-6fe831468242/Kaette-Kita-Ultraman-Ultraman-Jack-Ultra-Hero-500-04-Ultra-Hero-Series-2016-04_50971960-04a4-3ddc-9aa8-6d4f5316c2d0.jpg,[],,,,0,0,2026-09-27T02:04:35.789195Z,1.0,"[""csv""]"
30406,MyFigureList,https://myfigurelist.com/figure/30406/Strike-Witches-Yoshika-Miyafuji-1-8-Complete-Figure,Strike Witches - Yoshika Miyafuji 1/8 Complete Figure,,,amiami,Scale Figure,2009-10-01,1/8,Eriko,16,,https://cdn.myfigurelist.com/figure-images/4902273017043/Strike-Witches-Yoshika-Miyafuji-1-8-Complete-Figure_4e02f186-997d-46aa-ac7b-b0e8bc922fd6.jpg|https://cdn.myfigurelist.com/figure-images/4902273017043/Strike-Witches-Yoshika-Miyafuji-1-8-Complete-Figure_67170639-08d5-4bb3-9a7e-bc18d0bfb65a.jpg|https://cdn.myfigurelist.com/figure-images/4902273017043/Strike-Witches-Yoshika-Miyafuji-1-8-Complete-Figure_865ddc70-0578-4097-a819-c90dce19077d.jpg|https://cdn.myfigurelist.com/figure-images/4902273017043/Strike-Witches-Yoshika-Miyafuji-1-8-Complete-Figure_462aa5fb-ab23-4778-8897-451623ff970c.jpg|https://cdn.myfigurelist.com/figure-images/4902273017043/Strike-Witches-Yoshika-Miyafuji-1-8-Complete-Figure_838b8e9d-a2a7-45d2-907d-e575bb615049.jpg|https://cdn.myfigurelist.com/figure-images/4902273017043/Strike-Witches-Yoshika-Miyafuji-1-8-Complete-Figure_cce33356-ea86-45ce-97b7-b7995599a724.jpg|https://cdn.myfigurelist.com/figure-images/4902273017043/Strike-Witches-Yoshika-Miyafuji-1-8-Complete-Figure_9dc45838-14e8-4e62-ae9f-3866f98971b2.jpg|https://cdn.myfigurelist.com/figure-images/4902273017043/Strike-Witches-Yoshika-Miyafuji-1-8-Complete-Figure_495753c3-1e03-4ab1-ad29-5a1bd0085b34.jpg|https://cdn.myfigurelist.com/figure-images/4902273017043/Strike-Witches-Yoshika-Miyafuji-1-8-Complete-Figure_29337e26-1431-416e-8eb0-749d67377565.jpg|https://cdn.myfigurelist.com/figure-images/4902273017043/Strike-Witches-Yoshika-Miyafuji-1-8-Complete-Figure_90bcfb16-1ff5-4ca3-94c7-8ab972d1d579.jpg|https://cdn.myfigurelist.com/figure-images/4902273017043/Strike-Witches-Yoshika-Miyafuji-1-8-Complete-Figure_40db6f0c-35c0-48c3-b27c-a19e03803899.jpg|https://cdn.myfigurelist.com/figure-images/4902273017043/Strike-Witches-Yoshika-Miyafuji-1-8-Complete-Figure_d98e7232-6e86-48db-b8d0-b2f325df60b1.jpg|https://cdn.myfigurelist.com/figure-images/4902273017043/Strike-Witches-Yoshika-Miyafuji-1-8-Complete-Figure_4445c4e1-4012-4bc8-a289-3b6d66179733.jpg|https://cdn.myfigurelist.com/figure-images/4902273017043/Strike-Witches-Yoshika-Miyafuji-1-8-Complete-Figure_370e1e06-0c7a-4b32-a449-9d4e8c16056a.jpg|https://cdn.myfigurelist.com/figure-images/4902273017043/Strike-Witches-Yoshika-Miyafuji-1-8-Complete-Figure_abe0b2be-ccb9-421c-b0f8-27d6c46518fa.jpg|https://cdn.myfigurelist.com/figure-images/4902273017043/Strike-Witches-Yoshika-Miyafuji-1-8-Complete-Figure_7986406a-a93f-4d21-8789-f110f4269716.jpg|https://cdn.myfigurelist.com/figure-images/4902273017043/Strike-Witches-Yoshika-Miyafuji-1-8-Complete-Figure_0e69fe5f-ddd7-4312-9f33-b0738898747b.jpg,[],,,,0,0,2026-09-27T02:04:37.931948Z,1.0,"[""csv""]"
102959,MyFigureList,https://myfigurelist.com/figure/102959/Dragon-Quest-Deathtamoor-Dragon-Quest-Sofubi-Monster-006-Limited-Metallic-Color-Ver,Dragon Quest - Deathtamoor - Dragon Quest Sofubi Monster - 006 - Limited Metallic Color Ver.,,,Square Enix,Anime Figure,2010-07-01,,,12,,https://cdn.myfigurelist.com/figure-images/a8bed241-54e5-3f8d-a16e-27f6eabf1ae8/Dragon-Quest-Deathtamoor-Dragon-Quest-Sofubi-Monster-006-Limited-Metallic-Color-Ver_075e172f-3c0d-396d-b836-c263536efa40.jpg,[],,,,0,0,2026-09-27T02:04:42.357004Z,1.0,"[""csv""]"
28648,MyFigureList,https://myfigurelist.com/figure/28648/Arknights-Dusk-FNex-1-7-Everything-is-a-Miracle-Ver,Arknights - Dusk - F:Nex - 1/7 - Everything is a Miracle Ver.,,,FuRyu,Scale Figure,2025-02-01,1/7,Iso,26,,https://cdn.myfigurelist.com/figure-images/4582655077065/Arknights-Dusk-FNex-1-7-Everything-is-a-Miracle-Ver_b5c50b1e-785b-31db-ad59-3fc8d41e21ca.jpg|https://cdn.myfigurelist.com/figure-images/4582655077065/Arknights-Dusk-FNex-1-7-Everything-is-a-Miracle-Ver_f029c0a9-4f86-3f9a-8b25-15563d902deb.jpg|https://cdn.myfigurelist.com/figure-images/4582655077065/Arknights-Dusk-FNex-1-7-Everything-is-a-Miracle-Ver_37bbc219-72d3-31b3-a4ce-dc3117fc0bb8.jpg|https://cdn.myfigurelist.com/figure-images/4582655077065/Arknights-Dusk-FNex-1-7-Everything-is-a-Miracle-Ver_4260d456-e179-393c-bbd4-bc002f42f4ff.jpg|https://cdn.myfigurelist.com/figure-images/4582655077065/Arknights-Dusk-FNex-1-7-Everything-is-a-Miracle-Ver_4dc8b192-cdab-31c6-9b32-8c2a6ab3bbc2.jpg|https://cdn.myfigurelist.com/figure-images/4582655077065/Arknights-Dusk-FNex-1-7-Everything-is-a-Miracle-Ver_d83d051a-6203-3e64-af00-0cb8b5177c8f.jpg|https://cdn.myfigurelist.com/figure-images/4582655077065/Arknights-Dusk-FNex-1-7-Everything-is-a-Miracle-Ver_94790a9c-fe34-3bbf-ad56-6956e52e8f01.jpg|https://cdn.myfigurelist.com/figure-images/4582655077065/Arknights-Dusk-FNex-1-7-Everything-is-a-Miracle-Ver_eaed96d7-59b1-3413-9920-66e1287d963f.jpg|https://cdn.myfigurelist.com/figure-images/4582655077065/Arknights-Dusk-FNex-1-7-Everything-is-a-Miracle-Ver_9c37547e-3136-3cbf-ac59-f1753cd13040.jpg,[],,,,0,0,2026-09-27T02:04:43.676913Z,1.0,"[""csv""]"
36991,MyFigureList,https://myfigurelist.com/figure/36991/Amakami-Konomi-Channel-Amakami-Konomi-FNex-1-7,Amakami Konomi Channel - Amakami Konomi - F:Nex - 1/7,,,FuRyu,Scale Figure,2026-03-01,1/7,Moineau,23,,https://cdn.myfigurelist.com/figure-images/3d67718c-954a-3048-ab7e-ff432ef9c709/Amakami-Konomi-Channel-Amakami-Konomi-FNex-1-7_9a3f7eb3-1894-35a6-be13-a5470a63f88b.jpg|https://cdn.myfigurelist.com/figure-images/3d67718c-954a-3048-ab7e-ff432ef9c709/Amakami-Konomi-Channel-Amakami-Konomi-FNex-1-7_12d6a237-8393-3f94-bfe9-2618710964e0.jpg|https://cdn.myfigurelist.com/figure-images/3d67718c-954a-3048-ab7e-ff432ef9c709/Amakami-Konomi-Channel-Amakami-Konomi-FNex-1-7_089906c6-3c5c-310f-9ae4-dceda857260f.jpg|https://cdn.myfigurelist.com/figure-images/3d67718c-954a-3048-ab7e-ff432ef9c709/Amakami-Konomi-Channel-Amakami-Konomi-FNex-1-7_2c82c0eb-c81d-34ce-b7d0-52bbc853566f.jpg|https://cdn.myfigurelist.com/figure-images/3d67718c-954a-3048-ab7e-ff432ef9c709/Amakami-Konomi-Channel-Amakami-Konomi-FNex-1-7_2689a079-76ad-36a5-b7a8-5dbebc4f4acd.jpg|https://cdn.myfigurelist.com/figure-images/3d67718c-954a-3048-ab7e-ff432ef9c709/Amakami-Konomi-Channel-Amakami-Konomi-FNex-1-7_a19163ca-aa8f-3e08-ad9e-618ab8483564.jpg|https://cdn.myfigurelist.com/figure-images/3d67718c-954a-3048-ab7e-ff432ef9c709/Amakami-Konomi-Channel-Amakami-Konomi-FNex-1-7_3e43c11c-6d5e-3950-9a73-fcd7b10167de.jpg|https://cdn.myfigurelist.com/figure-images/3d67718c-954a-3048-ab7e-ff432ef9c709/Amakami-Konomi-Channel-Amakami-Konomi-FNex-1-7_a4c7df51-6358-3056-a030-babd7c2d52f7.jpg|https://cdn.myfigurelist.com/figure-images/3d67718c-954a-3048-ab7e-ff432ef9c709/Amakami-Konomi-Channel-Amakami-Konomi-FNex-1-7_9b1d6e8f-1ea5-39ed-83da-7a7061157fbb.jpg|https://cdn.myfigurelist.com/figure-images/3d67718c-954a-3048-ab7e-ff432ef9c709/Amakami-Konomi-Channel-Amakami-Konomi-FNex-1-7_d5edc40b-fa19-3749-b988-da49d2d33693.jpg|https://cdn.myfigurelist.com/figure-images/3d67718c-954a-3048-ab7e-ff432ef9c709/Amakami-Konomi-Channel-Amakami-Konomi-FNex-1-7_0cf6bdae-163d-3317-a075-2734aabe087e.jpg|https://cdn.myfigurelist.com/figure-images/3d67718c-954a-3048-ab7e-ff432ef9c709/Amakami-Konomi-Channel-Amakami-Konomi-FNex-1-7_0180c51c-bcf7-3d03-b9dc-6bfc4bf13b86.jpg|https://cdn.myfigurelist.com/figure-images/3d67718c-954a-3048-ab7e-ff432ef9c709/Amakami-Konomi-Channel-Amakami-Konomi-FNex-1-7_4cf3831d-4f26-3b54-bd23-1e9080179c21.jpg|https://cdn.myfigurelist.com/figure-images/3d67718c-954a-3048-ab7e-ff432ef9c709/Amakami-Konomi-Channel-Amakami-Konomi-FNex-1-7_c9d6e2c8-00e2-3baf-b79a-827b27b64b14.jpg,[],,,,0,0,2026-09-27T02:04:44.907334Z,1.0,"[""csv""]"
124047,MyFigureList,https://myfigurelist.com/figure/124047/Petit-Eva-EvangelionSchool-Akagi-Ritsuko-Deformation-Maniac-Super-Deformation-Maniac-4,Petit Eva: Evangelion@School - Akagi Ritsuko - Deformation Maniac - Super Deformation Maniac #4,,,Banpresto,Anime Figure,2009-09-01,,,10,,https://cdn.myfigurelist.com/figure-images/81014db6-f654-3a90-a621-a366f7e2e6c2/Petit-Eva-EvangelionSchool-Akagi-Ritsuko-Deformation-Maniac-Super-Deformation-Maniac-4_db5f6064-bba8-3676-bc45-bbf79d54f216.jpg|https://cdn.myfigurelist.com/figure-images/81014db6-f654-3a90-a621-a366f7e2e6c2/Petit-Eva-EvangelionSchool-Akagi-Ritsuko-Deformation-Maniac-Super-Deformation-Maniac-4_a3cf2b8c-d9a6-31e1-937e-04a8cc4171b6.jpg,[],1000,1000,1000,0,1,2026-09-27T02:04:46.438633Z,1.0,"[""csv""]"
103407,MyFigureList,https://myfigurelist.com/figure/103407/Dragon-Quest-Mimic-Metallic-Monsters-Gallery,Dragon Quest - Mimic - Metallic Monsters Gallery,,,Square Enix,Anime Figure,2015-09-11,,,,,https://cdn.myfigurelist.com/figure-images/aad79e8a-502a-3e09-9b66-72e0a4ac7d9a/Dragon-Quest-Mimic-Metallic-Monsters-Gallery_4252101b-0430-316f-8662-7aff63304bf7.jpg,[],,,,0,0,2026-09-27T02:04:48.313087Z,1.0,"[""csv""]"
34025,MyFigureList,https://myfigurelist.com/figure/34025/Angel-Philia-Liza-1-3,Angel Philia - Liza - 1/3,,,,Scale Figure,2013-05-01,1/3,,48,,https://cdn.myfigurelist.com/figure-images/0fd303df-8da7-3e67-8235-72cda02ac0bf/Angel-Philia-Liza-1-3_dd0a0e24-9ae4-30bd-a585-b86af60a47a9.jpg|https://cdn.myfigurelist.com/figure-images/0fd303df-8da7-3e67-8235-72cda02ac0bf/Angel-Philia-Liza-1-3_487adbd4-220b-36ec-a904-882e33f9434b.jpg|https://cdn.myfigurelist.com/figure-images/0fd303df-8da7-3e67-8235-72cda02ac0bf/Angel-Philia-Liza-1-3_864747a2-8911-339a-8cde-75505be42033.jpg|https://cdn.myfigurelist.com/figure-images/0fd303df-8da7-3e67-8235-72cda02ac0bf/Angel-Philia-Liza-1-3_4fb803a4-6bc2-30bc-bcfc-3ef0101f50c9.jpg|https://cdn.myfigurelist.com/figure-images/0fd303df-8da7-3e67-8235-72cda02ac0bf/Angel-Philia-Liza-1-3_faeee41c-94e9-3d5e-8222-8bf3330a4b44.jpg,[],61905,61905,61905,0,1,2026-09-27T02:04:49.202478Z,1.0,"[""csv""]"
49359,MyFigureList,https://myfigurelist.com/figure/49359/Makai-Senki-Disgaea-Pleinair-San-Scarf-ver,Makai Senki Disgaea - Pleinair-San - Scarf ver.,,,Koeda Chan Database,Scale Figure,2009-07-01,Non-Scale,,21,,https://cdn.myfigurelist.com/figure-images/3d7c2430-5335-3259-96b9-390196240828/Makai-Senki-Disgaea-Pleinair-San-Scarf-ver_d309a732-5ee5-3371-a3fa-b51abc27bdb2.jpg|https://cdn.myfigurelist.com/figure-images/3d7c2430-5335-3259-96b9-390196240828/Makai-Senki-Disgaea-Pleinair-San-Scarf-ver_54ed1105-ad37-3882-b01f-314bf33bba1b.jpg,[],3000,3000,3000,0,1,2026-09-27T02:04:50.191692Z,1.0,"[""csv""]"
104576,MyFigureList,https://myfigurelist.com/figure/104576/R6-1-7,R6 - 1/7,,,Mo Yu Mo Dao Shuang,Scale Figure,2021-06-13,1/7,BxxKoTri,24,,https://cdn.myfigurelist.com/figure-images/af900de0-00dc-3d41-a2b1-4656648df0c5/R6-1-7_14f62ec9-f60c-307c-910c-7aef05698970.jpg|https://cdn.myfigurelist.com/figure-images/af900de0-00dc-3d41-a2b1-4656648df0c5/R6-1-7_aaf2ca8e-49c3-3563-8400-90e1d7ab1145.jpg|https://cdn.myfigurelist.com/figure-images/af900de0-00dc-3d41-a2b1-4656648df0c5/R6-1-7_7322c9d9-6db7-316d-ab58-bfed0dc94103.jpg|https://cdn.myfigurelist.com/figure-images/af900de0-00dc-3d41-a2b1-4656648df0c5/R6-1-7_38385e22-2493-3db5-a1ad-006c25722c39.jpg|https://cdn.myfigurelist.com/figure-images/af900de0-00dc-3d41-a2b1-4656648df0c5/R6-1-7_85f279b2-0933-32a4-847b-687f9420ee03.jpg|https://cdn.myfigurelist.com/figure-images/af900de0-00dc-3d41-a2b1-4656648df0c5/R6-1-7_95ae8f54-204c-35a6-8546-ce553cc13202.jpg|https://cdn.myfigurelist.com/figure-images/af900de0-00dc-3d41-a2b1-4656648df0c5/R6-1-7_f35b086d-7c69-3a75-b097-cd90e6793670.jpg|https://cdn.myfigurelist.com/figure-images/af900de0-00dc-3d41-a2b1-4656648df0c5/R6-1-7_3db500c5-2de9-3010-bce6-9dd4e064e440.jpg,[],11988,11988,11988,0,1,2026-09-27T02:04:51.647008Z,1.0,"[""csv""]"
125320,MyFigureList,https://myfigurelist.com/figure/125320/Kamen-Rider-Amazons-Kamen-Rider-Amazon-Alpha-SIC,Kamen Rider Amazons - Kamen Rider Amazon Alpha - S.I.C.,,,BANDAI SPIRITS,Anime Figure,2018-10-27,,,19,,https://cdn.myfigurelist.com/figure-images/fadeb071-933d-3441-9f7b-b92fbbf19f61/Kamen-Rider-Amazons-Kamen-Rider-Amazon-Alpha-SIC_5a473c9f-1147-3fa5-b431-38def1cf2d04.jpg|https://cdn.myfigurelist.com/figure-images/fadeb071-933d-3441-9f7b-b92fbbf19f61/Kamen-Rider-Amazons-Kamen-Rider-Amazon-Alpha-SIC_ffd34b76-8a33-393e-a3f3-7d7e98b21e9c.jpg|https://cdn.myfigurelist.com/figure-images/fadeb071-933d-3441-9f7b-b92fbbf19f61/Kamen-Rider-Amazons-Kamen-Rider-Amazon-Alpha-SIC_97c8defc-3a79-3126-be91-3910bb1ffccf.jpg|https://cdn.myfigurelist.com/figure-images/fadeb071-933d-3441-9f7b-b92fbbf19f61/Kamen-Rider-Amazons-Kamen-Rider-Amazon-Alpha-SIC_31f5a0dd-d6ee-32db-8a1c-5abaa5e96746.jpg|https://cdn.myfigurelist.com/figure-images/fadeb071-933d-3441-9f7b-b92fbbf19f61/Kamen-Rider-Amazons-Kamen-Rider-Amazon-Alpha-SIC_59d238be-69da-3957-940a-5aa5f1d21310.jpg|https://cdn.myfigurelist.com/figure-images/fadeb071-933d-3441-9f7b-b92fbbf19f61/Kamen-Rider-Amazons-Kamen-Rider-Amazon-Alpha-SIC_71c49cdd-bde8-3fff-9d2e-05aa980f2500.jpg,[],,,,0,0,2026-09-27T02:04:53.257719Z,1.0,"[""csv""]"
90406,MyFigureList,https://myfigurelist.com/figure/90406/Berserk-Irvine,Berserk - Irvine,,,Tonboya,Anime Figure,2014-07-27,,,,,https://cdn.myfigurelist.com/figure-images/719c6a80-c4e5-3e59-869e-75d5e8d0e873/Berserk-Irvine_36dd755e-b063-371a-a8e2-8d9ef8c7d219.jpg,[],9000,9000,9000,0,1,2026-09-27T02:04:54.615163Z,1.0,"[""csv""]"
81413,MyFigureList,https://myfigurelist.com/figure/81413/Zootopia-2-Judy-Hopps-Monitor-Top-Figure,Zootopia 2 - Judy Hopps - Monitor Top Figure,,,BANDAI SPIRITS,Anime Figure,2026-01-01,,,16,,https://cdn.myfigurelist.com/figure-images/4c9e5e41-7753-3189-b01d-bc22af068433/Zootopia-2-Judy-Hopps-Monitor-Top-Figure_7c27a754-aa3c-3bd2-bffd-0ba3fbaea418.jpg|https://cdn.myfigurelist.com/figure-images/4c9e5e41-7753-3189-b01d-bc22af068433/Zootopia-2-Judy-Hopps-Monitor-Top-Figure_35971783-566f-39f9-ae01-a0bf580b2809.jpg|https://cdn.myfigurelist.com/figure-images/4c9e5e41-7753-3189-b01d-bc22af068433/Zootopia-2-Judy-Hopps-Monitor-Top-Figure_1ebe37d8-9f9d-347d-b4fb-3b64d0a4e025.jpg|https://cdn.myfigurelist.com/figure-images/4c9e5e41-7753-3189-b01d-bc22af068433/Zootopia-2-Judy-Hopps-Monitor-Top-Figure_ec6ba8d8-376a-36fe-a455-ceae79991bc1.jpg,[],,,,0,0,2026-09-27T02:04:56.389615Z,1.0,"[""csv""]"
108967,MyFigureList,https://myfigurelist.com/figure/108967/Adou-Cool-Street-Grim-Beng-1-12,Adou - Cool Street - Grim Beng - 1/12,,,Penny's Box,Scale Figure,2022-07-01,1/12,,,,https://cdn.myfigurelist.com/figure-images/c1654147-f008-3267-85c4-9cc8fd58524b/Adou-Cool-Street-Grim-Beng-1-12_0c7b91e2-0503-371f-9171-439a76e214ce.jpg|https://cdn.myfigurelist.com/figure-images/c1654147-f008-3267-85c4-9cc8fd58524b/Adou-Cool-Street-Grim-Beng-1-12_a20a2356-616e-344d-9e9f-99798ab3d65b.jpg|https://cdn.myfigurelist.com/figure-images/c1654147-f008-3267-85c4-9cc8fd58524b/Adou-Cool-Street-Grim-Beng-1-12_49a6474b-51b9-3208-93a1-6815266542dd.jpg|https://cdn.myfigurelist.com/figure-images/c1654147-f008-3267-85c4-9cc8fd58524b/Adou-Cool-Street-Grim-Beng-1-12_74264d48-d8b8-3a96-a1e0-8d8e33cf3776.jpg|https://cdn.myfigurelist.com/figure-images/c1654147-f008-3267-85c4-9cc8fd58524b/Adou-Cool-Street-Grim-Beng-1-12_6c851a40-b76f-34df-bc74-2ae4457278a8.jpg,[],2402,2402,2402,0,1,2026-09-27T02:04:58.517010Z,1.0,"[""csv""]"
77419,MyFigureList,https://myfigurelist.com/figure/77419/Boku-no-Hero-Academia-Iida-Tenya,Boku no Hero Academia - Iida Tenya,,,McFarlane Toys,Anime Figure,2021-11-01,,,12,,https://cdn.myfigurelist.com/figure-images/40bc4c8b-b0d6-367f-a3a2-185e2b41f53a/Boku-no-Hero-Academia-Iida-Tenya_65acbec3-c59c-3ec9-a534-77b0cc9b18a5.jpg|https://cdn.myfigurelist.com/figure-images/40bc4c8b-b0d6-367f-a3a2-185e2b41f53a/Boku-no-Hero-Academia-Iida-Tenya_c39f9e14-b0f9-3201-ad26-70609da80696.jpg|https://cdn.myfigurelist.com/figure-images/40bc4c8b-b0d6-367f-a3a2-185e2b41f53a/Boku-no-Hero-Academia-Iida-Tenya_29965228-d8a6-3d6b-8ae2-d946b7c5ad5f.jpg|https://cdn.myfigurelist.com/figure-images/40bc4c8b-b0d6-367f-a3a2-185e2b41f53a/Boku-no-Hero-Academia-Iida-Tenya_afbb8b3d-bcb1-3815-8653-d69c17f5813c.jpg|https://cdn.myfigurelist.com/figure-images/40bc4c8b-b0d6-367f-a3a2-185e2b41f53a/Boku-no-Hero-Academia-Iida-Tenya_74182d22-e2db-387d-ae92-cb3bfb10d98d.jpg|https://cdn.myfigurelist.com/figure-images/40bc4c8b-b0d6-367f-a3a2-185e2b41f53a/Boku-no-Hero-Academia-Iida-Tenya_603056a1-671c-3bf2-8de6-e19aeca6056d.jpg|https://cdn.myfigurelist.com/figure-images/40bc4c8b-b0d6-367f-a3a2-185e2b41f53a/Boku-no-Hero-Academia-Iida-Tenya_dd8d3b80-f244-32ae-bcb6-8fcc2ffec18f.jpg|https://cdn.myfigurelist.com/figure-images/40bc4c8b-b0d6-367f-a3a2-185e2b41f53a/Boku-no-Hero-Academia-Iida-Tenya_50983ad7-0259-3622-9cb7-a552fbf5a831.jpg|https://cdn.myfigurelist.com/figure-images/40bc4c8b-b0d6-367f-a3a2-185e2b41f53a/Boku-no-Hero-Academia-Iida-Tenya_806ccdf8-3775-3519-bc08-bd9434da9c67.jpg|https://cdn.myfigurelist.com/figure-images/40bc4c8b-b0d6-367f-a3a2-185e2b41f53a/Boku-no-Hero-Academia-Iida-Tenya_82244d5d-149a-3d1e-8cce-46d6405d7075.jpg,[],1141,1141,1141,0,1,2026-09-27T02:05:00.657491Z,1.0,"[""csv""]"
1398,MyFigureList,https://myfigurelist.com/figure/1398/Bakemonogatari-Hitagi-Senjougahara-1-8-Complete-Figure,Bakemonogatari - Hitagi Senjougahara 1/8 Complete Figure,,,Kotobukiya,Scale Figure,2010-07-01,1/8,Udonko Shiketa,21,,https://cdn.myfigurelist.com/figure-images/4934054781515/Bakemonogatari-Hitagi-Senjougahara-1-8-Complete-Figure_4a2487f1-c361-4d40-843f-2f9e9e954cd7.jpg|https://cdn.myfigurelist.com/figure-images/4934054781515/Bakemonogatari-Hitagi-Senjougahara-1-8-Complete-Figure_4aa966b6-07e8-4228-9abf-aa6f88d0db41.jpg|https://cdn.myfigurelist.com/figure-images/4934054781515/Bakemonogatari-Hitagi-Senjougahara-1-8-Complete-Figure_bf743baf-d68c-4a4b-87fb-6162e3110516.jpg|https://cdn.myfigurelist.com/figure-images/4934054781515/Bakemonogatari-Hitagi-Senjougahara-1-8-Complete-Figure_601d187f-cf10-455c-9212-cb799945fc82.jpg|https://cdn.myfigurelist.com/figure-images/4934054781515/Bakemonogatari-Hitagi-Senjougahara-1-8-Complete-Figure_1b194a85-57c1-4ac8-9a3f-4214653ad487.jpg|https://cdn.myfigurelist.com/figure-images/4934054781515/Bakemonogatari-Hitagi-Senjougahara-1-8-Complete-Figure_d189cc6e-5976-4dc7-9548-f93aa364cbcc.jpg|https://cdn.myfigurelist.com/figure-images/4934054781515/Bakemonogatari-Hitagi-Senjougahara-1-8-Complete-Figure_1163d86f-c5b3-4c04-ba83-885c9ac311a7.jpg|https://cdn.myfigurelist.com/figure-images/4934054781515/Bakemonogatari-Hitagi-Senjougahara-1-8-Complete-Figure_c9b20e71-610e-4a04-b85d-18d9b8ceb5d3.jpg|https://cdn.myfigurelist.com/figure-images/4934054781515/Bakemonogatari-Hitagi-Senjougahara-1-8-Complete-Figure_9154efe3-f76c-40f8-a379-cddaa93e8967.jpg|https://cdn.myfigurelist.com/figure-images/4934054781515/Bakemonogatari-Hitagi-Senjougahara-1-8-Complete-Figure_4230a33c-2499-4349-8e4d-200f92bf2e41.jpg|https://cdn.myfigurelist.com/figure-images/4934054781515/Bakemonogatari-Hitagi-Senjougahara-1-8-Complete-Figure_56991876-0b8c-4da6-8e91-05b8e1a4b7c5.jpg|https://cdn.myfigurelist.com/figure-images/4934054781515/Bakemonogatari-Hitagi-Senjougahara-1-8-Complete-Figure_f1901d9a-fbc3-46e5-8151-e4acff88a536.jpg|https://cdn.myfigurelist.com/figure-images/4934054781515/Bakemonogatari-Hitagi-Senjougahara-1-8-Complete-Figure_9d69c27f-1039-4fd5-a489-7e6a20692529.jpg|https://cdn.myfigurelist.com/figure-images/4934054781515/Bakemonogatari-Hitagi-Senjougahara-1-8-Complete-Figure_c2805267-7e16-47f9-8ed3-a56f98c485c7.jpg|https://cdn.myfigurelist.com/figure-images/4934054781515/Bakemonogatari-Hitagi-Senjougahara-1-8-Complete-Figure_d0bcd5ff-ff12-4122-840a-8e2f59e76a3a.jpg,[],,,,0,0,2026-09-27T02:05:02.390003Z,1.0,"[""csv""]"
19813,MyFigureList,https://myfigurelist.com/figure/19813/Mushoku-Tensei-Jobless-Reincarnation-II-Roxy-Migurudia-navy-blue-swimsuit-1-7-Complete-Figure,Mushoku Tensei: Jobless Reincarnation II Roxy Migurudia -navy blue swimsuit- 1/7 Complete Figure,,,DesignCOCO,Scale Figure,2025-08-01,1/7,Design COCO,20,,https://cdn.myfigurelist.com/figure-images/4595643112297/Mushoku-Tensei-Jobless-Reincarnation-II-Roxy-Migurudia-navy-blue-swimsuit-1-7-Complete-Figure_4647e2a0-6586-4441-86f5-8af19a5d11b7.jpg|https://cdn.myfigurelist.com/figure-images/4595643112297/Mushoku-Tensei-Jobless-Reincarnation-II-Roxy-Migurudia-navy-blue-swimsuit-1-7-Complete-Figure_db2f08f4-6faf-4525-aa50-c613f7701ee9.jpg|https://cdn.myfigurelist.com/figure-images/4595643112297/Mushoku-Tensei-Jobless-Reincarnation-II-Roxy-Migurudia-navy-blue-swimsuit-1-7-Complete-Figure_6c912df6-2233-44ee-b896-89b9d54fbde8.jpg|https://cdn.myfigurelist.com/figure-images/4595643112297/Mushoku-Tensei-Jobless-Reincarnation-II-Roxy-Migurudia-navy-blue-swimsuit-1-7-Complete-Figure_80295c0b-62aa-4941-8921-087f83cfa4c9.jpg|https://cdn.myfigurelist.com/figure-images/4595643112297/Mushoku-Tensei-Jobless-Reincarnation-II-Roxy-Migurudia-navy-blue-swimsuit-1-7-Complete-Figure_e15698f9-161a-4633-8db1-ac5a01dfa824.jpg|https://cdn.myfigurelist.com/figure-images/4595643112297/Mushoku-Tensei-Jobless-Reincarnation-II-Roxy-Migurudia-navy-blue-swimsuit-1-7-Complete-Figure_4f0cb58a-9559-4f6b-9da6-2b8d5604afa3.jpg|https://cdn.myfigurelist.com/figure-images/4595643112297/Mushoku-Tensei-Jobless-Reincarnation-II-Roxy-Migurudia-navy-blue-swimsuit-1-7-Complete-Figure_c7dffdac-0afa-480c-b8e5-da1f7d26068a.jpg|https://cdn.myfigurelist.com/figure-images/4595643112297/Mushoku-Tensei-Jobless-Reincarnation-II-Roxy-Migurudia-navy-blue-swimsuit-1-7-Complete-Figure_340603c1-ae7d-454a-8f1f-80ee76f403e3.jpg|https://cdn.myfigurelist.com/figure-images/4595643112297/Mushoku-Tensei-Jobless-Reincarnation-II-Roxy-Migurudia-navy-blue-swimsuit-1-7-Complete-Figure_10db8ffe-8adb-496c-9a65-03a54e0d9b23.jpg|https://cdn.myfigurelist.com/figure-images/4595643112297/Mushoku-Tensei-Jobless-Reincarnation-II-Roxy-Migurudia-navy-blue-swimsuit-1-7-Complete-Figure_549a162c-b1c1-4a6d-bf3b-4a02ebd16b3d.jpg|https://cdn.myfigurelist.com/figure-images/4595643112297/Mushoku-Tensei-Jobless-Reincarnation-II-Roxy-Migurudia-navy-blue-swimsuit-1-7-Complete-Figure_9472ca97-073e-4417-a007-8bbd30dd713a.jpg|https://cdn.myfigurelist.com/figure-images/4595643112297/Mushoku-Tensei-Jobless-Reincarnation-II-Roxy-Migurudia-navy-blue-swimsuit-1-7-Complete-Figure_aa2da47c-f52d-46db-9e43-1aeaf7f39a22.jpg,[],,,,0,0,2026-09-27T02:05:10.501956Z,1.0,"[""csv""]"
16871,MyFigureList,https://myfigurelist.com/figure/16871/Nendoroid-Hetalia-World-Stars-Romano,Nendoroid Hetalia World Stars Romano,,,Orange Rouge,Scale Figure,2023-05-01,Non-Scale,"Masuda Hideo, Design COCO",10,,https://cdn.myfigurelist.com/figure-images/4580590171213/Nendoroid-Hetalia-World-Stars-Romano_29a3cb84-bb44-4681-882f-c16b364a2408.jpg|https://cdn.myfigurelist.com/figure-images/4580590171213/Nendoroid-Hetalia-World-Stars-Romano_d03f2249-5af3-4c95-883c-183fe80eada3.jpg|https://cdn.myfigurelist.com/figure-images/4580590171213/Nendoroid-Hetalia-World-Stars-Romano_678245cb-248c-4dbd-82b0-c1f9d3ba9f4f.jpg|https://cdn.myfigurelist.com/figure-images/4580590171213/Nendoroid-Hetalia-World-Stars-Romano_d42f29e8-095d-477d-9654-58d7838c0074.jpg|https://cdn.myfigurelist.com/figure-images/4580590171213/Nendoroid-Hetalia-World-Stars-Romano_c3e05c15-ae2c-41c2-956a-16f15f4a83b8.jpg|https://cdn.myfigurelist.com/figure-images/4580590171213/Nendoroid-Hetalia-World-Stars-Romano_4159218c-b92d-4941-ab0f-e1274ca1cea3.jpg,[],,,,0,0,2026-09-27T02:05:12.182821Z,1.0,"[""csv""]"
109689,MyFigureList,https://myfigurelist.com/figure/109689/Boku-no-Hero-Academia-Iida-Tenya,Boku no Hero Academia - Iida Tenya,,,McFarlane Toys,Anime Figure,2020-10-01,,,18,,https://cdn.myfigurelist.com/figure-images/c44fa825-7f43-37cd-801f-1b67fba66deb/Boku-no-Hero-Academia-Iida-Tenya_5ac34276-5688-3dbe-9f62-f9909fca59af.jpg|https://cdn.myfigurelist.com/figure-images/c44fa825-7f43-37cd-801f-1b67fba66deb/Boku-no-Hero-Academia-Iida-Tenya_a6edd902-c294-3763-8ba0-647e6cb5e622.jpg|https://cdn.myfigurelist.com/figure-images/c44fa825-7f43-37cd-801f-1b67fba66deb/Boku-no-Hero-Academia-Iida-Tenya_d643e553-45b1-3911-8eeb-ac3a0856fdd5.jpg|https://cdn.myfigurelist.com/figure-images/c44fa825-7f43-37cd-801f-1b67fba66deb/Boku-no-Hero-Academia-Iida-Tenya_fa8171ea-263b-3507-877f-73b27990a235.jpg|https://cdn.myfigurelist.com/figure-images/c44fa825-7f43-37cd-801f-1b67fba66deb/Boku-no-Hero-Academia-Iida-Tenya_4b0fda2c-7674-30a2-8098-c7c82767cfa1.jpg|https://cdn.myfigurelist.com/figure-images/c44fa825-7f43-37cd-801f-1b67fba66deb/Boku-no-Hero-Academia-Iida-Tenya_ec575d0b-ade8-3aad-a4bf-710be4c39307.jpg|https://cdn.myfigurelist.com/figure-images/c44fa825-7f43-37cd-801f-1b67fba66deb/Boku-no-Hero-Academia-Iida-Tenya_ea593155-49cc-3f92-a029-1778947ed0b0.jpg,[],2109,2109,2109,0,1,2026-09-27T02:05:13.942350Z,1.0,"[""csv""]"
118689,MyFigureList,https://myfigurelist.com/figure/118689/Boku-no-Hero-Academia-Iida-Tenya-POP!-Animation-1349-POP!-Vinyl-Recipro-Burst-Glow-in-the-Dark,"Boku no Hero Academia - Iida Tenya - POP! Animation  (1349) - POP! Vinyl - Recipro Burst, Glow in the Dark",,,Funko Toys,Anime Figure,2023-07-01,,,,,https://cdn.myfigurelist.com/figure-images/ea19574c-8b3c-3ec4-972c-9e4fb521f435/Boku-no-Hero-Academia-Iida-Tenya-POP!-Animation-1349-POP!-Vinyl-Recipro-Burst-Glow-in-the-Dark_d296ae51-5a74-3431-b80b-58eb6c27ee56.jpg,[],2892,2892,2892,0,1,2026-09-27T02:05:15.706705Z,1.0,"[""csv""]"
14189,MyFigureList,https://myfigurelist.com/figure/14189/Gift-King-of-Glory-Angela-Mysterious-Journey-of-Time-ver-1-10-Complete-Figure,Gift+ King of Glory Angela: Mysterious Journey of Time ver. 1/10 Complete Figure,,,Myethos,Scale Figure,2023-02-01,1/10,,17,,https://cdn.myfigurelist.com/figure-images/4580416924658/Gift-King-of-Glory-Angela-Mysterious-Journey-of-Time-ver-1-10-Complete-Figure_15fc5ffd-7922-4768-899e-841a9cf1d817.jpg|https://cdn.myfigurelist.com/figure-images/4580416924658/Gift-King-of-Glory-Angela-Mysterious-Journey-of-Time-ver-1-10-Complete-Figure_cd3412c7-9fbc-46ab-a98f-2a3c4d7c9806.jpg|https://cdn.myfigurelist.com/figure-images/4580416924658/Gift-King-of-Glory-Angela-Mysterious-Journey-of-Time-ver-1-10-Complete-Figure_a8b872a5-e95f-486d-a2e4-b13399351e9b.jpg|https://cdn.myfigurelist.com/figure-images/4580416924658/Gift-King-of-Glory-Angela-Mysterious-Journey-of-Time-ver-1-10-Complete-Figure_737e6b1f-1b58-4a17-bf90-0283c21bdc60.jpg|https://cdn.myfigurelist.com/figure-images/4580416924658/Gift-King-of-Glory-Angela-Mysterious-Journey-of-Time-ver-1-10-Complete-Figure_abf33448-a44e-49b9-b331-7cf1d777ec8a.jpg|https://cdn.myfigurelist.com/figure-images/4580416924658/Gift-King-of-Glory-Angela-Mysterious-Journey-of-Time-ver-1-10-Complete-Figure_7ed40a32-0f70-46a2-800d-390b8f9478a2.jpg|https://cdn.myfigurelist.com/figure-images/4580416924658/Gift-King-of-Glory-Angela-Mysterious-Journey-of-Time-ver-1-10-Complete-Figure_a1352a21-1627-47b1-bd64-428e4f3f031c.jpg|https://cdn.myfigurelist.com/figure-images/4580416924658/Gift-King-of-Glory-Angela-Mysterious-Journey-of-Time-ver-1-10-Complete-Figure_98779640-f9af-4d66-9c94-cf613d336b5a.jpg|https://cdn.myfigurelist.com/figure-images/4580416924658/Gift-King-of-Glory-Angela-Mysterious-Journey-of-Time-ver-1-10-Complete-Figure_80aadbcc-6bf8-4c09-9430-101d75767394.jpg|https://cdn.myfigurelist.com/figure-images/4580416924658/Gift-King-of-Glory-Angela-Mysterious-Journey-of-Time-ver-1-10-Complete-Figure_57792498-db5d-43f5-873c-462627572b4b.jpg|https://cdn.myfigurelist.com/figure-images/4580416924658/Gift-King-of-Glory-Angela-Mysterious-Journey-of-Time-ver-1-10-Complete-Figure_12f2df8d-3086-4f26-aba2-80fa068aeef5.jpg|https://cdn.myfigurelist.com/figure-images/4580416924658/Gift-King-of-Glory-Angela-Mysterious-Journey-of-Time-ver-1-10-Complete-Figure_6ccb92c7-1480-4800-a7d1-c4a503b46900.jpg,[],,,,0,0,2026-09-27T02:05:19.615094Z,1.0,"[""csv""]"
104575,MyFigureList,https://myfigurelist.com/figure/104575/Tekken-8-Kazama-Jin-Mishima-Kazuya-Fist-Meets-Fate,Tekken 8 - Kazama Jin - Mishima Kazuya - Fist Meets Fate,,,Bandai Namco Entertainment Inc.,Anime Figure,2024-08-31,,,25,,https://cdn.myfigurelist.com/figure-images/af902602-8140-3626-9b83-ee69c9f72566/Tekken-8-Kazama-Jin-Mishima-Kazuya-Fist-Meets-Fate_e9726a9c-711e-38e2-a047-71eeffe5160e.jpg|https://cdn.myfigurelist.com/figure-images/af902602-8140-3626-9b83-ee69c9f72566/Tekken-8-Kazama-Jin-Mishima-Kazuya-Fist-Meets-Fate_78bf704b-bd53-3ecb-a359-a741618224af.jpg|https://cdn.myfigurelist.com/figure-images/af902602-8140-3626-9b83-ee69c9f72566/Tekken-8-Kazama-Jin-Mishima-Kazuya-Fist-Meets-Fate_6320ed22-fb09-3a4d-b491-cf140fac3370.jpg|https://cdn.myfigurelist.com/figure-images/af902602-8140-3626-9b83-ee69c9f72566/Tekken-8-Kazama-Jin-Mishima-Kazuya-Fist-Meets-Fate_c0fd6c15-1800-3b98-a755-4ec716d281fe.jpg|https://cdn.myfigurelist.com/figure-images/af902602-8140-3626-9b83-ee69c9f72566/Tekken-8-Kazama-Jin-Mishima-Kazuya-Fist-Meets-Fate_f4f904c6-9e1e-3ddc-8175-e4e80bbb0d78.jpg|https://cdn.myfigurelist.com/figure-images/af902602-8140-3626-9b83-ee69c9f72566/Tekken-8-Kazama-Jin-Mishima-Kazuya-Fist-Meets-Fate_44c3c647-c193-3965-bba3-aba232860f24.jpg|https://cdn.myfigurelist.com/figure-images/af902602-8140-3626-9b83-ee69c9f72566/Tekken-8-Kazama-Jin-Mishima-Kazuya-Fist-Meets-Fate_a1192eb2-63f1-30dc-98f5-53be4e2ef9e9.jpg|https://cdn.myfigurelist.com/figure-images/af902602-8140-3626-9b83-ee69c9f72566/Tekken-8-Kazama-Jin-Mishima-Kazuya-Fist-Meets-Fate_e655f0c2-05e6-35ea-9e74-09c96f29e10a.jpg|https://cdn.myfigurelist.com/figure-images/af902602-8140-3626-9b83-ee69c9f72566/Tekken-8-Kazama-Jin-Mishima-Kazuya-Fist-Meets-Fate_5f705aa9-2ec3-3f05-b223-2ac7f4ff32fa.jpg|https://cdn.myfigurelist.com/figure-images/af902602-8140-3626-9b83-ee69c9f72566/Tekken-8-Kazama-Jin-Mishima-Kazuya-Fist-Meets-Fate_e714c546-5ff9-3d1b-aeee-d2c83e44e607.jpg,[],32099,32099,32099,0,1,2026-09-27T02:05:20.937142Z,1.0,"[""csv""]"
109954,MyFigureList,https://myfigurelist.com/figure/109954/Date-A-Live-Tokisaki-Kurumi-1-7-Seifuku-ver,Date A Live - Tokisaki Kurumi - 1/7 - Seifuku ver.,,,GS Juukou,Scale Figure,2025-07-27,1/7,Shoppai Gensan,,,https://cdn.myfigurelist.com/figure-images/c4cad788-af2c-3842-8a8e-f9b6ac1cecfd/Date-A-Live-Tokisaki-Kurumi-1-7-Seifuku-ver_dc0a3fae-3959-356c-9549-7e90c0630088.jpg|https://cdn.myfigurelist.com/figure-images/c4cad788-af2c-3842-8a8e-f9b6ac1cecfd/Date-A-Live-Tokisaki-Kurumi-1-7-Seifuku-ver_3a335310-4f84-3d3c-b768-081f3f0cc6e2.jpg|https://cdn.myfigurelist.com/figure-images/c4cad788-af2c-3842-8a8e-f9b6ac1cecfd/Date-A-Live-Tokisaki-Kurumi-1-7-Seifuku-ver_e5cd2d30-28bc-3f10-bce3-585558e03b55.jpg,[],25000,25000,25000,0,1,2026-09-27T02:05:24.219445Z,1.0,"[""csv""]"
106677,MyFigureList,https://myfigurelist.com/figure/106677/BT21-Chimmy-Shooky-Ichiban-Kuji-Ichiban-Kuji-BT21-VAN-Park-C-Prize,BT21 - Chimmy - Shooky - Ichiban Kuji - Ichiban Kuji BT21 VAN Park  (C Prize),,,BANDAI SPIRITS,Anime Figure,2023-05-23,,,9,,https://cdn.myfigurelist.com/figure-images/b8488168-bd78-313f-800b-9603fa14f755/BT21-Chimmy-Shooky-Ichiban-Kuji-Ichiban-Kuji-BT21-VAN-Park-C-Prize_03b6f860-8167-31a9-8f63-53bd48e56af1.jpg,[],682,682,682,0,1,2026-09-27T02:05:26.313908Z,1.0,"[""csv""]"
99580,MyFigureList,https://myfigurelist.com/figure/99580/Kidou-Senshi-Gundam-SEED-Freedom-MDE262S-Proud-Defender-ZGMF-A-262DP-P-Mighty-Strike-Freedom-Gundam-Chogokin,Kidou Senshi Gundam SEED Freedom - MDE262S Proud Defender - ZGMF/A-262DP-P Mighty Strike Freedom Gundam - Chogokin,,,BANDAI SPIRITS,Anime Figure,2024-07-25,,,18,,https://cdn.myfigurelist.com/figure-images/9af41aa8-acf7-3e31-abc4-b9d42c112149/Kidou-Senshi-Gundam-SEED-Freedom-MDE262S-Proud-Defender-ZGMF-A-262DP-P-Mighty-Strike-Freedom-Gundam-Chogokin_c8040a4e-a178-32c5-819b-86683f71c5f0.jpg|https://cdn.myfigurelist.com/figure-images/9af41aa8-acf7-3e31-abc4-b9d42c112149/Kidou-Senshi-Gundam-SEED-Freedom-MDE262S-Proud-Defender-ZGMF-A-262DP-P-Mighty-Strike-Freedom-Gundam-Chogokin_7914e33e-10d1-351d-ab3a-995710dd410b.jpg|https://cdn.myfigurelist.com/figure-images/9af41aa8-acf7-3e31-abc4-b9d42c112149/Kidou-Senshi-Gundam-SEED-Freedom-MDE262S-Proud-Defender-ZGMF-A-262DP-P-Mighty-Strike-Freedom-Gundam-Chogokin_c367f4bf-ae95-3a02-8ed8-e69f047b8f44.jpg|https://cdn.myfigurelist.com/figure-images/9af41aa8-acf7-3e31-abc4-b9d42c112149/Kidou-Senshi-Gundam-SEED-Freedom-MDE262S-Proud-Defender-ZGMF-A-262DP-P-Mighty-Strike-Freedom-Gundam-Chogokin_7626f5dd-5d1a-3ecb-8ff5-2be9973c7d54.jpg|https://cdn.myfigurelist.com/figure-images/9af41aa8-acf7-3e31-abc4-b9d42c112149/Kidou-Senshi-Gundam-SEED-Freedom-MDE262S-Proud-Defender-ZGMF-A-262DP-P-Mighty-Strike-Freedom-Gundam-Chogokin_01244758-b883-3167-84c3-74aa19961755.jpg|https://cdn.myfigurelist.com/figure-images/9af41aa8-acf7-3e31-abc4-b9d42c112149/Kidou-Senshi-Gundam-SEED-Freedom-MDE262S-Proud-Defender-ZGMF-A-262DP-P-Mighty-Strike-Freedom-Gundam-Chogokin_d6b229a3-01c3-36bc-928e-065bbe32ddc6.jpg|https://cdn.myfigurelist.com/figure-images/9af41aa8-acf7-3e31-abc4-b9d42c112149/Kidou-Senshi-Gundam-SEED-Freedom-MDE262S-Proud-Defender-ZGMF-A-262DP-P-Mighty-Strike-Freedom-Gundam-Chogokin_ffa49d8a-1ca9-3274-86b5-13b6e5feead5.jpg|https://cdn.myfigurelist.com/figure-images/9af41aa8-acf7-3e31-abc4-b9d42c112149/Kidou-Senshi-Gundam-SEED-Freedom-MDE262S-Proud-Defender-ZGMF-A-262DP-P-Mighty-Strike-Freedom-Gundam-Chogokin_2dc7358d-2f80-37c3-ad27-86096a96d45c.jpg|https://cdn.myfigurelist.com/figure-images/9af41aa8-acf7-3e31-abc4-b9d42c112149/Kidou-Senshi-Gundam-SEED-Freedom-MDE262S-Proud-Defender-ZGMF-A-262DP-P-Mighty-Strike-Freedom-Gundam-Chogokin_daa1cc3e-6314-3505-8bb9-15d107921e7c.jpg|https://cdn.myfigurelist.com/figure-images/9af41aa8-acf7-3e31-abc4-b9d42c112149/Kidou-Senshi-Gundam-SEED-Freedom-MDE262S-Proud-Defender-ZGMF-A-262DP-P-Mighty-Strike-Freedom-Gundam-Chogokin_46755540-19ee-34f2-a5d1-27cd8835c3ec.jpg,[],33000,33000,33000,0,1,2026-09-27T02:05:28.232894Z,1.0,"[""csv""]"
44697,MyFigureList,https://myfigurelist.com/figure/44697/Evangelion-Shin-Gekijouban-Souryuu-Asuka-Langley-1-7,Evangelion Shin Gekijouban - Souryuu Asuka Langley - 1/7,,,Higata Naruyo,Scale Figure,2024-10-14,1/7,Higata Naruyo,23,,https://cdn.myfigurelist.com/figure-images/b2097135-f77d-3993-bc31-4dd4d95e71b5/Evangelion-Shin-Gekijouban-Souryuu-Asuka-Langley-1-7_bd40b69e-8c20-3465-b5b4-330374b7d290.jpg|https://cdn.myfigurelist.com/figure-images/b2097135-f77d-3993-bc31-4dd4d95e71b5/Evangelion-Shin-Gekijouban-Souryuu-Asuka-Langley-1-7_668614b7-5ada-360b-b0f9-6277aa54cda6.jpg|https://cdn.myfigurelist.com/figure-images/b2097135-f77d-3993-bc31-4dd4d95e71b5/Evangelion-Shin-Gekijouban-Souryuu-Asuka-Langley-1-7_f08daab7-9b8e-3c94-93e4-2c8f588dc411.jpg|https://cdn.myfigurelist.com/figure-images/b2097135-f77d-3993-bc31-4dd4d95e71b5/Evangelion-Shin-Gekijouban-Souryuu-Asuka-Langley-1-7_b0b58e3c-0863-33f5-b0e2-9678d474a705.jpg|https://cdn.myfigurelist.com/figure-images/b2097135-f77d-3993-bc31-4dd4d95e71b5/Evangelion-Shin-Gekijouban-Souryuu-Asuka-Langley-1-7_1c0b7598-debb-33ba-9752-d03de0f82eb9.jpg|https://cdn.myfigurelist.com/figure-images/b2097135-f77d-3993-bc31-4dd4d95e71b5/Evangelion-Shin-Gekijouban-Souryuu-Asuka-Langley-1-7_5a7ca228-f1f6-38c4-a567-d95fc440e6f3.jpg,[],20000,20000,20000,0,1,2026-09-27T02:05:29.789037Z,1.0,"[""csv""]"
125439,MyFigureList,https://myfigurelist.com/figure/125439/Rec-Onda-Aka-Moeart-Collection-1-6-Yellow,Rec - Onda Aka - Moeart Collection - 1/6 - Yellow,,,,Scale Figure,2006-10-01,1/6,Miyagawa Takeshi,25,,https://cdn.myfigurelist.com/figure-images/ddebd39e-ebe3-3537-9899-e78991438803/Rec-Onda-Aka-Moeart-Collection-1-6-Yellow_54f636bc-37c1-3214-8e10-690f64523ade.jpg,[],6800,6800,6800,0,1,2026-09-27T02:05:34.235949Z,1.0,"[""csv""]"
61112,MyFigureList,https://myfigurelist.com/figure/61112/Huggy-Good-Smile-Honkai-Star-Rail-Bubbles,Huggy Good Smile Honkai: Star Rail Bubbles,,,Good Smile Company,Scale Figure,2026-06-01,Non-Scale,TXX,6,,https://cdn.myfigurelist.com/figure-images/6617cdaa-4570-4f90-b650-61b4ea0a3c09/Huggy-Good-Smile-Honkai-Star-Rail-Bubbles_16566aa7-2d8a-4de7-a22f-a427a2096a6e.jpg|https://cdn.myfigurelist.com/figure-images/6617cdaa-4570-4f90-b650-61b4ea0a3c09/Huggy-Good-Smile-Honkai-Star-Rail-Bubbles_b9ef14cf-75e7-4326-bbd0-e6de925835f6.jpg|https://cdn.myfigurelist.com/figure-images/6617cdaa-4570-4f90-b650-61b4ea0a3c09/Huggy-Good-Smile-Honkai-Star-Rail-Bubbles_8481bbc4-54ae-458c-af1e-dfb9633e9f25.jpg|https://cdn.myfigurelist.com/figure-images/6617cdaa-4570-4f90-b650-61b4ea0a3c09/Huggy-Good-Smile-Honkai-Star-Rail-Bubbles_d6730fc1-6870-460e-bdb2-42baf6a1d328.jpg|https://cdn.myfigurelist.com/figure-images/6617cdaa-4570-4f90-b650-61b4ea0a3c09/Huggy-Good-Smile-Honkai-Star-Rail-Bubbles_1a96f1d4-94c7-428a-8a7b-d6afc90a2007.jpg,[],,,,0,0,2026-09-27T02:05:36.226431Z,1.0,"[""csv""]"
126040,MyFigureList,https://myfigurelist.com/figure/126040/Stella-Sora-Tyrant-Female-1-7-Complete-Figure,Stella Sora Tyrant (Female) 1/7 Complete Figure,,,Good Smile Arts Shanghai,Anime Figure,2027-11-01,,gasika,,,https://cdn.myfigurelist.com/figure-images/d4980747-e0aa-4d6e-bacb-47cba5e2c3b6/Stella-Sora-Tyrant-Female-1-7-Complete-Figure_93f5cc1b-0f1e-3b3e-8fc5-9c720dd3c512.jpg|https://cdn.myfigurelist.com/figure-images/d4980747-e0aa-4d6e-bacb-47cba5e2c3b6/Stella-Sora-Tyrant-Female-1-7-Complete-Figure_a5201f8f-a8e2-367a-9dab-f249057f68fa.jpg|https://cdn.myfigurelist.com/figure-images/d4980747-e0aa-4d6e-bacb-47cba5e2c3b6/Stella-Sora-Tyrant-Female-1-7-Complete-Figure_24e7a12d-4728-31ac-9dd7-7f2d75ee7536.jpg|https://cdn.myfigurelist.com/figure-images/d4980747-e0aa-4d6e-bacb-47cba5e2c3b6/Stella-Sora-Tyrant-Female-1-7-Complete-Figure_bfbcb616-e606-3e76-8967-4cfc76e6b891.jpg|https://cdn.myfigurelist.com/figure-images/d4980747-e0aa-4d6e-bacb-47cba5e2c3b6/Stella-Sora-Tyrant-Female-1-7-Complete-Figure_2a5b35ec-5d46-3d81-befc-7720f5265832.jpg|https://cdn.myfigurelist.com/figure-images/d4980747-e0aa-4d6e-bacb-47cba5e2c3b6/Stella-Sora-Tyrant-Female-1-7-Complete-Figure_94a0e1b4-4315-39ae-ab8c-45e81b2552ee.jpg|https://cdn.myfigurelist.com/figure-images/d4980747-e0aa-4d6e-bacb-47cba5e2c3b6/Stella-Sora-Tyrant-Female-1-7-Complete-Figure_13c756d3-4d49-398b-9f8e-9da9e94af1b2.jpg|https://cdn.myfigurelist.com/figure-images/d4980747-e0aa-4d6e-bacb-47cba5e2c3b6/Stella-Sora-Tyrant-Female-1-7-Complete-Figure_2ba3f136-9f82-3181-bf64-52ad33d534db.jpg|https://cdn.myfigurelist.com/figure-images/d4980747-e0aa-4d6e-bacb-47cba5e2c3b6/Stella-Sora-Tyrant-Female-1-7-Complete-Figure_56c08f77-4b85-3f9c-96a1-ea4279db958e.jpg|https://cdn.myfigurelist.com/figure-images/d4980747-e0aa-4d6e-bacb-47cba5e2c3b6/Stella-Sora-Tyrant-Female-1-7-Complete-Figure_daaa9c9a-285a-3bec-9d76-5a14a0ceaef1.jpg|https://cdn.myfigurelist.com/figure-images/d4980747-e0aa-4d6e-bacb-47cba5e2c3b6/Stella-Sora-Tyrant-Female-1-7-Complete-Figure_c905cead-8b7c-3024-9953-b9c3ebbde9fd.jpg,[],,,,0,0,2026-09-27T02:05:38.931676Z,1.0,"[""csv""]"
109957,MyFigureList,https://myfigurelist.com/figure/109957/Vinland-Saga-Thorfinn-1-6,Vinland Saga - Thorfinn - 1/6,,,Amps/Fast,Scale Figure,2024-07-28,1/6,Yi,,,https://cdn.myfigurelist.com/figure-images/c4cc37c4-87fa-3f2b-8850-442cabd1d82f/Vinland-Saga-Thorfinn-1-6_69e3e430-d249-31e0-a5c2-e0bfb717075d.jpg,[],15000,15000,15000,0,1,2026-09-27T02:05:40.294270Z,1.0,"[""csv""]"
34333,MyFigureList,https://myfigurelist.com/figure/34333/Shinobumonogatari-Oshino-Shinobu-EXQ-Figure-Nisioisin-Daijiten,Shinobumonogatari - Oshino Shinobu - EXQ Figure - Nisioisin Daijiten,,,Banpresto,Scale Figure,2018-12-27,1/8,,20,,https://cdn.myfigurelist.com/figure-images/46e7af8d-db6e-3d8f-af87-9d1c492a2556/Shinobumonogatari-Oshino-Shinobu-EXQ-Figure-Nisioisin-Daijiten_ac42ecb6-670b-3d54-af5d-7038fc05e284.jpg|https://cdn.myfigurelist.com/figure-images/46e7af8d-db6e-3d8f-af87-9d1c492a2556/Shinobumonogatari-Oshino-Shinobu-EXQ-Figure-Nisioisin-Daijiten_6c238764-48ee-371a-8989-929bde85485d.jpg|https://cdn.myfigurelist.com/figure-images/46e7af8d-db6e-3d8f-af87-9d1c492a2556/Shinobumonogatari-Oshino-Shinobu-EXQ-Figure-Nisioisin-Daijiten_75ae6572-1976-3442-8fb1-4b78c0efdbdd.jpg|https://cdn.myfigurelist.com/figure-images/46e7af8d-db6e-3d8f-af87-9d1c492a2556/Shinobumonogatari-Oshino-Shinobu-EXQ-Figure-Nisioisin-Daijiten_62f81204-6c84-33ca-afdc-4f589017b5b4.jpg,[],,,,0,0,2026-09-27T02:05:42.422105Z,1.0,"[""csv""]"
35543,MyFigureList,https://myfigurelist.com/figure/35543/Log-Horizon-Akatsuki,Log Horizon - Akatsuki,,,Kagerou Unmei,Scale Figure,2014-07-27,Non-Scale,,24,,https://cdn.myfigurelist.com/figure-images/44d07f9c-1ab1-352b-b5f4-08cc4858af49/Log-Horizon-Akatsuki_8da13250-443e-392b-8c23-208fc5ca250b.jpg,[],8000,8000,8000,0,1,2026-09-27T02:05:44.433297Z,1.0,"[""csv""]"
14361,MyFigureList,https://myfigurelist.com/figure/14361/Kiseki-Series-Rixia-Mao-1-8-Complete-Figure,Kiseki Series Rixia Mao 1/8 Complete Figure,,,Kotobukiya,Scale Figure,2023-03-01,1/8,Hirotoshi Nakamura,20,,https://cdn.myfigurelist.com/figure-images/4934054044108/Kiseki-Series-Rixia-Mao-1-8-Complete-Figure_ccdfefe1-f838-497d-8174-b4810e8d4895.jpg|https://cdn.myfigurelist.com/figure-images/4934054044108/Kiseki-Series-Rixia-Mao-1-8-Complete-Figure_4a874f95-11ef-4426-9688-2e01957377f3.jpg|https://cdn.myfigurelist.com/figure-images/4934054044108/Kiseki-Series-Rixia-Mao-1-8-Complete-Figure_9618f037-fe7b-4be8-9174-20f702ee8290.jpg|https://cdn.myfigurelist.com/figure-images/4934054044108/Kiseki-Series-Rixia-Mao-1-8-Complete-Figure_b9696092-37cf-49b9-b08c-46934c7cb252.jpg|https://cdn.myfigurelist.com/figure-images/4934054044108/Kiseki-Series-Rixia-Mao-1-8-Complete-Figure_9a19d458-176c-4507-b7d3-fff66337ea91.jpg|https://cdn.myfigurelist.com/figure-images/4934054044108/Kiseki-Series-Rixia-Mao-1-8-Complete-Figure_ce4c49d0-f52c-4335-bc5a-9e34e379dd7c.jpg|https://cdn.myfigurelist.com/figure-images/4934054044108/Kiseki-Series-Rixia-Mao-1-8-Complete-Figure_207e45d7-3161-4878-a50e-1b07ed140dee.jpg|https://cdn.myfigurelist.com/figure-images/4934054044108/Kiseki-Series-Rixia-Mao-1-8-Complete-Figure_5aa6ef6c-8825-4f9a-910e-e4ba73c38367.jpg|https://cdn.myfigurelist.com/figure-images/4934054044108/Kiseki-Series-Rixia-Mao-1-8-Complete-Figure_e17258cb-9c7c-4c36-8089-a9ebbbe2eec8.jpg|https://cdn.myfigurelist.com/figure-images/4934054044108/Kiseki-Series-Rixia-Mao-1-8-Complete-Figure_8e89e3b5-5a7c-47cf-bfd1-b3910eb69226.jpg|https://cdn.myfigurelist.com/figure-images/4934054044108/Kiseki-Series-Rixia-Mao-1-8-Complete-Figure_cc7e8464-360c-4e40-a183-177aa481c641.jpg|https://cdn.myfigurelist.com/figure-images/4934054044108/Kiseki-Series-Rixia-Mao-1-8-Complete-Figure_a86f68f6-02df-4eff-b101-362f233ebdbe.jpg|https://cdn.myfigurelist.com/figure-images/4934054044108/Kiseki-Series-Rixia-Mao-1-8-Complete-Figure_6eb09ef5-8ad8-490e-82ee-23505454fda2.jpg,[],,,,0,0,2026-09-27T02:05:45.807355Z,1.0,"[""csv""]"
49086,MyFigureList,https://myfigurelist.com/figure/49086/Dakaretai-Otoko-1-i-ni-Odosarete-Imasu-Saijou-Takato-Asterisk-Collection-Series-No019-1-6,Dakaretai Otoko 1-i ni Odosarete Imasu. - Saijou Takato - Asterisk Collection Series  (No.019) - 1/6,,,Azone,Scale Figure,2020-01-30,1/6,Chizuru,26,,https://cdn.myfigurelist.com/figure-images/6dd06a4f-b230-3064-9c6f-00c8c3c2911d/Dakaretai-Otoko-1-i-ni-Odosarete-Imasu-Saijou-Takato-Asterisk-Collection-Series-No019-1-6_61f16539-ca95-3fb5-b93b-65d947c26e49.jpg|https://cdn.myfigurelist.com/figure-images/6dd06a4f-b230-3064-9c6f-00c8c3c2911d/Dakaretai-Otoko-1-i-ni-Odosarete-Imasu-Saijou-Takato-Asterisk-Collection-Series-No019-1-6_124befc4-7366-3e36-a4aa-ac82cf566f0f.jpg|https://cdn.myfigurelist.com/figure-images/6dd06a4f-b230-3064-9c6f-00c8c3c2911d/Dakaretai-Otoko-1-i-ni-Odosarete-Imasu-Saijou-Takato-Asterisk-Collection-Series-No019-1-6_cacbb441-d41b-335e-a27b-03260694d1ee.jpg|https://cdn.myfigurelist.com/figure-images/6dd06a4f-b230-3064-9c6f-00c8c3c2911d/Dakaretai-Otoko-1-i-ni-Odosarete-Imasu-Saijou-Takato-Asterisk-Collection-Series-No019-1-6_1698b3ab-a155-3dcd-867a-73f3c37dceb7.jpg|https://cdn.myfigurelist.com/figure-images/6dd06a4f-b230-3064-9c6f-00c8c3c2911d/Dakaretai-Otoko-1-i-ni-Odosarete-Imasu-Saijou-Takato-Asterisk-Collection-Series-No019-1-6_c858c69a-86be-392b-ba3e-c17265caccd9.jpg|https://cdn.myfigurelist.com/figure-images/6dd06a4f-b230-3064-9c6f-00c8c3c2911d/Dakaretai-Otoko-1-i-ni-Odosarete-Imasu-Saijou-Takato-Asterisk-Collection-Series-No019-1-6_28070531-aa0a-34c9-b0f1-d8638fa4c48f.jpg|https://cdn.myfigurelist.com/figure-images/6dd06a4f-b230-3064-9c6f-00c8c3c2911d/Dakaretai-Otoko-1-i-ni-Odosarete-Imasu-Saijou-Takato-Asterisk-Collection-Series-No019-1-6_f33419af-518d-3e5c-b7e4-ad65c94d8ea7.jpg|https://cdn.myfigurelist.com/figure-images/6dd06a4f-b230-3064-9c6f-00c8c3c2911d/Dakaretai-Otoko-1-i-ni-Odosarete-Imasu-Saijou-Takato-Asterisk-Collection-Series-No019-1-6_07e9e68f-5295-3a28-9309-bec213d570f1.jpg|https://cdn.myfigurelist.com/figure-images/6dd06a4f-b230-3064-9c6f-00c8c3c2911d/Dakaretai-Otoko-1-i-ni-Odosarete-Imasu-Saijou-Takato-Asterisk-Collection-Series-No019-1-6_45045c0f-fe37-3840-872e-7f3a53a3474d.jpg,[],,,,0,0,2026-09-27T02:05:47.317647Z,1.0,"[""csv""]"
88235,MyFigureList,https://myfigurelist.com/figure/88235/Kamen-Rider-Ex-Aid-Real-Action-Heroes-No769-Real-Action-Heroes-Genesis-1-6-Action-Gamer-Level-2,Kamen Rider Ex-Aid - Real Action Heroes  (No.769) - Real Action Heroes Genesis - 1/6 - Action Gamer Level 2,,,Medicom Toy,Scale Figure,2017-11-30,1/6,Koguma Shimon,30,,https://cdn.myfigurelist.com/figure-images/6dd1a64a-8caf-38ee-947e-5cfab4e3b48c/Kamen-Rider-Ex-Aid-Real-Action-Heroes-No769-Real-Action-Heroes-Genesis-1-6-Action-Gamer-Level-2_627bbc09-fffe-3eec-8d33-301acaa9b266.jpg|https://cdn.myfigurelist.com/figure-images/6dd1a64a-8caf-38ee-947e-5cfab4e3b48c/Kamen-Rider-Ex-Aid-Real-Action-Heroes-No769-Real-Action-Heroes-Genesis-1-6-Action-Gamer-Level-2_f7ce00db-88d8-37b1-9e1c-a88deabbfb52.jpg|https://cdn.myfigurelist.com/figure-images/6dd1a64a-8caf-38ee-947e-5cfab4e3b48c/Kamen-Rider-Ex-Aid-Real-Action-Heroes-No769-Real-Action-Heroes-Genesis-1-6-Action-Gamer-Level-2_18a00798-b4fa-3e75-a696-d29d4deade39.jpg|https://cdn.myfigurelist.com/figure-images/6dd1a64a-8caf-38ee-947e-5cfab4e3b48c/Kamen-Rider-Ex-Aid-Real-Action-Heroes-No769-Real-Action-Heroes-Genesis-1-6-Action-Gamer-Level-2_630896b1-c349-3e53-91a6-37845e13d4ab.jpg|https://cdn.myfigurelist.com/figure-images/6dd1a64a-8caf-38ee-947e-5cfab4e3b48c/Kamen-Rider-Ex-Aid-Real-Action-Heroes-No769-Real-Action-Heroes-Genesis-1-6-Action-Gamer-Level-2_b5c08a70-ef03-3fcd-a5f2-b4be49e13e9c.jpg|https://cdn.myfigurelist.com/figure-images/6dd1a64a-8caf-38ee-947e-5cfab4e3b48c/Kamen-Rider-Ex-Aid-Real-Action-Heroes-No769-Real-Action-Heroes-Genesis-1-6-Action-Gamer-Level-2_8916fccd-e048-3f6d-8d49-2ba2a09a78c1.jpg|https://cdn.myfigurelist.com/figure-images/6dd1a64a-8caf-38ee-947e-5cfab4e3b48c/Kamen-Rider-Ex-Aid-Real-Action-Heroes-No769-Real-Action-Heroes-Genesis-1-6-Action-Gamer-Level-2_4b0471fa-75bd-32e4-b491-369502dd56c2.jpg|https://cdn.myfigurelist.com/figure-images/6dd1a64a-8caf-38ee-947e-5cfab4e3b48c/Kamen-Rider-Ex-Aid-Real-Action-Heroes-No769-Real-Action-Heroes-Genesis-1-6-Action-Gamer-Level-2_644f9b49-fa8c-3910-b5ef-97fc9d903c48.jpg|https://cdn.myfigurelist.com/figure-images/6dd1a64a-8caf-38ee-947e-5cfab4e3b48c/Kamen-Rider-Ex-Aid-Real-Action-Heroes-No769-Real-Action-Heroes-Genesis-1-6-Action-Gamer-Level-2_c2d1484b-986b-3829-a040-a9f8f16d317d.jpg|https://cdn.myfigurelist.com/figure-images/6dd1a64a-8caf-38ee-947e-5cfab4e3b48c/Kamen-Rider-Ex-Aid-Real-Action-Heroes-No769-Real-Action-Heroes-Genesis-1-6-Action-Gamer-Level-2_f6bef11f-6ffc-3b7e-a4be-af869d688f41.jpg|https://cdn.myfigurelist.com/figure-images/6dd1a64a-8caf-38ee-947e-5cfab4e3b48c/Kamen-Rider-Ex-Aid-Real-Action-Heroes-No769-Real-Action-Heroes-Genesis-1-6-Action-Gamer-Level-2_8bccc485-5db0-38da-9232-12a56e6c7f9a.jpg|https://cdn.myfigurelist.com/figure-images/6dd1a64a-8caf-38ee-947e-5cfab4e3b48c/Kamen-Rider-Ex-Aid-Real-Action-Heroes-No769-Real-Action-Heroes-Genesis-1-6-Action-Gamer-Level-2_7d00734c-2f8e-3d90-8258-da2d1b71109a.jpg|https://cdn.myfigurelist.com/figure-images/6dd1a64a-8caf-38ee-947e-5cfab4e3b48c/Kamen-Rider-Ex-Aid-Real-Action-Heroes-No769-Real-Action-Heroes-Genesis-1-6-Action-Gamer-Level-2_72b1d97f-f226-3dc4-ae3e-5e17c8e1f4c2.jpg|https://cdn.myfigurelist.com/figure-images/6dd1a64a-8caf-38ee-947e-5cfab4e3b48c/Kamen-Rider-Ex-Aid-Real-Action-Heroes-No769-Real-Action-Heroes-Genesis-1-6-Action-Gamer-Level-2_892b1696-32a4-339a-a99a-577c19d1bce0.jpg|https://cdn.myfigurelist.com/figure-images/6dd1a64a-8caf-38ee-947e-5cfab4e3b48c/Kamen-Rider-Ex-Aid-Real-Action-Heroes-No769-Real-Action-Heroes-Genesis-1-6-Action-Gamer-Level-2_af956342-c8b7-38aa-a9b7-7116f52f12e3.jpg,[],,,,0,0,2026-09-27T02:05:50.652632Z,1.0,"[""csv""]"
110283,MyFigureList,https://myfigurelist.com/figure/110283/Pocket-Monsters-Gekkouga-Prime-Figure-Mini-Satoshi-Gekkouga,Pocket Monsters - Gekkouga - Prime Figure Mini - Satoshi Gekkouga,,,Funism,Anime Figure,2023-08-04,,,10,,https://cdn.myfigurelist.com/figure-images/c6832707-ba28-3fb0-8ea1-c838da1901fa/Pocket-Monsters-Gekkouga-Prime-Figure-Mini-Satoshi-Gekkouga_01f3431d-d91a-346d-90b9-c931ae01482c.jpg|https://cdn.myfigurelist.com/figure-images/c6832707-ba28-3fb0-8ea1-c838da1901fa/Pocket-Monsters-Gekkouga-Prime-Figure-Mini-Satoshi-Gekkouga_e9974f5c-4693-3452-87c5-87a0e77d98a1.jpg,[],1369,1369,1369,0,1,2026-09-27T02:05:52.437406Z,1.0,"[""csv""]"
103502,MyFigureList,https://myfigurelist.com/figure/103502/Outlanders-Kahm-EGG-Company-New-line-series-1-10,Outlanders - Kahm - EGG Company New-line series - 1/10,,,Egg Company,Scale Figure,1987-02-01,1/10,Akiyama Tetsuo,16,,https://cdn.myfigurelist.com/figure-images/ab3653bb-8693-360c-99d0-cd432d3fd7b9/Outlanders-Kahm-EGG-Company-New-line-series-1-10_3830fe40-e7b9-34df-bb8d-aaccb831111b.jpg|https://cdn.myfigurelist.com/figure-images/ab3653bb-8693-360c-99d0-cd432d3fd7b9/Outlanders-Kahm-EGG-Company-New-line-series-1-10_2b99e602-7916-3739-b38f-d23092ee7cee.jpg|https://cdn.myfigurelist.com/figure-images/ab3653bb-8693-360c-99d0-cd432d3fd7b9/Outlanders-Kahm-EGG-Company-New-line-series-1-10_a33bd7a3-3d0d-38c9-b36e-37075b9bedcd.jpg,[],3000,3000,3000,0,1,2026-09-27T02:05:55.454242Z,1.0,"[""csv""]"
8026,MyFigureList,https://myfigurelist.com/figure/8026/Lineage-II-Dwarf-Complete-Figure,Lineage II - Dwarf Complete Figure,,,OrchidSeed,Scale Figure,2011-01-01,Non-Scale,OSIRIS,21,,https://cdn.myfigurelist.com/figure-images/4582292600787/Lineage-II-Dwarf-Complete-Figure_f13d200e-4d8e-498e-a9e5-b322eab31d6d.jpg|https://cdn.myfigurelist.com/figure-images/4582292600787/Lineage-II-Dwarf-Complete-Figure_b721270c-4f0a-4a66-a018-fbdc46859eac.jpg|https://cdn.myfigurelist.com/figure-images/4582292600787/Lineage-II-Dwarf-Complete-Figure_25f73867-c8d7-4095-b02d-a0df11bceaa3.jpg|https://cdn.myfigurelist.com/figure-images/4582292600787/Lineage-II-Dwarf-Complete-Figure_84150130-1398-4eba-b8ea-fdb8411507ae.jpg|https://cdn.myfigurelist.com/figure-images/4582292600787/Lineage-II-Dwarf-Complete-Figure_b489872b-6dbb-4762-9702-0fbf2dcb6464.jpg|https://cdn.myfigurelist.com/figure-images/4582292600787/Lineage-II-Dwarf-Complete-Figure_9c3350cb-1ef5-4581-a61b-0844f71c1fac.jpg|https://cdn.myfigurelist.com/figure-images/4582292600787/Lineage-II-Dwarf-Complete-Figure_70ab28ba-d3af-4a75-b060-c809c93a57e0.jpg|https://cdn.myfigurelist.com/figure-images/4582292600787/Lineage-II-Dwarf-Complete-Figure_36c2a293-e81e-4414-91dd-dec0217ab128.jpg|https://cdn.myfigurelist.com/figure-images/4582292600787/Lineage-II-Dwarf-Complete-Figure_2b981b39-2bfe-45bc-b0e3-ee48c56926c4.jpg|https://cdn.myfigurelist.com/figure-images/4582292600787/Lineage-II-Dwarf-Complete-Figure_653c5908-11aa-48e8-9812-b4ef18dd5882.jpg|https://cdn.myfigurelist.com/figure-images/4582292600787/Lineage-II-Dwarf-Complete-Figure_70e56d41-9099-4d13-b561-1fce9a6421d2.jpg|https://cdn.myfigurelist.com/figure-images/4582292600787/Lineage-II-Dwarf-Complete-Figure_4088d5cc-f6f6-4627-8053-bac0bf5335f5.jpg|https://cdn.myfigurelist.com/figure-images/4582292600787/Lineage-II-Dwarf-Complete-Figure_1bfc8516-ca5d-49db-b490-068053a6030d.jpg|https://cdn.myfigurelist.com/figure-images/4582292600787/Lineage-II-Dwarf-Complete-Figure_3e2fdb92-e435-49bb-a6f6-6a373eb49457.jpg|https://cdn.myfigurelist.com/figure-images/4582292600787/Lineage-II-Dwarf-Complete-Figure_9b4946b5-54f3-4f8e-b565-dca1188b2678.jpg|https://cdn.myfigurelist.com/figure-images/4582292600787/Lineage-II-Dwarf-Complete-Figure_a7003888-6013-481f-b04f-edbb419760d6.jpg|https://cdn.myfigurelist.com/figure-images/4582292600787/Lineage-II-Dwarf-Complete-Figure_1f7042b1-72e3-4444-abdf-f65822040c27.jpg|https://cdn.myfigurelist.com/figure-images/4582292600787/Lineage-II-Dwarf-Complete-Figure_9219a1fe-d326-4d2d-ad24-00ffb188d589.jpg|https://cdn.myfigurelist.com/figure-images/4582292600787/Lineage-II-Dwarf-Complete-Figure_641c49d6-17be-442a-ba27-dd9365bbd69c.jpg|https://cdn.myfigurelist.com/figure-images/4582292600787/Lineage-II-Dwarf-Complete-Figure_bd386d2a-43d8-45cf-bd3f-d810b2f3b7ad.jpg|https://cdn.myfigurelist.com/figure-images/4582292600787/Lineage-II-Dwarf-Complete-Figure_1bdddb1b-4e40-4ee9-bb43-71f5ad8ce458.jpg|https://cdn.myfigurelist.com/figure-images/4582292600787/Lineage-II-Dwarf-Complete-Figure_52c963a0-9ee6-435a-bf41-005456e97b88.jpg|https://cdn.myfigurelist.com/figure-images/4582292600787/Lineage-II-Dwarf-Complete-Figure_5f14b5b0-ecee-4b5d-b066-f13bfeeeb021.jpg|https://cdn.myfigurelist.com/figure-images/4582292600787/Lineage-II-Dwarf-Complete-Figure_c131be4a-01cd-4b29-a50e-9680b9882a33.jpg|https://cdn.myfigurelist.com/figure-images/4582292600787/Lineage-II-Dwarf-Complete-Figure_4a38d46e-0bce-46b4-a854-27b9c7e3ecef.jpg|https://cdn.myfigurelist.com/figure-images/4582292600787/Lineage-II-Dwarf-Complete-Figure_4ee9e798-d600-4ea2-ad98-549f1e9dd5e6.jpg|https://cdn.myfigurelist.com/figure-images/4582292600787/Lineage-II-Dwarf-Complete-Figure_91ca7377-de25-4a83-a16b-bad5ad4f5054.jpg,[],,,,0,0,2026-09-27T02:05:56.699820Z,1.0,"[""csv""]"
38629,MyFigureList,https://myfigurelist.com/figure/38629/Doujin-Figure-Usa-Bani-chan-Red,Doujin Figure - Usa Bani-chan - Red,,,Milteage,Scale Figure,2023-07-01,Non-Scale,,14,,https://cdn.myfigurelist.com/figure-images/5c5c2b4f-8141-3193-acc9-6f7d4ff1cf17/Doujin-Figure-Usa-Bani-chan-Red_409b9c9c-27a4-3d3c-99cf-a151dee51664.jpg|https://cdn.myfigurelist.com/figure-images/5c5c2b4f-8141-3193-acc9-6f7d4ff1cf17/Doujin-Figure-Usa-Bani-chan-Red_d536ce8f-9405-3edd-bb84-7ec18372df4a.jpg|https://cdn.myfigurelist.com/figure-images/5c5c2b4f-8141-3193-acc9-6f7d4ff1cf17/Doujin-Figure-Usa-Bani-chan-Red_3a059163-4cef-332f-8cb4-1b8dd8f75426.jpg|https://cdn.myfigurelist.com/figure-images/5c5c2b4f-8141-3193-acc9-6f7d4ff1cf17/Doujin-Figure-Usa-Bani-chan-Red_7e7118b2-1388-3fdc-acb6-c0ba752196cc.jpg,[],35000,35000,35000,0,1,2026-09-27T02:05:58.445296Z,1.0,"[""csv""]"
79924,MyFigureList,https://myfigurelist.com/figure/79924/I-Love-Yoo-Shin-Ae-Yoo-Webtoon-x-Youtooz-1-Youtooz,I Love Yoo - Shin-Ae Yoo - Webtoon x Youtooz  (#1) - Youtooz,,,Youtooz,Anime Figure,2023-05-01,,,,,https://cdn.myfigurelist.com/figure-images/46eb2d1c-36d1-338e-843c-d7703ca6ecd2/I-Love-Yoo-Shin-Ae-Yoo-Webtoon-x-Youtooz-1-Youtooz_da11f542-39bd-313d-9a8a-bd6f298e8d79.jpg|https://cdn.myfigurelist.com/figure-images/46eb2d1c-36d1-338e-843c-d7703ca6ecd2/I-Love-Yoo-Shin-Ae-Yoo-Webtoon-x-Youtooz-1-Youtooz_ef50c502-1e5f-39c7-9c9c-d342d4c726fe.jpg|https://cdn.myfigurelist.com/figure-images/46eb2d1c-36d1-338e-843c-d7703ca6ecd2/I-Love-Yoo-Shin-Ae-Yoo-Webtoon-x-Youtooz-1-Youtooz_de5dbe8d-8c25-3fcc-ab7d-f5de0fd2b8e3.jpg,[],4111,4111,4111,0,1,2026-09-27T02:06:06.047552Z,1.0,"[""csv""]"
101626,MyFigureList,https://myfigurelist.com/figure/101626/Golden-Axe-Skeleton-1-12-Gold-ver,Golden Axe - Skeleton - 1/12 - Gold ver.,,,Storm Collectibles,Scale Figure,2021-07-23,1/12,,18,,https://cdn.myfigurelist.com/figure-images/a3a8492b-0065-3c6d-b6ec-20cba5133d7e/Golden-Axe-Skeleton-1-12-Gold-ver_50143cf2-1729-3a68-af5e-552064652472.jpg|https://cdn.myfigurelist.com/figure-images/a3a8492b-0065-3c6d-b6ec-20cba5133d7e/Golden-Axe-Skeleton-1-12-Gold-ver_a8e03076-4d66-3ca8-b5a7-5ef19eb68597.jpg,[],7300,7300,7300,0,1,2026-09-27T02:06:08.003840Z,1.0,"[""csv""]"
89422,MyFigureList,https://myfigurelist.com/figure/89422/Mighty-Morphin-Power-Rangers-Red-Ranger-Tamashii-Buddies,Mighty Morphin Power Rangers - Red Ranger - Tamashii Buddies,,,Bandai,Anime Figure,2017-03-01,,,9,,https://cdn.myfigurelist.com/figure-images/6dd2dfcc-53a1-3ad1-bb9c-c13576410122/Mighty-Morphin-Power-Rangers-Red-Ranger-Tamashii-Buddies_cd3cafab-e276-3534-b5bc-9a641ff020c1.jpg,[],1500,1500,1500,0,1,2026-09-27T02:06:13.025942Z,1.0,"[""csv""]"
15397,MyFigureList,https://myfigurelist.com/figure/15397/Apex-Legends-6-Inch-Figure-Pathfinder-Team-Lift,Apex Legends 6 Inch Figure Pathfinder (Team Lift),,,JAKKS Pacific,Scale Figure,2021-08-01,Non-Scale,,15,,https://cdn.myfigurelist.com/figure-images/4573272524704/Apex-Legends-6-Inch-Figure-Pathfinder-Team-Lift_319392bf-49e9-4e3a-af6e-d07e7c0ad8b4.jpg|https://cdn.myfigurelist.com/figure-images/4573272524704/Apex-Legends-6-Inch-Figure-Pathfinder-Team-Lift_e47fa5e1-111b-415c-bb4f-79c66e4bdf7a.jpg|https://cdn.myfigurelist.com/figure-images/4573272524704/Apex-Legends-6-Inch-Figure-Pathfinder-Team-Lift_fc59e0a6-3b56-46e3-9c1a-a79bb4d91cde.jpg|https://cdn.myfigurelist.com/figure-images/4573272524704/Apex-Legends-6-Inch-Figure-Pathfinder-Team-Lift_34067a5d-c68a-4276-8553-87a9969017c4.jpg|https://cdn.myfigurelist.com/figure-images/4573272524704/Apex-Legends-6-Inch-Figure-Pathfinder-Team-Lift_9f50dcb0-c9e6-4da6-81b2-d95384da1ca3.jpg,[],,,,0,0,2026-09-27T02:06:14.577697Z,1.0,"[""csv""]"
89426,MyFigureList,https://myfigurelist.com/figure/89426/THE-iDOLMSTER-Cinderella-Girls-Ebihara-Naho-Kanzaki-Ranko-Kohinata-Miho-The-Bus-Collection-1-150,THE iDOLM@STER Cinderella Girls - Ebihara Naho - Kanzaki Ranko - Kohinata Miho - The Bus Collection - 1/150,,,Tomytec,Scale Figure,2023-07-31,1/150,,,,https://cdn.myfigurelist.com/figure-images/6dd5be41-d5ce-3840-94b7-8493ad24f0e9/THE-iDOLMSTER-Cinderella-Girls-Ebihara-Naho-Kanzaki-Ranko-Kohinata-Miho-The-Bus-Collection-1-150_ec6b623c-69eb-326d-b753-6c5be24fa73c.jpg,[],,,,0,0,2026-09-27T02:06:16.414934Z,1.0,"[""csv""]"
49856,MyFigureList,https://myfigurelist.com/figure/49856/SteinsGate-Faris-Nyannyan-1-6,Steins;Gate - Faris Nyannyan - 1/6,,,,Scale Figure,2011-07-24,1/6,Kuga Hiroki,27,,https://cdn.myfigurelist.com/figure-images/33af5283-64c8-3e46-ade0-daa68dc3995c/SteinsGate-Faris-Nyannyan-1-6_3e80df3e-ae7d-3362-9aad-1d0989f8a577.jpg|https://cdn.myfigurelist.com/figure-images/33af5283-64c8-3e46-ade0-daa68dc3995c/SteinsGate-Faris-Nyannyan-1-6_59ace059-04e9-3961-8f88-27e5fba9ed01.jpg|https://cdn.myfigurelist.com/figure-images/33af5283-64c8-3e46-ade0-daa68dc3995c/SteinsGate-Faris-Nyannyan-1-6_0f275d9d-c410-34db-92f7-2a603a7d1337.jpg|https://cdn.myfigurelist.com/figure-images/33af5283-64c8-3e46-ade0-daa68dc3995c/SteinsGate-Faris-Nyannyan-1-6_3a2a6896-bf8f-3a53-8f6b-85cea9a28e13.jpg|https://cdn.myfigurelist.com/figure-images/33af5283-64c8-3e46-ade0-daa68dc3995c/SteinsGate-Faris-Nyannyan-1-6_0be2b620-8e3b-3d70-a53e-048af9456651.jpg|https://cdn.myfigurelist.com/figure-images/33af5283-64c8-3e46-ade0-daa68dc3995c/SteinsGate-Faris-Nyannyan-1-6_ef2178f0-039a-371a-a714-d0836fbcc633.jpg|https://cdn.myfigurelist.com/figure-images/33af5283-64c8-3e46-ade0-daa68dc3995c/SteinsGate-Faris-Nyannyan-1-6_85ca5c20-acea-320c-a03d-5fd535f19662.jpg|https://cdn.myfigurelist.com/figure-images/33af5283-64c8-3e46-ade0-daa68dc3995c/SteinsGate-Faris-Nyannyan-1-6_b999d8f1-b6f0-3304-b700-3f3a7b620390.jpg|https://cdn.myfigurelist.com/figure-images/33af5283-64c8-3e46-ade0-daa68dc3995c/SteinsGate-Faris-Nyannyan-1-6_e2862c42-eace-390a-b26c-246e3ae81f99.jpg,[],10000,10000,10000,0,1,2026-09-27T02:06:18.423327Z,1.0,"[""csv""]"
89423,MyFigureList,https://myfigurelist.com/figure/89423/Infini-T-Force-Hurricane-Polymar-Bandai-Shokugan-Shodo-Shodo-Infini-T-Force-Complete-Edition,Infini-T Force - Hurricane Polymar - Bandai Shokugan - Shodo - Shodo Infini-T Force Complete Edition,,,Bandai,Anime Figure,2018-06-27,,,10,,https://cdn.myfigurelist.com/figure-images/6dd30d33-275d-33f4-979a-8066c47001b7/Infini-T-Force-Hurricane-Polymar-Bandai-Shokugan-Shodo-Shodo-Infini-T-Force-Complete-Edition_4b04d7b1-8268-3151-a86e-023fc5fa8b19.jpg,[],4600,4600,4600,0,1,2026-09-27T02:06:20.530364Z,1.0,"[""csv""]"
43301,MyFigureList,https://myfigurelist.com/figure/43301/Goddess-of-Victory-Nikke-Elegg-Doujin-Figure,Goddess of Victory: Nikke - Elegg - Doujin Figure,,,Studio Sunflower,Scale Figure,2024-07-01,Non-Scale,Sunflower,21,,https://cdn.myfigurelist.com/figure-images/ac52fb33-2477-342f-b8e2-b8c9899691bf/Goddess-of-Victory-Nikke-Elegg-Doujin-Figure_e95961e0-9e14-33de-90c0-935e0ae1f2ea.jpg|https://cdn.myfigurelist.com/figure-images/ac52fb33-2477-342f-b8e2-b8c9899691bf/Goddess-of-Victory-Nikke-Elegg-Doujin-Figure_7434d1f1-960a-3a67-821f-adf6ffe96c86.jpg|https://cdn.myfigurelist.com/figure-images/ac52fb33-2477-342f-b8e2-b8c9899691bf/Goddess-of-Victory-Nikke-Elegg-Doujin-Figure_e830003d-2062-3ed6-afdd-7979c2260cbc.jpg|https://cdn.myfigurelist.com/figure-images/ac52fb33-2477-342f-b8e2-b8c9899691bf/Goddess-of-Victory-Nikke-Elegg-Doujin-Figure_b9b340b0-88d9-390b-a716-5e4c8c16cb02.jpg|https://cdn.myfigurelist.com/figure-images/ac52fb33-2477-342f-b8e2-b8c9899691bf/Goddess-of-Victory-Nikke-Elegg-Doujin-Figure_1ee111ef-2c86-309e-b682-7fa261616489.jpg|https://cdn.myfigurelist.com/figure-images/ac52fb33-2477-342f-b8e2-b8c9899691bf/Goddess-of-Victory-Nikke-Elegg-Doujin-Figure_bdffbbd2-5df9-3f6e-afff-eb4babed0429.jpg|https://cdn.myfigurelist.com/figure-images/ac52fb33-2477-342f-b8e2-b8c9899691bf/Goddess-of-Victory-Nikke-Elegg-Doujin-Figure_867ca20e-8eca-35c2-93c7-6588c8f280f4.jpg,[],71818,71818,71818,0,1,2026-09-27T02:06:22.320190Z,1.0,"[""csv""]"
14131,MyFigureList,https://myfigurelist.com/figure/14131/The-Untamed-Tenka-Musou-Figure-Lan-Wangji-Complete-Figure,The Untamed Tenka Musou Figure Lan Wangji Complete Figure,,,NewStyle Media Group(NSMG),Scale Figure,2023-12-01,Non-Scale,Takeshi Miyakawa,34,,https://cdn.myfigurelist.com/figure-images/6972837223874/The-Untamed-Tenka-Musou-Figure-Lan-Wangji-Complete-Figure_a7b89d6f-f3a9-4da8-a6a2-57ecb2f0ab6c.jpg|https://cdn.myfigurelist.com/figure-images/6972837223874/The-Untamed-Tenka-Musou-Figure-Lan-Wangji-Complete-Figure_12823d46-7d36-4075-8df5-170bbf935bc9.jpg|https://cdn.myfigurelist.com/figure-images/6972837223874/The-Untamed-Tenka-Musou-Figure-Lan-Wangji-Complete-Figure_b0327cf5-5361-4050-9b82-dc97335f7a45.jpg|https://cdn.myfigurelist.com/figure-images/6972837223874/The-Untamed-Tenka-Musou-Figure-Lan-Wangji-Complete-Figure_cbf6f7fd-9ac5-4ea6-9a35-aeba71f99ea9.jpg|https://cdn.myfigurelist.com/figure-images/6972837223874/The-Untamed-Tenka-Musou-Figure-Lan-Wangji-Complete-Figure_6945e4dc-1014-4b28-920d-6718f26e4120.jpg|https://cdn.myfigurelist.com/figure-images/6972837223874/The-Untamed-Tenka-Musou-Figure-Lan-Wangji-Complete-Figure_3b341112-5e79-4cb9-8920-14143004088d.jpg|https://cdn.myfigurelist.com/figure-images/6972837223874/The-Untamed-Tenka-Musou-Figure-Lan-Wangji-Complete-Figure_6204f8a3-0ac1-4abd-8b47-2c98ffd74f31.jpg|https://cdn.myfigurelist.com/figure-images/6972837223874/The-Untamed-Tenka-Musou-Figure-Lan-Wangji-Complete-Figure_40376b8b-c883-4506-a9a9-0021bccb4e34.jpg,[],,,,0,0,2026-09-27T02:06:24.282277Z,1.0,"[""csv""]"
121190,MyFigureList,https://myfigurelist.com/figure/121190/Kurogane-no-Linebarrels-Linebarrel-ALMecha-1-100,Kurogane no Linebarrels - Linebarrel - ALMecha - 1/100,,,Alter,Scale Figure,2010-05-01,1/100,Miura Osami,20,,https://cdn.myfigurelist.com/figure-images/f499dd26-8e2b-3fc6-8e1c-5e48adf6317d/Kurogane-no-Linebarrels-Linebarrel-ALMecha-1-100_dbba4c07-e927-33e4-ab68-dc84487dca4b.jpg|https://cdn.myfigurelist.com/figure-images/f499dd26-8e2b-3fc6-8e1c-5e48adf6317d/Kurogane-no-Linebarrels-Linebarrel-ALMecha-1-100_65a8182e-cd76-31b0-9cfc-90bf64996c1a.jpg|https://cdn.myfigurelist.com/figure-images/f499dd26-8e2b-3fc6-8e1c-5e48adf6317d/Kurogane-no-Linebarrels-Linebarrel-ALMecha-1-100_2ef2e4ac-f260-374b-a956-1867decc069d.jpg|https://cdn.myfigurelist.com/figure-images/f499dd26-8e2b-3fc6-8e1c-5e48adf6317d/Kurogane-no-Linebarrels-Linebarrel-ALMecha-1-100_4b1ad49a-694e-3f47-9775-72332b546170.jpg|https://cdn.myfigurelist.com/figure-images/f499dd26-8e2b-3fc6-8e1c-5e48adf6317d/Kurogane-no-Linebarrels-Linebarrel-ALMecha-1-100_9af993d3-69cc-3175-b6ad-6fd46abe3a99.jpg|https://cdn.myfigurelist.com/figure-images/f499dd26-8e2b-3fc6-8e1c-5e48adf6317d/Kurogane-no-Linebarrels-Linebarrel-ALMecha-1-100_fa94ba48-06e3-33d0-90b5-742e3df20b54.jpg|https://cdn.myfigurelist.com/figure-images/f499dd26-8e2b-3fc6-8e1c-5e48adf6317d/Kurogane-no-Linebarrels-Linebarrel-ALMecha-1-100_c8094deb-1cc9-38a0-9b50-167f30b82423.jpg|https://cdn.myfigurelist.com/figure-images/f499dd26-8e2b-3fc6-8e1c-5e48adf6317d/Kurogane-no-Linebarrels-Linebarrel-ALMecha-1-100_a6751172-54cb-35ac-bc05-5d5a5a4a9161.jpg|https://cdn.myfigurelist.com/figure-images/f499dd26-8e2b-3fc6-8e1c-5e48adf6317d/Kurogane-no-Linebarrels-Linebarrel-ALMecha-1-100_cd1bf52a-107b-30ec-bd71-ba3e8fee5188.jpg|https://cdn.myfigurelist.com/figure-images/f499dd26-8e2b-3fc6-8e1c-5e48adf6317d/Kurogane-no-Linebarrels-Linebarrel-ALMecha-1-100_12fcb1d0-2675-35c6-9965-7f34f6f23521.jpg|https://cdn.myfigurelist.com/figure-images/f499dd26-8e2b-3fc6-8e1c-5e48adf6317d/Kurogane-no-Linebarrels-Linebarrel-ALMecha-1-100_f5432dca-90b3-3e43-be6e-5aea058a6bed.jpg|https://cdn.myfigurelist.com/figure-images/f499dd26-8e2b-3fc6-8e1c-5e48adf6317d/Kurogane-no-Linebarrels-Linebarrel-ALMecha-1-100_e1f116c9-299d-3109-b613-037b878c1a0f.jpg|https://cdn.myfigurelist.com/figure-images/f499dd26-8e2b-3fc6-8e1c-5e48adf6317d/Kurogane-no-Linebarrels-Linebarrel-ALMecha-1-100_9432f270-0eee-3bd1-8186-21647db31791.jpg|https://cdn.myfigurelist.com/figure-images/f499dd26-8e2b-3fc6-8e1c-5e48adf6317d/Kurogane-no-Linebarrels-Linebarrel-ALMecha-1-100_96f7bf07-7fe3-3e64-96fc-8b077491f7ef.jpg,[],24800,24800,24800,0,1,2026-09-27T02:06:25.897854Z,1.0,"[""csv""]"
19196,MyFigureList,https://myfigurelist.com/figure/19196/Ayakashi-Triangle-Suzu-Kanade-1-7-Complete-Figure,Ayakashi Triangle Suzu Kanade 1/7 Complete Figure,,,Phat Company,Scale Figure,2025-01-01,1/7,Yusuke Masaki,25,,https://cdn.myfigurelist.com/figure-images/4580678969466/Ayakashi-Triangle-Suzu-Kanade-1-7-Complete-Figure_665b282e-9cc9-4219-9d30-3cd450aa0fc3.jpg|https://cdn.myfigurelist.com/figure-images/4580678969466/Ayakashi-Triangle-Suzu-Kanade-1-7-Complete-Figure_96418c94-b87b-44cb-a241-b799e2f78aad.jpg|https://cdn.myfigurelist.com/figure-images/4580678969466/Ayakashi-Triangle-Suzu-Kanade-1-7-Complete-Figure_d570d7e2-d21d-4810-86d1-54d8055a6f10.jpg|https://cdn.myfigurelist.com/figure-images/4580678969466/Ayakashi-Triangle-Suzu-Kanade-1-7-Complete-Figure_d91a6c4a-a78d-48a1-8cac-b1e060805549.jpg|https://cdn.myfigurelist.com/figure-images/4580678969466/Ayakashi-Triangle-Suzu-Kanade-1-7-Complete-Figure_222162f3-a0c8-473f-9197-5d581738d37e.jpg|https://cdn.myfigurelist.com/figure-images/4580678969466/Ayakashi-Triangle-Suzu-Kanade-1-7-Complete-Figure_b87acd11-bead-42bf-9594-72741429d61f.jpg|https://cdn.myfigurelist.com/figure-images/4580678969466/Ayakashi-Triangle-Suzu-Kanade-1-7-Complete-Figure_7d67a5a3-da7a-4cac-a7aa-d9126d2ce7c3.jpg|https://cdn.myfigurelist.com/figure-images/4580678969466/Ayakashi-Triangle-Suzu-Kanade-1-7-Complete-Figure_db37df30-5c4e-44bc-bab5-7f87384f2f6c.jpg|https://cdn.myfigurelist.com/figure-images/4580678969466/Ayakashi-Triangle-Suzu-Kanade-1-7-Complete-Figure_0f4cca33-a685-47f5-9f68-34db7ed67ab3.jpg|https://cdn.myfigurelist.com/figure-images/4580678969466/Ayakashi-Triangle-Suzu-Kanade-1-7-Complete-Figure_277760e9-f7b9-43cc-94a1-7e71fb9904f7.jpg|https://cdn.myfigurelist.com/figure-images/4580678969466/Ayakashi-Triangle-Suzu-Kanade-1-7-Complete-Figure_c106dcd8-4bc4-4120-b7fb-0660530d446e.jpg|https://cdn.myfigurelist.com/figure-images/4580678969466/Ayakashi-Triangle-Suzu-Kanade-1-7-Complete-Figure_bd91cb57-4ba0-438c-9e1d-c1abe3647f4b.jpg|https://cdn.myfigurelist.com/figure-images/4580678969466/Ayakashi-Triangle-Suzu-Kanade-1-7-Complete-Figure_6264f23c-4b3f-4209-855d-a6b8c5bafad4.jpg,[],,,,0,0,2026-09-27T02:06:27.963979Z,1.0,"[""csv""]"
94915,MyFigureList,https://myfigurelist.com/figure/94915/Iron-Man-2-Iron-Man-Mark-IV-Tony-Stark-SHFiguarts-SHFiguarts-15th-Anniversary-Ver,Iron Man 2 - Iron Man Mark IV - Tony Stark - S.H.Figuarts - S.H.Figuarts 15th Anniversary Ver.,,,BANDAI SPIRITS,Anime Figure,2023-12-01,,,15,,https://cdn.myfigurelist.com/figure-images/885b420b-3dba-3473-99a6-3df0a75ee7e2/Iron-Man-2-Iron-Man-Mark-IV-Tony-Stark-SHFiguarts-SHFiguarts-15th-Anniversary-Ver_d15274fb-bda1-3c55-8ca6-c6ab6f4066a0.jpg|https://cdn.myfigurelist.com/figure-images/885b420b-3dba-3473-99a6-3df0a75ee7e2/Iron-Man-2-Iron-Man-Mark-IV-Tony-Stark-SHFiguarts-SHFiguarts-15th-Anniversary-Ver_b436f848-6492-385f-b530-a7b1c7b96abf.jpg|https://cdn.myfigurelist.com/figure-images/885b420b-3dba-3473-99a6-3df0a75ee7e2/Iron-Man-2-Iron-Man-Mark-IV-Tony-Stark-SHFiguarts-SHFiguarts-15th-Anniversary-Ver_756b950b-2e90-3244-b6f1-89a005f627fb.jpg|https://cdn.myfigurelist.com/figure-images/885b420b-3dba-3473-99a6-3df0a75ee7e2/Iron-Man-2-Iron-Man-Mark-IV-Tony-Stark-SHFiguarts-SHFiguarts-15th-Anniversary-Ver_72bfba31-7caa-3094-ba1c-fd6c54133999.jpg|https://cdn.myfigurelist.com/figure-images/885b420b-3dba-3473-99a6-3df0a75ee7e2/Iron-Man-2-Iron-Man-Mark-IV-Tony-Stark-SHFiguarts-SHFiguarts-15th-Anniversary-Ver_402978a5-23c1-315c-8323-b4253763f1e7.jpg|https://cdn.myfigurelist.com/figure-images/885b420b-3dba-3473-99a6-3df0a75ee7e2/Iron-Man-2-Iron-Man-Mark-IV-Tony-Stark-SHFiguarts-SHFiguarts-15th-Anniversary-Ver_4dff2832-e8b4-374e-8065-46eace9157cf.jpg|https://cdn.myfigurelist.com/figure-images/885b420b-3dba-3473-99a6-3df0a75ee7e2/Iron-Man-2-Iron-Man-Mark-IV-Tony-Stark-SHFiguarts-SHFiguarts-15th-Anniversary-Ver_107a178a-a657-3abf-ab59-3a3c4ee3cc21.jpg|https://cdn.myfigurelist.com/figure-images/885b420b-3dba-3473-99a6-3df0a75ee7e2/Iron-Man-2-Iron-Man-Mark-IV-Tony-Stark-SHFiguarts-SHFiguarts-15th-Anniversary-Ver_49329d92-e07c-376b-a4c4-30dee94ea158.jpg|https://cdn.myfigurelist.com/figure-images/885b420b-3dba-3473-99a6-3df0a75ee7e2/Iron-Man-2-Iron-Man-Mark-IV-Tony-Stark-SHFiguarts-SHFiguarts-15th-Anniversary-Ver_5c9e453e-db75-37f1-bcf5-cefd1fe03e10.jpg|https://cdn.myfigurelist.com/figure-images/885b420b-3dba-3473-99a6-3df0a75ee7e2/Iron-Man-2-Iron-Man-Mark-IV-Tony-Stark-SHFiguarts-SHFiguarts-15th-Anniversary-Ver_ba86d339-c9c7-312c-a4a1-38df967e7fcb.jpg|https://cdn.myfigurelist.com/figure-images/885b420b-3dba-3473-99a6-3df0a75ee7e2/Iron-Man-2-Iron-Man-Mark-IV-Tony-Stark-SHFiguarts-SHFiguarts-15th-Anniversary-Ver_1e19aa7a-0c09-3c21-9001-5c2515c3545a.jpg,[],9000,9000,9000,0,1,2026-09-27T02:06:30.080179Z,1.0,"[""csv""]"
65176,MyFigureList,https://myfigurelist.com/figure/65176/Sword-Art-Online-Ayano-Keiko-Beach-Queens-Beach-Queens-Premium-1-10-Swimsuit-ver,Sword Art Online - Ayano Keiko - Beach Queens - Beach Queens Premium - 1/10 - Swimsuit ver.,,,WAVE,Scale Figure,2015-04-01,1/10,Kou,15,,https://cdn.myfigurelist.com/figure-images/0ca6ab42-6dc9-3eda-a367-dcad88457e16/Sword-Art-Online-Ayano-Keiko-Beach-Queens-Beach-Queens-Premium-1-10-Swimsuit-ver_c9050bc9-c391-364a-b1e1-bbabba23f1e6.jpg|https://cdn.myfigurelist.com/figure-images/0ca6ab42-6dc9-3eda-a367-dcad88457e16/Sword-Art-Online-Ayano-Keiko-Beach-Queens-Beach-Queens-Premium-1-10-Swimsuit-ver_6bbf19b7-cd43-3648-ac2c-2e780e705d27.jpg|https://cdn.myfigurelist.com/figure-images/0ca6ab42-6dc9-3eda-a367-dcad88457e16/Sword-Art-Online-Ayano-Keiko-Beach-Queens-Beach-Queens-Premium-1-10-Swimsuit-ver_8e0c6112-2fa9-3e47-a7d1-663e560f48dd.jpg|https://cdn.myfigurelist.com/figure-images/0ca6ab42-6dc9-3eda-a367-dcad88457e16/Sword-Art-Online-Ayano-Keiko-Beach-Queens-Beach-Queens-Premium-1-10-Swimsuit-ver_e251d6fe-7d1b-3157-82d8-0271ae5ddad0.jpg|https://cdn.myfigurelist.com/figure-images/0ca6ab42-6dc9-3eda-a367-dcad88457e16/Sword-Art-Online-Ayano-Keiko-Beach-Queens-Beach-Queens-Premium-1-10-Swimsuit-ver_e8434493-169f-3875-9d14-56264cd4397e.jpg|https://cdn.myfigurelist.com/figure-images/0ca6ab42-6dc9-3eda-a367-dcad88457e16/Sword-Art-Online-Ayano-Keiko-Beach-Queens-Beach-Queens-Premium-1-10-Swimsuit-ver_58f47fd8-68fb-3ee1-8418-36308678a029.jpg|https://cdn.myfigurelist.com/figure-images/0ca6ab42-6dc9-3eda-a367-dcad88457e16/Sword-Art-Online-Ayano-Keiko-Beach-Queens-Beach-Queens-Premium-1-10-Swimsuit-ver_f50f89d7-d697-3291-971f-b2df86740916.jpg,[],10000,10000,10000,0,1,2026-09-27T02:06:34.129450Z,1.0,"[""csv""]"
3512,MyFigureList,https://myfigurelist.com/figure/3512/Figuarts-ZERO-ONE-PIECE-Eins,Figuarts ZERO - ONE PIECE: Eins,,,Bandai,Scale Figure,2012-12-01,Non-Scale,,18,,https://cdn.myfigurelist.com/figure-images/4543112779625/Figuarts-ZERO-ONE-PIECE-Eins_7f7fd9bf-eac3-4dd9-aa0c-33a651423c7a.jpg|https://cdn.myfigurelist.com/figure-images/4543112779625/Figuarts-ZERO-ONE-PIECE-Eins_e89872fb-9b10-4476-8180-431ff974df23.jpg|https://cdn.myfigurelist.com/figure-images/4543112779625/Figuarts-ZERO-ONE-PIECE-Eins_5e23bc4b-2dd4-42d6-bfb7-21a5974e5869.jpg|https://cdn.myfigurelist.com/figure-images/4543112779625/Figuarts-ZERO-ONE-PIECE-Eins_ea58ba8d-b917-442d-9aff-32c0cba4c5a0.jpg,[],,,,0,0,2026-09-27T02:06:37.595107Z,1.0,"[""csv""]"
53614,MyFigureList,https://myfigurelist.com/figure/53614/Bayonetta-Zettai-Ryouiki-1-4,Bayonetta - Zettai Ryouiki - 1/4,,,Volks,Scale Figure,2010-07-25,1/4,Chorosuke,38,,https://cdn.myfigurelist.com/figure-images/134b37bc-1b89-346c-85c8-febbe9ab9811/Bayonetta-Zettai-Ryouiki-1-4_fe96f32d-697f-3eee-95ab-7b5e797372ed.jpg|https://cdn.myfigurelist.com/figure-images/134b37bc-1b89-346c-85c8-febbe9ab9811/Bayonetta-Zettai-Ryouiki-1-4_fb9293e3-6b3e-3c93-a075-11416f6370d1.jpg|https://cdn.myfigurelist.com/figure-images/134b37bc-1b89-346c-85c8-febbe9ab9811/Bayonetta-Zettai-Ryouiki-1-4_2fa8a8e5-de40-38f2-a84c-c36153b2c7e3.jpg|https://cdn.myfigurelist.com/figure-images/134b37bc-1b89-346c-85c8-febbe9ab9811/Bayonetta-Zettai-Ryouiki-1-4_ccdfab27-ec74-367a-9514-eeb3a85dcb00.jpg|https://cdn.myfigurelist.com/figure-images/134b37bc-1b89-346c-85c8-febbe9ab9811/Bayonetta-Zettai-Ryouiki-1-4_90ba869a-4b47-33ed-9e6f-bfa9ccf66802.jpg|https://cdn.myfigurelist.com/figure-images/134b37bc-1b89-346c-85c8-febbe9ab9811/Bayonetta-Zettai-Ryouiki-1-4_67301f66-5c22-30a8-b50c-25a89eef4236.jpg|https://cdn.myfigurelist.com/figure-images/134b37bc-1b89-346c-85c8-febbe9ab9811/Bayonetta-Zettai-Ryouiki-1-4_4a177685-ce94-3425-945e-02aaadbb5af3.jpg|https://cdn.myfigurelist.com/figure-images/134b37bc-1b89-346c-85c8-febbe9ab9811/Bayonetta-Zettai-Ryouiki-1-4_3290fcf0-df81-30ad-bf48-64b0597661a9.jpg|https://cdn.myfigurelist.com/figure-images/134b37bc-1b89-346c-85c8-febbe9ab9811/Bayonetta-Zettai-Ryouiki-1-4_62d6d154-2e2d-3bef-bca0-a7f193d7e98e.jpg|https://cdn.myfigurelist.com/figure-images/134b37bc-1b89-346c-85c8-febbe9ab9811/Bayonetta-Zettai-Ryouiki-1-4_e80a3ad5-7b2c-37a6-a236-a38c7a640541.jpg|https://cdn.myfigurelist.com/figure-images/134b37bc-1b89-346c-85c8-febbe9ab9811/Bayonetta-Zettai-Ryouiki-1-4_ba1efeb8-d7de-3653-ba45-64def21dea0d.jpg|https://cdn.myfigurelist.com/figure-images/134b37bc-1b89-346c-85c8-febbe9ab9811/Bayonetta-Zettai-Ryouiki-1-4_aa364463-4dbd-31be-a620-60f87da57f10.jpg|https://cdn.myfigurelist.com/figure-images/134b37bc-1b89-346c-85c8-febbe9ab9811/Bayonetta-Zettai-Ryouiki-1-4_cdab5718-76de-3e4a-b128-2954fde946e2.jpg|https://cdn.myfigurelist.com/figure-images/134b37bc-1b89-346c-85c8-febbe9ab9811/Bayonetta-Zettai-Ryouiki-1-4_9c818780-9b02-39ea-b25d-508f82b7ce9c.jpg|https://cdn.myfigurelist.com/figure-images/134b37bc-1b89-346c-85c8-febbe9ab9811/Bayonetta-Zettai-Ryouiki-1-4_96978a31-3db0-3c93-9a0b-5f5d98dde154.jpg|https://cdn.myfigurelist.com/figure-images/134b37bc-1b89-346c-85c8-febbe9ab9811/Bayonetta-Zettai-Ryouiki-1-4_b7379a57-bf30-311d-99fa-990813271dbb.jpg|https://cdn.myfigurelist.com/figure-images/134b37bc-1b89-346c-85c8-febbe9ab9811/Bayonetta-Zettai-Ryouiki-1-4_bd7356eb-553f-3538-a1c6-27873f8509e8.jpg|https://cdn.myfigurelist.com/figure-images/134b37bc-1b89-346c-85c8-febbe9ab9811/Bayonetta-Zettai-Ryouiki-1-4_e6202d46-f32d-3811-aa77-7cc38188b999.jpg,[],46000,46000,46000,0,1,2026-09-27T02:06:38.808278Z,1.0,"[""csv""]"
32650,MyFigureList,https://myfigurelist.com/figure/32650/Higurashi-no-Naku-Koro-ni-Furude-Rika,Higurashi no Naku Koro ni - Furude Rika,,,Stripe,Scale Figure,2007-02-25,Non-Scale,,21,,https://cdn.myfigurelist.com/figure-images/bdb5917e-8e81-3738-a8e8-e45e5cc1eac7/Higurashi-no-Naku-Koro-ni-Furude-Rika_b9f8f5f4-9cb7-3056-94c9-e84e73213bd3.jpg,[],,,,0,0,2026-09-27T02:06:51.144659Z,1.0,"[""csv""]"
74475,MyFigureList,https://myfigurelist.com/figure/74475/Super-Dollfie-Super-Dollfie-13-Yumeya-e-no-Izanai-Irvin-1-3,Super Dollfie - Super Dollfie 13 - Yumeya e no Izanai - Irvin - 1/3,,,Volks,Scale Figure,2009-03-22,1/3,Zoukei-mura,,,https://cdn.myfigurelist.com/figure-images/34e89144-08c1-3390-a31d-7f764990f444/Super-Dollfie-Super-Dollfie-13-Yumeya-e-no-Izanai-Irvin-1-3_b5808440-6951-3cea-908d-01ac56b36327.jpg|https://cdn.myfigurelist.com/figure-images/34e89144-08c1-3390-a31d-7f764990f444/Super-Dollfie-Super-Dollfie-13-Yumeya-e-no-Izanai-Irvin-1-3_b25cf7c7-0243-34c0-8230-e63afa66bd57.jpg,[],88000,88000,88000,0,1,2026-09-27T02:06:53.151152Z,1.0,"[""csv""]"
125006,MyFigureList,https://myfigurelist.com/figure/125006/Nikukan-Girl-Nikkan-Shoujo-Y-shirt-Kanojo-Koharu-1-6,Nikukan Girl - Nikkan Shoujo Y-shirt Kanojo Koharu - 1/6,,,Insight,Scale Figure,2023-09-01,1/6,Mwn,11,,https://cdn.myfigurelist.com/figure-images/edbb8891-1ced-3b70-b36e-2ca1d003707b/Nikukan-Girl-Nikkan-Shoujo-Y-shirt-Kanojo-Koharu-1-6_8d346d86-fe9d-350a-a0f8-ca418ef86337.jpg,[],,,,0,0,2026-09-27T02:06:54.441321Z,1.0,"[""csv""]"
104608,MyFigureList,https://myfigurelist.com/figure/104608/KPop-Demon-Hunters-Rumi-How-its-Done-Core,"KPop Demon Hunters - Rumi - How it’s Done, Core",,,Mattel,Anime Figure,2026-09-01,,,15,,https://cdn.myfigurelist.com/figure-images/af78d2ea-9858-3f1b-b70d-ef0e5ccc8815/KPop-Demon-Hunters-Rumi-How-its-Done-Core_be44c71e-fa4d-393c-8ca3-c988b4559b82.jpg|https://cdn.myfigurelist.com/figure-images/af78d2ea-9858-3f1b-b70d-ef0e5ccc8815/KPop-Demon-Hunters-Rumi-How-its-Done-Core_1aa60b54-d3d0-31eb-a422-eded594f7117.jpg|https://cdn.myfigurelist.com/figure-images/af78d2ea-9858-3f1b-b70d-ef0e5ccc8815/KPop-Demon-Hunters-Rumi-How-its-Done-Core_99975791-946a-3dbf-9a7c-1776c54a6c99.jpg,[],3198,3198,3198,0,1,2026-09-27T02:06:57.397146Z,1.0,"[""csv""]"
82647,MyFigureList,https://myfigurelist.com/figure/82647/Petit-Eva-EvangelionSchool-Ikari-Shinji-Ichiban-Kuji-Ichiban-Kuji-Evangelion-Shin-Gekijouban-Second-Impact-Festival-Ver-Lawson-Recolor-Edition,Petit Eva: Evangelion@School - Ikari Shinji - Ichiban Kuji - Ichiban Kuji Evangelion Shin Gekijouban Second Impact - Festival Ver. Lawson Recolor Edition,,,,Anime Figure,2011-08-19,,,8,,https://cdn.myfigurelist.com/figure-images/56968ec7-d824-31eb-ba67-7e34903e2dde/Petit-Eva-EvangelionSchool-Ikari-Shinji-Ichiban-Kuji-Ichiban-Kuji-Evangelion-Shin-Gekijouban-Second-Impact-Festival-Ver-Lawson-Recolor-Edition_89d0ccc3-dae9-338e-9e1f-35c3cd49da68.jpg|https://cdn.myfigurelist.com/figure-images/56968ec7-d824-31eb-ba67-7e34903e2dde/Petit-Eva-EvangelionSchool-Ikari-Shinji-Ichiban-Kuji-Ichiban-Kuji-Evangelion-Shin-Gekijouban-Second-Impact-Festival-Ver-Lawson-Recolor-Edition_6f999b62-1ade-3fcf-a46f-9e99b343c648.jpg,[],600,600,600,0,1,2026-09-27T02:07:01.449630Z,1.0,"[""csv""]"
125441,MyFigureList,https://myfigurelist.com/figure/125441/Gojira-vs-Space-Gojira-Space-Gojira-Movie-Monster-Series,Gojira vs. Space Gojira - Space Gojira - Movie Monster Series,,,Bandai,Anime Figure,2024-07-13,,,17,,https://cdn.myfigurelist.com/figure-images/dfc49a3d-86da-3016-9831-11b11ed35c67/Gojira-vs-Space-Gojira-Space-Gojira-Movie-Monster-Series_15d8cea3-c8b6-3e99-9bc2-92611b1d8360.jpg|https://cdn.myfigurelist.com/figure-images/dfc49a3d-86da-3016-9831-11b11ed35c67/Gojira-vs-Space-Gojira-Space-Gojira-Movie-Monster-Series_76b6d313-c392-32fd-a448-c8eff39ac0bf.jpg|https://cdn.myfigurelist.com/figure-images/dfc49a3d-86da-3016-9831-11b11ed35c67/Gojira-vs-Space-Gojira-Space-Gojira-Movie-Monster-Series_9719ffb4-62d8-302c-8fc0-315267dbd16c.jpg,[],,,,0,0,2026-09-27T02:07:04.473722Z,1.0,"[""csv""]"
41291,MyFigureList,https://myfigurelist.com/figure/41291/Watashi-ga-Motenai-no-wa-Dou-Kangaete-mo-Omaera-ga-Warui!-Uchi-Emiri,Watashi ga Motenai no wa Dou Kangaete mo Omaera ga Warui! - Uchi Emiri,,,Shisukadia,Scale Figure,2020-02-09,Non-Scale,,21,,https://cdn.myfigurelist.com/figure-images/0fd86dc3-5c53-3983-93de-ee6de79ecc28/Watashi-ga-Motenai-no-wa-Dou-Kangaete-mo-Omaera-ga-Warui!-Uchi-Emiri_ee9f7592-0fb5-3164-bdc5-3da0979914aa.jpg|https://cdn.myfigurelist.com/figure-images/0fd86dc3-5c53-3983-93de-ee6de79ecc28/Watashi-ga-Motenai-no-wa-Dou-Kangaete-mo-Omaera-ga-Warui!-Uchi-Emiri_df952e34-ec2f-3c09-9873-0f7042582924.jpg|https://cdn.myfigurelist.com/figure-images/0fd86dc3-5c53-3983-93de-ee6de79ecc28/Watashi-ga-Motenai-no-wa-Dou-Kangaete-mo-Omaera-ga-Warui!-Uchi-Emiri_6fe10ef3-95b5-3f95-86eb-ccbcbe7d0eea.jpg|https://cdn.myfigurelist.com/figure-images/0fd86dc3-5c53-3983-93de-ee6de79ecc28/Watashi-ga-Motenai-no-wa-Dou-Kangaete-mo-Omaera-ga-Warui!-Uchi-Emiri_0c957171-677f-3dd4-bb10-15443e14f131.jpg|https://cdn.myfigurelist.com/figure-images/0fd86dc3-5c53-3983-93de-ee6de79ecc28/Watashi-ga-Motenai-no-wa-Dou-Kangaete-mo-Omaera-ga-Warui!-Uchi-Emiri_5b5af340-1f2f-361f-8289-025ecb70473c.jpg|https://cdn.myfigurelist.com/figure-images/0fd86dc3-5c53-3983-93de-ee6de79ecc28/Watashi-ga-Motenai-no-wa-Dou-Kangaete-mo-Omaera-ga-Warui!-Uchi-Emiri_85f41037-068f-3d6b-8f51-ef35e7d959e4.jpg|https://cdn.myfigurelist.com/figure-images/0fd86dc3-5c53-3983-93de-ee6de79ecc28/Watashi-ga-Motenai-no-wa-Dou-Kangaete-mo-Omaera-ga-Warui!-Uchi-Emiri_15156a68-712a-3a23-a6fe-b333539120b2.jpg|https://cdn.myfigurelist.com/figure-images/0fd86dc3-5c53-3983-93de-ee6de79ecc28/Watashi-ga-Motenai-no-wa-Dou-Kangaete-mo-Omaera-ga-Warui!-Uchi-Emiri_59176f5b-5407-3684-abc3-f7e56d15b475.jpg,[],7000,7000,7000,0,1,2026-09-27T02:07:06.246913Z,1.0,"[""csv""]"
4526,MyFigureList,https://myfigurelist.com/figure/4526/Hellsing-Seras-Victoria-Regular-Edition-1-7-Complete-Figure,Hellsing - Seras Victoria Regular Edition 1/7 Complete Figure,,,Kaitendo,Scale Figure,2009-09-01,1/7,,48,,https://cdn.myfigurelist.com/figure-images/4560266120103/Hellsing-Seras-Victoria-Regular-Edition-1-7-Complete-Figure_f41222b4-52e0-4a7f-9480-56f081f46481.jpg|https://cdn.myfigurelist.com/figure-images/4560266120103/Hellsing-Seras-Victoria-Regular-Edition-1-7-Complete-Figure_bd180a29-a48e-4f2e-bf64-1c2346f24332.jpg|https://cdn.myfigurelist.com/figure-images/4560266120103/Hellsing-Seras-Victoria-Regular-Edition-1-7-Complete-Figure_2c238633-aadc-4ed5-b180-48a418aaaa56.jpg|https://cdn.myfigurelist.com/figure-images/4560266120103/Hellsing-Seras-Victoria-Regular-Edition-1-7-Complete-Figure_81701f62-c9ee-4af6-9f5c-66913747dc25.jpg|https://cdn.myfigurelist.com/figure-images/4560266120103/Hellsing-Seras-Victoria-Regular-Edition-1-7-Complete-Figure_af86fb71-15c2-4b0a-869b-936638abafd0.jpg|https://cdn.myfigurelist.com/figure-images/4560266120103/Hellsing-Seras-Victoria-Regular-Edition-1-7-Complete-Figure_fc52cac4-7e59-419c-92b9-9c8f379f640a.jpg|https://cdn.myfigurelist.com/figure-images/4560266120103/Hellsing-Seras-Victoria-Regular-Edition-1-7-Complete-Figure_5a8a8d92-bc95-454d-9ea8-21f51f34538a.jpg|https://cdn.myfigurelist.com/figure-images/4560266120103/Hellsing-Seras-Victoria-Regular-Edition-1-7-Complete-Figure_854224c7-4b84-4854-8f2c-fab6f91d334b.jpg|https://cdn.myfigurelist.com/figure-images/4560266120103/Hellsing-Seras-Victoria-Regular-Edition-1-7-Complete-Figure_ec51414c-7fbd-47d3-bb28-2ef4ae3ce684.jpg|https://cdn.myfigurelist.com/figure-images/4560266120103/Hellsing-Seras-Victoria-Regular-Edition-1-7-Complete-Figure_2be76b37-860f-4a1e-9b9c-ca101da22e5c.jpg|https://cdn.myfigurelist.com/figure-images/4560266120103/Hellsing-Seras-Victoria-Regular-Edition-1-7-Complete-Figure_b7138eb1-d0c2-4c62-831c-6667c812914d.jpg|https://cdn.myfigurelist.com/figure-images/4560266120103/Hellsing-Seras-Victoria-Regular-Edition-1-7-Complete-Figure_a4509c19-e4f3-436f-9d9d-7ff15e4653bd.jpg|https://cdn.myfigurelist.com/figure-images/4560266120103/Hellsing-Seras-Victoria-Regular-Edition-1-7-Complete-Figure_4a2ccd0a-fbd5-481a-a47b-077da5a86773.jpg|https://cdn.myfigurelist.com/figure-images/4560266120103/Hellsing-Seras-Victoria-Regular-Edition-1-7-Complete-Figure_54efb65a-7fc8-49fc-a17b-5a397c9fea9c.jpg|https://cdn.myfigurelist.com/figure-images/4560266120103/Hellsing-Seras-Victoria-Regular-Edition-1-7-Complete-Figure_4dc4b827-fc0c-45f4-930c-a2f2a0824a15.jpg|https://cdn.myfigurelist.com/figure-images/4560266120103/Hellsing-Seras-Victoria-Regular-Edition-1-7-Complete-Figure_6dbd7c2d-48aa-4c60-8836-66cd42876638.jpg|https://cdn.myfigurelist.com/figure-images/4560266120103/Hellsing-Seras-Victoria-Regular-Edition-1-7-Complete-Figure_0f10cbe8-d8e2-4e15-a525-a80d14e1bbb0.jpg|https://cdn.myfigurelist.com/figure-images/4560266120103/Hellsing-Seras-Victoria-Regular-Edition-1-7-Complete-Figure_f8b306d7-4f70-4548-ad4e-eac548d805e4.jpg|https://cdn.myfigurelist.com/figure-images/4560266120103/Hellsing-Seras-Victoria-Regular-Edition-1-7-Complete-Figure_fb073d3f-8526-48d5-a0ee-7d3151a9c6bd.jpg|https://cdn.myfigurelist.com/figure-images/4560266120103/Hellsing-Seras-Victoria-Regular-Edition-1-7-Complete-Figure_864df44b-bd5a-4964-8831-61be7db48a8e.jpg|https://cdn.myfigurelist.com/figure-images/4560266120103/Hellsing-Seras-Victoria-Regular-Edition-1-7-Complete-Figure_7339d515-59be-412f-9d4e-f71f4919bb32.jpg|https://cdn.myfigurelist.com/figure-images/4560266120103/Hellsing-Seras-Victoria-Regular-Edition-1-7-Complete-Figure_5346df9c-dd8d-490a-86da-834ff7c783cc.jpg|https://cdn.myfigurelist.com/figure-images/4560266120103/Hellsing-Seras-Victoria-Regular-Edition-1-7-Complete-Figure_5368ac76-337a-41ac-8f55-3a0becf3a32c.jpg|https://cdn.myfigurelist.com/figure-images/4560266120103/Hellsing-Seras-Victoria-Regular-Edition-1-7-Complete-Figure_0cd4596d-207c-4ff1-87aa-a84d21265f0e.jpg|https://cdn.myfigurelist.com/figure-images/4560266120103/Hellsing-Seras-Victoria-Regular-Edition-1-7-Complete-Figure_04709560-ef8e-4e64-83e8-9ff6aa571d41.jpg|https://cdn.myfigurelist.com/figure-images/4560266120103/Hellsing-Seras-Victoria-Regular-Edition-1-7-Complete-Figure_eb98e692-bca0-4405-a1d9-6872e03c9e29.jpg,[],,,,0,0,2026-09-27T02:07:07.694570Z,1.0,"[""csv""]"
105761,MyFigureList,https://myfigurelist.com/figure/105761/Transformers-One-Convoy-A-Level-Deluxe-Class-Studio-Series-SS-134,Transformers One - Convoy - A Level - Deluxe Class - Studio Series  (SS-134),,,,Anime Figure,2024-11-01,,,,,https://cdn.myfigurelist.com/figure-images/b1bcf204-40a6-3e05-a2ff-dc4aeb57f2a5/Transformers-One-Convoy-A-Level-Deluxe-Class-Studio-Series-SS-134_338aed76-64df-33ed-aeaf-d935c8053396.jpg|https://cdn.myfigurelist.com/figure-images/b1bcf204-40a6-3e05-a2ff-dc4aeb57f2a5/Transformers-One-Convoy-A-Level-Deluxe-Class-Studio-Series-SS-134_b85a1b92-ea02-3027-95d0-49c146bd8174.jpg|https://cdn.myfigurelist.com/figure-images/b1bcf204-40a6-3e05-a2ff-dc4aeb57f2a5/Transformers-One-Convoy-A-Level-Deluxe-Class-Studio-Series-SS-134_a46eacb6-4fc3-32d2-9437-0f75445463fa.jpg|https://cdn.myfigurelist.com/figure-images/b1bcf204-40a6-3e05-a2ff-dc4aeb57f2a5/Transformers-One-Convoy-A-Level-Deluxe-Class-Studio-Series-SS-134_df97223c-6b4a-3ce0-9657-e514f1856803.jpg|https://cdn.myfigurelist.com/figure-images/b1bcf204-40a6-3e05-a2ff-dc4aeb57f2a5/Transformers-One-Convoy-A-Level-Deluxe-Class-Studio-Series-SS-134_dd73634a-ba83-3cf1-8be9-3d33f72cebb3.jpg|https://cdn.myfigurelist.com/figure-images/b1bcf204-40a6-3e05-a2ff-dc4aeb57f2a5/Transformers-One-Convoy-A-Level-Deluxe-Class-Studio-Series-SS-134_454abc4a-3184-3b40-b41b-eddf455b7fb1.jpg,[],,,,0,0,2026-09-27T02:07:09.515582Z,1.0,"[""csv""]"
101087,MyFigureList,https://myfigurelist.com/figure/101087/Kamen-Rider-Decade-Kamen-Rider-Diend-Final-Form-Ride-FFR06,Kamen Rider Decade - Kamen Rider Diend - Final Form Ride  (FFR06),,,Bandai,Anime Figure,2009-04-25,,,,,https://cdn.myfigurelist.com/figure-images/a1912388-17ae-35cd-a55a-b20ff9673ddc/Kamen-Rider-Decade-Kamen-Rider-Diend-Final-Form-Ride-FFR06_f702a8c6-271f-3f70-87c8-01704994d31b.jpg|https://cdn.myfigurelist.com/figure-images/a1912388-17ae-35cd-a55a-b20ff9673ddc/Kamen-Rider-Decade-Kamen-Rider-Diend-Final-Form-Ride-FFR06_b5a45e65-634e-3b8f-8859-815d423c47f7.jpg|https://cdn.myfigurelist.com/figure-images/a1912388-17ae-35cd-a55a-b20ff9673ddc/Kamen-Rider-Decade-Kamen-Rider-Diend-Final-Form-Ride-FFR06_ee0aff1d-c17d-335c-9c21-609c8abc2f64.jpg|https://cdn.myfigurelist.com/figure-images/a1912388-17ae-35cd-a55a-b20ff9673ddc/Kamen-Rider-Decade-Kamen-Rider-Diend-Final-Form-Ride-FFR06_6c017df9-f5fe-3a66-aa5a-aaf7204cf34f.jpg,[],,,,0,0,2026-09-27T02:07:11.600113Z,1.0,"[""csv""]"
91675,MyFigureList,https://myfigurelist.com/figure/91675/BlazBlue-Continuum-Shift-Makoto-Nanaya-1-7,BlazBlue: Continuum Shift - Makoto Nanaya - 1/7,,,"Aa, Chintai Seikatsu?",Scale Figure,2011-02-06,1/7,,,,https://cdn.myfigurelist.com/figure-images/7b75a05c-588f-3189-80f2-570edb96a213/BlazBlue-Continuum-Shift-Makoto-Nanaya-1-7_322416f0-649e-3279-a71a-50c01a053657.jpg|https://cdn.myfigurelist.com/figure-images/7b75a05c-588f-3189-80f2-570edb96a213/BlazBlue-Continuum-Shift-Makoto-Nanaya-1-7_a3c36563-b38c-33b9-afd5-bc0bb23c507e.jpg|https://cdn.myfigurelist.com/figure-images/7b75a05c-588f-3189-80f2-570edb96a213/BlazBlue-Continuum-Shift-Makoto-Nanaya-1-7_4483b4ff-d357-3d92-b67e-c0f68496b31a.jpg|https://cdn.myfigurelist.com/figure-images/7b75a05c-588f-3189-80f2-570edb96a213/BlazBlue-Continuum-Shift-Makoto-Nanaya-1-7_2bf8142d-c421-3959-8e1c-92586d96de97.jpg|https://cdn.myfigurelist.com/figure-images/7b75a05c-588f-3189-80f2-570edb96a213/BlazBlue-Continuum-Shift-Makoto-Nanaya-1-7_cd4a7a0f-6e86-308b-b45c-d6073473ab0b.jpg|https://cdn.myfigurelist.com/figure-images/7b75a05c-588f-3189-80f2-570edb96a213/BlazBlue-Continuum-Shift-Makoto-Nanaya-1-7_74b78ad8-581e-3e8e-b7bf-3bbff06ac3a6.jpg|https://cdn.myfigurelist.com/figure-images/7b75a05c-588f-3189-80f2-570edb96a213/BlazBlue-Continuum-Shift-Makoto-Nanaya-1-7_c04bafa9-7798-3ba6-a28f-bd566e96aca6.jpg|https://cdn.myfigurelist.com/figure-images/7b75a05c-588f-3189-80f2-570edb96a213/BlazBlue-Continuum-Shift-Makoto-Nanaya-1-7_16e9ecc2-c572-34f4-bc98-5c7127ce818e.jpg|https://cdn.myfigurelist.com/figure-images/7b75a05c-588f-3189-80f2-570edb96a213/BlazBlue-Continuum-Shift-Makoto-Nanaya-1-7_ddc7eedb-8b90-36a7-8782-99095d7313a1.jpg|https://cdn.myfigurelist.com/figure-images/7b75a05c-588f-3189-80f2-570edb96a213/BlazBlue-Continuum-Shift-Makoto-Nanaya-1-7_55d89ee3-dc17-391e-9bfe-57656e716193.jpg|https://cdn.myfigurelist.com/figure-images/7b75a05c-588f-3189-80f2-570edb96a213/BlazBlue-Continuum-Shift-Makoto-Nanaya-1-7_a9bc9245-60e9-3538-bbf1-7a7ae70df86e.jpg,[],8000,8000,8000,0,1,2026-09-27T02:07:13.670418Z,1.0,"[""csv""]"
102283,MyFigureList,https://myfigurelist.com/figure/102283/Transformers-One-Alpha-Trion-Deluxe-Class-Transformers-One-Toyline-OD-02,Transformers One - Alpha Trion - Deluxe Class - Transformers One (Toyline)  (OD-02),,,,Anime Figure,2024-07-13,,,,,https://cdn.myfigurelist.com/figure-images/a6923c0b-2638-34a6-a843-ace2ade8d85a/Transformers-One-Alpha-Trion-Deluxe-Class-Transformers-One-Toyline-OD-02_5c68b810-18e5-32b1-9657-70a865eaaf90.jpg|https://cdn.myfigurelist.com/figure-images/a6923c0b-2638-34a6-a843-ace2ade8d85a/Transformers-One-Alpha-Trion-Deluxe-Class-Transformers-One-Toyline-OD-02_7e5ee89d-e8c5-3042-8ac9-141919f9510d.jpg|https://cdn.myfigurelist.com/figure-images/a6923c0b-2638-34a6-a843-ace2ade8d85a/Transformers-One-Alpha-Trion-Deluxe-Class-Transformers-One-Toyline-OD-02_94700b3d-522f-3415-ae8a-c6356172dc10.jpg|https://cdn.myfigurelist.com/figure-images/a6923c0b-2638-34a6-a843-ace2ade8d85a/Transformers-One-Alpha-Trion-Deluxe-Class-Transformers-One-Toyline-OD-02_fc7ef17d-0bf9-3d3a-8634-ea450c4c0f5a.jpg|https://cdn.myfigurelist.com/figure-images/a6923c0b-2638-34a6-a843-ace2ade8d85a/Transformers-One-Alpha-Trion-Deluxe-Class-Transformers-One-Toyline-OD-02_0acd5358-a448-3a38-b8c8-7becc7011926.jpg|https://cdn.myfigurelist.com/figure-images/a6923c0b-2638-34a6-a843-ace2ade8d85a/Transformers-One-Alpha-Trion-Deluxe-Class-Transformers-One-Toyline-OD-02_13462c19-3100-383e-920c-f3e653fef122.jpg|https://cdn.myfigurelist.com/figure-images/a6923c0b-2638-34a6-a843-ace2ade8d85a/Transformers-One-Alpha-Trion-Deluxe-Class-Transformers-One-Toyline-OD-02_08c16ccc-7184-360d-b035-46e5830d2c10.jpg|https://cdn.myfigurelist.com/figure-images/a6923c0b-2638-34a6-a843-ace2ade8d85a/Transformers-One-Alpha-Trion-Deluxe-Class-Transformers-One-Toyline-OD-02_527f9920-87bd-34bd-9fd0-d1f7b2a35afc.jpg,[],,,,0,0,2026-09-27T02:07:18.494074Z,1.0,"[""csv""]"
54705,MyFigureList,https://myfigurelist.com/figure/54705/Fate-Apocrypha-Mordred-1-8-Aka-no-Saber,"Fate/Apocrypha - Mordred - 1/8 - ""Aka"" no Saber",,,Plastic Garden,Scale Figure,2014-07-27,1/8,,21,,https://cdn.myfigurelist.com/figure-images/33b1f5d7-24a6-3751-be9c-7dd129cec8f4/Fate-Apocrypha-Mordred-1-8-Aka-no-Saber_e8508152-5cfb-334b-8e2a-e5cffede57e1.jpg|https://cdn.myfigurelist.com/figure-images/33b1f5d7-24a6-3751-be9c-7dd129cec8f4/Fate-Apocrypha-Mordred-1-8-Aka-no-Saber_e6c6b2e6-fdca-302a-a7c2-efc722e4f24a.jpg|https://cdn.myfigurelist.com/figure-images/33b1f5d7-24a6-3751-be9c-7dd129cec8f4/Fate-Apocrypha-Mordred-1-8-Aka-no-Saber_95ff896a-215a-3f78-a8a3-a2966da27c80.jpg|https://cdn.myfigurelist.com/figure-images/33b1f5d7-24a6-3751-be9c-7dd129cec8f4/Fate-Apocrypha-Mordred-1-8-Aka-no-Saber_be2d557b-d53a-3ea7-9c9f-d5b693e88169.jpg|https://cdn.myfigurelist.com/figure-images/33b1f5d7-24a6-3751-be9c-7dd129cec8f4/Fate-Apocrypha-Mordred-1-8-Aka-no-Saber_eead0f5f-af57-3ef2-b0c7-d4b7fa0657de.jpg|https://cdn.myfigurelist.com/figure-images/33b1f5d7-24a6-3751-be9c-7dd129cec8f4/Fate-Apocrypha-Mordred-1-8-Aka-no-Saber_13131dab-fc43-3f7c-8a88-e26ec9d8945f.jpg|https://cdn.myfigurelist.com/figure-images/33b1f5d7-24a6-3751-be9c-7dd129cec8f4/Fate-Apocrypha-Mordred-1-8-Aka-no-Saber_e7f605c5-11c4-357f-a38e-4a2a213e98e5.jpg|https://cdn.myfigurelist.com/figure-images/33b1f5d7-24a6-3751-be9c-7dd129cec8f4/Fate-Apocrypha-Mordred-1-8-Aka-no-Saber_200a5231-0b24-3701-ae5b-3cde61223161.jpg|https://cdn.myfigurelist.com/figure-images/33b1f5d7-24a6-3751-be9c-7dd129cec8f4/Fate-Apocrypha-Mordred-1-8-Aka-no-Saber_06b9c2c6-43e8-38a4-83b8-42e19427ad65.jpg|https://cdn.myfigurelist.com/figure-images/33b1f5d7-24a6-3751-be9c-7dd129cec8f4/Fate-Apocrypha-Mordred-1-8-Aka-no-Saber_4a6814d6-6d08-3870-a66f-8267f59ef54a.jpg|https://cdn.myfigurelist.com/figure-images/33b1f5d7-24a6-3751-be9c-7dd129cec8f4/Fate-Apocrypha-Mordred-1-8-Aka-no-Saber_8ccfa3b4-74b4-3f4e-91ef-f602ed892011.jpg|https://cdn.myfigurelist.com/figure-images/33b1f5d7-24a6-3751-be9c-7dd129cec8f4/Fate-Apocrypha-Mordred-1-8-Aka-no-Saber_2f574f3a-8baf-3372-8df9-09dd4cbe1f91.jpg,[],12000,12000,12000,0,1,2026-09-27T02:07:20.737415Z,1.0,"[""csv""]"
9659,MyFigureList,https://myfigurelist.com/figure/9659/Devil-May-Cry-4-Dante-Complete-Figure,Devil May Cry 4 - Dante Complete Figure,,,Kotobukiya,Scale Figure,2008-06-01,Non-Scale,"Yasuhiro Hirai, Koei Matsumoto",18,,https://cdn.myfigurelist.com/figure-images/4934054900657/Devil-May-Cry-4-Dante-Complete-Figure_48983550-7868-4e5d-b3a8-545b03aab7e6.jpg|https://cdn.myfigurelist.com/figure-images/4934054900657/Devil-May-Cry-4-Dante-Complete-Figure_929d5499-567b-4323-a19a-7af52219ae34.jpg|https://cdn.myfigurelist.com/figure-images/4934054900657/Devil-May-Cry-4-Dante-Complete-Figure_bc7f6e41-1efc-4349-844d-a4084b36aac7.jpg|https://cdn.myfigurelist.com/figure-images/4934054900657/Devil-May-Cry-4-Dante-Complete-Figure_bd2c95a4-bcff-456f-b7c9-c23f3cdf0aa4.jpg|https://cdn.myfigurelist.com/figure-images/4934054900657/Devil-May-Cry-4-Dante-Complete-Figure_ef71da68-5d52-49fe-b444-1766b6b0fed2.jpg|https://cdn.myfigurelist.com/figure-images/4934054900657/Devil-May-Cry-4-Dante-Complete-Figure_79a447d6-e175-4409-8802-74c3d316ba6f.jpg|https://cdn.myfigurelist.com/figure-images/4934054900657/Devil-May-Cry-4-Dante-Complete-Figure_dd3144e6-8a5c-46b1-b165-b952974f3a69.jpg|https://cdn.myfigurelist.com/figure-images/4934054900657/Devil-May-Cry-4-Dante-Complete-Figure_0db758c2-e12e-4b33-b481-a28cd14397a2.jpg|https://cdn.myfigurelist.com/figure-images/4934054900657/Devil-May-Cry-4-Dante-Complete-Figure_15ec8947-8ef7-45c0-9983-09e5e3d2fba7.jpg|https://cdn.myfigurelist.com/figure-images/4934054900657/Devil-May-Cry-4-Dante-Complete-Figure_f5caa3a2-6917-47f1-a6fc-4aa23c31070f.jpg|https://cdn.myfigurelist.com/figure-images/4934054900657/Devil-May-Cry-4-Dante-Complete-Figure_68e92f85-a744-4bf0-ac81-abf33afac790.jpg|https://cdn.myfigurelist.com/figure-images/4934054900657/Devil-May-Cry-4-Dante-Complete-Figure_29f51cbc-a699-44fe-8fd1-4e13d5c12e31.jpg,[],,,,0,0,2026-09-27T02:07:22.404518Z,1.0,"[""csv""]"
12869,MyFigureList,https://myfigurelist.com/figure/12869/Devil-May-Cry-3-Play-Arts-Kai-Dante-Action-Figure,Devil May Cry 3 - Play Arts Kai: Dante Action Figure,,,Square Enix,Scale Figure,2012-10-01,Non-Scale,,25,,https://cdn.myfigurelist.com/figure-images/4988601316972/Devil-May-Cry-3-Play-Arts-Kai-Dante-Action-Figure_02fbeeb0-67e6-4c93-9fce-3f1c293eb9ce.jpg|https://cdn.myfigurelist.com/figure-images/4988601316972/Devil-May-Cry-3-Play-Arts-Kai-Dante-Action-Figure_a28f913e-7af0-404e-9958-01a8a34d64cb.jpg|https://cdn.myfigurelist.com/figure-images/4988601316972/Devil-May-Cry-3-Play-Arts-Kai-Dante-Action-Figure_710d7562-5494-415a-8a09-f2031a59ea35.jpg|https://cdn.myfigurelist.com/figure-images/4988601316972/Devil-May-Cry-3-Play-Arts-Kai-Dante-Action-Figure_dac4f66b-61e8-448f-97eb-fb719a3b2b63.jpg|https://cdn.myfigurelist.com/figure-images/4988601316972/Devil-May-Cry-3-Play-Arts-Kai-Dante-Action-Figure_a99180dd-be1f-4ef6-aecf-1560fcfb3882.jpg|https://cdn.myfigurelist.com/figure-images/4988601316972/Devil-May-Cry-3-Play-Arts-Kai-Dante-Action-Figure_584a3f12-46c4-405d-a116-e190820c7852.jpg|https://cdn.myfigurelist.com/figure-images/4988601316972/Devil-May-Cry-3-Play-Arts-Kai-Dante-Action-Figure_9645710e-248a-4e62-adf6-23b88b29a038.jpg|https://cdn.myfigurelist.com/figure-images/4988601316972/Devil-May-Cry-3-Play-Arts-Kai-Dante-Action-Figure_bbc66384-6fcc-4d90-a205-f9dab0a8db6b.jpg,[],,,,0,0,2026-09-27T02:07:25.653274Z,1.0,"[""csv""]"
96793,MyFigureList,https://myfigurelist.com/figure/96793/Devil-May-Cry-3-Dante-Real-Works-3D-Poster,Devil May Cry 3 - Dante - Real Works 3D Poster,,,Happinet,Anime Figure,2008-02-01,,,29,,https://cdn.myfigurelist.com/figure-images/8fc8f51c-45d8-3186-b6ad-b367264a892d/Devil-May-Cry-3-Dante-Real-Works-3D-Poster_f82c444d-d059-3f6c-bc80-e2021a4e9a37.jpg,[],16590,16590,16590,0,1,2026-09-27T02:07:27.439472Z,1.0,"[""csv""]"
37959,MyFigureList,https://myfigurelist.com/figure/37959/Saint-Seiya-Pegasus-Seiya-Saint-Cloth-Myth-Myth-Cloth-2nd-Cloth-Gold-Ver,Saint Seiya - Pegasus Seiya - Saint Cloth Myth - Myth Cloth - 2nd Cloth Gold Ver.,,,Bandai,Scale Figure,2010-03-01,1/12,,15,,https://cdn.myfigurelist.com/figure-images/8030e6f0-9bdd-38be-ab9f-3dd6440dc56c/Saint-Seiya-Pegasus-Seiya-Saint-Cloth-Myth-Myth-Cloth-2nd-Cloth-Gold-Ver_1cd3799b-4342-3cc7-92a6-cdf16a434cf2.jpg,[],4775,4775,4775,0,1,2026-09-27T02:07:28.917218Z,1.0,"[""csv""]"
8604,MyFigureList,https://myfigurelist.com/figure/8604/ARTFX-MARVEL-UNIVERSE-Captain-America-Sam-Wilson-1-10-Easy-Assembly-Kit,ARTFX+ MARVEL UNIVERSE Captain America (Sam Wilson) 1/10 Easy Assembly Kit,,,Kotobukiya,Scale Figure,2019-02-01,1/10,Junnosuke Abe,19,,https://cdn.myfigurelist.com/figure-images/4934054093526/ARTFX-MARVEL-UNIVERSE-Captain-America-Sam-Wilson-1-10-Easy-Assembly-Kit_0f006d06-8f20-4f49-a4e5-17077be3c698.jpg|https://cdn.myfigurelist.com/figure-images/4934054093526/ARTFX-MARVEL-UNIVERSE-Captain-America-Sam-Wilson-1-10-Easy-Assembly-Kit_3ccdabbd-2189-47c4-b9aa-c82ef8772f79.jpg|https://cdn.myfigurelist.com/figure-images/4934054093526/ARTFX-MARVEL-UNIVERSE-Captain-America-Sam-Wilson-1-10-Easy-Assembly-Kit_f62c38ae-cd41-49e4-9c58-ab982c864ccc.jpg|https://cdn.myfigurelist.com/figure-images/4934054093526/ARTFX-MARVEL-UNIVERSE-Captain-America-Sam-Wilson-1-10-Easy-Assembly-Kit_f9bc3cac-612c-4681-abe5-62bbb554bba2.jpg|https://cdn.myfigurelist.com/figure-images/4934054093526/ARTFX-MARVEL-UNIVERSE-Captain-America-Sam-Wilson-1-10-Easy-Assembly-Kit_f3cca102-bac7-4526-bc2d-774b423afc6f.jpg|https://cdn.myfigurelist.com/figure-images/4934054093526/ARTFX-MARVEL-UNIVERSE-Captain-America-Sam-Wilson-1-10-Easy-Assembly-Kit_9459fb21-a0ee-46ad-89b5-21f781c30208.jpg|https://cdn.myfigurelist.com/figure-images/4934054093526/ARTFX-MARVEL-UNIVERSE-Captain-America-Sam-Wilson-1-10-Easy-Assembly-Kit_a034ede5-9a2f-4e93-9872-60fe6d0d5177.jpg|https://cdn.myfigurelist.com/figure-images/4934054093526/ARTFX-MARVEL-UNIVERSE-Captain-America-Sam-Wilson-1-10-Easy-Assembly-Kit_d5a552ae-33ec-4fd8-8281-7150cd84c87e.jpg|https://cdn.myfigurelist.com/figure-images/4934054093526/ARTFX-MARVEL-UNIVERSE-Captain-America-Sam-Wilson-1-10-Easy-Assembly-Kit_709b5cc8-da08-49f4-84bc-654aed272ec6.jpg|https://cdn.myfigurelist.com/figure-images/4934054093526/ARTFX-MARVEL-UNIVERSE-Captain-America-Sam-Wilson-1-10-Easy-Assembly-Kit_d8ad1300-eb26-4d9e-8fcb-416430259e2b.jpg|https://cdn.myfigurelist.com/figure-images/4934054093526/ARTFX-MARVEL-UNIVERSE-Captain-America-Sam-Wilson-1-10-Easy-Assembly-Kit_b21a576c-34bd-47ce-9fab-e06926adbffe.jpg,[],,,,0,0,2026-09-27T02:07:30.111949Z,1.0,"[""csv""]"
33760,MyFigureList,https://myfigurelist.com/figure/33760/Gekijouban-Pocket-Monsters-Best-Wishes-Pikachu-to-Eievui-Friends-Gekijouban-Pocket-Monsters-Best-Wishes-Shinsoku-no-Genesect-Mewtwo-Kakusei-Nymphia-Pokmon-Pose-Figure-Pokmon-Pose-Figure-BW-13-Gekijouban-Nymphia-Hen,Gekijouban Pocket Monsters Best Wishes: Pikachu to Eievui Friends - Gekijouban Pocket Monsters Best Wishes: Shinsoku no Genesect Mewtwo Kakusei - Nymphia - Pokémon Pose Figure - Pokémon Pose Figure BW '13 Gekijouban Nymphia Hen,,,Takara Tomy A.R.T.S,Scale Figure,2013-07-22,Non-Scale,,9,,https://cdn.myfigurelist.com/figure-images/2711ecd4-727f-35ed-b7a4-bd1071c74f65/Gekijouban-Pocket-Monsters-Best-Wishes-Pikachu-to-Eievui-Friends-Gekijouban-Pocket-Monsters-Best-Wishes-Shinsoku-no-Genesect-Mewtwo-Kakusei-Nymphia-Pokmon-Pose-Figure-Pokmon-Pose-Figure-BW-13-Gekijouban-Nymphia-Hen_a7becb39-e82c-30ad-ae47-27fb36160c31.jpg,[],380,380,380,0,1,2026-09-27T02:07:36.428416Z,1.0,"[""csv""]"
97926,MyFigureList,https://myfigurelist.com/figure/97926/J-Doll-X-125-Stroget-1-6,J-Doll  (X-125) - Stroget - 1/6,,,JUN Planning,Scale Figure,2008-04-01,1/6,,27,,https://cdn.myfigurelist.com/figure-images/942b75e9-955e-3ff8-9bac-866d5e705071/J-Doll-X-125-Stroget-1-6_3627ba29-d816-3fa3-8768-a4e13f6c7d4f.jpg,[],,,,0,0,2026-09-27T02:07:40.444531Z,1.0,"[""csv""]"
24812,MyFigureList,https://myfigurelist.com/figure/24812/POPQN-Illustration-Class-Teacher-Complete-Figure,"POPQN Illustration ""Class Teacher"" Complete Figure",,,Union Creative,Scale Figure,2021-05-01,Non-Scale,Carve Models,28,,https://cdn.myfigurelist.com/figure-images/4589642711858/POPQN-Illustration-Class-Teacher-Complete-Figure_0a359936-f247-4041-bc77-d41bc6c75fa8.jpg|https://cdn.myfigurelist.com/figure-images/4589642711858/POPQN-Illustration-Class-Teacher-Complete-Figure_748c137d-01f1-48da-8e9c-23dc91f71591.jpg|https://cdn.myfigurelist.com/figure-images/4589642711858/POPQN-Illustration-Class-Teacher-Complete-Figure_0286b55a-ce38-4585-8a5e-5c3e58fdb631.jpg|https://cdn.myfigurelist.com/figure-images/4589642711858/POPQN-Illustration-Class-Teacher-Complete-Figure_54aef619-7045-4ffc-bb0e-5d7760e6b766.jpg|https://cdn.myfigurelist.com/figure-images/4589642711858/POPQN-Illustration-Class-Teacher-Complete-Figure_8c8dff32-4599-42f7-890c-9aa870ceb855.jpg|https://cdn.myfigurelist.com/figure-images/4589642711858/POPQN-Illustration-Class-Teacher-Complete-Figure_f85f1f1a-1003-45a5-b5b6-882f5f28da86.jpg|https://cdn.myfigurelist.com/figure-images/4589642711858/POPQN-Illustration-Class-Teacher-Complete-Figure_26704d2f-f290-4bc8-9850-3f6bdfd8599d.jpg|https://cdn.myfigurelist.com/figure-images/4589642711858/POPQN-Illustration-Class-Teacher-Complete-Figure_521a028e-76f7-46c6-8f7a-ded8eb43c688.jpg|https://cdn.myfigurelist.com/figure-images/4589642711858/POPQN-Illustration-Class-Teacher-Complete-Figure_c39b20d3-6f82-4519-ac5b-5794b7468671.jpg|https://cdn.myfigurelist.com/figure-images/4589642711858/POPQN-Illustration-Class-Teacher-Complete-Figure_945ae870-35a1-4ef6-b636-b24486b5a530.jpg|https://cdn.myfigurelist.com/figure-images/4589642711858/POPQN-Illustration-Class-Teacher-Complete-Figure_24a72704-667c-4cfe-ae92-8d42f3607a3d.jpg|https://cdn.myfigurelist.com/figure-images/4589642711858/POPQN-Illustration-Class-Teacher-Complete-Figure_0ab85852-fc97-4422-b046-5e2450bf3579.jpg,[],,,,0,0,2026-09-27T02:07:41.665061Z,1.0,"[""csv""]"
71969,MyFigureList,https://myfigurelist.com/figure/71969/Tokyo-Ghoul-Kaneki-Ken-Grandista-II,Tokyo Ghoul - Kaneki Ken - Grandista - II,,,BANDAI SPIRITS,Anime Figure,2026-06-01,,,27,,https://cdn.myfigurelist.com/figure-images/2832358b-dc29-3166-b032-d24b9f8538cd/Tokyo-Ghoul-Kaneki-Ken-Grandista-II_b7bc334d-c9ab-342f-8470-1f74c7921066.jpg|https://cdn.myfigurelist.com/figure-images/2832358b-dc29-3166-b032-d24b9f8538cd/Tokyo-Ghoul-Kaneki-Ken-Grandista-II_ec04a6f8-d867-31f1-b05c-b158e2f73497.jpg|https://cdn.myfigurelist.com/figure-images/2832358b-dc29-3166-b032-d24b9f8538cd/Tokyo-Ghoul-Kaneki-Ken-Grandista-II_e42ecd52-27e3-3060-beda-5c806cbfb9e6.jpg,[],,,,0,0,2026-09-27T02:07:54.576246Z,1.0,"[""csv""]"
97925,MyFigureList,https://myfigurelist.com/figure/97925/Kamen-Rider-Zi-O-Kamen-Rider-Ohma-Zi-O-Rider-Kicks-Figure-RKF-Legend-Rider-Series,Kamen Rider Zi-O - Kamen Rider Ohma Zi-O - Rider Kick's Figure - RKF Legend Rider Series,,,Bandai,Anime Figure,2020-07-11,,,13,,https://cdn.myfigurelist.com/figure-images/942cf696-1799-3130-9745-6d1ebdcef724/Kamen-Rider-Zi-O-Kamen-Rider-Ohma-Zi-O-Rider-Kicks-Figure-RKF-Legend-Rider-Series_fd6c5ace-90ec-366a-9346-957f324de10e.jpg|https://cdn.myfigurelist.com/figure-images/942cf696-1799-3130-9745-6d1ebdcef724/Kamen-Rider-Zi-O-Kamen-Rider-Ohma-Zi-O-Rider-Kicks-Figure-RKF-Legend-Rider-Series_b1a6b8f4-ad00-32e5-9e57-df8794b796a7.jpg|https://cdn.myfigurelist.com/figure-images/942cf696-1799-3130-9745-6d1ebdcef724/Kamen-Rider-Zi-O-Kamen-Rider-Ohma-Zi-O-Rider-Kicks-Figure-RKF-Legend-Rider-Series_d027f97f-951c-3d06-ae5b-854872a0a07a.jpg|https://cdn.myfigurelist.com/figure-images/942cf696-1799-3130-9745-6d1ebdcef724/Kamen-Rider-Zi-O-Kamen-Rider-Ohma-Zi-O-Rider-Kicks-Figure-RKF-Legend-Rider-Series_49b4a2d4-099e-310b-a6ae-e1e6c62e6282.jpg,[],,,,0,0,2026-09-27T02:07:55.980150Z,1.0,"[""csv""]"
31317,MyFigureList,https://myfigurelist.com/figure/31317/Kimetsu-no-Yaiba-Uzui-Tengen-Ichiban-Kuji-Ichiban-Kuji-Kimetsu-no-Yaiba-Kisatsu-no-Kokorozashi-3-A-Prize-Layer-Scape,Kimetsu no Yaiba - Uzui Tengen - Ichiban Kuji - Ichiban Kuji Kimetsu no Yaiba ~Kisatsu no Kokorozashi 3~  (A Prize) - Layer Scape,,,BANDAI SPIRITS,Scale Figure,2022-12-03,Non-Scale,,18,,https://cdn.myfigurelist.com/figure-images/2e1c489f-52d8-3670-84a5-fb3c650745e5/Kimetsu-no-Yaiba-Uzui-Tengen-Ichiban-Kuji-Ichiban-Kuji-Kimetsu-no-Yaiba-Kisatsu-no-Kokorozashi-3-A-Prize-Layer-Scape_8f7ff6d3-a914-3784-a363-e20026a6e989.jpg|https://cdn.myfigurelist.com/figure-images/2e1c489f-52d8-3670-84a5-fb3c650745e5/Kimetsu-no-Yaiba-Uzui-Tengen-Ichiban-Kuji-Ichiban-Kuji-Kimetsu-no-Yaiba-Kisatsu-no-Kokorozashi-3-A-Prize-Layer-Scape_0f56712a-e169-3f21-9f9c-262ac932afcd.jpg|https://cdn.myfigurelist.com/figure-images/2e1c489f-52d8-3670-84a5-fb3c650745e5/Kimetsu-no-Yaiba-Uzui-Tengen-Ichiban-Kuji-Ichiban-Kuji-Kimetsu-no-Yaiba-Kisatsu-no-Kokorozashi-3-A-Prize-Layer-Scape_e8e5b755-6ac9-320a-b32f-18bf4b7882a3.jpg|https://cdn.myfigurelist.com/figure-images/2e1c489f-52d8-3670-84a5-fb3c650745e5/Kimetsu-no-Yaiba-Uzui-Tengen-Ichiban-Kuji-Ichiban-Kuji-Kimetsu-no-Yaiba-Kisatsu-no-Kokorozashi-3-A-Prize-Layer-Scape_38563a00-e91f-3b6e-92d3-4e5cca10d1b8.jpg|https://cdn.myfigurelist.com/figure-images/2e1c489f-52d8-3670-84a5-fb3c650745e5/Kimetsu-no-Yaiba-Uzui-Tengen-Ichiban-Kuji-Ichiban-Kuji-Kimetsu-no-Yaiba-Kisatsu-no-Kokorozashi-3-A-Prize-Layer-Scape_84137ff5-798b-3bdc-8959-c195d97a6634.jpg,[],,,,0,0,2026-09-27T02:07:58.003430Z,1.0,"[""csv""]"
71107,MyFigureList,https://myfigurelist.com/figure/71107/Devil-May-Cry-5-Dante-Ultimate-Premium-Masterline-UPMDMCV-02LM-1-4-EX-Color-Limited-Version,"Devil May Cry 5 - Dante - Ultimate Premium Masterline  (UPMDMCV-02LM) - 1/4 - EX Color, Limited Version",,,Prime 1 Studio,Scale Figure,2024-04-01,1/4,,72,,https://cdn.myfigurelist.com/figure-images/24c27da8-324a-35ae-bf5e-f1d8bf757f8e/Devil-May-Cry-5-Dante-Ultimate-Premium-Masterline-UPMDMCV-02LM-1-4-EX-Color-Limited-Version_0fbe3c54-c7ea-396d-9d5f-b70d30f55481.jpg|https://cdn.myfigurelist.com/figure-images/24c27da8-324a-35ae-bf5e-f1d8bf757f8e/Devil-May-Cry-5-Dante-Ultimate-Premium-Masterline-UPMDMCV-02LM-1-4-EX-Color-Limited-Version_b2bad7fe-b145-3ebf-bdd4-cbb4157b8f75.jpg|https://cdn.myfigurelist.com/figure-images/24c27da8-324a-35ae-bf5e-f1d8bf757f8e/Devil-May-Cry-5-Dante-Ultimate-Premium-Masterline-UPMDMCV-02LM-1-4-EX-Color-Limited-Version_238e3aee-bc72-32fe-a694-a88827e66640.jpg|https://cdn.myfigurelist.com/figure-images/24c27da8-324a-35ae-bf5e-f1d8bf757f8e/Devil-May-Cry-5-Dante-Ultimate-Premium-Masterline-UPMDMCV-02LM-1-4-EX-Color-Limited-Version_2c9b4b74-638d-39b7-b2be-2322cc040614.jpg|https://cdn.myfigurelist.com/figure-images/24c27da8-324a-35ae-bf5e-f1d8bf757f8e/Devil-May-Cry-5-Dante-Ultimate-Premium-Masterline-UPMDMCV-02LM-1-4-EX-Color-Limited-Version_2a4e9d57-91a2-316a-bd5f-7bf57fe0b4dd.jpg|https://cdn.myfigurelist.com/figure-images/24c27da8-324a-35ae-bf5e-f1d8bf757f8e/Devil-May-Cry-5-Dante-Ultimate-Premium-Masterline-UPMDMCV-02LM-1-4-EX-Color-Limited-Version_712277fa-5234-34f0-b2c5-4b28859fb281.jpg|https://cdn.myfigurelist.com/figure-images/24c27da8-324a-35ae-bf5e-f1d8bf757f8e/Devil-May-Cry-5-Dante-Ultimate-Premium-Masterline-UPMDMCV-02LM-1-4-EX-Color-Limited-Version_d326c4ec-ffa5-3f5e-99a1-609c0e58fff8.jpg|https://cdn.myfigurelist.com/figure-images/24c27da8-324a-35ae-bf5e-f1d8bf757f8e/Devil-May-Cry-5-Dante-Ultimate-Premium-Masterline-UPMDMCV-02LM-1-4-EX-Color-Limited-Version_bcf7b75d-b107-3996-89b0-0f8bf2736442.jpg|https://cdn.myfigurelist.com/figure-images/24c27da8-324a-35ae-bf5e-f1d8bf757f8e/Devil-May-Cry-5-Dante-Ultimate-Premium-Masterline-UPMDMCV-02LM-1-4-EX-Color-Limited-Version_f9bb4588-703a-390a-bf99-9145138f36a4.jpg|https://cdn.myfigurelist.com/figure-images/24c27da8-324a-35ae-bf5e-f1d8bf757f8e/Devil-May-Cry-5-Dante-Ultimate-Premium-Masterline-UPMDMCV-02LM-1-4-EX-Color-Limited-Version_d36a5ee1-f476-3d94-9f77-d65bb725569f.jpg|https://cdn.myfigurelist.com/figure-images/24c27da8-324a-35ae-bf5e-f1d8bf757f8e/Devil-May-Cry-5-Dante-Ultimate-Premium-Masterline-UPMDMCV-02LM-1-4-EX-Color-Limited-Version_9001b0be-9d72-39c5-b088-9013dd54162f.jpg|https://cdn.myfigurelist.com/figure-images/24c27da8-324a-35ae-bf5e-f1d8bf757f8e/Devil-May-Cry-5-Dante-Ultimate-Premium-Masterline-UPMDMCV-02LM-1-4-EX-Color-Limited-Version_07d81c3a-5cbf-31c6-b306-1db44aacbe5e.jpg|https://cdn.myfigurelist.com/figure-images/24c27da8-324a-35ae-bf5e-f1d8bf757f8e/Devil-May-Cry-5-Dante-Ultimate-Premium-Masterline-UPMDMCV-02LM-1-4-EX-Color-Limited-Version_3a5eae55-241c-356b-8d88-340d1d7c06e4.jpg|https://cdn.myfigurelist.com/figure-images/24c27da8-324a-35ae-bf5e-f1d8bf757f8e/Devil-May-Cry-5-Dante-Ultimate-Premium-Masterline-UPMDMCV-02LM-1-4-EX-Color-Limited-Version_37fc30f5-35f3-39c6-b8c5-7bc65b440192.jpg|https://cdn.myfigurelist.com/figure-images/24c27da8-324a-35ae-bf5e-f1d8bf757f8e/Devil-May-Cry-5-Dante-Ultimate-Premium-Masterline-UPMDMCV-02LM-1-4-EX-Color-Limited-Version_7025cc21-4ac5-3d47-bcab-d807e391ef00.jpg|https://cdn.myfigurelist.com/figure-images/24c27da8-324a-35ae-bf5e-f1d8bf757f8e/Devil-May-Cry-5-Dante-Ultimate-Premium-Masterline-UPMDMCV-02LM-1-4-EX-Color-Limited-Version_ee7579fe-4f35-3060-8196-f8268ef919c3.jpg|https://cdn.myfigurelist.com/figure-images/24c27da8-324a-35ae-bf5e-f1d8bf757f8e/Devil-May-Cry-5-Dante-Ultimate-Premium-Masterline-UPMDMCV-02LM-1-4-EX-Color-Limited-Version_bd48e5af-fb92-31f2-b08d-2dbb43775a5f.jpg|https://cdn.myfigurelist.com/figure-images/24c27da8-324a-35ae-bf5e-f1d8bf757f8e/Devil-May-Cry-5-Dante-Ultimate-Premium-Masterline-UPMDMCV-02LM-1-4-EX-Color-Limited-Version_784e8b57-8ca5-3f44-adfc-540b8976fa2e.jpg|https://cdn.myfigurelist.com/figure-images/24c27da8-324a-35ae-bf5e-f1d8bf757f8e/Devil-May-Cry-5-Dante-Ultimate-Premium-Masterline-UPMDMCV-02LM-1-4-EX-Color-Limited-Version_d6fe36ef-54ca-36e5-a1af-6192e5d204af.jpg|https://cdn.myfigurelist.com/figure-images/24c27da8-324a-35ae-bf5e-f1d8bf757f8e/Devil-May-Cry-5-Dante-Ultimate-Premium-Masterline-UPMDMCV-02LM-1-4-EX-Color-Limited-Version_dfd96835-118b-39f1-b124-942751060b9d.jpg|https://cdn.myfigurelist.com/figure-images/24c27da8-324a-35ae-bf5e-f1d8bf757f8e/Devil-May-Cry-5-Dante-Ultimate-Premium-Masterline-UPMDMCV-02LM-1-4-EX-Color-Limited-Version_5dd821a5-29d1-3e31-889d-a249f7249bd1.jpg|https://cdn.myfigurelist.com/figure-images/24c27da8-324a-35ae-bf5e-f1d8bf757f8e/Devil-May-Cry-5-Dante-Ultimate-Premium-Masterline-UPMDMCV-02LM-1-4-EX-Color-Limited-Version_3c0883b5-165d-3d7a-b53c-545336b00463.jpg|https://cdn.myfigurelist.com/figure-images/24c27da8-324a-35ae-bf5e-f1d8bf757f8e/Devil-May-Cry-5-Dante-Ultimate-Premium-Masterline-UPMDMCV-02LM-1-4-EX-Color-Limited-Version_3925bf32-d45d-3d2d-be56-405e473e174c.jpg|https://cdn.myfigurelist.com/figure-images/24c27da8-324a-35ae-bf5e-f1d8bf757f8e/Devil-May-Cry-5-Dante-Ultimate-Premium-Masterline-UPMDMCV-02LM-1-4-EX-Color-Limited-Version_d055b69f-0c1d-390f-bd66-61bc02ffa65c.jpg|https://cdn.myfigurelist.com/figure-images/24c27da8-324a-35ae-bf5e-f1d8bf757f8e/Devil-May-Cry-5-Dante-Ultimate-Premium-Masterline-UPMDMCV-02LM-1-4-EX-Color-Limited-Version_93bacf5a-efca-311e-a1d5-fe84549b1bfc.jpg,[],153900,153900,153900,0,1,2026-09-27T02:08:00.128581Z,1.0,"[""csv""]"
43570,MyFigureList,https://myfigurelist.com/figure/43570/Silent-Hill-3-Heather-Mason-1-6,Silent Hill 3 - Heather Mason - 1/6,,,Sushinekodou,Scale Figure,2022-07-24,1/6,Votorakichi,27,,https://cdn.myfigurelist.com/figure-images/ab0d9b68-640d-3b61-b198-d8ae04081006/Silent-Hill-3-Heather-Mason-1-6_269ee33c-a575-3234-8a3f-c779ae35478b.jpg,[],12000,12000,12000,0,1,2026-09-27T02:08:03.265974Z,1.0,"[""csv""]"
24074,MyFigureList,https://myfigurelist.com/figure/24074/Aaru-Garden-Series-Duamutef-and-the-Golden-Sarcophagus-12CM-Collection-Figure,Aaru Garden Series Duamutef and the Golden Sarcophagus 12CM Collection Figure,,,TOYSCOMICxBLACKBOX,Scale Figure,2023-02-01,Non-Scale,,12,,https://cdn.myfigurelist.com/figure-images/6974236620223/Aaru-Garden-Series-Duamutef-and-the-Golden-Sarcophagus-12CM-Collection-Figure_86568f10-d740-4520-9467-5e0f9f426c9a.jpg|https://cdn.myfigurelist.com/figure-images/6974236620223/Aaru-Garden-Series-Duamutef-and-the-Golden-Sarcophagus-12CM-Collection-Figure_27132225-a5c3-4034-bea0-6af64c85c21c.jpg|https://cdn.myfigurelist.com/figure-images/6974236620223/Aaru-Garden-Series-Duamutef-and-the-Golden-Sarcophagus-12CM-Collection-Figure_be84a6db-2ece-4b2f-8fe8-c0d1a59334ff.jpg,[],,,,0,0,2026-09-27T02:08:05.525419Z,1.0,"[""csv""]"
89429,MyFigureList,https://myfigurelist.com/figure/89429/Vividred-Operation-Isshiki-Kenjirou-Shinomiya-Himawari-1-6,Vividred Operation - Isshiki Kenjirou - Shinomiya Himawari - 1/6,,,Jamming off,Scale Figure,2013-07-28,1/6,Morisova Ex,,,https://cdn.myfigurelist.com/figure-images/6ddc1826-b62b-361a-bea5-60386fb451e4/Vividred-Operation-Isshiki-Kenjirou-Shinomiya-Himawari-1-6_48b1ef2a-08ff-3e25-b25b-86c769f4675b.jpg|https://cdn.myfigurelist.com/figure-images/6ddc1826-b62b-361a-bea5-60386fb451e4/Vividred-Operation-Isshiki-Kenjirou-Shinomiya-Himawari-1-6_44096087-69cd-33e0-ba58-064c89816eb5.jpg|https://cdn.myfigurelist.com/figure-images/6ddc1826-b62b-361a-bea5-60386fb451e4/Vividred-Operation-Isshiki-Kenjirou-Shinomiya-Himawari-1-6_b81f4de1-b585-3f44-aa04-92ba21193c10.jpg|https://cdn.myfigurelist.com/figure-images/6ddc1826-b62b-361a-bea5-60386fb451e4/Vividred-Operation-Isshiki-Kenjirou-Shinomiya-Himawari-1-6_da66e1e8-b418-35c9-988d-eaaeb7ef5e7d.jpg|https://cdn.myfigurelist.com/figure-images/6ddc1826-b62b-361a-bea5-60386fb451e4/Vividred-Operation-Isshiki-Kenjirou-Shinomiya-Himawari-1-6_e22a61db-9f70-398a-b6a4-9107af8bb95e.jpg|https://cdn.myfigurelist.com/figure-images/6ddc1826-b62b-361a-bea5-60386fb451e4/Vividred-Operation-Isshiki-Kenjirou-Shinomiya-Himawari-1-6_5ff8aeb0-a6b3-34ce-9831-54da55e6e424.jpg|https://cdn.myfigurelist.com/figure-images/6ddc1826-b62b-361a-bea5-60386fb451e4/Vividred-Operation-Isshiki-Kenjirou-Shinomiya-Himawari-1-6_1cee5545-f838-304c-b00d-8e8b9df9e4bd.jpg|https://cdn.myfigurelist.com/figure-images/6ddc1826-b62b-361a-bea5-60386fb451e4/Vividred-Operation-Isshiki-Kenjirou-Shinomiya-Himawari-1-6_865547b4-5c39-3dd4-aa2e-8a27678fd1d2.jpg|https://cdn.myfigurelist.com/figure-images/6ddc1826-b62b-361a-bea5-60386fb451e4/Vividred-Operation-Isshiki-Kenjirou-Shinomiya-Himawari-1-6_82fcf95b-c67e-3965-a767-12efef4971c8.jpg|https://cdn.myfigurelist.com/figure-images/6ddc1826-b62b-361a-bea5-60386fb451e4/Vividred-Operation-Isshiki-Kenjirou-Shinomiya-Himawari-1-6_73dc2732-99c6-326b-87a6-ed3d24f2d596.jpg|https://cdn.myfigurelist.com/figure-images/6ddc1826-b62b-361a-bea5-60386fb451e4/Vividred-Operation-Isshiki-Kenjirou-Shinomiya-Himawari-1-6_46476c34-53de-3917-9624-4d36aacbbe05.jpg|https://cdn.myfigurelist.com/figure-images/6ddc1826-b62b-361a-bea5-60386fb451e4/Vividred-Operation-Isshiki-Kenjirou-Shinomiya-Himawari-1-6_be9f252d-b066-3e78-8f96-27f555003659.jpg|https://cdn.myfigurelist.com/figure-images/6ddc1826-b62b-361a-bea5-60386fb451e4/Vividred-Operation-Isshiki-Kenjirou-Shinomiya-Himawari-1-6_27d266e0-9af6-3419-b1f4-3449db3dcc9c.jpg,[],8000,8000,8000,0,1,2026-09-27T02:08:13.977523Z,1.0,"[""csv""]"
7140,MyFigureList,https://myfigurelist.com/figure/7140/FAIRY-TAIL-Lucy-Heartfilia-Swimsuit-Gravure_Style-ver-Side-tail-1-6-Complete-Figure,"FAIRY TAIL Lucy Heartfilia, Swimsuit Gravure_Style/ver. Side tail 1/6 Complete Figure",,,ORCATOYS,Scale Figure,2019-11-01,1/6,Kazushi Kawasaki,22,,https://cdn.myfigurelist.com/figure-images/4560321854097/FAIRY-TAIL-Lucy-Heartfilia-Swimsuit-Gravure_Style-ver-Side-tail-1-6-Complete-Figure_d0ca9e31-b6b1-4df5-86d2-69ec2ab07e98.jpg|https://cdn.myfigurelist.com/figure-images/4560321854097/FAIRY-TAIL-Lucy-Heartfilia-Swimsuit-Gravure_Style-ver-Side-tail-1-6-Complete-Figure_3f0f02ff-50a5-4c64-b9eb-1a9af39ce755.jpg|https://cdn.myfigurelist.com/figure-images/4560321854097/FAIRY-TAIL-Lucy-Heartfilia-Swimsuit-Gravure_Style-ver-Side-tail-1-6-Complete-Figure_4a212ffd-4432-413b-8cd2-e39e435e365a.jpg|https://cdn.myfigurelist.com/figure-images/4560321854097/FAIRY-TAIL-Lucy-Heartfilia-Swimsuit-Gravure_Style-ver-Side-tail-1-6-Complete-Figure_530d23ec-9204-46cc-8b8f-caacd43e95d4.jpg|https://cdn.myfigurelist.com/figure-images/4560321854097/FAIRY-TAIL-Lucy-Heartfilia-Swimsuit-Gravure_Style-ver-Side-tail-1-6-Complete-Figure_ef286be1-c8ba-4270-b232-2a5c9ab37782.jpg|https://cdn.myfigurelist.com/figure-images/4560321854097/FAIRY-TAIL-Lucy-Heartfilia-Swimsuit-Gravure_Style-ver-Side-tail-1-6-Complete-Figure_b86a4e9a-34fe-4143-b706-95da61a8bca8.jpg|https://cdn.myfigurelist.com/figure-images/4560321854097/FAIRY-TAIL-Lucy-Heartfilia-Swimsuit-Gravure_Style-ver-Side-tail-1-6-Complete-Figure_add54645-8272-4f08-aaa4-35a51fc7cf76.jpg|https://cdn.myfigurelist.com/figure-images/4560321854097/FAIRY-TAIL-Lucy-Heartfilia-Swimsuit-Gravure_Style-ver-Side-tail-1-6-Complete-Figure_29e5860c-39cc-4b02-99af-062290170760.jpg|https://cdn.myfigurelist.com/figure-images/4560321854097/FAIRY-TAIL-Lucy-Heartfilia-Swimsuit-Gravure_Style-ver-Side-tail-1-6-Complete-Figure_9f0c9903-9af5-4e52-b062-b89cd103230a.jpg|https://cdn.myfigurelist.com/figure-images/4560321854097/FAIRY-TAIL-Lucy-Heartfilia-Swimsuit-Gravure_Style-ver-Side-tail-1-6-Complete-Figure_6da6815e-84f8-4160-8274-021cca59d9b0.jpg|https://cdn.myfigurelist.com/figure-images/4560321854097/FAIRY-TAIL-Lucy-Heartfilia-Swimsuit-Gravure_Style-ver-Side-tail-1-6-Complete-Figure_57c71621-cb90-4bdf-a17c-b18f0d99ca54.jpg|https://cdn.myfigurelist.com/figure-images/4560321854097/FAIRY-TAIL-Lucy-Heartfilia-Swimsuit-Gravure_Style-ver-Side-tail-1-6-Complete-Figure_a492e3e0-e475-4f55-b749-fb525f37f930.jpg|https://cdn.myfigurelist.com/figure-images/4560321854097/FAIRY-TAIL-Lucy-Heartfilia-Swimsuit-Gravure_Style-ver-Side-tail-1-6-Complete-Figure_a503d212-4bf5-4118-9352-6eafbd88bea9.jpg|https://cdn.myfigurelist.com/figure-images/4560321854097/FAIRY-TAIL-Lucy-Heartfilia-Swimsuit-Gravure_Style-ver-Side-tail-1-6-Complete-Figure_7a2e1e0e-368e-42f3-a273-4be8afd38ba8.jpg|https://cdn.myfigurelist.com/figure-images/4560321854097/FAIRY-TAIL-Lucy-Heartfilia-Swimsuit-Gravure_Style-ver-Side-tail-1-6-Complete-Figure_9c0d39a0-0cbb-4c2e-9de5-2adbf66c6ef3.jpg|https://cdn.myfigurelist.com/figure-images/4560321854097/FAIRY-TAIL-Lucy-Heartfilia-Swimsuit-Gravure_Style-ver-Side-tail-1-6-Complete-Figure_86071e07-34f5-4209-894e-2e3a16e9fe19.jpg|https://cdn.myfigurelist.com/figure-images/4560321854097/FAIRY-TAIL-Lucy-Heartfilia-Swimsuit-Gravure_Style-ver-Side-tail-1-6-Complete-Figure_a33e7c76-b041-4a30-9b0b-81554f4dbc03.jpg|https://cdn.myfigurelist.com/figure-images/4560321854097/FAIRY-TAIL-Lucy-Heartfilia-Swimsuit-Gravure_Style-ver-Side-tail-1-6-Complete-Figure_2a7506cd-bdb9-4463-bb92-096e25b0396a.jpg|https://cdn.myfigurelist.com/figure-images/4560321854097/FAIRY-TAIL-Lucy-Heartfilia-Swimsuit-Gravure_Style-ver-Side-tail-1-6-Complete-Figure_f85a65c3-1048-4993-bfae-a21791c5a61f.jpg|https://cdn.myfigurelist.com/figure-images/4560321854097/FAIRY-TAIL-Lucy-Heartfilia-Swimsuit-Gravure_Style-ver-Side-tail-1-6-Complete-Figure_79cb7fb9-105f-4ca3-9375-aa99a9f458a8.jpg|https://cdn.myfigurelist.com/figure-images/4560321854097/FAIRY-TAIL-Lucy-Heartfilia-Swimsuit-Gravure_Style-ver-Side-tail-1-6-Complete-Figure_9ce46f16-51d4-4612-a590-29ea93018458.jpg|https://cdn.myfigurelist.com/figure-images/4560321854097/FAIRY-TAIL-Lucy-Heartfilia-Swimsuit-Gravure_Style-ver-Side-tail-1-6-Complete-Figure_a55aa251-79dd-4750-8b03-f36f5b854f20.jpg|https://cdn.myfigurelist.com/figure-images/4560321854097/FAIRY-TAIL-Lucy-Heartfilia-Swimsuit-Gravure_Style-ver-Side-tail-1-6-Complete-Figure_be6df10f-4ecb-423f-a56b-403a11433208.jpg|https://cdn.myfigurelist.com/figure-images/4560321854097/FAIRY-TAIL-Lucy-Heartfilia-Swimsuit-Gravure_Style-ver-Side-tail-1-6-Complete-Figure_7c9af949-af7d-4083-b119-ad73c673b68b.jpg|https://cdn.myfigurelist.com/figure-images/4560321854097/FAIRY-TAIL-Lucy-Heartfilia-Swimsuit-Gravure_Style-ver-Side-tail-1-6-Complete-Figure_0d1158e7-adb3-48b4-ba5d-52150a04d445.jpg|https://cdn.myfigurelist.com/figure-images/4560321854097/FAIRY-TAIL-Lucy-Heartfilia-Swimsuit-Gravure_Style-ver-Side-tail-1-6-Complete-Figure_fcb6ab22-2905-4edf-ab19-f9f57bce5c98.jpg|https://cdn.myfigurelist.com/figure-images/4560321854097/FAIRY-TAIL-Lucy-Heartfilia-Swimsuit-Gravure_Style-ver-Side-tail-1-6-Complete-Figure_a3526343-1e2a-4754-ad62-a507c5fbbf14.jpg|https://cdn.myfigurelist.com/figure-images/4560321854097/FAIRY-TAIL-Lucy-Heartfilia-Swimsuit-Gravure_Style-ver-Side-tail-1-6-Complete-Figure_d2ca7e47-27fe-4847-9768-7b06a278876a.jpg|https://cdn.myfigurelist.com/figure-images/4560321854097/FAIRY-TAIL-Lucy-Heartfilia-Swimsuit-Gravure_Style-ver-Side-tail-1-6-Complete-Figure_e975b85c-0370-451c-b14f-7982d179f775.jpg|https://cdn.myfigurelist.com/figure-images/4560321854097/FAIRY-TAIL-Lucy-Heartfilia-Swimsuit-Gravure_Style-ver-Side-tail-1-6-Complete-Figure_dab6f7b3-0dc5-4a49-a201-311841612ea7.jpg,[],,,,0,0,2026-09-27T02:08:15.419273Z,1.0,"[""csv""]"
47209,MyFigureList,https://myfigurelist.com/figure/47209/Fate-Grand-Order-Scthach-Maid-Style,Fate/Grand Order - Scáthach - Maid Style,,,Ichigeki Sanmanhatsu,Scale Figure,2022-02-06,1/7,Toshi,24,,https://cdn.myfigurelist.com/figure-images/3ca5db78-14a2-311b-b89d-7d2dffd5a857/Fate-Grand-Order-Scthach-Maid-Style_b1f3e1cb-8882-3fa0-b99d-1c320dbe5df3.jpg|https://cdn.myfigurelist.com/figure-images/3ca5db78-14a2-311b-b89d-7d2dffd5a857/Fate-Grand-Order-Scthach-Maid-Style_78359c69-f230-3b64-a21c-e7e8bd23b71f.jpg|https://cdn.myfigurelist.com/figure-images/3ca5db78-14a2-311b-b89d-7d2dffd5a857/Fate-Grand-Order-Scthach-Maid-Style_f99dc074-3ba6-3bda-aa8c-979b3c412c91.jpg|https://cdn.myfigurelist.com/figure-images/3ca5db78-14a2-311b-b89d-7d2dffd5a857/Fate-Grand-Order-Scthach-Maid-Style_4c163532-6379-31fc-8a45-5d34c5e7f885.jpg|https://cdn.myfigurelist.com/figure-images/3ca5db78-14a2-311b-b89d-7d2dffd5a857/Fate-Grand-Order-Scthach-Maid-Style_17dbe91d-9238-37c8-9385-9f589cd70ed0.jpg|https://cdn.myfigurelist.com/figure-images/3ca5db78-14a2-311b-b89d-7d2dffd5a857/Fate-Grand-Order-Scthach-Maid-Style_7f5dbaab-42c6-3b20-b5e8-ca9a20f6e76e.jpg|https://cdn.myfigurelist.com/figure-images/3ca5db78-14a2-311b-b89d-7d2dffd5a857/Fate-Grand-Order-Scthach-Maid-Style_fb02e443-995d-3348-ab3a-79440d0fefd6.jpg,[],25000,25000,25000,0,1,2026-09-27T02:08:19.187172Z,1.0,"[""csv""]"
110032,MyFigureList,https://myfigurelist.com/figure/110032/Change!!-Getter-Robo-Sekai-Saigo-no-Hi-Shin-Getter-1-RIOBOT-Renewal-Ver,Change!! Getter Robo: Sekai Saigo no Hi - Shin Getter 1 - RIOBOT - Renewal Ver.,,,Sentinel,Anime Figure,2024-05-18,,NAKA-MOVE,21,,https://cdn.myfigurelist.com/figure-images/c53ad8bd-08ec-3df6-b972-2362c7f478f6/Change!!-Getter-Robo-Sekai-Saigo-no-Hi-Shin-Getter-1-RIOBOT-Renewal-Ver_ace80f09-7842-3f00-bdaf-701da327e018.jpg|https://cdn.myfigurelist.com/figure-images/c53ad8bd-08ec-3df6-b972-2362c7f478f6/Change!!-Getter-Robo-Sekai-Saigo-no-Hi-Shin-Getter-1-RIOBOT-Renewal-Ver_e6038379-9c56-3adf-8d7d-41cab41a1139.jpg|https://cdn.myfigurelist.com/figure-images/c53ad8bd-08ec-3df6-b972-2362c7f478f6/Change!!-Getter-Robo-Sekai-Saigo-no-Hi-Shin-Getter-1-RIOBOT-Renewal-Ver_c938d122-44d7-3b3e-aeb8-f28e132581b6.jpg|https://cdn.myfigurelist.com/figure-images/c53ad8bd-08ec-3df6-b972-2362c7f478f6/Change!!-Getter-Robo-Sekai-Saigo-no-Hi-Shin-Getter-1-RIOBOT-Renewal-Ver_55bf74b4-b5ca-3843-bf82-ecd3e26abf07.jpg|https://cdn.myfigurelist.com/figure-images/c53ad8bd-08ec-3df6-b972-2362c7f478f6/Change!!-Getter-Robo-Sekai-Saigo-no-Hi-Shin-Getter-1-RIOBOT-Renewal-Ver_ee203469-2bf8-3d9f-a6ab-49b4c8eeb5c3.jpg|https://cdn.myfigurelist.com/figure-images/c53ad8bd-08ec-3df6-b972-2362c7f478f6/Change!!-Getter-Robo-Sekai-Saigo-no-Hi-Shin-Getter-1-RIOBOT-Renewal-Ver_515ddaf6-ba64-3556-a0d3-417801b515e7.jpg|https://cdn.myfigurelist.com/figure-images/c53ad8bd-08ec-3df6-b972-2362c7f478f6/Change!!-Getter-Robo-Sekai-Saigo-no-Hi-Shin-Getter-1-RIOBOT-Renewal-Ver_bc66e23e-8984-3aeb-afef-2d7c016a33a5.jpg|https://cdn.myfigurelist.com/figure-images/c53ad8bd-08ec-3df6-b972-2362c7f478f6/Change!!-Getter-Robo-Sekai-Saigo-no-Hi-Shin-Getter-1-RIOBOT-Renewal-Ver_8a2e11a9-c5f5-33c3-bec6-cc2d6c566fb0.jpg|https://cdn.myfigurelist.com/figure-images/c53ad8bd-08ec-3df6-b972-2362c7f478f6/Change!!-Getter-Robo-Sekai-Saigo-no-Hi-Shin-Getter-1-RIOBOT-Renewal-Ver_5b3124a2-cc39-3074-8752-392607ae62c9.jpg|https://cdn.myfigurelist.com/figure-images/c53ad8bd-08ec-3df6-b972-2362c7f478f6/Change!!-Getter-Robo-Sekai-Saigo-no-Hi-Shin-Getter-1-RIOBOT-Renewal-Ver_0a94d8a0-c27f-34a5-97dc-c7f5e4779243.jpg|https://cdn.myfigurelist.com/figure-images/c53ad8bd-08ec-3df6-b972-2362c7f478f6/Change!!-Getter-Robo-Sekai-Saigo-no-Hi-Shin-Getter-1-RIOBOT-Renewal-Ver_b29898d3-ad5f-349b-9f89-100f2290536a.jpg|https://cdn.myfigurelist.com/figure-images/c53ad8bd-08ec-3df6-b972-2362c7f478f6/Change!!-Getter-Robo-Sekai-Saigo-no-Hi-Shin-Getter-1-RIOBOT-Renewal-Ver_b7c1763b-b5c4-30ad-ad7a-028f0f4a86a2.jpg|https://cdn.myfigurelist.com/figure-images/c53ad8bd-08ec-3df6-b972-2362c7f478f6/Change!!-Getter-Robo-Sekai-Saigo-no-Hi-Shin-Getter-1-RIOBOT-Renewal-Ver_b6729f4f-d219-3838-b89c-fedf29e25235.jpg|https://cdn.myfigurelist.com/figure-images/c53ad8bd-08ec-3df6-b972-2362c7f478f6/Change!!-Getter-Robo-Sekai-Saigo-no-Hi-Shin-Getter-1-RIOBOT-Renewal-Ver_32830a61-4697-3aaf-b663-14599283c835.jpg|https://cdn.myfigurelist.com/figure-images/c53ad8bd-08ec-3df6-b972-2362c7f478f6/Change!!-Getter-Robo-Sekai-Saigo-no-Hi-Shin-Getter-1-RIOBOT-Renewal-Ver_cdb9df64-0b9e-3ec2-bbea-020fb59a421b.jpg|https://cdn.myfigurelist.com/figure-images/c53ad8bd-08ec-3df6-b972-2362c7f478f6/Change!!-Getter-Robo-Sekai-Saigo-no-Hi-Shin-Getter-1-RIOBOT-Renewal-Ver_d29a88cf-b0b6-32fc-a05e-6cd83d73686d.jpg|https://cdn.myfigurelist.com/figure-images/c53ad8bd-08ec-3df6-b972-2362c7f478f6/Change!!-Getter-Robo-Sekai-Saigo-no-Hi-Shin-Getter-1-RIOBOT-Renewal-Ver_a62034b0-c9a6-3c63-9491-08bb4b19f191.jpg,[],,,,0,0,2026-09-27T02:08:21.091451Z,1.0,"[""csv""]"
125313,MyFigureList,https://myfigurelist.com/figure/125313/PureNeemo-SAHRAS-la-mode-Yuzuha-1-6-Twinkle-alamode-Lapis-Lazuli-Doll-Show-Commemorative-Ver,"PureNeemo - SAHRA'S à la mode - Yuzuha - 1/6 - ~ Twinkle a・la・mode ~, Lapis Lazuli, Doll Show Commemorative Ver.",,,Azone,Scale Figure,2016-05-04,1/6,Omoi Ataru,,,https://cdn.myfigurelist.com/figure-images/f98064f7-6a80-35ac-95a5-d6180b9311d9/PureNeemo-SAHRAS-la-mode-Yuzuha-1-6-Twinkle-alamode-Lapis-Lazuli-Doll-Show-Commemorative-Ver_069b8a1a-9f53-3ec7-be65-2e0ca9c3d9ce.jpg|https://cdn.myfigurelist.com/figure-images/f98064f7-6a80-35ac-95a5-d6180b9311d9/PureNeemo-SAHRAS-la-mode-Yuzuha-1-6-Twinkle-alamode-Lapis-Lazuli-Doll-Show-Commemorative-Ver_c644e2f1-e480-3a59-a56e-aea66fc619b1.jpg|https://cdn.myfigurelist.com/figure-images/f98064f7-6a80-35ac-95a5-d6180b9311d9/PureNeemo-SAHRAS-la-mode-Yuzuha-1-6-Twinkle-alamode-Lapis-Lazuli-Doll-Show-Commemorative-Ver_83c5e2f3-a6a8-328a-bcf1-c380b30014ae.jpg|https://cdn.myfigurelist.com/figure-images/f98064f7-6a80-35ac-95a5-d6180b9311d9/PureNeemo-SAHRAS-la-mode-Yuzuha-1-6-Twinkle-alamode-Lapis-Lazuli-Doll-Show-Commemorative-Ver_288cf35a-f774-331c-97ac-f610d06fdc91.jpg|https://cdn.myfigurelist.com/figure-images/f98064f7-6a80-35ac-95a5-d6180b9311d9/PureNeemo-SAHRAS-la-mode-Yuzuha-1-6-Twinkle-alamode-Lapis-Lazuli-Doll-Show-Commemorative-Ver_a7d1d2bd-9f1a-3c7d-9603-de094e816af3.jpg|https://cdn.myfigurelist.com/figure-images/f98064f7-6a80-35ac-95a5-d6180b9311d9/PureNeemo-SAHRAS-la-mode-Yuzuha-1-6-Twinkle-alamode-Lapis-Lazuli-Doll-Show-Commemorative-Ver_036cd5a6-4eb3-3143-b165-bf3ba2bf4cf7.jpg|https://cdn.myfigurelist.com/figure-images/f98064f7-6a80-35ac-95a5-d6180b9311d9/PureNeemo-SAHRAS-la-mode-Yuzuha-1-6-Twinkle-alamode-Lapis-Lazuli-Doll-Show-Commemorative-Ver_274af635-04bb-3801-bd27-19025c49c731.jpg|https://cdn.myfigurelist.com/figure-images/f98064f7-6a80-35ac-95a5-d6180b9311d9/PureNeemo-SAHRAS-la-mode-Yuzuha-1-6-Twinkle-alamode-Lapis-Lazuli-Doll-Show-Commemorative-Ver_206e6f72-5c45-3e59-8cf0-b28023c34b3b.jpg,[],12000,12000,12000,0,1,2026-09-27T02:08:22.300934Z,1.0,"[""csv""]"
34013,MyFigureList,https://myfigurelist.com/figure/34013/Heartcatch-Precure!-Dark-Pretty-Cure-SHFiguarts,Heartcatch Precure! - Dark Pretty Cure - S.H.Figuarts,,,Bandai,Scale Figure,2011-12-24,Non-Scale,,15,,https://cdn.myfigurelist.com/figure-images/0d4fb5e8-cc6d-32dd-9a3c-5dd5e60c63f4/Heartcatch-Precure!-Dark-Pretty-Cure-SHFiguarts_725b00c9-b9f2-3d60-849b-b5d8035fe464.jpg|https://cdn.myfigurelist.com/figure-images/0d4fb5e8-cc6d-32dd-9a3c-5dd5e60c63f4/Heartcatch-Precure!-Dark-Pretty-Cure-SHFiguarts_7b888aef-6f42-35db-82d9-6fdeea2a9823.jpg|https://cdn.myfigurelist.com/figure-images/0d4fb5e8-cc6d-32dd-9a3c-5dd5e60c63f4/Heartcatch-Precure!-Dark-Pretty-Cure-SHFiguarts_da3dbab7-9b8c-38c2-a94b-771e7345e108.jpg|https://cdn.myfigurelist.com/figure-images/0d4fb5e8-cc6d-32dd-9a3c-5dd5e60c63f4/Heartcatch-Precure!-Dark-Pretty-Cure-SHFiguarts_0ed0dbc4-98c1-3aaf-8c74-bd6dc0424ffc.jpg|https://cdn.myfigurelist.com/figure-images/0d4fb5e8-cc6d-32dd-9a3c-5dd5e60c63f4/Heartcatch-Precure!-Dark-Pretty-Cure-SHFiguarts_e4306539-6772-3062-8d74-2955e1249594.jpg|https://cdn.myfigurelist.com/figure-images/0d4fb5e8-cc6d-32dd-9a3c-5dd5e60c63f4/Heartcatch-Precure!-Dark-Pretty-Cure-SHFiguarts_486ef5bc-0b76-3617-ad0f-5dad1c93996c.jpg|https://cdn.myfigurelist.com/figure-images/0d4fb5e8-cc6d-32dd-9a3c-5dd5e60c63f4/Heartcatch-Precure!-Dark-Pretty-Cure-SHFiguarts_ad82fb9d-50c2-35cf-b696-23f1a20885b6.jpg|https://cdn.myfigurelist.com/figure-images/0d4fb5e8-cc6d-32dd-9a3c-5dd5e60c63f4/Heartcatch-Precure!-Dark-Pretty-Cure-SHFiguarts_a93b2812-5255-3e4a-a3bd-dc7e11d0635c.jpg|https://cdn.myfigurelist.com/figure-images/0d4fb5e8-cc6d-32dd-9a3c-5dd5e60c63f4/Heartcatch-Precure!-Dark-Pretty-Cure-SHFiguarts_24aa15ad-6398-3910-a067-a763f80d2b71.jpg|https://cdn.myfigurelist.com/figure-images/0d4fb5e8-cc6d-32dd-9a3c-5dd5e60c63f4/Heartcatch-Precure!-Dark-Pretty-Cure-SHFiguarts_f50cd43e-86a8-3f85-a399-7c8a68de3fe6.jpg,[],3800,3800,3800,0,1,2026-09-27T02:08:25.045949Z,1.0,"[""csv""]"
123573,MyFigureList,https://myfigurelist.com/figure/123573/Zenless-Zone-Zero-Yixuan-1-6,Zenless Zone Zero - Yixuan - 1/6,,,Novel Star,Scale Figure,2026-02-08,1/6,,,,https://cdn.myfigurelist.com/figure-images/fdbce848-5373-32b8-9fff-cd9cb68397a4/Zenless-Zone-Zero-Yixuan-1-6_f161b3be-43c8-36fd-9f6a-8074618991df.jpg|https://cdn.myfigurelist.com/figure-images/fdbce848-5373-32b8-9fff-cd9cb68397a4/Zenless-Zone-Zero-Yixuan-1-6_1a4c6b09-35db-327c-b2fa-4171fa439fcc.jpg|https://cdn.myfigurelist.com/figure-images/fdbce848-5373-32b8-9fff-cd9cb68397a4/Zenless-Zone-Zero-Yixuan-1-6_8cbd91cf-5add-3217-9a13-32e4f909aac6.jpg|https://cdn.myfigurelist.com/figure-images/fdbce848-5373-32b8-9fff-cd9cb68397a4/Zenless-Zone-Zero-Yixuan-1-6_59b5a2e0-750f-3483-a86b-2b903d9135b3.jpg|https://cdn.myfigurelist.com/figure-images/fdbce848-5373-32b8-9fff-cd9cb68397a4/Zenless-Zone-Zero-Yixuan-1-6_5c23e7b7-662d-3dc6-855c-d58caf4f6327.jpg|https://cdn.myfigurelist.com/figure-images/fdbce848-5373-32b8-9fff-cd9cb68397a4/Zenless-Zone-Zero-Yixuan-1-6_09075342-a027-3212-8a90-cc8aa7680e20.jpg|https://cdn.myfigurelist.com/figure-images/fdbce848-5373-32b8-9fff-cd9cb68397a4/Zenless-Zone-Zero-Yixuan-1-6_28191e87-8e71-3179-899c-a859d1f29eaf.jpg|https://cdn.myfigurelist.com/figure-images/fdbce848-5373-32b8-9fff-cd9cb68397a4/Zenless-Zone-Zero-Yixuan-1-6_fbfe4daa-b8b9-3877-b978-5148f1fdf7b4.jpg|https://cdn.myfigurelist.com/figure-images/fdbce848-5373-32b8-9fff-cd9cb68397a4/Zenless-Zone-Zero-Yixuan-1-6_4d80e3c9-9ee6-33f4-989a-d2c4967cb2f4.jpg|https://cdn.myfigurelist.com/figure-images/fdbce848-5373-32b8-9fff-cd9cb68397a4/Zenless-Zone-Zero-Yixuan-1-6_1e330d70-e3e4-3b04-a7ce-9bbe44495cb8.jpg|https://cdn.myfigurelist.com/figure-images/fdbce848-5373-32b8-9fff-cd9cb68397a4/Zenless-Zone-Zero-Yixuan-1-6_ea0641ee-0f47-371a-b7e5-bc494ffe5426.jpg,[],30000,30000,30000,0,1,2026-09-27T02:08:26.540253Z,1.0,"[""csv""]"
68020,MyFigureList,https://myfigurelist.com/figure/68020/Goddess-of-Victory-Nikke-Bolt-Liter-Goddess-of-Victory-NIKKE-SD-Figure,Goddess of Victory: Nikke - Bolt - Liter - Goddess of Victory: NIKKE SD Figure,,,GNF Toyz,Anime Figure,2025-06-01,,,9,,https://cdn.myfigurelist.com/figure-images/1774dfa5-f20a-3837-ab76-d26698d34d45/Goddess-of-Victory-Nikke-Bolt-Liter-Goddess-of-Victory-NIKKE-SD-Figure_321895a9-fec0-3947-ad79-2affe114d79e.jpg|https://cdn.myfigurelist.com/figure-images/1774dfa5-f20a-3837-ab76-d26698d34d45/Goddess-of-Victory-Nikke-Bolt-Liter-Goddess-of-Victory-NIKKE-SD-Figure_9dbb4b64-b885-3635-a1d4-d70ccc795480.jpg|https://cdn.myfigurelist.com/figure-images/1774dfa5-f20a-3837-ab76-d26698d34d45/Goddess-of-Victory-Nikke-Bolt-Liter-Goddess-of-Victory-NIKKE-SD-Figure_fb65db6b-2550-3b07-8417-24087aa42cab.jpg|https://cdn.myfigurelist.com/figure-images/1774dfa5-f20a-3837-ab76-d26698d34d45/Goddess-of-Victory-Nikke-Bolt-Liter-Goddess-of-Victory-NIKKE-SD-Figure_7564fad5-9c23-33a6-8ca2-2d4349ad98ba.jpg,[],5082,5082,5082,0,1,2026-09-27T02:16:12.617372Z,1.0,"[""csv""]"
74725,MyFigureList,https://myfigurelist.com/figure/74725/Gasshin-Sentai-Mechander-Robo-Mechander-Mecha-Action-Series-DX-Ver,Gasshin Sentai Mechander Robo - Mechander - Mecha-Action Series - DX Ver.,,,CM's Corporation,Anime Figure,2011-09-01,,,18,,https://cdn.myfigurelist.com/figure-images/3587b332-3b8b-33be-956b-63fcc2fee317/Gasshin-Sentai-Mechander-Robo-Mechander-Mecha-Action-Series-DX-Ver_ab196f84-760d-3407-b357-fab7be381f5c.jpg|https://cdn.myfigurelist.com/figure-images/3587b332-3b8b-33be-956b-63fcc2fee317/Gasshin-Sentai-Mechander-Robo-Mechander-Mecha-Action-Series-DX-Ver_947de2d3-c94f-3f89-9021-62ea9398dc85.jpg|https://cdn.myfigurelist.com/figure-images/3587b332-3b8b-33be-956b-63fcc2fee317/Gasshin-Sentai-Mechander-Robo-Mechander-Mecha-Action-Series-DX-Ver_239ac244-d442-3efe-a706-1e3de70bf7e4.jpg|https://cdn.myfigurelist.com/figure-images/3587b332-3b8b-33be-956b-63fcc2fee317/Gasshin-Sentai-Mechander-Robo-Mechander-Mecha-Action-Series-DX-Ver_12255090-b0ae-38f9-9654-8c3b19098f78.jpg|https://cdn.myfigurelist.com/figure-images/3587b332-3b8b-33be-956b-63fcc2fee317/Gasshin-Sentai-Mechander-Robo-Mechander-Mecha-Action-Series-DX-Ver_fbef2708-3c49-3489-b7d5-96cf9381af02.jpg|https://cdn.myfigurelist.com/figure-images/3587b332-3b8b-33be-956b-63fcc2fee317/Gasshin-Sentai-Mechander-Robo-Mechander-Mecha-Action-Series-DX-Ver_11b82bd6-7605-37e2-bb9e-2ba12f2c469f.jpg|https://cdn.myfigurelist.com/figure-images/3587b332-3b8b-33be-956b-63fcc2fee317/Gasshin-Sentai-Mechander-Robo-Mechander-Mecha-Action-Series-DX-Ver_befd75e5-2ba6-35ea-bb21-d658e0959d24.jpg|https://cdn.myfigurelist.com/figure-images/3587b332-3b8b-33be-956b-63fcc2fee317/Gasshin-Sentai-Mechander-Robo-Mechander-Mecha-Action-Series-DX-Ver_9af760b6-f40d-3416-9ea4-2713b3dfd566.jpg|https://cdn.myfigurelist.com/figure-images/3587b332-3b8b-33be-956b-63fcc2fee317/Gasshin-Sentai-Mechander-Robo-Mechander-Mecha-Action-Series-DX-Ver_179988a0-13d7-389f-b18a-e51866bd7395.jpg|https://cdn.myfigurelist.com/figure-images/3587b332-3b8b-33be-956b-63fcc2fee317/Gasshin-Sentai-Mechander-Robo-Mechander-Mecha-Action-Series-DX-Ver_23063c3a-e188-3b99-a114-a62b0d3daed4.jpg|https://cdn.myfigurelist.com/figure-images/3587b332-3b8b-33be-956b-63fcc2fee317/Gasshin-Sentai-Mechander-Robo-Mechander-Mecha-Action-Series-DX-Ver_b2341875-df12-3af6-8fb9-8ae53c303c9c.jpg|https://cdn.myfigurelist.com/figure-images/3587b332-3b8b-33be-956b-63fcc2fee317/Gasshin-Sentai-Mechander-Robo-Mechander-Mecha-Action-Series-DX-Ver_157e29a0-0828-377b-b769-6e2e8c070784.jpg|https://cdn.myfigurelist.com/figure-images/3587b332-3b8b-33be-956b-63fcc2fee317/Gasshin-Sentai-Mechander-Robo-Mechander-Mecha-Action-Series-DX-Ver_ee8ee88a-28cf-399c-b652-e367eaa36fab.jpg,[],,,,0,0,2026-09-27T02:16:33.441611Z,1.0,"[""csv""]"
35801,MyFigureList,https://myfigurelist.com/figure/35801/Boku-no-Hero-Academia-Edgeshot-Ichiban-Kuji-Ichiban-Kuji-Boku-no-Hero-Academia-The-Top-5!-D-Prize,Boku no Hero Academia - Edgeshot - Ichiban Kuji - Ichiban Kuji Boku no Hero Academia The Top 5!  (D Prize),,,,Scale Figure,2022-09-10,Non-Scale,,17,,https://cdn.myfigurelist.com/figure-images/3088068c-338e-339d-b7b2-bb66a0aa4c93/Boku-no-Hero-Academia-Edgeshot-Ichiban-Kuji-Ichiban-Kuji-Boku-no-Hero-Academia-The-Top-5!-D-Prize_6703377e-b5cd-33af-bd36-12dc82530d9c.jpg,[],,,,0,0,2026-09-27T02:16:34.711333Z,1.0,"[""csv""]"
22634,MyFigureList,https://myfigurelist.com/figure/22634/THE-IDOLMSTER-Cinderella-Girls-Pretty-Liar-Kaede-Takagaki-1-7-Complete-Figure,THE IDOLM@STER Cinderella Girls [Pretty Liar] Kaede Takagaki + 1/7 Complete Figure,,,WAVE,Scale Figure,2025-05-01,1/7,Mishima,25,,https://cdn.myfigurelist.com/figure-images/4943209611980/THE-IDOLMSTER-Cinderella-Girls-Pretty-Liar-Kaede-Takagaki-1-7-Complete-Figure_8ae994da-c0ad-4492-96dd-e14a3e65a2f4.jpg|https://cdn.myfigurelist.com/figure-images/4943209611980/THE-IDOLMSTER-Cinderella-Girls-Pretty-Liar-Kaede-Takagaki-1-7-Complete-Figure_9c6d9dca-d155-4f6f-b44a-ca1d951c6814.jpg|https://cdn.myfigurelist.com/figure-images/4943209611980/THE-IDOLMSTER-Cinderella-Girls-Pretty-Liar-Kaede-Takagaki-1-7-Complete-Figure_47fdfa0d-4e5e-4001-938c-5989caa509c5.jpg|https://cdn.myfigurelist.com/figure-images/4943209611980/THE-IDOLMSTER-Cinderella-Girls-Pretty-Liar-Kaede-Takagaki-1-7-Complete-Figure_00f7a91f-b165-40cf-9400-1130650e261d.jpg|https://cdn.myfigurelist.com/figure-images/4943209611980/THE-IDOLMSTER-Cinderella-Girls-Pretty-Liar-Kaede-Takagaki-1-7-Complete-Figure_ad059eb1-a6de-4db0-bafc-27738d2cfcfe.jpg|https://cdn.myfigurelist.com/figure-images/4943209611980/THE-IDOLMSTER-Cinderella-Girls-Pretty-Liar-Kaede-Takagaki-1-7-Complete-Figure_c098ad24-1cbe-4b99-9d10-0a6e3b584589.jpg|https://cdn.myfigurelist.com/figure-images/4943209611980/THE-IDOLMSTER-Cinderella-Girls-Pretty-Liar-Kaede-Takagaki-1-7-Complete-Figure_ef95df26-58e2-408a-a6aa-1d054686a55d.jpg|https://cdn.myfigurelist.com/figure-images/4943209611980/THE-IDOLMSTER-Cinderella-Girls-Pretty-Liar-Kaede-Takagaki-1-7-Complete-Figure_0d040707-9fcb-4d36-b2cb-a7101f8bb1d0.jpg|https://cdn.myfigurelist.com/figure-images/4943209611980/THE-IDOLMSTER-Cinderella-Girls-Pretty-Liar-Kaede-Takagaki-1-7-Complete-Figure_cc166b3b-f233-4dcd-8393-49f7ef2362c6.jpg|https://cdn.myfigurelist.com/figure-images/4943209611980/THE-IDOLMSTER-Cinderella-Girls-Pretty-Liar-Kaede-Takagaki-1-7-Complete-Figure_0f1ca1b7-8c7f-4987-8a4d-983fb78e58d3.jpg,[],,,,0,0,2026-09-27T02:16:36.212743Z,1.0,"[""csv""]"
13497,MyFigureList,https://myfigurelist.com/figure/13497/Nendoroid-86-Eighty-Six-Vladilena-Milize,Nendoroid 86 -Eighty Six- Vladilena Milize,,,Good Smile Company,Scale Figure,2022-02-01,Non-Scale,Shichibee,10,,https://cdn.myfigurelist.com/figure-images/4580590125759/Nendoroid-86-Eighty-Six-Vladilena-Milize_aadb7f82-e29f-4bec-b2c2-662e5be61aa6.jpg|https://cdn.myfigurelist.com/figure-images/4580590125759/Nendoroid-86-Eighty-Six-Vladilena-Milize_d344b754-2760-49df-a0b8-ca1cdb778343.jpg|https://cdn.myfigurelist.com/figure-images/4580590125759/Nendoroid-86-Eighty-Six-Vladilena-Milize_7fcaf255-c488-4c4d-9f4f-326ef41ba732.jpg|https://cdn.myfigurelist.com/figure-images/4580590125759/Nendoroid-86-Eighty-Six-Vladilena-Milize_c1c53bc2-9fde-4a93-abba-94e2f5310a6e.jpg|https://cdn.myfigurelist.com/figure-images/4580590125759/Nendoroid-86-Eighty-Six-Vladilena-Milize_af6a002e-4277-4456-8dae-39e8d87d631f.jpg,[],,,,0,0,2026-09-27T02:16:36.686373Z,1.0,"[""csv""]"
79554,MyFigureList,https://myfigurelist.com/figure/79554/Goddess-of-Victory-Nikke-Leviathan-Baby-Boom,Goddess of Victory: Nikke - Leviathan - Baby Boom,,,GNF Toyz,Anime Figure,2026-04-01,,,,,https://cdn.myfigurelist.com/figure-images/49e513be-e3da-3f46-a7e7-5233c0d27a9a/Goddess-of-Victory-Nikke-Leviathan-Baby-Boom_80da08d6-c4e7-3963-b0cd-83d2db04ec3e.jpg,[],,,,0,0,2026-09-27T02:16:37.262819Z,1.0,"[""csv""]"
26415,MyFigureList,https://myfigurelist.com/figure/26415/Assemble-Borg-NEXUS-002-Barrel-Speeder-3in1,Assemble Borg NEXUS 002 Barrel Speeder 3in1,,,Kaiyodo,Scale Figure,2016-06-01,Non-Scale,Mokei no Oukoku,14,,https://cdn.myfigurelist.com/figure-images/4537807030146/Assemble-Borg-NEXUS-002-Barrel-Speeder-3in1_f96bf9a8-9507-440f-baf9-67b07c447561.jpg|https://cdn.myfigurelist.com/figure-images/4537807030146/Assemble-Borg-NEXUS-002-Barrel-Speeder-3in1_e33117aa-449c-4fbe-a947-0ea58858ea7a.jpg|https://cdn.myfigurelist.com/figure-images/4537807030146/Assemble-Borg-NEXUS-002-Barrel-Speeder-3in1_15692efc-893f-483f-86bd-437a8233242b.jpg|https://cdn.myfigurelist.com/figure-images/4537807030146/Assemble-Borg-NEXUS-002-Barrel-Speeder-3in1_dbb6c3f9-1c6e-4a5d-a52b-916759601d3a.jpg|https://cdn.myfigurelist.com/figure-images/4537807030146/Assemble-Borg-NEXUS-002-Barrel-Speeder-3in1_9656f494-f15b-4212-9195-a1b345550251.jpg|https://cdn.myfigurelist.com/figure-images/4537807030146/Assemble-Borg-NEXUS-002-Barrel-Speeder-3in1_bee1df02-28d9-40d7-9dc1-2863afea9cdf.jpg|https://cdn.myfigurelist.com/figure-images/4537807030146/Assemble-Borg-NEXUS-002-Barrel-Speeder-3in1_5d60a0a5-6e16-4e58-8fd1-404340375296.jpg|https://cdn.myfigurelist.com/figure-images/4537807030146/Assemble-Borg-NEXUS-002-Barrel-Speeder-3in1_cedbf874-0997-4973-b8dd-b2ef5e1dd3b1.jpg|https://cdn.myfigurelist.com/figure-images/4537807030146/Assemble-Borg-NEXUS-002-Barrel-Speeder-3in1_a6e77c1a-78d9-49f0-bce6-fe07736162f7.jpg|https://cdn.myfigurelist.com/figure-images/4537807030146/Assemble-Borg-NEXUS-002-Barrel-Speeder-3in1_205a2e94-d085-4ca2-8f4d-0e5e7bdc8038.jpg|https://cdn.myfigurelist.com/figure-images/4537807030146/Assemble-Borg-NEXUS-002-Barrel-Speeder-3in1_9ead76fd-31d7-4912-984d-cf13671fc931.jpg|https://cdn.myfigurelist.com/figure-images/4537807030146/Assemble-Borg-NEXUS-002-Barrel-Speeder-3in1_b5f8e8c9-2319-4184-ab0d-53f03254fe95.jpg|https://cdn.myfigurelist.com/figure-images/4537807030146/Assemble-Borg-NEXUS-002-Barrel-Speeder-3in1_d2d8cf41-2329-4e6d-93c0-5244cdaf1e3e.jpg|https://cdn.myfigurelist.com/figure-images/4537807030146/Assemble-Borg-NEXUS-002-Barrel-Speeder-3in1_a3099d68-6a2c-48df-b851-e38b8d3430c2.jpg,[],,,,0,0,2026-09-27T02:16:37.651298Z,1.0,"[""csv""]"
102068,MyFigureList,https://myfigurelist.com/figure/102068/Mahou-Sensei-Negima!-Mou-Hitotsu-no-Sekai-Kagurazaka-Asuna,Mahou Sensei Negima! Mou Hitotsu no Sekai - Kagurazaka Asuna,,,,Anime Figure,2009-07-26,,,,,https://cdn.myfigurelist.com/figure-images/a4e49fe9-b8f0-380b-b5e9-c0e868572328/Mahou-Sensei-Negima!-Mou-Hitotsu-no-Sekai-Kagurazaka-Asuna_15771cc6-d901-3ba6-aed0-25d2e94b5ebf.jpg|https://cdn.myfigurelist.com/figure-images/a4e49fe9-b8f0-380b-b5e9-c0e868572328/Mahou-Sensei-Negima!-Mou-Hitotsu-no-Sekai-Kagurazaka-Asuna_8f89db0f-501b-3d7d-9235-43425240cdfc.jpg|https://cdn.myfigurelist.com/figure-images/a4e49fe9-b8f0-380b-b5e9-c0e868572328/Mahou-Sensei-Negima!-Mou-Hitotsu-no-Sekai-Kagurazaka-Asuna_739605fb-903f-38b0-98dc-41cc517b8eff.jpg|https://cdn.myfigurelist.com/figure-images/a4e49fe9-b8f0-380b-b5e9-c0e868572328/Mahou-Sensei-Negima!-Mou-Hitotsu-no-Sekai-Kagurazaka-Asuna_c28c4ab8-e125-30c0-bd97-1932c4846e3e.jpg|https://cdn.myfigurelist.com/figure-images/a4e49fe9-b8f0-380b-b5e9-c0e868572328/Mahou-Sensei-Negima!-Mou-Hitotsu-no-Sekai-Kagurazaka-Asuna_5271dcc5-1144-321a-8eca-5160594960fb.jpg|https://cdn.myfigurelist.com/figure-images/a4e49fe9-b8f0-380b-b5e9-c0e868572328/Mahou-Sensei-Negima!-Mou-Hitotsu-no-Sekai-Kagurazaka-Asuna_e0cb1e6e-9b3f-31d4-a620-d02f54bb27fe.jpg,[],7000,7000,7000,0,1,2026-09-27T02:16:38.023912Z,1.0,"[""csv""]"
18099,MyFigureList,https://myfigurelist.com/figure/18099/Azur-Lane-Jean-Bart-First-Snow-Upon-the-Cutlasss-Edge-ver-1-7-Complete-Figure,Azur Lane Jean Bart First Snow Upon the Cutlass's Edge ver. 1/7 Complete Figure,,,WINGS inc.,Scale Figure,2024-05-01,1/7,WINGS inc.,26,,https://cdn.myfigurelist.com/figure-images/4589456500327/Azur-Lane-Jean-Bart-First-Snow-Upon-the-Cutlass's-Edge-ver-1-7-Complete-Figure_7a79a674-26a3-4722-9cff-3c24b5b426e1.jpg|https://cdn.myfigurelist.com/figure-images/4589456500327/Azur-Lane-Jean-Bart-First-Snow-Upon-the-Cutlass's-Edge-ver-1-7-Complete-Figure_5c6f4ecc-624b-4c94-8ed0-92a8c33bf3af.jpg|https://cdn.myfigurelist.com/figure-images/4589456500327/Azur-Lane-Jean-Bart-First-Snow-Upon-the-Cutlass's-Edge-ver-1-7-Complete-Figure_4d84b131-2bbb-418e-9436-4d683c943983.jpg|https://cdn.myfigurelist.com/figure-images/4589456500327/Azur-Lane-Jean-Bart-First-Snow-Upon-the-Cutlass's-Edge-ver-1-7-Complete-Figure_1864d95f-2d25-467f-bc77-ae8943f07137.jpg|https://cdn.myfigurelist.com/figure-images/4589456500327/Azur-Lane-Jean-Bart-First-Snow-Upon-the-Cutlass's-Edge-ver-1-7-Complete-Figure_c149c5ef-430a-4efa-94a3-b3704f15083d.jpg|https://cdn.myfigurelist.com/figure-images/4589456500327/Azur-Lane-Jean-Bart-First-Snow-Upon-the-Cutlass's-Edge-ver-1-7-Complete-Figure_372da8c5-dc44-4fd4-9143-a5c34b250de7.jpg|https://cdn.myfigurelist.com/figure-images/4589456500327/Azur-Lane-Jean-Bart-First-Snow-Upon-the-Cutlass's-Edge-ver-1-7-Complete-Figure_06a990d4-708c-4dcf-b610-0471962501ca.jpg|https://cdn.myfigurelist.com/figure-images/4589456500327/Azur-Lane-Jean-Bart-First-Snow-Upon-the-Cutlass's-Edge-ver-1-7-Complete-Figure_b3074421-5767-493a-a5c4-89224f9a16c8.jpg|https://cdn.myfigurelist.com/figure-images/4589456500327/Azur-Lane-Jean-Bart-First-Snow-Upon-the-Cutlass's-Edge-ver-1-7-Complete-Figure_c3d5e249-90ce-4560-b474-017a940e0152.jpg|https://cdn.myfigurelist.com/figure-images/4589456500327/Azur-Lane-Jean-Bart-First-Snow-Upon-the-Cutlass's-Edge-ver-1-7-Complete-Figure_ac7d637a-119e-4f2a-b8c7-996d4275a152.jpg,[],,,,0,0,2026-09-27T02:16:38.415515Z,1.0,"[""csv""]"
109952,MyFigureList,https://myfigurelist.com/figure/109952/Senran-Kagura-Hibari-Beach-Queens-1-10-Swimsuit-ver,Senran Kagura - Hibari - Beach Queens - 1/10 - Swimsuit ver.,,,WAVE,Scale Figure,2013-11-25,1/10,Misumaru Mashii,16,,https://cdn.myfigurelist.com/figure-images/c4cee539-3631-3e18-b3b8-28b9e0891cfd/Senran-Kagura-Hibari-Beach-Queens-1-10-Swimsuit-ver_7ca8baec-a7af-39bc-aeab-f51a1351a5f8.jpg|https://cdn.myfigurelist.com/figure-images/c4cee539-3631-3e18-b3b8-28b9e0891cfd/Senran-Kagura-Hibari-Beach-Queens-1-10-Swimsuit-ver_24fafdf0-c2ef-3de8-a402-cd715b1bd0d3.jpg|https://cdn.myfigurelist.com/figure-images/c4cee539-3631-3e18-b3b8-28b9e0891cfd/Senran-Kagura-Hibari-Beach-Queens-1-10-Swimsuit-ver_8e789c84-584b-319d-b4d2-f6b5c56f2e9d.jpg|https://cdn.myfigurelist.com/figure-images/c4cee539-3631-3e18-b3b8-28b9e0891cfd/Senran-Kagura-Hibari-Beach-Queens-1-10-Swimsuit-ver_d0951411-07f5-32e8-9800-e6d92eb73fb6.jpg|https://cdn.myfigurelist.com/figure-images/c4cee539-3631-3e18-b3b8-28b9e0891cfd/Senran-Kagura-Hibari-Beach-Queens-1-10-Swimsuit-ver_c6839ca3-f702-3639-a445-6d33ca40abc6.jpg|https://cdn.myfigurelist.com/figure-images/c4cee539-3631-3e18-b3b8-28b9e0891cfd/Senran-Kagura-Hibari-Beach-Queens-1-10-Swimsuit-ver_7b08e556-bc77-35b3-bc08-abfc77b8f717.jpg|https://cdn.myfigurelist.com/figure-images/c4cee539-3631-3e18-b3b8-28b9e0891cfd/Senran-Kagura-Hibari-Beach-Queens-1-10-Swimsuit-ver_4d114e8a-72bb-3ad6-bf6b-2a8f95db4cfc.jpg|https://cdn.myfigurelist.com/figure-images/c4cee539-3631-3e18-b3b8-28b9e0891cfd/Senran-Kagura-Hibari-Beach-Queens-1-10-Swimsuit-ver_883dced0-5e60-34b9-9f8d-57b5a0260139.jpg|https://cdn.myfigurelist.com/figure-images/c4cee539-3631-3e18-b3b8-28b9e0891cfd/Senran-Kagura-Hibari-Beach-Queens-1-10-Swimsuit-ver_898176ba-99e3-3708-b893-acb66bb30d51.jpg|https://cdn.myfigurelist.com/figure-images/c4cee539-3631-3e18-b3b8-28b9e0891cfd/Senran-Kagura-Hibari-Beach-Queens-1-10-Swimsuit-ver_9982bcd1-5823-3355-af8f-d4a84a19973e.jpg|https://cdn.myfigurelist.com/figure-images/c4cee539-3631-3e18-b3b8-28b9e0891cfd/Senran-Kagura-Hibari-Beach-Queens-1-10-Swimsuit-ver_b98a0d9e-03cb-3569-a07e-b564c42ea92a.jpg|https://cdn.myfigurelist.com/figure-images/c4cee539-3631-3e18-b3b8-28b9e0891cfd/Senran-Kagura-Hibari-Beach-Queens-1-10-Swimsuit-ver_e3e036bd-ac5d-3ad3-8003-10e85308c7c2.jpg|https://cdn.myfigurelist.com/figure-images/c4cee539-3631-3e18-b3b8-28b9e0891cfd/Senran-Kagura-Hibari-Beach-Queens-1-10-Swimsuit-ver_97e86ac3-35b3-3b6e-b4db-d501fac96a3d.jpg|https://cdn.myfigurelist.com/figure-images/c4cee539-3631-3e18-b3b8-28b9e0891cfd/Senran-Kagura-Hibari-Beach-Queens-1-10-Swimsuit-ver_85a63f67-323e-30fa-8f15-4b7d2be2434d.jpg|https://cdn.myfigurelist.com/figure-images/c4cee539-3631-3e18-b3b8-28b9e0891cfd/Senran-Kagura-Hibari-Beach-Queens-1-10-Swimsuit-ver_144238d4-8053-3406-8c20-3e6a7ac89aea.jpg|https://cdn.myfigurelist.com/figure-images/c4cee539-3631-3e18-b3b8-28b9e0891cfd/Senran-Kagura-Hibari-Beach-Queens-1-10-Swimsuit-ver_e3ae02f1-a9ea-341e-af98-9d6c97e23be3.jpg|https://cdn.myfigurelist.com/figure-images/c4cee539-3631-3e18-b3b8-28b9e0891cfd/Senran-Kagura-Hibari-Beach-Queens-1-10-Swimsuit-ver_6bc212ef-1e67-388c-89cf-5e4443949eb2.jpg|https://cdn.myfigurelist.com/figure-images/c4cee539-3631-3e18-b3b8-28b9e0891cfd/Senran-Kagura-Hibari-Beach-Queens-1-10-Swimsuit-ver_d29a8355-453a-3a30-965d-ac162231a7f8.jpg|https://cdn.myfigurelist.com/figure-images/c4cee539-3631-3e18-b3b8-28b9e0891cfd/Senran-Kagura-Hibari-Beach-Queens-1-10-Swimsuit-ver_83ab1e08-14ce-325e-8fee-77e6c1b033f2.jpg|https://cdn.myfigurelist.com/figure-images/c4cee539-3631-3e18-b3b8-28b9e0891cfd/Senran-Kagura-Hibari-Beach-Queens-1-10-Swimsuit-ver_99eee3e5-4093-3081-bd7f-7c955487ce85.jpg|https://cdn.myfigurelist.com/figure-images/c4cee539-3631-3e18-b3b8-28b9e0891cfd/Senran-Kagura-Hibari-Beach-Queens-1-10-Swimsuit-ver_0a3b008f-34ff-3351-9a81-b1f779f68f99.jpg|https://cdn.myfigurelist.com/figure-images/c4cee539-3631-3e18-b3b8-28b9e0891cfd/Senran-Kagura-Hibari-Beach-Queens-1-10-Swimsuit-ver_8736746b-607d-3eff-9d8b-5186de4c52aa.jpg|https://cdn.myfigurelist.com/figure-images/c4cee539-3631-3e18-b3b8-28b9e0891cfd/Senran-Kagura-Hibari-Beach-Queens-1-10-Swimsuit-ver_40782046-3669-34ea-b736-a7acdc73b35d.jpg|https://cdn.myfigurelist.com/figure-images/c4cee539-3631-3e18-b3b8-28b9e0891cfd/Senran-Kagura-Hibari-Beach-Queens-1-10-Swimsuit-ver_ca23907a-9a95-3676-a19e-4676945e5dbb.jpg,[],,,,0,0,2026-09-27T02:16:39.305905Z,1.0,"[""csv""]"
3006,MyFigureList,https://myfigurelist.com/figure/3006/Azur-Lane-Ayanami-Kai-1-7-Complete-Figure,"Azur Lane ""Ayanami Kai"" 1/7 Complete Figure",,,PULCHRA,Scale Figure,2019-01-01,1/7,"sebe, Kenzo-",22,,https://cdn.myfigurelist.com/figure-images/4571498441294/Azur-Lane-Ayanami-Kai-1-7-Complete-Figure_705e530a-f95e-4cd6-b528-7b880606ec5e.jpg|https://cdn.myfigurelist.com/figure-images/4571498441294/Azur-Lane-Ayanami-Kai-1-7-Complete-Figure_659e30c8-b4b3-4892-9cf4-fc1811f8edd7.jpg|https://cdn.myfigurelist.com/figure-images/4571498441294/Azur-Lane-Ayanami-Kai-1-7-Complete-Figure_65775e94-4dd5-4142-a725-f2110e873a59.jpg|https://cdn.myfigurelist.com/figure-images/4571498441294/Azur-Lane-Ayanami-Kai-1-7-Complete-Figure_6632109b-dc82-4682-a5db-679ae3198d55.jpg|https://cdn.myfigurelist.com/figure-images/4571498441294/Azur-Lane-Ayanami-Kai-1-7-Complete-Figure_ad3fccdd-d36d-4781-985a-b1f7ad5d59f6.jpg|https://cdn.myfigurelist.com/figure-images/4571498441294/Azur-Lane-Ayanami-Kai-1-7-Complete-Figure_95e835b4-c8df-4524-b418-2a6e3b727c64.jpg|https://cdn.myfigurelist.com/figure-images/4571498441294/Azur-Lane-Ayanami-Kai-1-7-Complete-Figure_dc787fb9-8462-4c26-8a03-4fc6b4ab690a.jpg|https://cdn.myfigurelist.com/figure-images/4571498441294/Azur-Lane-Ayanami-Kai-1-7-Complete-Figure_52f67cfb-7757-4e94-96ee-0750c1b8bf67.jpg|https://cdn.myfigurelist.com/figure-images/4571498441294/Azur-Lane-Ayanami-Kai-1-7-Complete-Figure_83ea86c7-fb1a-4df7-baee-7d7142b7dd83.jpg|https://cdn.myfigurelist.com/figure-images/4571498441294/Azur-Lane-Ayanami-Kai-1-7-Complete-Figure_b1b984fe-e381-45d2-a2ae-ffea91c7b833.jpg|https://cdn.myfigurelist.com/figure-images/4571498441294/Azur-Lane-Ayanami-Kai-1-7-Complete-Figure_d7c3d063-be4b-4d0b-b041-d301d9a67969.jpg|https://cdn.myfigurelist.com/figure-images/4571498441294/Azur-Lane-Ayanami-Kai-1-7-Complete-Figure_01ee44fe-848b-41e1-92bf-ee152bf1837a.jpg,[],,,,0,0,2026-09-27T02:16:39.799266Z,1.0,"[""csv""]"
98012,MyFigureList,https://myfigurelist.com/figure/98012/To-Heart-2-Kousaka-Tamaki-1-8-Christmas-Gemaga-Ver,To Heart 2 - Kousaka Tamaki - 1/8 - Christmas Gemaga Ver.,,,Kotobukiya,Scale Figure,2009-12-01,1/8,Arakawa Yasuyuki,,,https://cdn.myfigurelist.com/figure-images/942db9eb-39e9-3d7b-8c2f-c20ff023de62/To-Heart-2-Kousaka-Tamaki-1-8-Christmas-Gemaga-Ver_0c955d87-6d31-3979-8e67-08279b746e13.jpg|https://cdn.myfigurelist.com/figure-images/942db9eb-39e9-3d7b-8c2f-c20ff023de62/To-Heart-2-Kousaka-Tamaki-1-8-Christmas-Gemaga-Ver_10df56a1-c47f-3913-9e83-587ef855df3a.jpg|https://cdn.myfigurelist.com/figure-images/942db9eb-39e9-3d7b-8c2f-c20ff023de62/To-Heart-2-Kousaka-Tamaki-1-8-Christmas-Gemaga-Ver_51a51188-48cb-3cb9-af6e-31cfd83cd2b7.jpg|https://cdn.myfigurelist.com/figure-images/942db9eb-39e9-3d7b-8c2f-c20ff023de62/To-Heart-2-Kousaka-Tamaki-1-8-Christmas-Gemaga-Ver_b8692fb8-5e2c-3568-b28e-e88bb012e0fa.jpg|https://cdn.myfigurelist.com/figure-images/942db9eb-39e9-3d7b-8c2f-c20ff023de62/To-Heart-2-Kousaka-Tamaki-1-8-Christmas-Gemaga-Ver_b78a3f1f-9316-3712-b1b4-f45bcf16c498.jpg|https://cdn.myfigurelist.com/figure-images/942db9eb-39e9-3d7b-8c2f-c20ff023de62/To-Heart-2-Kousaka-Tamaki-1-8-Christmas-Gemaga-Ver_d2ef49bd-d673-3afd-9efb-8372250d3e16.jpg|https://cdn.myfigurelist.com/figure-images/942db9eb-39e9-3d7b-8c2f-c20ff023de62/To-Heart-2-Kousaka-Tamaki-1-8-Christmas-Gemaga-Ver_ecc4c78d-09b4-3ec7-8ff1-ef782d582eb6.jpg|https://cdn.myfigurelist.com/figure-images/942db9eb-39e9-3d7b-8c2f-c20ff023de62/To-Heart-2-Kousaka-Tamaki-1-8-Christmas-Gemaga-Ver_d1d918c0-5d65-3311-beb1-f4e01c668087.jpg|https://cdn.myfigurelist.com/figure-images/942db9eb-39e9-3d7b-8c2f-c20ff023de62/To-Heart-2-Kousaka-Tamaki-1-8-Christmas-Gemaga-Ver_f14213c9-5bea-38f0-acbf-db5fc8c23e5e.jpg|https://cdn.myfigurelist.com/figure-images/942db9eb-39e9-3d7b-8c2f-c20ff023de62/To-Heart-2-Kousaka-Tamaki-1-8-Christmas-Gemaga-Ver_96c0eb2b-6e9c-33d4-939c-f48cd4e40187.jpg|https://cdn.myfigurelist.com/figure-images/942db9eb-39e9-3d7b-8c2f-c20ff023de62/To-Heart-2-Kousaka-Tamaki-1-8-Christmas-Gemaga-Ver_70c123a6-7dae-3877-9e72-754fe9ddb069.jpg|https://cdn.myfigurelist.com/figure-images/942db9eb-39e9-3d7b-8c2f-c20ff023de62/To-Heart-2-Kousaka-Tamaki-1-8-Christmas-Gemaga-Ver_825e7040-49de-352c-9911-6ec6035cd855.jpg,[],6000,6000,6000,0,1,2026-09-27T02:16:48.779403Z,1.0,"[""csv""]"
109930,MyFigureList,https://myfigurelist.com/figure/109930/Vocaloid-Hatsune-Miku,Vocaloid - Hatsune Miku,,,Revolve,Anime Figure,2015-12-20,,Yakeo,,,https://cdn.myfigurelist.com/figure-images/c4d13226-8286-3dd3-ae8d-77f77debe0ac/Vocaloid-Hatsune-Miku_a7a2db1d-2d16-36b3-b6c9-1a25ab306075.jpg,[],10000,10000,10000,0,1,2026-09-27T02:16:50.069761Z,1.0,"[""csv""]"
43778,MyFigureList,https://myfigurelist.com/figure/43778/Gojira-vs-Evangelion-RIOBOT-R-16-Nerv-vs-G-Kessen-Heiki-Shiryu-Prototype-Unit,"Gojira vs. Evangelion - RIOBOT  (R-16) - Nerv vs. G Kessen Heiki ""Shiryu"" Prototype Unit",,,Sentinel,Scale Figure,2017-07-22,Non-Scale,T-REX,18,,https://cdn.myfigurelist.com/figure-images/435d9ff4-bcf9-3ac5-ab8b-10ca60e12aa0/Gojira-vs-Evangelion-RIOBOT-R-16-Nerv-vs-G-Kessen-Heiki-Shiryu-Prototype-Unit_b733a993-aa2d-3dff-b802-cb8d9e36c950.jpg|https://cdn.myfigurelist.com/figure-images/435d9ff4-bcf9-3ac5-ab8b-10ca60e12aa0/Gojira-vs-Evangelion-RIOBOT-R-16-Nerv-vs-G-Kessen-Heiki-Shiryu-Prototype-Unit_109f1702-5dc1-379c-96e4-576e659d1476.jpg|https://cdn.myfigurelist.com/figure-images/435d9ff4-bcf9-3ac5-ab8b-10ca60e12aa0/Gojira-vs-Evangelion-RIOBOT-R-16-Nerv-vs-G-Kessen-Heiki-Shiryu-Prototype-Unit_71a62b14-cc19-37cb-a469-2268918bd8be.jpg|https://cdn.myfigurelist.com/figure-images/435d9ff4-bcf9-3ac5-ab8b-10ca60e12aa0/Gojira-vs-Evangelion-RIOBOT-R-16-Nerv-vs-G-Kessen-Heiki-Shiryu-Prototype-Unit_a5c20bf6-6ca3-388f-ad3c-75a0156963e5.jpg|https://cdn.myfigurelist.com/figure-images/435d9ff4-bcf9-3ac5-ab8b-10ca60e12aa0/Gojira-vs-Evangelion-RIOBOT-R-16-Nerv-vs-G-Kessen-Heiki-Shiryu-Prototype-Unit_0f93fb5d-07c7-3c35-9442-a05ecf4bc132.jpg|https://cdn.myfigurelist.com/figure-images/435d9ff4-bcf9-3ac5-ab8b-10ca60e12aa0/Gojira-vs-Evangelion-RIOBOT-R-16-Nerv-vs-G-Kessen-Heiki-Shiryu-Prototype-Unit_2e43ebe6-23df-3e1f-8b7a-461300cc3b81.jpg|https://cdn.myfigurelist.com/figure-images/435d9ff4-bcf9-3ac5-ab8b-10ca60e12aa0/Gojira-vs-Evangelion-RIOBOT-R-16-Nerv-vs-G-Kessen-Heiki-Shiryu-Prototype-Unit_d2b53694-267c-3014-b625-025887dbacb8.jpg|https://cdn.myfigurelist.com/figure-images/435d9ff4-bcf9-3ac5-ab8b-10ca60e12aa0/Gojira-vs-Evangelion-RIOBOT-R-16-Nerv-vs-G-Kessen-Heiki-Shiryu-Prototype-Unit_0cc48e38-7a92-3020-ab45-12e6cee36b8a.jpg|https://cdn.myfigurelist.com/figure-images/435d9ff4-bcf9-3ac5-ab8b-10ca60e12aa0/Gojira-vs-Evangelion-RIOBOT-R-16-Nerv-vs-G-Kessen-Heiki-Shiryu-Prototype-Unit_09d08579-734a-3183-9858-483a3c4ad817.jpg|https://cdn.myfigurelist.com/figure-images/435d9ff4-bcf9-3ac5-ab8b-10ca60e12aa0/Gojira-vs-Evangelion-RIOBOT-R-16-Nerv-vs-G-Kessen-Heiki-Shiryu-Prototype-Unit_44a0fadf-9256-3b64-8840-6172e01d6ba7.jpg|https://cdn.myfigurelist.com/figure-images/435d9ff4-bcf9-3ac5-ab8b-10ca60e12aa0/Gojira-vs-Evangelion-RIOBOT-R-16-Nerv-vs-G-Kessen-Heiki-Shiryu-Prototype-Unit_0fac974e-2be3-3c6f-ac25-fc4a27433377.jpg|https://cdn.myfigurelist.com/figure-images/435d9ff4-bcf9-3ac5-ab8b-10ca60e12aa0/Gojira-vs-Evangelion-RIOBOT-R-16-Nerv-vs-G-Kessen-Heiki-Shiryu-Prototype-Unit_e0495e0d-49b7-3060-bee2-1d42eb322f8d.jpg|https://cdn.myfigurelist.com/figure-images/435d9ff4-bcf9-3ac5-ab8b-10ca60e12aa0/Gojira-vs-Evangelion-RIOBOT-R-16-Nerv-vs-G-Kessen-Heiki-Shiryu-Prototype-Unit_0dd72ee6-b777-37e3-bb26-c5598784d4e9.jpg|https://cdn.myfigurelist.com/figure-images/435d9ff4-bcf9-3ac5-ab8b-10ca60e12aa0/Gojira-vs-Evangelion-RIOBOT-R-16-Nerv-vs-G-Kessen-Heiki-Shiryu-Prototype-Unit_3a7cd7f0-b605-39d5-9c63-ce51d3d6ce21.jpg|https://cdn.myfigurelist.com/figure-images/435d9ff4-bcf9-3ac5-ab8b-10ca60e12aa0/Gojira-vs-Evangelion-RIOBOT-R-16-Nerv-vs-G-Kessen-Heiki-Shiryu-Prototype-Unit_2bc25f7b-8276-317d-8bbd-a5fd268fd7a8.jpg|https://cdn.myfigurelist.com/figure-images/435d9ff4-bcf9-3ac5-ab8b-10ca60e12aa0/Gojira-vs-Evangelion-RIOBOT-R-16-Nerv-vs-G-Kessen-Heiki-Shiryu-Prototype-Unit_699c4855-eff2-3b94-ac75-fdebf71e5ad7.jpg|https://cdn.myfigurelist.com/figure-images/435d9ff4-bcf9-3ac5-ab8b-10ca60e12aa0/Gojira-vs-Evangelion-RIOBOT-R-16-Nerv-vs-G-Kessen-Heiki-Shiryu-Prototype-Unit_32fa80fb-af1a-3236-95a8-20ff0a05a20d.jpg|https://cdn.myfigurelist.com/figure-images/435d9ff4-bcf9-3ac5-ab8b-10ca60e12aa0/Gojira-vs-Evangelion-RIOBOT-R-16-Nerv-vs-G-Kessen-Heiki-Shiryu-Prototype-Unit_0d49ec18-bf6b-3b71-ada1-17bcf765447b.jpg|https://cdn.myfigurelist.com/figure-images/435d9ff4-bcf9-3ac5-ab8b-10ca60e12aa0/Gojira-vs-Evangelion-RIOBOT-R-16-Nerv-vs-G-Kessen-Heiki-Shiryu-Prototype-Unit_920284f4-1640-398c-85e0-db1bda06a1eb.jpg|https://cdn.myfigurelist.com/figure-images/435d9ff4-bcf9-3ac5-ab8b-10ca60e12aa0/Gojira-vs-Evangelion-RIOBOT-R-16-Nerv-vs-G-Kessen-Heiki-Shiryu-Prototype-Unit_2f13cf84-6b76-32a9-a387-9f14275321de.jpg|https://cdn.myfigurelist.com/figure-images/435d9ff4-bcf9-3ac5-ab8b-10ca60e12aa0/Gojira-vs-Evangelion-RIOBOT-R-16-Nerv-vs-G-Kessen-Heiki-Shiryu-Prototype-Unit_848eb8a9-baeb-3930-bc75-cbe6f89ba3a4.jpg|https://cdn.myfigurelist.com/figure-images/435d9ff4-bcf9-3ac5-ab8b-10ca60e12aa0/Gojira-vs-Evangelion-RIOBOT-R-16-Nerv-vs-G-Kessen-Heiki-Shiryu-Prototype-Unit_f8990218-4560-3eab-9754-6160381bdb5f.jpg|https://cdn.myfigurelist.com/figure-images/435d9ff4-bcf9-3ac5-ab8b-10ca60e12aa0/Gojira-vs-Evangelion-RIOBOT-R-16-Nerv-vs-G-Kessen-Heiki-Shiryu-Prototype-Unit_cd7f1eb0-98f8-3096-b661-61d490a82478.jpg|https://cdn.myfigurelist.com/figure-images/435d9ff4-bcf9-3ac5-ab8b-10ca60e12aa0/Gojira-vs-Evangelion-RIOBOT-R-16-Nerv-vs-G-Kessen-Heiki-Shiryu-Prototype-Unit_ac845a61-b2c8-34c5-a936-036179c73769.jpg|https://cdn.myfigurelist.com/figure-images/435d9ff4-bcf9-3ac5-ab8b-10ca60e12aa0/Gojira-vs-Evangelion-RIOBOT-R-16-Nerv-vs-G-Kessen-Heiki-Shiryu-Prototype-Unit_1275e88a-bbc6-387a-87e5-2ae0bc8f857b.jpg,[],,,,0,0,2026-09-27T02:16:50.637972Z,1.0,"[""csv""]"
56198,MyFigureList,https://myfigurelist.com/figure/56198/Super-Taruco-1-12,Super Taruco - 1/12,,,Omegadan,Scale Figure,2016-02-07,1/12,Kei,18,,https://cdn.myfigurelist.com/figure-images/d9a9d0e3-3cb2-3147-8e93-ca8cdd252af5/Super-Taruco-1-12_c6861b5d-1e00-342d-9e0c-f4c5133d9b18.jpg,[],4000,4000,4000,0,1,2026-09-27T02:16:51.251296Z,1.0,"[""csv""]"
61051,MyFigureList,https://myfigurelist.com/figure/61051/Polynian-Face-Part-Set-Motoroid-Type-Beta,Polynian Face Part Set Motoroid Type Beta,,,Daibadi Production,Scale Figure,2026-06-01,Non-Scale,,4,,https://cdn.myfigurelist.com/figure-images/b7c11ae3-3855-4b98-8aa9-6e094a63f61d/Polynian-Face-Part-Set-Motoroid-Type-Beta_884c9553-e409-4a32-9d53-3a09d72be414.jpg|https://cdn.myfigurelist.com/figure-images/b7c11ae3-3855-4b98-8aa9-6e094a63f61d/Polynian-Face-Part-Set-Motoroid-Type-Beta_437c1d91-68f6-4617-b057-90743d74ab9b.jpg|https://cdn.myfigurelist.com/figure-images/b7c11ae3-3855-4b98-8aa9-6e094a63f61d/Polynian-Face-Part-Set-Motoroid-Type-Beta_48229bba-e382-49a7-a594-39c89add504b.jpg|https://cdn.myfigurelist.com/figure-images/b7c11ae3-3855-4b98-8aa9-6e094a63f61d/Polynian-Face-Part-Set-Motoroid-Type-Beta_a5145988-d228-402c-9ed5-83f7387610d7.jpg,[],,,,0,0,2026-09-27T02:16:52.192611Z,1.0,"[""csv""]"
109946,MyFigureList,https://myfigurelist.com/figure/109946/Botan-Channel-Hololive-Ssrb,Botan Channel - Hololive - Ssrb,,,HEY,Anime Figure,2025-02-09,,HEY,,,https://cdn.myfigurelist.com/figure-images/c4d14f4e-70e8-3306-9a5c-70f1865eaced/Botan-Channel-Hololive-Ssrb_46d09478-a163-3227-88aa-ffcb817d8a12.jpg,[],1000,1000,1000,0,1,2026-09-27T02:16:53.153967Z,1.0,"[""csv""]"
107016,MyFigureList,https://myfigurelist.com/figure/107016/Blue-Archive-Sorasaki-Hina-1-6-Maid-fuku-ver,Blue Archive - Sorasaki Hina - 1/6 - Maid-fuku ver.,,,Jiu Wei Mao Ren Xing Gong Fang,Scale Figure,2025-07-27,1/6,BBC,29,,https://cdn.myfigurelist.com/figure-images/b94aef82-5c81-39f7-b960-6105a0ae2ae8/Blue-Archive-Sorasaki-Hina-1-6-Maid-fuku-ver_177b2671-600a-3276-a90f-acaf1c1f7ea3.jpg,[],22000,22000,22000,0,1,2026-09-27T02:16:53.948057Z,1.0,"[""csv""]"
100749,MyFigureList,https://myfigurelist.com/figure/100749/GODDESS-OF-VICTORY-NIKKE-Viper-Shine-of-Love-1-7-Complete-Figure,GODDESS OF VICTORY: NIKKE Viper - Shine of Love 1/7 Complete Figure,,,AMAKUNI,Anime Figure,2026-12-01,,Hazuki Suzuki,,,https://cdn.myfigurelist.com/figure-images/05f5bf8d-4616-4ffa-8c7b-69a043514af9/GODDESS-OF-VICTORY-NIKKE-Viper-Shine-of-Love-1-7-Complete-Figure_5049599c-f702-3a38-8b5e-be201689389a.jpg|https://cdn.myfigurelist.com/figure-images/05f5bf8d-4616-4ffa-8c7b-69a043514af9/GODDESS-OF-VICTORY-NIKKE-Viper-Shine-of-Love-1-7-Complete-Figure_94645095-ba34-38ec-81e0-0fa553e9f452.jpg|https://cdn.myfigurelist.com/figure-images/05f5bf8d-4616-4ffa-8c7b-69a043514af9/GODDESS-OF-VICTORY-NIKKE-Viper-Shine-of-Love-1-7-Complete-Figure_44bb4288-90f4-385b-a2f2-20b7461db67a.jpg|https://cdn.myfigurelist.com/figure-images/05f5bf8d-4616-4ffa-8c7b-69a043514af9/GODDESS-OF-VICTORY-NIKKE-Viper-Shine-of-Love-1-7-Complete-Figure_89a93c02-8873-3b09-8b44-8262759d001b.jpg|https://cdn.myfigurelist.com/figure-images/05f5bf8d-4616-4ffa-8c7b-69a043514af9/GODDESS-OF-VICTORY-NIKKE-Viper-Shine-of-Love-1-7-Complete-Figure_1f145ddd-3435-36d5-b3d5-f753d1e832e8.jpg|https://cdn.myfigurelist.com/figure-images/05f5bf8d-4616-4ffa-8c7b-69a043514af9/GODDESS-OF-VICTORY-NIKKE-Viper-Shine-of-Love-1-7-Complete-Figure_ec1d8a74-9933-3689-ac70-3f886c6d6213.jpg|https://cdn.myfigurelist.com/figure-images/05f5bf8d-4616-4ffa-8c7b-69a043514af9/GODDESS-OF-VICTORY-NIKKE-Viper-Shine-of-Love-1-7-Complete-Figure_445eae8a-a9e2-3883-8a48-04ec85103e80.jpg|https://cdn.myfigurelist.com/figure-images/05f5bf8d-4616-4ffa-8c7b-69a043514af9/GODDESS-OF-VICTORY-NIKKE-Viper-Shine-of-Love-1-7-Complete-Figure_6cbfa062-7f7d-3f5b-b7fe-ef942ed65014.jpg|https://cdn.myfigurelist.com/figure-images/05f5bf8d-4616-4ffa-8c7b-69a043514af9/GODDESS-OF-VICTORY-NIKKE-Viper-Shine-of-Love-1-7-Complete-Figure_65188fbc-ae35-3ed1-991b-af7690e87d3c.jpg|https://cdn.myfigurelist.com/figure-images/05f5bf8d-4616-4ffa-8c7b-69a043514af9/GODDESS-OF-VICTORY-NIKKE-Viper-Shine-of-Love-1-7-Complete-Figure_008aa18e-3373-3096-a42b-fd8adfab6407.jpg|https://cdn.myfigurelist.com/figure-images/05f5bf8d-4616-4ffa-8c7b-69a043514af9/GODDESS-OF-VICTORY-NIKKE-Viper-Shine-of-Love-1-7-Complete-Figure_76c679fb-999c-370c-b3be-e284c39fa4b3.jpg|https://cdn.myfigurelist.com/figure-images/05f5bf8d-4616-4ffa-8c7b-69a043514af9/GODDESS-OF-VICTORY-NIKKE-Viper-Shine-of-Love-1-7-Complete-Figure_543187a4-12f9-3def-863f-9486783dce8a.jpg|https://cdn.myfigurelist.com/figure-images/05f5bf8d-4616-4ffa-8c7b-69a043514af9/GODDESS-OF-VICTORY-NIKKE-Viper-Shine-of-Love-1-7-Complete-Figure_5f94bd6b-8314-314d-8f77-f012a0550887.jpg|https://cdn.myfigurelist.com/figure-images/05f5bf8d-4616-4ffa-8c7b-69a043514af9/GODDESS-OF-VICTORY-NIKKE-Viper-Shine-of-Love-1-7-Complete-Figure_b81e3493-c43c-3152-a74f-c4e3f129a141.jpg|https://cdn.myfigurelist.com/figure-images/05f5bf8d-4616-4ffa-8c7b-69a043514af9/GODDESS-OF-VICTORY-NIKKE-Viper-Shine-of-Love-1-7-Complete-Figure_59f2eedf-c11e-3acd-9513-1e9d6a62ab20.jpg|https://cdn.myfigurelist.com/figure-images/05f5bf8d-4616-4ffa-8c7b-69a043514af9/GODDESS-OF-VICTORY-NIKKE-Viper-Shine-of-Love-1-7-Complete-Figure_38f2dbce-823c-3c53-877e-abd94032b320.jpg,[],,,,0,0,2026-09-27T02:16:55.485048Z,1.0,"[""csv""]"
123519,MyFigureList,https://myfigurelist.com/figure/123519/Evangelion-Shin-Gekijouban-Q-EVA-02-The-Beast,Evangelion Shin Gekijouban: Q - EVA-02 The Beast,,,L.M.U-23,Anime Figure,2023-02-20,,,15,,https://cdn.myfigurelist.com/figure-images/fee7f654-00a4-350a-9ded-36d4de134c2e/Evangelion-Shin-Gekijouban-Q-EVA-02-The-Beast_2b7db088-d0bc-3f5b-85de-325aace42f2e.jpg|https://cdn.myfigurelist.com/figure-images/fee7f654-00a4-350a-9ded-36d4de134c2e/Evangelion-Shin-Gekijouban-Q-EVA-02-The-Beast_f2877bae-601d-3e1e-88d1-2e93c89c4b91.jpg|https://cdn.myfigurelist.com/figure-images/fee7f654-00a4-350a-9ded-36d4de134c2e/Evangelion-Shin-Gekijouban-Q-EVA-02-The-Beast_f8978aa7-af23-3924-9d3e-1fe9e31c7667.jpg|https://cdn.myfigurelist.com/figure-images/fee7f654-00a4-350a-9ded-36d4de134c2e/Evangelion-Shin-Gekijouban-Q-EVA-02-The-Beast_3b729211-24bb-3ca5-a21b-9b0e86313b05.jpg|https://cdn.myfigurelist.com/figure-images/fee7f654-00a4-350a-9ded-36d4de134c2e/Evangelion-Shin-Gekijouban-Q-EVA-02-The-Beast_4ba0356a-26c0-3a4a-be00-740a96f4a04f.jpg|https://cdn.myfigurelist.com/figure-images/fee7f654-00a4-350a-9ded-36d4de134c2e/Evangelion-Shin-Gekijouban-Q-EVA-02-The-Beast_cc2e05db-ebec-3c67-8c0b-d4b69375885c.jpg|https://cdn.myfigurelist.com/figure-images/fee7f654-00a4-350a-9ded-36d4de134c2e/Evangelion-Shin-Gekijouban-Q-EVA-02-The-Beast_a40c4afe-4e60-35ae-b910-334cb985e539.jpg|https://cdn.myfigurelist.com/figure-images/fee7f654-00a4-350a-9ded-36d4de134c2e/Evangelion-Shin-Gekijouban-Q-EVA-02-The-Beast_db05742f-d576-31b8-940d-b222fef12269.jpg|https://cdn.myfigurelist.com/figure-images/fee7f654-00a4-350a-9ded-36d4de134c2e/Evangelion-Shin-Gekijouban-Q-EVA-02-The-Beast_a834c852-4382-3fbc-b57d-b5f48b5b3f17.jpg|https://cdn.myfigurelist.com/figure-images/fee7f654-00a4-350a-9ded-36d4de134c2e/Evangelion-Shin-Gekijouban-Q-EVA-02-The-Beast_722f7f1a-a6da-3208-9215-7134f4cc0365.jpg|https://cdn.myfigurelist.com/figure-images/fee7f654-00a4-350a-9ded-36d4de134c2e/Evangelion-Shin-Gekijouban-Q-EVA-02-The-Beast_cd7d3991-bfa7-3d84-8ac8-fe07c32b3aaf.jpg|https://cdn.myfigurelist.com/figure-images/fee7f654-00a4-350a-9ded-36d4de134c2e/Evangelion-Shin-Gekijouban-Q-EVA-02-The-Beast_d8afbc04-2180-3765-8503-636b4f1ba0f2.jpg,[],18000,18000,18000,0,1,2026-09-27T02:16:56.016060Z,1.0,"[""csv""]"
65951,MyFigureList,https://myfigurelist.com/figure/65951/ExCute-Family-PureNeemo-Kyle-1-6-Alices-Tea-Party-Okashina-Osakai-Cheshire-Cat,"Ex☆Cute Family - PureNeemo - Kyle - 1/6 - Alice's Tea Party, Okashina Osakai, Cheshire Cat",,,Azone,Scale Figure,2019-05-25,1/6,Omoi Ataru,,,https://cdn.myfigurelist.com/figure-images/0fdc0dfd-065f-305b-aa42-d5a902522daa/ExCute-Family-PureNeemo-Kyle-1-6-Alices-Tea-Party-Okashina-Osakai-Cheshire-Cat_b09f5d6d-b341-384c-ad7f-840ef2ad835a.jpg|https://cdn.myfigurelist.com/figure-images/0fdc0dfd-065f-305b-aa42-d5a902522daa/ExCute-Family-PureNeemo-Kyle-1-6-Alices-Tea-Party-Okashina-Osakai-Cheshire-Cat_a5bac309-00de-3e64-b162-b669e64547be.jpg|https://cdn.myfigurelist.com/figure-images/0fdc0dfd-065f-305b-aa42-d5a902522daa/ExCute-Family-PureNeemo-Kyle-1-6-Alices-Tea-Party-Okashina-Osakai-Cheshire-Cat_e6d683be-fa14-3e3d-b868-ebd1d857a337.jpg|https://cdn.myfigurelist.com/figure-images/0fdc0dfd-065f-305b-aa42-d5a902522daa/ExCute-Family-PureNeemo-Kyle-1-6-Alices-Tea-Party-Okashina-Osakai-Cheshire-Cat_104dcb16-d533-3655-898c-aad8b5fc70fd.jpg|https://cdn.myfigurelist.com/figure-images/0fdc0dfd-065f-305b-aa42-d5a902522daa/ExCute-Family-PureNeemo-Kyle-1-6-Alices-Tea-Party-Okashina-Osakai-Cheshire-Cat_c2a3bde3-1c2d-3878-a0f9-9ad5f5cfa964.jpg|https://cdn.myfigurelist.com/figure-images/0fdc0dfd-065f-305b-aa42-d5a902522daa/ExCute-Family-PureNeemo-Kyle-1-6-Alices-Tea-Party-Okashina-Osakai-Cheshire-Cat_cfe19b7c-f57c-3baf-bd4b-de17b7d3bae5.jpg|https://cdn.myfigurelist.com/figure-images/0fdc0dfd-065f-305b-aa42-d5a902522daa/ExCute-Family-PureNeemo-Kyle-1-6-Alices-Tea-Party-Okashina-Osakai-Cheshire-Cat_88e730c8-b725-3146-ae05-49b2718ccb9a.jpg,[],,,,0,0,2026-09-27T02:16:57.292953Z,1.0,"[""csv""]"
98326,MyFigureList,https://myfigurelist.com/figure/98326/Arknights-Vulpisfoglia-1-7,Arknights - Vulpisfoglia - 1/7,,,Echo Studio,Scale Figure,2025-06-01,1/7,Wenrou Xiang,,,https://cdn.myfigurelist.com/figure-images/96a9313f-3f2a-3941-9670-0ae47c40405f/Arknights-Vulpisfoglia-1-7_1a56b755-0f88-3c28-8fa6-e14733a6c8f1.jpg|https://cdn.myfigurelist.com/figure-images/96a9313f-3f2a-3941-9670-0ae47c40405f/Arknights-Vulpisfoglia-1-7_2e75f402-ec8a-3edc-a595-aa61b6f65802.jpg|https://cdn.myfigurelist.com/figure-images/96a9313f-3f2a-3941-9670-0ae47c40405f/Arknights-Vulpisfoglia-1-7_44ea331d-4430-35c6-b491-4c304e22e0ce.jpg|https://cdn.myfigurelist.com/figure-images/96a9313f-3f2a-3941-9670-0ae47c40405f/Arknights-Vulpisfoglia-1-7_656e38f0-fee1-33ac-86d1-2362352b703a.jpg|https://cdn.myfigurelist.com/figure-images/96a9313f-3f2a-3941-9670-0ae47c40405f/Arknights-Vulpisfoglia-1-7_d61d5898-d8c7-3423-af1b-f8e819943283.jpg|https://cdn.myfigurelist.com/figure-images/96a9313f-3f2a-3941-9670-0ae47c40405f/Arknights-Vulpisfoglia-1-7_b0b67546-7552-3ef6-ade0-f80393f915a8.jpg|https://cdn.myfigurelist.com/figure-images/96a9313f-3f2a-3941-9670-0ae47c40405f/Arknights-Vulpisfoglia-1-7_14e5ae22-bf84-3d62-8cd1-de25390dd228.jpg|https://cdn.myfigurelist.com/figure-images/96a9313f-3f2a-3941-9670-0ae47c40405f/Arknights-Vulpisfoglia-1-7_47a1fcaa-aa62-36f2-b7fe-372822ab2301.jpg|https://cdn.myfigurelist.com/figure-images/96a9313f-3f2a-3941-9670-0ae47c40405f/Arknights-Vulpisfoglia-1-7_7cb11d1c-8c27-3758-ae83-ce6d6c898399.jpg|https://cdn.myfigurelist.com/figure-images/96a9313f-3f2a-3941-9670-0ae47c40405f/Arknights-Vulpisfoglia-1-7_b92246d2-3e4f-3d3a-b19e-97db58de46d9.jpg,[],20909,20909,20909,0,1,2026-09-27T02:16:57.870744Z,1.0,"[""csv""]"
28467,MyFigureList,https://myfigurelist.com/figure/28467/Black-Clover-Asta-Concept-Masterline-CMBC-01-1-6,Black Clover - Asta - Concept Masterline  (CMBC-01) - 1/6,,,Prime 1 Studio,Scale Figure,2025-04-01,1/6,,50,,https://cdn.myfigurelist.com/figure-images/4580708048895/Black-Clover-Asta-Concept-Masterline-CMBC-01-1-6_d07b7678-c276-3602-a891-afee8e08d957.jpg|https://cdn.myfigurelist.com/figure-images/4580708048895/Black-Clover-Asta-Concept-Masterline-CMBC-01-1-6_3f21a12b-b892-318f-81cc-a69f51838d96.jpg|https://cdn.myfigurelist.com/figure-images/4580708048895/Black-Clover-Asta-Concept-Masterline-CMBC-01-1-6_debab6ed-d624-3fd4-b50a-f84834fcc262.jpg|https://cdn.myfigurelist.com/figure-images/4580708048895/Black-Clover-Asta-Concept-Masterline-CMBC-01-1-6_ff5d8338-261a-3f74-b29d-c615c76ec2da.jpg|https://cdn.myfigurelist.com/figure-images/4580708048895/Black-Clover-Asta-Concept-Masterline-CMBC-01-1-6_7bd7c050-252d-37c8-99da-690413cdaf53.jpg|https://cdn.myfigurelist.com/figure-images/4580708048895/Black-Clover-Asta-Concept-Masterline-CMBC-01-1-6_45af4341-fadf-3a78-b540-d453499329c9.jpg|https://cdn.myfigurelist.com/figure-images/4580708048895/Black-Clover-Asta-Concept-Masterline-CMBC-01-1-6_c259f9f6-1dd9-3f31-89bc-5a4e10f6da44.jpg|https://cdn.myfigurelist.com/figure-images/4580708048895/Black-Clover-Asta-Concept-Masterline-CMBC-01-1-6_f4ce0861-1ccc-3260-83a9-f123af39bf5e.jpg|https://cdn.myfigurelist.com/figure-images/4580708048895/Black-Clover-Asta-Concept-Masterline-CMBC-01-1-6_2f519d43-e491-3b76-9d9b-528d99507433.jpg|https://cdn.myfigurelist.com/figure-images/4580708048895/Black-Clover-Asta-Concept-Masterline-CMBC-01-1-6_9f2ef57d-3aa6-3b12-ad50-e8a8d8d56679.jpg|https://cdn.myfigurelist.com/figure-images/4580708048895/Black-Clover-Asta-Concept-Masterline-CMBC-01-1-6_9d9156ce-b642-3ab6-a494-302b594ec8a7.jpg|https://cdn.myfigurelist.com/figure-images/4580708048895/Black-Clover-Asta-Concept-Masterline-CMBC-01-1-6_ddd34c86-3115-3d92-bd16-35fbe9b908fa.jpg|https://cdn.myfigurelist.com/figure-images/4580708048895/Black-Clover-Asta-Concept-Masterline-CMBC-01-1-6_548bbedc-53d2-3113-aa34-58415a84cb8c.jpg|https://cdn.myfigurelist.com/figure-images/4580708048895/Black-Clover-Asta-Concept-Masterline-CMBC-01-1-6_b6891681-2b51-39d0-bd35-fcd978e21006.jpg|https://cdn.myfigurelist.com/figure-images/4580708048895/Black-Clover-Asta-Concept-Masterline-CMBC-01-1-6_d38417f3-8508-366f-82e4-d75c3ffa5cc7.jpg|https://cdn.myfigurelist.com/figure-images/4580708048895/Black-Clover-Asta-Concept-Masterline-CMBC-01-1-6_29c5fce8-1c6c-39c9-b1d8-9304c2300f83.jpg|https://cdn.myfigurelist.com/figure-images/4580708048895/Black-Clover-Asta-Concept-Masterline-CMBC-01-1-6_1e7b8efd-994d-3ac5-9d29-2388c57f56f5.jpg|https://cdn.myfigurelist.com/figure-images/4580708048895/Black-Clover-Asta-Concept-Masterline-CMBC-01-1-6_af1c798e-93c2-3a79-a45d-450aa3f58e12.jpg|https://cdn.myfigurelist.com/figure-images/4580708048895/Black-Clover-Asta-Concept-Masterline-CMBC-01-1-6_da4f40ca-58d5-3b61-b8ae-00646ba172f3.jpg|https://cdn.myfigurelist.com/figure-images/4580708048895/Black-Clover-Asta-Concept-Masterline-CMBC-01-1-6_28ed78f1-c187-303a-b75c-1c1941019755.jpg|https://cdn.myfigurelist.com/figure-images/4580708048895/Black-Clover-Asta-Concept-Masterline-CMBC-01-1-6_8aaa9420-e119-36a3-942a-c0663e29b02f.jpg|https://cdn.myfigurelist.com/figure-images/4580708048895/Black-Clover-Asta-Concept-Masterline-CMBC-01-1-6_39c6a29e-b094-345b-826f-f588734e5ec8.jpg|https://cdn.myfigurelist.com/figure-images/4580708048895/Black-Clover-Asta-Concept-Masterline-CMBC-01-1-6_bbb99556-3fa8-3c14-ae7b-2134297d0478.jpg|https://cdn.myfigurelist.com/figure-images/4580708048895/Black-Clover-Asta-Concept-Masterline-CMBC-01-1-6_170eae32-ff15-38a5-9c9b-dd23f111580a.jpg|https://cdn.myfigurelist.com/figure-images/4580708048895/Black-Clover-Asta-Concept-Masterline-CMBC-01-1-6_c790f78f-5d61-300c-be91-9acd8bd0bb6f.jpg,[],,,,0,0,2026-09-27T02:16:59.016172Z,1.0,"[""csv""]"
88932,MyFigureList,https://myfigurelist.com/figure/88932/Tako-Majo-Rinne-1-6,Tako Majo Rinne - 1/6,,,Lovely Project,Scale Figure,2026-09-01,1/6,MamiQant,22,,https://cdn.myfigurelist.com/figure-images/70b0786b-8cda-355e-82b2-b402d80953d9/Tako-Majo-Rinne-1-6_19d68d3b-6d6a-332a-ae0b-d6d8f1c32089.jpg|https://cdn.myfigurelist.com/figure-images/70b0786b-8cda-355e-82b2-b402d80953d9/Tako-Majo-Rinne-1-6_0d0ad193-4994-3710-8ca1-2c565d0b6379.jpg|https://cdn.myfigurelist.com/figure-images/70b0786b-8cda-355e-82b2-b402d80953d9/Tako-Majo-Rinne-1-6_ad6d81fd-25e5-3064-b215-c8adac03665e.jpg|https://cdn.myfigurelist.com/figure-images/70b0786b-8cda-355e-82b2-b402d80953d9/Tako-Majo-Rinne-1-6_ddc15fa4-fd56-35f9-ad5f-4512925bf2b7.jpg|https://cdn.myfigurelist.com/figure-images/70b0786b-8cda-355e-82b2-b402d80953d9/Tako-Majo-Rinne-1-6_209b3c77-96b6-38a1-9fa6-d322f0d1e5d4.jpg|https://cdn.myfigurelist.com/figure-images/70b0786b-8cda-355e-82b2-b402d80953d9/Tako-Majo-Rinne-1-6_b78b9293-47fe-37e2-b709-4aedd80e43f6.jpg|https://cdn.myfigurelist.com/figure-images/70b0786b-8cda-355e-82b2-b402d80953d9/Tako-Majo-Rinne-1-6_e8306f9a-22df-342f-aaf1-ebd3aaebf6df.jpg|https://cdn.myfigurelist.com/figure-images/70b0786b-8cda-355e-82b2-b402d80953d9/Tako-Majo-Rinne-1-6_f2073bed-99eb-3218-bc81-5e857bd4179c.jpg|https://cdn.myfigurelist.com/figure-images/70b0786b-8cda-355e-82b2-b402d80953d9/Tako-Majo-Rinne-1-6_f2924ca4-165a-3ed0-a6e0-1e2d8e5fadca.jpg|https://cdn.myfigurelist.com/figure-images/70b0786b-8cda-355e-82b2-b402d80953d9/Tako-Majo-Rinne-1-6_76f755a8-53a1-390f-a475-193cd4e2165b.jpg|https://cdn.myfigurelist.com/figure-images/70b0786b-8cda-355e-82b2-b402d80953d9/Tako-Majo-Rinne-1-6_e16cb115-b250-3ce8-b956-de2a72681eb7.jpg|https://cdn.myfigurelist.com/figure-images/70b0786b-8cda-355e-82b2-b402d80953d9/Tako-Majo-Rinne-1-6_eda425a5-d51b-3ed4-977c-2ce49637f09c.jpg|https://cdn.myfigurelist.com/figure-images/70b0786b-8cda-355e-82b2-b402d80953d9/Tako-Majo-Rinne-1-6_53d3b0f4-ee0c-3e2b-88b5-a3deb53d63b3.jpg|https://cdn.myfigurelist.com/figure-images/70b0786b-8cda-355e-82b2-b402d80953d9/Tako-Majo-Rinne-1-6_56b3fcae-68aa-3f44-83ff-a7a11eb841a8.jpg|https://cdn.myfigurelist.com/figure-images/70b0786b-8cda-355e-82b2-b402d80953d9/Tako-Majo-Rinne-1-6_fd58ac60-0a74-3d2d-bd0a-61a4bb47c000.jpg|https://cdn.myfigurelist.com/figure-images/70b0786b-8cda-355e-82b2-b402d80953d9/Tako-Majo-Rinne-1-6_49a52eea-73f7-3ccb-bd11-aab374b49994.jpg|https://cdn.myfigurelist.com/figure-images/70b0786b-8cda-355e-82b2-b402d80953d9/Tako-Majo-Rinne-1-6_cc863d04-477a-34c1-8039-374575291f2e.jpg|https://cdn.myfigurelist.com/figure-images/70b0786b-8cda-355e-82b2-b402d80953d9/Tako-Majo-Rinne-1-6_11d5d698-b3cb-3fe7-9a01-8178d1ecc3b9.jpg,[],,,,0,0,2026-09-27T02:17:00.586494Z,1.0,"[""csv""]"
7484,MyFigureList,https://myfigurelist.com/figure/7484/Kizuato-Kaede-Kashiwagi-Regular-Edition-1-6-Complete-Figure,Kizuato - Kaede Kashiwagi [Regular Edition] 1/6 Complete Figure,,,Kaitendo,Scale Figure,2010-07-01,1/6,ELLIOTT,25,,https://cdn.myfigurelist.com/figure-images/4560266120677/Kizuato-Kaede-Kashiwagi-Regular-Edition-1-6-Complete-Figure_1593c5b0-9733-4024-9634-c0e8b2afd93b.jpg|https://cdn.myfigurelist.com/figure-images/4560266120677/Kizuato-Kaede-Kashiwagi-Regular-Edition-1-6-Complete-Figure_1251e1a4-7cd3-4cc3-b226-2369f36af246.jpg|https://cdn.myfigurelist.com/figure-images/4560266120677/Kizuato-Kaede-Kashiwagi-Regular-Edition-1-6-Complete-Figure_55a80d76-b082-4db2-9556-9b0497323182.jpg|https://cdn.myfigurelist.com/figure-images/4560266120677/Kizuato-Kaede-Kashiwagi-Regular-Edition-1-6-Complete-Figure_a3c3ffde-c26c-4c79-9b14-4bfebc2b3d76.jpg|https://cdn.myfigurelist.com/figure-images/4560266120677/Kizuato-Kaede-Kashiwagi-Regular-Edition-1-6-Complete-Figure_dc73c943-8190-4f8d-8aa4-e6827a1fa9fd.jpg|https://cdn.myfigurelist.com/figure-images/4560266120677/Kizuato-Kaede-Kashiwagi-Regular-Edition-1-6-Complete-Figure_58813ea9-4d5b-4a49-9abe-f27e211bdb69.jpg|https://cdn.myfigurelist.com/figure-images/4560266120677/Kizuato-Kaede-Kashiwagi-Regular-Edition-1-6-Complete-Figure_70f9e025-af11-404c-9658-d13e2979b69c.jpg|https://cdn.myfigurelist.com/figure-images/4560266120677/Kizuato-Kaede-Kashiwagi-Regular-Edition-1-6-Complete-Figure_3a4d3ec8-fc4c-488c-805f-726b163b396c.jpg|https://cdn.myfigurelist.com/figure-images/4560266120677/Kizuato-Kaede-Kashiwagi-Regular-Edition-1-6-Complete-Figure_d64b42f3-e7b8-406a-af9c-c6cb4d9b0636.jpg,[],,,,0,0,2026-09-27T02:17:01.367627Z,1.0,"[""csv""]"
56845,MyFigureList,https://myfigurelist.com/figure/56845/Piapro-Characters-Hatsune-Miku-Luminasta-spring-Omutatsu-Ver,Piapro Characters - Hatsune Miku - Luminasta - -spring- Omutatsu Ver.,,,SEGA,Scale Figure,2023-04-27,Non-Scale,,21,,https://cdn.myfigurelist.com/figure-images/dff4e720-e674-360c-862c-5b1c772666ef/Piapro-Characters-Hatsune-Miku-Luminasta-spring-Omutatsu-Ver_52187e97-a68b-3e75-9c25-479455a6401b.jpg|https://cdn.myfigurelist.com/figure-images/dff4e720-e674-360c-862c-5b1c772666ef/Piapro-Characters-Hatsune-Miku-Luminasta-spring-Omutatsu-Ver_98e43622-f44e-3a82-b15b-afdff2194040.jpg|https://cdn.myfigurelist.com/figure-images/dff4e720-e674-360c-862c-5b1c772666ef/Piapro-Characters-Hatsune-Miku-Luminasta-spring-Omutatsu-Ver_72f15cd8-33ee-3053-b76e-34c57774a129.jpg|https://cdn.myfigurelist.com/figure-images/dff4e720-e674-360c-862c-5b1c772666ef/Piapro-Characters-Hatsune-Miku-Luminasta-spring-Omutatsu-Ver_a6827f94-31d7-3527-8b14-db38527c23ac.jpg|https://cdn.myfigurelist.com/figure-images/dff4e720-e674-360c-862c-5b1c772666ef/Piapro-Characters-Hatsune-Miku-Luminasta-spring-Omutatsu-Ver_4ac78882-b2d8-3ee1-b45b-2f4ea0c28479.jpg|https://cdn.myfigurelist.com/figure-images/dff4e720-e674-360c-862c-5b1c772666ef/Piapro-Characters-Hatsune-Miku-Luminasta-spring-Omutatsu-Ver_73036387-b818-3206-a7b2-1b7f1bcdcd59.jpg|https://cdn.myfigurelist.com/figure-images/dff4e720-e674-360c-862c-5b1c772666ef/Piapro-Characters-Hatsune-Miku-Luminasta-spring-Omutatsu-Ver_eb46ee34-5eee-3190-a4d2-fe655f242659.jpg|https://cdn.myfigurelist.com/figure-images/dff4e720-e674-360c-862c-5b1c772666ef/Piapro-Characters-Hatsune-Miku-Luminasta-spring-Omutatsu-Ver_1bda9cc4-4a64-3e76-a519-670791383ee2.jpg|https://cdn.myfigurelist.com/figure-images/dff4e720-e674-360c-862c-5b1c772666ef/Piapro-Characters-Hatsune-Miku-Luminasta-spring-Omutatsu-Ver_c115c843-e5c3-3ebd-96bc-47bae1b4da94.jpg,[],,,,0,0,2026-09-27T02:17:02.613970Z,1.0,"[""csv""]"
44545,MyFigureList,https://myfigurelist.com/figure/44545/Yayoi-Momo-1-4,Yayoi Momo - 1/4,,,Party Look,Scale Figure,2022-08-01,1/4,Chiho,16,,https://cdn.myfigurelist.com/figure-images/af96f177-1757-3044-9e79-814c2aa57af8/Yayoi-Momo-1-4_7513b09f-9c94-3c5b-9440-391285da810d.jpg,[],,,,0,0,2026-09-27T02:17:03.457049Z,1.0,"[""csv""]"
8233,MyFigureList,https://myfigurelist.com/figure/8233/Strike-Witches-Erica-Hartmann-1-8-Complete-Figure,Strike Witches - Erica Hartmann 1/8 Complete Figure,,,Kotobukiya,Scale Figure,2011-12-01,1/8,Fuyune,22,,https://cdn.myfigurelist.com/figure-images/4934054780846/Strike-Witches-Erica-Hartmann-1-8-Complete-Figure_2ac06fd7-e2ad-4af9-a3e5-bcd3e1b65c26.jpg|https://cdn.myfigurelist.com/figure-images/4934054780846/Strike-Witches-Erica-Hartmann-1-8-Complete-Figure_3e1f4f69-c319-4277-b559-5a09fe8cb302.jpg|https://cdn.myfigurelist.com/figure-images/4934054780846/Strike-Witches-Erica-Hartmann-1-8-Complete-Figure_487908d5-d085-404a-b5b3-9b2856b2d77b.jpg|https://cdn.myfigurelist.com/figure-images/4934054780846/Strike-Witches-Erica-Hartmann-1-8-Complete-Figure_87d9f0bc-7247-4ba5-a681-f06d5024475c.jpg|https://cdn.myfigurelist.com/figure-images/4934054780846/Strike-Witches-Erica-Hartmann-1-8-Complete-Figure_d2472d7f-1117-48cf-a532-7f01279fd966.jpg|https://cdn.myfigurelist.com/figure-images/4934054780846/Strike-Witches-Erica-Hartmann-1-8-Complete-Figure_6f8099c3-8e7b-4ab6-94f0-ce3f6ec9da91.jpg|https://cdn.myfigurelist.com/figure-images/4934054780846/Strike-Witches-Erica-Hartmann-1-8-Complete-Figure_f476d31a-6adf-43e7-bc3d-d199d486dded.jpg|https://cdn.myfigurelist.com/figure-images/4934054780846/Strike-Witches-Erica-Hartmann-1-8-Complete-Figure_966f9daa-0901-4f42-992a-10adb8c2ccc4.jpg|https://cdn.myfigurelist.com/figure-images/4934054780846/Strike-Witches-Erica-Hartmann-1-8-Complete-Figure_e3c8b1ba-91a2-4b32-a49c-188ee8046105.jpg|https://cdn.myfigurelist.com/figure-images/4934054780846/Strike-Witches-Erica-Hartmann-1-8-Complete-Figure_8369151c-58e2-4e1b-8124-ec2bd57a0f75.jpg|https://cdn.myfigurelist.com/figure-images/4934054780846/Strike-Witches-Erica-Hartmann-1-8-Complete-Figure_a12b7e77-5ad7-45ea-9e69-081f104e3b3f.jpg|https://cdn.myfigurelist.com/figure-images/4934054780846/Strike-Witches-Erica-Hartmann-1-8-Complete-Figure_340720e2-5678-45a3-9bc4-2bc468353595.jpg|https://cdn.myfigurelist.com/figure-images/4934054780846/Strike-Witches-Erica-Hartmann-1-8-Complete-Figure_8123c67f-330d-4b42-93bf-a147dadc5ad1.jpg|https://cdn.myfigurelist.com/figure-images/4934054780846/Strike-Witches-Erica-Hartmann-1-8-Complete-Figure_dc1d4852-a98b-4a2d-9018-20f8caef09cb.jpg|https://cdn.myfigurelist.com/figure-images/4934054780846/Strike-Witches-Erica-Hartmann-1-8-Complete-Figure_258d2ebf-b2b7-4995-bbf1-bbd96bbe6201.jpg|https://cdn.myfigurelist.com/figure-images/4934054780846/Strike-Witches-Erica-Hartmann-1-8-Complete-Figure_27ebb77f-f615-4d49-847f-e3d454fd043a.jpg|https://cdn.myfigurelist.com/figure-images/4934054780846/Strike-Witches-Erica-Hartmann-1-8-Complete-Figure_85aad15a-7f62-47ae-a2bb-bacdfbc38524.jpg|https://cdn.myfigurelist.com/figure-images/4934054780846/Strike-Witches-Erica-Hartmann-1-8-Complete-Figure_a978b098-e0d9-4dbf-af7f-9aff56c5d8bc.jpg,[],,,,0,0,2026-09-27T02:17:04.269775Z,1.0,"[""csv""]"
85993,MyFigureList,https://myfigurelist.com/figure/85993/Dead-or-Alive-Xtreme-Beach-Volleyball-Hitomi-1-45-Swimsuit-ver,Dead or Alive Xtreme Beach Volleyball - Hitomi - 1/4.5 - Swimsuit ver.,,,Iousen,Anime Figure,2005-05-01,,,,,https://cdn.myfigurelist.com/figure-images/63d3804c-5af4-3f53-b92e-64bb5c42e067/Dead-or-Alive-Xtreme-Beach-Volleyball-Hitomi-1-45-Swimsuit-ver_fe0020fa-56fe-315d-9d1e-f2ec19764d05.jpg,[],13000,13000,13000,0,1,2026-09-27T02:17:04.655126Z,1.0,"[""csv""]"
74970,MyFigureList,https://myfigurelist.com/figure/74970/Super-Robot-Taisen-OG-Original-Generations-AGX-05-Cybuster-Mortal-Mind-Possession-Ver-Special-Edition,"Super Robot Taisen OG: Original Generations - AGX-05 Cybuster - Mortal Mind - Possession Ver., Special Edition",,,CCS Toys,Anime Figure,2025-06-01,,,23,,https://cdn.myfigurelist.com/figure-images/33b8c829-09f8-37e3-830f-d724ff37f074/Super-Robot-Taisen-OG-Original-Generations-AGX-05-Cybuster-Mortal-Mind-Possession-Ver-Special-Edition_1fd2048a-f772-3f41-839e-abff4dc1f6ab.jpg|https://cdn.myfigurelist.com/figure-images/33b8c829-09f8-37e3-830f-d724ff37f074/Super-Robot-Taisen-OG-Original-Generations-AGX-05-Cybuster-Mortal-Mind-Possession-Ver-Special-Edition_d3224bbb-9000-35dc-941a-2f17df6ec698.jpg|https://cdn.myfigurelist.com/figure-images/33b8c829-09f8-37e3-830f-d724ff37f074/Super-Robot-Taisen-OG-Original-Generations-AGX-05-Cybuster-Mortal-Mind-Possession-Ver-Special-Edition_796b0736-4c17-3660-8a55-e8da7928061d.jpg|https://cdn.myfigurelist.com/figure-images/33b8c829-09f8-37e3-830f-d724ff37f074/Super-Robot-Taisen-OG-Original-Generations-AGX-05-Cybuster-Mortal-Mind-Possession-Ver-Special-Edition_0d9a671b-5e36-395a-a64f-4cdb4bffc47e.jpg|https://cdn.myfigurelist.com/figure-images/33b8c829-09f8-37e3-830f-d724ff37f074/Super-Robot-Taisen-OG-Original-Generations-AGX-05-Cybuster-Mortal-Mind-Possession-Ver-Special-Edition_9c40f40d-8195-32c5-a1b3-e07841974c05.jpg|https://cdn.myfigurelist.com/figure-images/33b8c829-09f8-37e3-830f-d724ff37f074/Super-Robot-Taisen-OG-Original-Generations-AGX-05-Cybuster-Mortal-Mind-Possession-Ver-Special-Edition_0844b496-a214-3d88-b9c6-91d7a0ca5721.jpg|https://cdn.myfigurelist.com/figure-images/33b8c829-09f8-37e3-830f-d724ff37f074/Super-Robot-Taisen-OG-Original-Generations-AGX-05-Cybuster-Mortal-Mind-Possession-Ver-Special-Edition_9998c8ad-3bf0-3873-9391-12e3142a751c.jpg,[],,,,0,0,2026-09-27T02:17:05.465967Z,1.0,"[""csv""]"
18171,MyFigureList,https://myfigurelist.com/figure/18171/MAFEX-No228-MAFEX-THE-RIDDLER-BATMAN-HUSH-Ver,MAFEX No.228 MAFEX THE RIDDLER (BATMAN: HUSH Ver.),,,Medicom Toy,Scale Figure,2024-10-01,Non-Scale,PERFECT-STUDIO,15,,https://cdn.myfigurelist.com/figure-images/4530956472287/MAFEX-No228-MAFEX-THE-RIDDLER-BATMAN-HUSH-Ver_8594d648-8c84-4780-9b85-cb87c2862dd9.jpg|https://cdn.myfigurelist.com/figure-images/4530956472287/MAFEX-No228-MAFEX-THE-RIDDLER-BATMAN-HUSH-Ver_11b7fbc2-b05a-4654-9779-f6d68902fd9e.jpg|https://cdn.myfigurelist.com/figure-images/4530956472287/MAFEX-No228-MAFEX-THE-RIDDLER-BATMAN-HUSH-Ver_31347b94-338a-4e90-a77e-ad3345378647.jpg|https://cdn.myfigurelist.com/figure-images/4530956472287/MAFEX-No228-MAFEX-THE-RIDDLER-BATMAN-HUSH-Ver_738efbf2-31f4-4122-9cb1-634f784499f2.jpg|https://cdn.myfigurelist.com/figure-images/4530956472287/MAFEX-No228-MAFEX-THE-RIDDLER-BATMAN-HUSH-Ver_3ae00f1c-bd17-4fdd-af7e-debf5ea48b63.jpg|https://cdn.myfigurelist.com/figure-images/4530956472287/MAFEX-No228-MAFEX-THE-RIDDLER-BATMAN-HUSH-Ver_4bfa666f-3e84-47b7-b606-e1e527c77e90.jpg|https://cdn.myfigurelist.com/figure-images/4530956472287/MAFEX-No228-MAFEX-THE-RIDDLER-BATMAN-HUSH-Ver_cc754969-79f6-4274-a5dd-ec73cc8a16b3.jpg|https://cdn.myfigurelist.com/figure-images/4530956472287/MAFEX-No228-MAFEX-THE-RIDDLER-BATMAN-HUSH-Ver_c878fa75-5d19-4e36-8c0f-7fa717e17055.jpg|https://cdn.myfigurelist.com/figure-images/4530956472287/MAFEX-No228-MAFEX-THE-RIDDLER-BATMAN-HUSH-Ver_e5c28721-05e9-4a88-9c90-ad2ade34032e.jpg|https://cdn.myfigurelist.com/figure-images/4530956472287/MAFEX-No228-MAFEX-THE-RIDDLER-BATMAN-HUSH-Ver_eafc2523-7ff9-44f3-a2c9-731580e00671.jpg|https://cdn.myfigurelist.com/figure-images/4530956472287/MAFEX-No228-MAFEX-THE-RIDDLER-BATMAN-HUSH-Ver_c7c47efc-69f4-4c26-9625-999206deca83.jpg|https://cdn.myfigurelist.com/figure-images/4530956472287/MAFEX-No228-MAFEX-THE-RIDDLER-BATMAN-HUSH-Ver_2f33a6ab-001c-48c4-834d-5ea4800a7ee9.jpg,[],,,,0,0,2026-09-27T02:17:06.056525Z,1.0,"[""csv""]"
104570,MyFigureList,https://myfigurelist.com/figure/104570/Iris-Collect-Petit-Hal-1-6-Rise-to-the-Star-Starry-Black-ver,"Iris Collect Petit - Hal - 1/6 - Rise to the Star, Starry Black ver.",,,Azone,Scale Figure,2024-11-29,1/6,Zan,21,,https://cdn.myfigurelist.com/figure-images/af97b488-a344-3d93-91c6-731ab42924c5/Iris-Collect-Petit-Hal-1-6-Rise-to-the-Star-Starry-Black-ver_4bf6b365-1ac9-3766-ab6b-ae57271f9681.jpg|https://cdn.myfigurelist.com/figure-images/af97b488-a344-3d93-91c6-731ab42924c5/Iris-Collect-Petit-Hal-1-6-Rise-to-the-Star-Starry-Black-ver_af57de80-29b8-3424-9d5d-954441983270.jpg|https://cdn.myfigurelist.com/figure-images/af97b488-a344-3d93-91c6-731ab42924c5/Iris-Collect-Petit-Hal-1-6-Rise-to-the-Star-Starry-Black-ver_4ca630c5-1b99-3657-a0a6-77a2f70213a0.jpg|https://cdn.myfigurelist.com/figure-images/af97b488-a344-3d93-91c6-731ab42924c5/Iris-Collect-Petit-Hal-1-6-Rise-to-the-Star-Starry-Black-ver_755987a1-2348-30b3-aa93-682ca636c4c2.jpg|https://cdn.myfigurelist.com/figure-images/af97b488-a344-3d93-91c6-731ab42924c5/Iris-Collect-Petit-Hal-1-6-Rise-to-the-Star-Starry-Black-ver_5a4cdaf9-f7d4-3ba8-9a34-18c7bc19481c.jpg|https://cdn.myfigurelist.com/figure-images/af97b488-a344-3d93-91c6-731ab42924c5/Iris-Collect-Petit-Hal-1-6-Rise-to-the-Star-Starry-Black-ver_19225a8b-19d2-33bc-9062-1114332b6cd8.jpg|https://cdn.myfigurelist.com/figure-images/af97b488-a344-3d93-91c6-731ab42924c5/Iris-Collect-Petit-Hal-1-6-Rise-to-the-Star-Starry-Black-ver_8fba7e03-9050-3a14-b8f7-9b00012ffb8d.jpg|https://cdn.myfigurelist.com/figure-images/af97b488-a344-3d93-91c6-731ab42924c5/Iris-Collect-Petit-Hal-1-6-Rise-to-the-Star-Starry-Black-ver_329a815d-3d05-3ad3-886b-528cc14beacb.jpg|https://cdn.myfigurelist.com/figure-images/af97b488-a344-3d93-91c6-731ab42924c5/Iris-Collect-Petit-Hal-1-6-Rise-to-the-Star-Starry-Black-ver_be4dc9d0-bcc2-30d2-9c6d-d93ade145988.jpg,[],,,,0,0,2026-09-27T02:17:07.000485Z,1.0,"[""csv""]"
104571,MyFigureList,https://myfigurelist.com/figure/104571/Diamond-wa-Kudakenai-Jojo-no-Kimyou-na-Bouken-Kawajiri-Kousaku-Kira-Ichiban-Kuji-Ichiban-Kuji-Jojo-no-Kimyou-na-Bouken-Diamond-wa-Kudakenai-Stand-Rush!-C-Prize-Masterlise,Diamond wa Kudakenai - Jojo no Kimyou na Bouken - Kawajiri Kousaku (Kira) - Ichiban Kuji - Ichiban Kuji Jojo no Kimyou na Bouken Diamond wa Kudakenai - Stand Rush!-  (C Prize) - Masterlise,,,BANDAI SPIRITS,Anime Figure,2026-02-28,,,25,,https://cdn.myfigurelist.com/figure-images/af970d4b-62cc-3e86-ada3-c1977c6dd170/Diamond-wa-Kudakenai-Jojo-no-Kimyou-na-Bouken-Kawajiri-Kousaku-Kira-Ichiban-Kuji-Ichiban-Kuji-Jojo-no-Kimyou-na-Bouken-Diamond-wa-Kudakenai-Stand-Rush!-C-Prize-Masterlise_823ec743-ba99-3f0e-8e52-890a4401b921.jpg|https://cdn.myfigurelist.com/figure-images/af970d4b-62cc-3e86-ada3-c1977c6dd170/Diamond-wa-Kudakenai-Jojo-no-Kimyou-na-Bouken-Kawajiri-Kousaku-Kira-Ichiban-Kuji-Ichiban-Kuji-Jojo-no-Kimyou-na-Bouken-Diamond-wa-Kudakenai-Stand-Rush!-C-Prize-Masterlise_3c8659be-5802-3f1e-8873-654477608d73.jpg|https://cdn.myfigurelist.com/figure-images/af970d4b-62cc-3e86-ada3-c1977c6dd170/Diamond-wa-Kudakenai-Jojo-no-Kimyou-na-Bouken-Kawajiri-Kousaku-Kira-Ichiban-Kuji-Ichiban-Kuji-Jojo-no-Kimyou-na-Bouken-Diamond-wa-Kudakenai-Stand-Rush!-C-Prize-Masterlise_863d77b9-b567-37f5-a594-f9c6a90f4401.jpg|https://cdn.myfigurelist.com/figure-images/af970d4b-62cc-3e86-ada3-c1977c6dd170/Diamond-wa-Kudakenai-Jojo-no-Kimyou-na-Bouken-Kawajiri-Kousaku-Kira-Ichiban-Kuji-Ichiban-Kuji-Jojo-no-Kimyou-na-Bouken-Diamond-wa-Kudakenai-Stand-Rush!-C-Prize-Masterlise_bec94d45-9332-3f0b-bd93-5ae357b760b6.jpg|https://cdn.myfigurelist.com/figure-images/af970d4b-62cc-3e86-ada3-c1977c6dd170/Diamond-wa-Kudakenai-Jojo-no-Kimyou-na-Bouken-Kawajiri-Kousaku-Kira-Ichiban-Kuji-Ichiban-Kuji-Jojo-no-Kimyou-na-Bouken-Diamond-wa-Kudakenai-Stand-Rush!-C-Prize-Masterlise_2d6d5b34-7ab6-3597-a938-52625369bbd3.jpg,[],,,,0,0,2026-09-27T02:17:08.181274Z,1.0,"[""csv""]"
32018,MyFigureList,https://myfigurelist.com/figure/32018/Black-Clover-Asta-1-6,Black Clover - Asta - 1/6,,,Creation At Works,Scale Figure,,1/6,Hiroki Akimoto,45,,https://cdn.myfigurelist.com/figure-images/6796c910-10ec-3078-ae96-aae94408a625/Black-Clover-Asta-1-6_9e250eac-a69d-3e1a-b00f-3ef2e38c186d.jpg|https://cdn.myfigurelist.com/figure-images/6796c910-10ec-3078-ae96-aae94408a625/Black-Clover-Asta-1-6_a8035797-0598-39d1-8da0-27e0af48e00c.jpg|https://cdn.myfigurelist.com/figure-images/6796c910-10ec-3078-ae96-aae94408a625/Black-Clover-Asta-1-6_f2ddd5fc-7e73-38be-8068-c43d823938e3.jpg|https://cdn.myfigurelist.com/figure-images/6796c910-10ec-3078-ae96-aae94408a625/Black-Clover-Asta-1-6_63d65658-4270-3d7c-9145-73fe3e6815d9.jpg|https://cdn.myfigurelist.com/figure-images/6796c910-10ec-3078-ae96-aae94408a625/Black-Clover-Asta-1-6_9347437f-17d6-30c0-aa99-0f9cc11d071d.jpg|https://cdn.myfigurelist.com/figure-images/6796c910-10ec-3078-ae96-aae94408a625/Black-Clover-Asta-1-6_64212d87-b7bc-32bb-b9f2-4b1eab8cb2c5.jpg|https://cdn.myfigurelist.com/figure-images/6796c910-10ec-3078-ae96-aae94408a625/Black-Clover-Asta-1-6_3c7b94dc-73aa-3298-a914-dbcfe2d5addb.jpg|https://cdn.myfigurelist.com/figure-images/6796c910-10ec-3078-ae96-aae94408a625/Black-Clover-Asta-1-6_d9ee674a-1642-3f27-b679-a23d207234e1.jpg|https://cdn.myfigurelist.com/figure-images/6796c910-10ec-3078-ae96-aae94408a625/Black-Clover-Asta-1-6_cb232792-4a5e-3174-8176-bfccbd76cbd4.jpg|https://cdn.myfigurelist.com/figure-images/6796c910-10ec-3078-ae96-aae94408a625/Black-Clover-Asta-1-6_557a9296-e21b-35be-8218-2a92cc8be6ec.jpg|https://cdn.myfigurelist.com/figure-images/6796c910-10ec-3078-ae96-aae94408a625/Black-Clover-Asta-1-6_44109e3b-5319-31dd-968e-2cb3d081f56b.jpg|https://cdn.myfigurelist.com/figure-images/6796c910-10ec-3078-ae96-aae94408a625/Black-Clover-Asta-1-6_45c2bb78-24f3-3ab0-931c-a3909b9eae7e.jpg|https://cdn.myfigurelist.com/figure-images/6796c910-10ec-3078-ae96-aae94408a625/Black-Clover-Asta-1-6_a59bb12e-2cb2-3c35-a308-ebcf41868902.jpg|https://cdn.myfigurelist.com/figure-images/6796c910-10ec-3078-ae96-aae94408a625/Black-Clover-Asta-1-6_a3032aa8-ffa3-38f7-be6d-b01fd72c2711.jpg|https://cdn.myfigurelist.com/figure-images/6796c910-10ec-3078-ae96-aae94408a625/Black-Clover-Asta-1-6_da1ace4c-33f0-37f6-a9dc-b3d7fda3f406.jpg|https://cdn.myfigurelist.com/figure-images/6796c910-10ec-3078-ae96-aae94408a625/Black-Clover-Asta-1-6_2e51aa91-5221-3413-8069-15a502978f95.jpg|https://cdn.myfigurelist.com/figure-images/6796c910-10ec-3078-ae96-aae94408a625/Black-Clover-Asta-1-6_790f3538-40bd-3c90-a027-7eb9fb1d0528.jpg|https://cdn.myfigurelist.com/figure-images/6796c910-10ec-3078-ae96-aae94408a625/Black-Clover-Asta-1-6_d0597782-b51e-3c25-81c8-8b4b2550eb09.jpg|https://cdn.myfigurelist.com/figure-images/6796c910-10ec-3078-ae96-aae94408a625/Black-Clover-Asta-1-6_c2a275c0-e6e4-35f1-84e9-1a11a6ac1f9d.jpg|https://cdn.myfigurelist.com/figure-images/6796c910-10ec-3078-ae96-aae94408a625/Black-Clover-Asta-1-6_72cbda46-c5ab-3372-910f-d5ebc0a00077.jpg|https://cdn.myfigurelist.com/figure-images/6796c910-10ec-3078-ae96-aae94408a625/Black-Clover-Asta-1-6_9f180c9b-f91c-3964-809b-742ad5328845.jpg|https://cdn.myfigurelist.com/figure-images/6796c910-10ec-3078-ae96-aae94408a625/Black-Clover-Asta-1-6_7ed1b09a-bef3-3917-9280-243b0fae2e9d.jpg|https://cdn.myfigurelist.com/figure-images/6796c910-10ec-3078-ae96-aae94408a625/Black-Clover-Asta-1-6_8c3d9f8d-d3ed-3a94-88a9-0654a74d4b29.jpg|https://cdn.myfigurelist.com/figure-images/6796c910-10ec-3078-ae96-aae94408a625/Black-Clover-Asta-1-6_8c4379b3-9b39-348d-91e6-46c29b60efcf.jpg,[],,,,0,0,2026-09-27T02:17:09.167697Z,1.0,"[""csv""]"
6834,MyFigureList,https://myfigurelist.com/figure/6834/Sora-no-Otoshimono-forte-Ikaros-1-7-Complete-Figure,Sora no Otoshimono forte - Ikaros 1/7 Complete Figure,,,Griffon Enterprises,Scale Figure,2013-03-01,1/7,Ryouichi Ikeda,12,,https://cdn.myfigurelist.com/figure-images/4582221155784/Sora-no-Otoshimono-forte-Ikaros-1-7-Complete-Figure_2a4f31d8-5a5e-4c4f-ac22-37ee6fcdd155.jpg|https://cdn.myfigurelist.com/figure-images/4582221155784/Sora-no-Otoshimono-forte-Ikaros-1-7-Complete-Figure_6a7cab56-d1e6-47d9-969e-c3961585c34e.jpg|https://cdn.myfigurelist.com/figure-images/4582221155784/Sora-no-Otoshimono-forte-Ikaros-1-7-Complete-Figure_95fcb03d-12b8-4299-a57b-1ce87bc26cbc.jpg|https://cdn.myfigurelist.com/figure-images/4582221155784/Sora-no-Otoshimono-forte-Ikaros-1-7-Complete-Figure_68d5e47d-18b0-44d5-9a48-8af2b41ad111.jpg|https://cdn.myfigurelist.com/figure-images/4582221155784/Sora-no-Otoshimono-forte-Ikaros-1-7-Complete-Figure_f7393ed0-3260-4525-82b9-bd3f148108ea.jpg|https://cdn.myfigurelist.com/figure-images/4582221155784/Sora-no-Otoshimono-forte-Ikaros-1-7-Complete-Figure_d78c9a9e-c7fa-4294-83fd-23c059e6bd8a.jpg|https://cdn.myfigurelist.com/figure-images/4582221155784/Sora-no-Otoshimono-forte-Ikaros-1-7-Complete-Figure_6e11baf0-caf5-4b65-9c6a-ad5799ac2095.jpg|https://cdn.myfigurelist.com/figure-images/4582221155784/Sora-no-Otoshimono-forte-Ikaros-1-7-Complete-Figure_35ad062c-ed22-4735-8aeb-bb22c18ff7a8.jpg|https://cdn.myfigurelist.com/figure-images/4582221155784/Sora-no-Otoshimono-forte-Ikaros-1-7-Complete-Figure_ac1b2229-9594-4929-adbb-0446bb5d2c52.jpg|https://cdn.myfigurelist.com/figure-images/4582221155784/Sora-no-Otoshimono-forte-Ikaros-1-7-Complete-Figure_c330d5bb-2bbe-4426-adf5-ea386383eeef.jpg|https://cdn.myfigurelist.com/figure-images/4582221155784/Sora-no-Otoshimono-forte-Ikaros-1-7-Complete-Figure_316e8dc6-ccc5-4278-b3b5-5146cead2da2.jpg,[],,,,0,0,2026-09-27T02:17:09.954118Z,1.0,"[""csv""]"
57889,MyFigureList,https://myfigurelist.com/figure/57889/Peach-Riot-Poppy-Bloody-Valentine,Peach Riot - Poppy - Bloody Valentine,,,Pop Mart,Scale Figure,2025-01-31,Non-Scale,,13,,https://cdn.myfigurelist.com/figure-images/e9ca3861-47a8-3508-98d9-ef8fd45ad6d5/Peach-Riot-Poppy-Bloody-Valentine_ea8824b0-f1cd-3c9e-8dee-af3672ced075.jpg|https://cdn.myfigurelist.com/figure-images/e9ca3861-47a8-3508-98d9-ef8fd45ad6d5/Peach-Riot-Poppy-Bloody-Valentine_4c279df9-e9e7-3274-b972-31bc50e26421.jpg|https://cdn.myfigurelist.com/figure-images/e9ca3861-47a8-3508-98d9-ef8fd45ad6d5/Peach-Riot-Poppy-Bloody-Valentine_c115fcda-fea0-3284-9b59-c5a0ec0add7c.jpg|https://cdn.myfigurelist.com/figure-images/e9ca3861-47a8-3508-98d9-ef8fd45ad6d5/Peach-Riot-Poppy-Bloody-Valentine_80867d35-c79f-3987-8c6c-c232cca8ebe9.jpg,[],17049,17049,17049,0,1,2026-09-27T02:17:10.672266Z,1.0,"[""csv""]"
39986,MyFigureList,https://myfigurelist.com/figure/39986/Jujutsu-Kaisen-Dai-2-Ki-Getou-Suguru-Yumemirize,Jujutsu Kaisen Dai 2 Ki - Getou Suguru - Yumemirize,,,SEGA,Scale Figure,2025-10-01,Non-Scale,,20,,https://cdn.myfigurelist.com/figure-images/936083ab-8c36-3184-89ba-206ba985e958/Jujutsu-Kaisen-Dai-2-Ki-Getou-Suguru-Yumemirize_28eb43bb-736a-3e2b-b08d-9321b5338fea.jpg,[],,,,0,0,2026-09-27T02:17:11.597361Z,1.0,"[""csv""]"
32203,MyFigureList,https://myfigurelist.com/figure/32203/Smart-Doll-007-Futaba-Ebony-1-3,Smart Doll - 007 - Futaba Ebony - 1/3,,,Culture Japan,Scale Figure,2015-09-18,1/3,,60,,https://cdn.myfigurelist.com/figure-images/33bc22e8-1b9f-328b-b8ad-a4faccf689c2/Smart-Doll-007-Futaba-Ebony-1-3_2e13d1ac-6b0e-38bf-84f2-54dad77ed4af.jpg,[],60000,60000,60000,0,1,2026-09-27T02:17:12.500302Z,1.0,"[""csv""]"
76151,MyFigureList,https://myfigurelist.com/figure/76151/Zenless-Zone-Zero-Zhu-Yuan,Zenless Zone Zero - Zhu Yuan,,,Sukimadou,Anime Figure,2025-02-09,,,,,https://cdn.myfigurelist.com/figure-images/3816e9c7-3e16-3baa-b575-16cae0525b6f/Zenless-Zone-Zero-Zhu-Yuan_edb18c3d-483a-3548-aa69-87d1ca129bec.jpg,[],10000,10000,10000,0,1,2026-09-27T02:17:13.250319Z,1.0,"[""csv""]"
125443,MyFigureList,https://myfigurelist.com/figure/125443/Transformers-Dark-of-the-Moon-Crowbar-Cyberverse-CV-27-Decepticon-Crowbar,Transformers: Dark of the Moon - Crowbar - Cyberverse  (CV-27) - Decepticon Crowbar,,,Takara Tomy,Anime Figure,2011-10-01,,,,,https://cdn.myfigurelist.com/figure-images/e00d6adc-f9fc-34a0-b7ba-f7ebb6aad957/Transformers-Dark-of-the-Moon-Crowbar-Cyberverse-CV-27-Decepticon-Crowbar_e6ee4d85-0ca3-3a90-b356-ec69fd49f30d.jpg|https://cdn.myfigurelist.com/figure-images/e00d6adc-f9fc-34a0-b7ba-f7ebb6aad957/Transformers-Dark-of-the-Moon-Crowbar-Cyberverse-CV-27-Decepticon-Crowbar_b50674f1-e753-384c-8520-79a48eca5063.jpg|https://cdn.myfigurelist.com/figure-images/e00d6adc-f9fc-34a0-b7ba-f7ebb6aad957/Transformers-Dark-of-the-Moon-Crowbar-Cyberverse-CV-27-Decepticon-Crowbar_e2cf86db-d623-3ac4-82bf-d3cd3d0c4bac.jpg,[],,,,0,0,2026-09-27T02:17:14.453880Z,1.0,"[""csv""]"
110209,MyFigureList,https://myfigurelist.com/figure/110209/Kamen-Rider-Build-SHFiguarts-RabbitTank-Form-Heisei-Generations-Edition,"Kamen Rider Build - S.H.Figuarts - RabbitTank Form, Heisei Generations Edition",,,BANDAI SPIRITS,Anime Figure,2024-10-19,,,14,,https://cdn.myfigurelist.com/figure-images/c60ee65c-35b4-3881-ba56-b2674bf63e10/Kamen-Rider-Build-SHFiguarts-RabbitTank-Form-Heisei-Generations-Edition_11c13aaf-7ca1-32a2-98e4-6f48a598aeea.jpg|https://cdn.myfigurelist.com/figure-images/c60ee65c-35b4-3881-ba56-b2674bf63e10/Kamen-Rider-Build-SHFiguarts-RabbitTank-Form-Heisei-Generations-Edition_8c5aa46b-bbca-3df7-b52d-77108bb47718.jpg|https://cdn.myfigurelist.com/figure-images/c60ee65c-35b4-3881-ba56-b2674bf63e10/Kamen-Rider-Build-SHFiguarts-RabbitTank-Form-Heisei-Generations-Edition_f2ecb9f3-3431-3fed-b0f4-f9bafe3234e8.jpg|https://cdn.myfigurelist.com/figure-images/c60ee65c-35b4-3881-ba56-b2674bf63e10/Kamen-Rider-Build-SHFiguarts-RabbitTank-Form-Heisei-Generations-Edition_6a4c8d4e-cb4f-3abe-a030-8e45592a9b54.jpg,[],,,,0,0,2026-09-27T02:17:15.533410Z,1.0,"[""csv""]"
109985,MyFigureList,https://myfigurelist.com/figure/109985/neko_02,neko_02,,,Match-uri Shounen,Anime Figure,2013-07-28,,,,,https://cdn.myfigurelist.com/figure-images/c45b0104-92bd-348c-bc7b-2a540857b2e6/neko_02_f199a0c6-6bda-3264-8c77-ddd6035c0558.jpg|https://cdn.myfigurelist.com/figure-images/c45b0104-92bd-348c-bc7b-2a540857b2e6/neko_02_1619b711-1b86-316a-9529-3da33a327787.jpg|https://cdn.myfigurelist.com/figure-images/c45b0104-92bd-348c-bc7b-2a540857b2e6/neko_02_3f6327c8-fa04-3d22-9d81-f692a334b6fd.jpg|https://cdn.myfigurelist.com/figure-images/c45b0104-92bd-348c-bc7b-2a540857b2e6/neko_02_e2c00db6-8637-30a5-999d-b67826425976.jpg|https://cdn.myfigurelist.com/figure-images/c45b0104-92bd-348c-bc7b-2a540857b2e6/neko_02_066b3ec7-9baf-3d5d-8e74-0c0fced27a0e.jpg|https://cdn.myfigurelist.com/figure-images/c45b0104-92bd-348c-bc7b-2a540857b2e6/neko_02_8041451a-a2a5-3294-800d-6262e6c533f6.jpg|https://cdn.myfigurelist.com/figure-images/c45b0104-92bd-348c-bc7b-2a540857b2e6/neko_02_fec46b3a-80ca-3f6a-86e8-e49d4ceb83bb.jpg|https://cdn.myfigurelist.com/figure-images/c45b0104-92bd-348c-bc7b-2a540857b2e6/neko_02_94513c79-e926-30e8-84a5-b2469619de6b.jpg,[],3000,3000,3000,0,1,2026-09-27T02:17:16.711857Z,1.0,"[""csv""]"
2362,MyFigureList,https://myfigurelist.com/figure/2362/figma-Sword-Art-Online-Alicization-War-of-Underworld-Alice-Synthesis-Thirty-Goodsmile-Online-Shop-Exclusive,figma Sword Art Online Alicization War of Underworld Alice Synthesis Thirty [Goodsmile Online Shop Exclusive],,,Max Factory,Scale Figure,2022-08-01,Non-Scale,"Shinji Koshinuma, Maoji",13,,https://cdn.myfigurelist.com/figure-images/4545784067895/figma-Sword-Art-Online-Alicization-War-of-Underworld-Alice-Synthesis-Thirty-Goodsmile-Online-Shop-Exclusive_445ad6f0-1fa5-46bd-88c1-4a23b7d2c460.jpg|https://cdn.myfigurelist.com/figure-images/4545784067895/figma-Sword-Art-Online-Alicization-War-of-Underworld-Alice-Synthesis-Thirty-Goodsmile-Online-Shop-Exclusive_911ff674-89ac-44ef-9117-121529d929df.jpg|https://cdn.myfigurelist.com/figure-images/4545784067895/figma-Sword-Art-Online-Alicization-War-of-Underworld-Alice-Synthesis-Thirty-Goodsmile-Online-Shop-Exclusive_e4a5c37b-d673-4d66-8815-98db7630e1b1.jpg|https://cdn.myfigurelist.com/figure-images/4545784067895/figma-Sword-Art-Online-Alicization-War-of-Underworld-Alice-Synthesis-Thirty-Goodsmile-Online-Shop-Exclusive_5c1e3215-ce36-462e-9bb7-34dd34501db8.jpg|https://cdn.myfigurelist.com/figure-images/4545784067895/figma-Sword-Art-Online-Alicization-War-of-Underworld-Alice-Synthesis-Thirty-Goodsmile-Online-Shop-Exclusive_ed5428a7-742b-47c2-b035-f1d68ea785e4.jpg|https://cdn.myfigurelist.com/figure-images/4545784067895/figma-Sword-Art-Online-Alicization-War-of-Underworld-Alice-Synthesis-Thirty-Goodsmile-Online-Shop-Exclusive_724b7ec1-0307-42ef-b460-164281439d04.jpg,[],,,,0,0,2026-09-27T02:17:17.997766Z,1.0,"[""csv""]"
17903,MyFigureList,https://myfigurelist.com/figure/17903/BANANA-FISH-New-Illustration-Ash-Lynx-Birthday-ver-1-8-Complete-Figure,BANANA FISH New Illustration Ash Lynx Birthday ver. 1/8 Complete Figure,,,Arma Bianca,Scale Figure,2024-05-01,1/8,Konbu,18,,https://cdn.myfigurelist.com/figure-images/4582711702344/BANANA-FISH-New-Illustration-Ash-Lynx-Birthday-ver-1-8-Complete-Figure_b80f847e-4dcf-4d2f-b24b-11aaf3c4cad6.jpg|https://cdn.myfigurelist.com/figure-images/4582711702344/BANANA-FISH-New-Illustration-Ash-Lynx-Birthday-ver-1-8-Complete-Figure_df42713b-67f9-40d0-b230-9d397d759d5b.jpg|https://cdn.myfigurelist.com/figure-images/4582711702344/BANANA-FISH-New-Illustration-Ash-Lynx-Birthday-ver-1-8-Complete-Figure_9df1986a-e24b-424d-995d-e41ba55f3998.jpg|https://cdn.myfigurelist.com/figure-images/4582711702344/BANANA-FISH-New-Illustration-Ash-Lynx-Birthday-ver-1-8-Complete-Figure_274fcef7-32fb-4b4c-9c13-1e5f3dd3f1d1.jpg|https://cdn.myfigurelist.com/figure-images/4582711702344/BANANA-FISH-New-Illustration-Ash-Lynx-Birthday-ver-1-8-Complete-Figure_0dfb8c98-1cd7-4472-80bf-5b4829b09d39.jpg|https://cdn.myfigurelist.com/figure-images/4582711702344/BANANA-FISH-New-Illustration-Ash-Lynx-Birthday-ver-1-8-Complete-Figure_062f6a74-8852-4bbd-b5d7-b32fe733e64e.jpg|https://cdn.myfigurelist.com/figure-images/4582711702344/BANANA-FISH-New-Illustration-Ash-Lynx-Birthday-ver-1-8-Complete-Figure_05ab7130-358a-4774-9afd-92eb12225f19.jpg|https://cdn.myfigurelist.com/figure-images/4582711702344/BANANA-FISH-New-Illustration-Ash-Lynx-Birthday-ver-1-8-Complete-Figure_e9a9bb8c-99d6-4abb-8c87-38d40b452943.jpg|https://cdn.myfigurelist.com/figure-images/4582711702344/BANANA-FISH-New-Illustration-Ash-Lynx-Birthday-ver-1-8-Complete-Figure_0528e125-9e71-4572-9787-383c3dcebc93.jpg|https://cdn.myfigurelist.com/figure-images/4582711702344/BANANA-FISH-New-Illustration-Ash-Lynx-Birthday-ver-1-8-Complete-Figure_20ab7d64-0126-403a-ae6f-c5ebcf6263a0.jpg,[],,,,0,0,2026-09-27T02:17:18.979513Z,1.0,"[""csv""]"
104131,MyFigureList,https://myfigurelist.com/figure/104131/Zenless-Zone-Zero-Yixuan,Zenless Zone Zero - Yixuan,,,Greasy Rabbit,Anime Figure,2026-02-08,,Ajisai,,,https://cdn.myfigurelist.com/figure-images/ad4c8cbf-cc46-397f-9441-350c4bb5b47e/Zenless-Zone-Zero-Yixuan_9ef09420-f63b-3d8c-9c1d-016a06c63bea.jpg|https://cdn.myfigurelist.com/figure-images/ad4c8cbf-cc46-397f-9441-350c4bb5b47e/Zenless-Zone-Zero-Yixuan_b631614e-5d4b-347d-beb4-febc44fab11b.jpg|https://cdn.myfigurelist.com/figure-images/ad4c8cbf-cc46-397f-9441-350c4bb5b47e/Zenless-Zone-Zero-Yixuan_72ef0ab5-e845-3a71-a07b-61a36e3c8098.jpg,[],24000,24000,24000,0,1,2026-09-27T02:17:20.052189Z,1.0,"[""csv""]"
95385,MyFigureList,https://myfigurelist.com/figure/95385/Futaba-Channel-Sanrio-Doujin-Figure-Koneko-chan,Futaba Channel - Sanrio - Doujin Figure - Koneko-chan,,,MJS Garage Kit,Anime Figure,2025-02-09,,,,,https://cdn.myfigurelist.com/figure-images/8a5459ce-d2a8-3ced-8e32-27f441432ca7/Futaba-Channel-Sanrio-Doujin-Figure-Koneko-chan_1a6b0029-2b27-3d6e-9cda-e5722f078062.jpg,[],5000,5000,5000,0,1,2026-09-27T02:17:20.727922Z,1.0,"[""csv""]"
118121,MyFigureList,https://myfigurelist.com/figure/118121/Tokusou-Sentai-Dekaranger-DekaBreak-Sentai-Hero-Series,Tokusou Sentai Dekaranger - DekaBreak - Sentai Hero Series,,,Bandai,Anime Figure,2004-07-25,,,,,https://cdn.myfigurelist.com/figure-images/e3cb8cb5-597e-356e-848c-e5e96e678226/Tokusou-Sentai-Dekaranger-DekaBreak-Sentai-Hero-Series_cbd9aefd-40a0-3669-ad69-bbd7794d9e27.jpg,[],735,735,735,0,1,2026-09-27T02:17:23.300957Z,1.0,"[""csv""]"
5078,MyFigureList,https://myfigurelist.com/figure/5078/ToHeart2-AnotherDays-Silfa-Summer-Memories-1-6-Complete-Figure,ToHeart2 AnotherDays - Silfa -Summer Memories- 1/6 Complete Figure,,,Kotobukiya,Scale Figure,2013-01-01,1/6,Ryo Hashimoto,26,,https://cdn.myfigurelist.com/figure-images/4934054782116/ToHeart2-AnotherDays-Silfa-Summer-Memories-1-6-Complete-Figure_273da1a2-fe89-4d28-8a2a-d6b145931e09.jpg|https://cdn.myfigurelist.com/figure-images/4934054782116/ToHeart2-AnotherDays-Silfa-Summer-Memories-1-6-Complete-Figure_eab65ffb-fb31-452c-8fe5-63b50d99b7d8.jpg|https://cdn.myfigurelist.com/figure-images/4934054782116/ToHeart2-AnotherDays-Silfa-Summer-Memories-1-6-Complete-Figure_88248402-b885-43e2-9952-eb4016825271.jpg|https://cdn.myfigurelist.com/figure-images/4934054782116/ToHeart2-AnotherDays-Silfa-Summer-Memories-1-6-Complete-Figure_8f1e5208-1e07-4203-ba37-c6a88f54b188.jpg|https://cdn.myfigurelist.com/figure-images/4934054782116/ToHeart2-AnotherDays-Silfa-Summer-Memories-1-6-Complete-Figure_48d54b44-c697-4cdb-a3f6-f5a0c93f0760.jpg|https://cdn.myfigurelist.com/figure-images/4934054782116/ToHeart2-AnotherDays-Silfa-Summer-Memories-1-6-Complete-Figure_5763e55d-3ba3-4b3b-a2f2-58a8738b2a6f.jpg,[],,,,0,0,2026-09-27T02:17:24.254281Z,1.0,"[""csv""]"
104566,MyFigureList,https://myfigurelist.com/figure/104566/One-Piece-Portgas-D-Ace-Figuarts-ZERO-Battle-ver-Juujika,One Piece - Portgas D. Ace - Figuarts ZERO - Battle ver. Juujika,,,Bandai,Anime Figure,2014-01-30,,,13,,https://cdn.myfigurelist.com/figure-images/af97d596-6482-3bf3-9d43-6231f0482014/One-Piece-Portgas-D-Ace-Figuarts-ZERO-Battle-ver-Juujika_d49bf21f-5149-3a64-8364-e6189c7e51b8.jpg|https://cdn.myfigurelist.com/figure-images/af97d596-6482-3bf3-9d43-6231f0482014/One-Piece-Portgas-D-Ace-Figuarts-ZERO-Battle-ver-Juujika_93331ee9-1e5a-3e66-811c-62e7b2254021.jpg|https://cdn.myfigurelist.com/figure-images/af97d596-6482-3bf3-9d43-6231f0482014/One-Piece-Portgas-D-Ace-Figuarts-ZERO-Battle-ver-Juujika_35608938-5da4-3519-bd61-73bf207a2569.jpg|https://cdn.myfigurelist.com/figure-images/af97d596-6482-3bf3-9d43-6231f0482014/One-Piece-Portgas-D-Ace-Figuarts-ZERO-Battle-ver-Juujika_8f93059b-696e-3b67-8df5-0b3a307567d5.jpg|https://cdn.myfigurelist.com/figure-images/af97d596-6482-3bf3-9d43-6231f0482014/One-Piece-Portgas-D-Ace-Figuarts-ZERO-Battle-ver-Juujika_d353fea5-fcbe-3ef6-aa88-81defc757450.jpg|https://cdn.myfigurelist.com/figure-images/af97d596-6482-3bf3-9d43-6231f0482014/One-Piece-Portgas-D-Ace-Figuarts-ZERO-Battle-ver-Juujika_c352e288-7b94-321f-918a-fcadca81b1ce.jpg|https://cdn.myfigurelist.com/figure-images/af97d596-6482-3bf3-9d43-6231f0482014/One-Piece-Portgas-D-Ace-Figuarts-ZERO-Battle-ver-Juujika_262364b0-67a1-3c14-a237-567f9f673e3f.jpg,[],3500,3500,3500,0,1,2026-09-27T02:17:25.560457Z,1.0,"[""csv""]"
104569,MyFigureList,https://myfigurelist.com/figure/104569/Touhou-Project-Yakumo-Ran,Touhou Project - Yakumo Ran,,,Kousokai,Anime Figure,2015-05-12,,Yokoyama,,,https://cdn.myfigurelist.com/figure-images/af99773b-f942-3081-8d5d-cbf9317d5ef6/Touhou-Project-Yakumo-Ran_db549876-0006-3e7c-ba65-17aff2e9e824.jpg,[],1000,1000,1000,0,1,2026-09-27T02:17:28.402723Z,1.0,"[""csv""]"
65952,MyFigureList,https://myfigurelist.com/figure/65952/Sousou-no-Frieren-bel-1-7,Sousou no Frieren - Übel - 1/7,,,Fusuka,Scale Figure,2025-02-09,1/7,,22,,https://cdn.myfigurelist.com/figure-images/0fdc33af-cac8-3e04-8786-8f3584c3ba40/Sousou-no-Frieren-bel-1-7_c89f91b0-4a61-3318-8017-2b454cab34a0.jpg|https://cdn.myfigurelist.com/figure-images/0fdc33af-cac8-3e04-8786-8f3584c3ba40/Sousou-no-Frieren-bel-1-7_fbb1eaeb-a14e-3c8f-a208-f118571af00d.jpg|https://cdn.myfigurelist.com/figure-images/0fdc33af-cac8-3e04-8786-8f3584c3ba40/Sousou-no-Frieren-bel-1-7_8179c3e8-d371-3fa7-bb67-14631cbbb697.jpg|https://cdn.myfigurelist.com/figure-images/0fdc33af-cac8-3e04-8786-8f3584c3ba40/Sousou-no-Frieren-bel-1-7_42fd1444-c1d2-3922-892d-6ea6fec542d5.jpg,[],12000,12000,12000,0,1,2026-09-27T02:17:29.124200Z,1.0,"[""csv""]"
89502,MyFigureList,https://myfigurelist.com/figure/89502/NieR-Automata-YoRHa-No-2-Type-B-NieR-Game-Series-15-Shuunen-Kinen-Kuji-YoRHa-Prize-Pop-Up-Parade-Virtuous-Contract-Ver-L,"NieR: Automata - YoRHa No. 2 Type B - NieR Game Series 15 Shuunen Kinen Kuji  (YoRHa Prize) - Pop Up Parade - Virtuous Contract Ver., L",,,Good Smile Company,Anime Figure,2026-03-20,,,24,,https://cdn.myfigurelist.com/figure-images/6d796dfc-ccfd-35c3-abc9-7f7f9ef3a16c/NieR-Automata-YoRHa-No-2-Type-B-NieR-Game-Series-15-Shuunen-Kinen-Kuji-YoRHa-Prize-Pop-Up-Parade-Virtuous-Contract-Ver-L_6adb169a-c89f-3f2b-86cd-59e39cdea95d.jpg|https://cdn.myfigurelist.com/figure-images/6d796dfc-ccfd-35c3-abc9-7f7f9ef3a16c/NieR-Automata-YoRHa-No-2-Type-B-NieR-Game-Series-15-Shuunen-Kinen-Kuji-YoRHa-Prize-Pop-Up-Parade-Virtuous-Contract-Ver-L_2df9d242-35fe-331f-b202-f7199d56a732.jpg|https://cdn.myfigurelist.com/figure-images/6d796dfc-ccfd-35c3-abc9-7f7f9ef3a16c/NieR-Automata-YoRHa-No-2-Type-B-NieR-Game-Series-15-Shuunen-Kinen-Kuji-YoRHa-Prize-Pop-Up-Parade-Virtuous-Contract-Ver-L_2272eb27-3daf-32b4-ad73-402c6462aaf6.jpg|https://cdn.myfigurelist.com/figure-images/6d796dfc-ccfd-35c3-abc9-7f7f9ef3a16c/NieR-Automata-YoRHa-No-2-Type-B-NieR-Game-Series-15-Shuunen-Kinen-Kuji-YoRHa-Prize-Pop-Up-Parade-Virtuous-Contract-Ver-L_1861f636-f843-3a48-83f2-244b947b670c.jpg,[],,,,0,0,2026-09-27T02:17:30.239323Z,1.0,"[""csv""]"
3115,MyFigureList,https://myfigurelist.com/figure/3115/GEM-Series-BANANA-FISH-Ash-Lynx-5th-Anniversary-Complete-Figure,G.E.M. Series BANANA FISH Ash Lynx 5th Anniversary Complete Figure,,,MegaHouse,Scale Figure,2023-11-01,Non-Scale,Mokamaru,23,,https://cdn.myfigurelist.com/figure-images/4535123835339/GEM-Series-BANANA-FISH-Ash-Lynx-5th-Anniversary-Complete-Figure_5ece0246-925a-4747-a0cb-f030fb2acf67.jpg|https://cdn.myfigurelist.com/figure-images/4535123835339/GEM-Series-BANANA-FISH-Ash-Lynx-5th-Anniversary-Complete-Figure_4fce8ed9-9d7d-42e9-aec4-76500857ee85.jpg|https://cdn.myfigurelist.com/figure-images/4535123835339/GEM-Series-BANANA-FISH-Ash-Lynx-5th-Anniversary-Complete-Figure_66c990aa-3adf-4875-a4fd-33705117dedd.jpg|https://cdn.myfigurelist.com/figure-images/4535123835339/GEM-Series-BANANA-FISH-Ash-Lynx-5th-Anniversary-Complete-Figure_655e622f-4b37-4a23-b4ca-44751bb62617.jpg|https://cdn.myfigurelist.com/figure-images/4535123835339/GEM-Series-BANANA-FISH-Ash-Lynx-5th-Anniversary-Complete-Figure_d841791d-42b2-4126-a63a-ed18a20654ad.jpg|https://cdn.myfigurelist.com/figure-images/4535123835339/GEM-Series-BANANA-FISH-Ash-Lynx-5th-Anniversary-Complete-Figure_dccd757c-9451-4d0c-b9ab-db5208c99f45.jpg|https://cdn.myfigurelist.com/figure-images/4535123835339/GEM-Series-BANANA-FISH-Ash-Lynx-5th-Anniversary-Complete-Figure_1cb8a7c7-25bc-4016-a27b-71c3393ea6c1.jpg|https://cdn.myfigurelist.com/figure-images/4535123835339/GEM-Series-BANANA-FISH-Ash-Lynx-5th-Anniversary-Complete-Figure_c9ccf65e-2184-4414-91c1-b71c72b2917d.jpg,[],,,,0,0,2026-09-27T02:17:30.758880Z,1.0,"[""csv""]"
124105,MyFigureList,https://myfigurelist.com/figure/124105/Gui-Ya-Chuang,Gui Ya Chuang,,,Chiyu,Anime Figure,2025-12-01,,,16,,https://cdn.myfigurelist.com/figure-images/acdd4095-0446-3e65-a297-2170198d49bf/Gui-Ya-Chuang_10eaf248-1903-3d52-8382-12f826ff788b.jpg|https://cdn.myfigurelist.com/figure-images/acdd4095-0446-3e65-a297-2170198d49bf/Gui-Ya-Chuang_aa4fc045-5968-3ec5-8146-303b927e6835.jpg|https://cdn.myfigurelist.com/figure-images/acdd4095-0446-3e65-a297-2170198d49bf/Gui-Ya-Chuang_d1bb1ab6-dd03-383c-bf5f-49330d3ff53b.jpg|https://cdn.myfigurelist.com/figure-images/acdd4095-0446-3e65-a297-2170198d49bf/Gui-Ya-Chuang_887c0598-c1b1-3fbf-bd8e-e8c8fffd8616.jpg|https://cdn.myfigurelist.com/figure-images/acdd4095-0446-3e65-a297-2170198d49bf/Gui-Ya-Chuang_37d7b568-bae5-3a67-a10d-65915467cc70.jpg|https://cdn.myfigurelist.com/figure-images/acdd4095-0446-3e65-a297-2170198d49bf/Gui-Ya-Chuang_471e1551-019b-3139-a0ab-0e66a8a5b85a.jpg,[],9000,9000,9000,0,1,2026-09-27T02:17:31.441576Z,1.0,"[""csv""]"
18728,MyFigureList,https://myfigurelist.com/figure/18728/THE-IDOLMSTER-Cinderella-Girls-Akari-Tsujino-1-7-Complete-Figure,THE IDOLM@STER Cinderella Girls Akari Tsujino+ 1/7 Complete Figure,,,Plum,Scale Figure,2024-05-01,1/7,Licorne,22,,https://cdn.myfigurelist.com/figure-images/4582362386863/THE-IDOLMSTER-Cinderella-Girls-Akari-Tsujino-1-7-Complete-Figure_4ab28fce-bb6c-483b-94f6-4834b8c79817.jpg|https://cdn.myfigurelist.com/figure-images/4582362386863/THE-IDOLMSTER-Cinderella-Girls-Akari-Tsujino-1-7-Complete-Figure_e9e7347d-7ceb-4349-beed-518f235f2b58.jpg|https://cdn.myfigurelist.com/figure-images/4582362386863/THE-IDOLMSTER-Cinderella-Girls-Akari-Tsujino-1-7-Complete-Figure_633c581c-2765-4fa3-bf8b-8478ce749a9e.jpg|https://cdn.myfigurelist.com/figure-images/4582362386863/THE-IDOLMSTER-Cinderella-Girls-Akari-Tsujino-1-7-Complete-Figure_75009ec8-c7f0-41db-bed6-f9fb8bf08dab.jpg|https://cdn.myfigurelist.com/figure-images/4582362386863/THE-IDOLMSTER-Cinderella-Girls-Akari-Tsujino-1-7-Complete-Figure_f0cea574-a0ee-4ce7-a48b-ad48b7debc39.jpg|https://cdn.myfigurelist.com/figure-images/4582362386863/THE-IDOLMSTER-Cinderella-Girls-Akari-Tsujino-1-7-Complete-Figure_7b36cbca-ddb2-475e-8322-38087ced50ee.jpg|https://cdn.myfigurelist.com/figure-images/4582362386863/THE-IDOLMSTER-Cinderella-Girls-Akari-Tsujino-1-7-Complete-Figure_434f345c-5916-4616-879e-31f943ca070d.jpg|https://cdn.myfigurelist.com/figure-images/4582362386863/THE-IDOLMSTER-Cinderella-Girls-Akari-Tsujino-1-7-Complete-Figure_59bcfcc7-6417-4f09-a6f8-c0b96ec151d4.jpg|https://cdn.myfigurelist.com/figure-images/4582362386863/THE-IDOLMSTER-Cinderella-Girls-Akari-Tsujino-1-7-Complete-Figure_757db844-77d6-4b1c-9e56-c2cd9fb773d8.jpg|https://cdn.myfigurelist.com/figure-images/4582362386863/THE-IDOLMSTER-Cinderella-Girls-Akari-Tsujino-1-7-Complete-Figure_a1d1c302-2cbc-4043-8828-ab09afeb1c07.jpg|https://cdn.myfigurelist.com/figure-images/4582362386863/THE-IDOLMSTER-Cinderella-Girls-Akari-Tsujino-1-7-Complete-Figure_47c354f2-245d-4b8a-b7e6-7cfdd8e0ce14.jpg|https://cdn.myfigurelist.com/figure-images/4582362386863/THE-IDOLMSTER-Cinderella-Girls-Akari-Tsujino-1-7-Complete-Figure_eb290461-c1f7-4e5e-a446-7b87dce9c54b.jpg,[],,,,0,0,2026-09-27T02:17:33.695503Z,1.0,"[""csv""]"
116364,MyFigureList,https://myfigurelist.com/figure/116364/Fate-Grand-Order-Sei-Shounagon,Fate/Grand Order - Sei Shounagon,,,Gensou Dai Hanten,Anime Figure,2022-02-06,,Onotaku,,,https://cdn.myfigurelist.com/figure-images/de629deb-acd5-3e28-aa77-e3e91fe5fd77/Fate-Grand-Order-Sei-Shounagon_402da56d-c554-36ba-944b-b87552c5b94c.jpg,[],10000,10000,10000,0,1,2026-09-27T02:17:37.133570Z,1.0,"[""csv""]"
108637,MyFigureList,https://myfigurelist.com/figure/108637/Blue-Archive-Sorasaki-Hina-1-7-Cheongsam,Blue Archive - Sorasaki Hina - 1/7 - Cheongsam,,,Muki Monooki,Scale Figure,2026-02-08,1/7,ND_dog,,,https://cdn.myfigurelist.com/figure-images/bf3a8fd5-957d-3cfe-8797-14a7f8195eb8/Blue-Archive-Sorasaki-Hina-1-7-Cheongsam_c130539c-6e29-313c-a03e-50ff9aa1fd50.jpg,[],23000,23000,23000,0,1,2026-09-27T02:17:38.554041Z,1.0,"[""csv""]"
63297,MyFigureList,https://myfigurelist.com/figure/63297/Hagane-no-Renkinjutsushi-Fullmetal-Alchemist-Alphonse-Elric-Ichiban-Kuji-Ichiban-Kuji-Hagane-no-Renkinjutsushi-FULLMETAL-ALCHEMIST,Hagane no Renkinjutsushi Fullmetal Alchemist - Alphonse Elric - Ichiban Kuji - Ichiban Kuji Hagane no Renkinjutsushi FULLMETAL ALCHEMIST,,,Banpresto,Anime Figure,2010-12-01,,,15,,https://cdn.myfigurelist.com/figure-images/04e5cee7-66af-3ace-ac4f-8c95e0ef8b96/Hagane-no-Renkinjutsushi-Fullmetal-Alchemist-Alphonse-Elric-Ichiban-Kuji-Ichiban-Kuji-Hagane-no-Renkinjutsushi-FULLMETAL-ALCHEMIST_c884d8d3-3e6f-3368-87ac-581062ab5708.jpg|https://cdn.myfigurelist.com/figure-images/04e5cee7-66af-3ace-ac4f-8c95e0ef8b96/Hagane-no-Renkinjutsushi-Fullmetal-Alchemist-Alphonse-Elric-Ichiban-Kuji-Ichiban-Kuji-Hagane-no-Renkinjutsushi-FULLMETAL-ALCHEMIST_fa46bff8-af6b-3921-812a-39c9a97e4861.jpg,[],500,500,500,0,1,2026-09-27T02:17:39.640073Z,1.0,"[""csv""]"
116863,MyFigureList,https://myfigurelist.com/figure/116863/Aquarion-Evol-Mix,Aquarion Evol - Mix,,,Sugaruwotome,Anime Figure,2012-07-29,,,24,,https://cdn.myfigurelist.com/figure-images/dd48b857-a585-3c96-9fd7-70013760adcd/Aquarion-Evol-Mix_735b6b74-af89-3209-8e6c-499ff34a0b48.jpg|https://cdn.myfigurelist.com/figure-images/dd48b857-a585-3c96-9fd7-70013760adcd/Aquarion-Evol-Mix_461a252d-658a-32f3-bee7-ac598730437f.jpg|https://cdn.myfigurelist.com/figure-images/dd48b857-a585-3c96-9fd7-70013760adcd/Aquarion-Evol-Mix_a3dd6d26-7f94-35b8-a644-ca188d89be99.jpg|https://cdn.myfigurelist.com/figure-images/dd48b857-a585-3c96-9fd7-70013760adcd/Aquarion-Evol-Mix_da6650fe-66b5-3268-a718-2ff34a933530.jpg|https://cdn.myfigurelist.com/figure-images/dd48b857-a585-3c96-9fd7-70013760adcd/Aquarion-Evol-Mix_0c2e4899-7dcf-35e9-bd0f-194db11a92e9.jpg|https://cdn.myfigurelist.com/figure-images/dd48b857-a585-3c96-9fd7-70013760adcd/Aquarion-Evol-Mix_66c12f20-5747-36f1-8edd-82799c7798bc.jpg|https://cdn.myfigurelist.com/figure-images/dd48b857-a585-3c96-9fd7-70013760adcd/Aquarion-Evol-Mix_089cecd0-4c3f-3f8d-865a-74550dfe0781.jpg|https://cdn.myfigurelist.com/figure-images/dd48b857-a585-3c96-9fd7-70013760adcd/Aquarion-Evol-Mix_f0af6881-6fa3-34c4-a8ae-6df4c0703506.jpg,[],6000,6000,6000,0,1,2026-09-27T02:17:40.593173Z,1.0,"[""csv""]"
57310,MyFigureList,https://myfigurelist.com/figure/57310/Creators-Collection-Succubus-san-1-6,Creator's Collection - Succubus-san - 1/6,,,,Scale Figure,2017-01-30,1/6,Hokke,17,,https://cdn.myfigurelist.com/figure-images/e3f1f187-f8ae-3ad2-96eb-fa6f94a8008d/Creators-Collection-Succubus-san-1-6_fbb61e11-687a-3eab-99af-1b3b7bdf6fa7.jpg|https://cdn.myfigurelist.com/figure-images/e3f1f187-f8ae-3ad2-96eb-fa6f94a8008d/Creators-Collection-Succubus-san-1-6_45e4fbf7-c0b0-3ae3-975d-0d82ff7e7287.jpg|https://cdn.myfigurelist.com/figure-images/e3f1f187-f8ae-3ad2-96eb-fa6f94a8008d/Creators-Collection-Succubus-san-1-6_e866bf47-45e9-3b11-a104-0c0babbd611e.jpg|https://cdn.myfigurelist.com/figure-images/e3f1f187-f8ae-3ad2-96eb-fa6f94a8008d/Creators-Collection-Succubus-san-1-6_2a43865c-1b2b-33dc-a2ce-72f28cd76335.jpg|https://cdn.myfigurelist.com/figure-images/e3f1f187-f8ae-3ad2-96eb-fa6f94a8008d/Creators-Collection-Succubus-san-1-6_ec213108-beb8-3adb-907a-d852123d3773.jpg|https://cdn.myfigurelist.com/figure-images/e3f1f187-f8ae-3ad2-96eb-fa6f94a8008d/Creators-Collection-Succubus-san-1-6_7df8eee0-d2da-33b1-8a5d-d412e9dbf019.jpg|https://cdn.myfigurelist.com/figure-images/e3f1f187-f8ae-3ad2-96eb-fa6f94a8008d/Creators-Collection-Succubus-san-1-6_f13c2653-b175-3d0d-94f7-cb678f11686f.jpg|https://cdn.myfigurelist.com/figure-images/e3f1f187-f8ae-3ad2-96eb-fa6f94a8008d/Creators-Collection-Succubus-san-1-6_ac7f19ca-a415-3d82-92c4-870f8d14ca8d.jpg|https://cdn.myfigurelist.com/figure-images/e3f1f187-f8ae-3ad2-96eb-fa6f94a8008d/Creators-Collection-Succubus-san-1-6_96e2fa09-9ea1-3d89-a338-e024141d5285.jpg|https://cdn.myfigurelist.com/figure-images/e3f1f187-f8ae-3ad2-96eb-fa6f94a8008d/Creators-Collection-Succubus-san-1-6_dc3152c9-eb05-3f42-8814-c245a997b185.jpg|https://cdn.myfigurelist.com/figure-images/e3f1f187-f8ae-3ad2-96eb-fa6f94a8008d/Creators-Collection-Succubus-san-1-6_3f62b576-c1b1-3fa9-90cf-0a2238f438b9.jpg|https://cdn.myfigurelist.com/figure-images/e3f1f187-f8ae-3ad2-96eb-fa6f94a8008d/Creators-Collection-Succubus-san-1-6_16a31102-0f45-3a9c-bb46-8bce0034dadb.jpg|https://cdn.myfigurelist.com/figure-images/e3f1f187-f8ae-3ad2-96eb-fa6f94a8008d/Creators-Collection-Succubus-san-1-6_c524799f-a800-3020-b11f-2c61b87efe87.jpg|https://cdn.myfigurelist.com/figure-images/e3f1f187-f8ae-3ad2-96eb-fa6f94a8008d/Creators-Collection-Succubus-san-1-6_fd3f985f-909a-3be2-91a7-a74c8623ce26.jpg,[],,,,0,0,2026-09-27T02:17:41.312313Z,1.0,"[""csv""]"
12942,MyFigureList,https://myfigurelist.com/figure/12942/Qset-Fei-Ren-Zai-3-Figures-Set,Qset Fei Ren Zai (3 Figures Set),,,Good Smile Arts Shanghai,Scale Figure,2020-06-01,Non-Scale,"Chen Tian, KAMUI",6,,https://cdn.myfigurelist.com/figure-images/4580416966887/Qset-Fei-Ren-Zai-3-Figures-Set_9370d0b1-879b-4b90-b853-787917104dfa.jpg|https://cdn.myfigurelist.com/figure-images/4580416966887/Qset-Fei-Ren-Zai-3-Figures-Set_e3618505-588e-4e06-9300-63b0a60d8cff.jpg|https://cdn.myfigurelist.com/figure-images/4580416966887/Qset-Fei-Ren-Zai-3-Figures-Set_0056fd9c-5acc-4d90-aa58-6e8c9403b5ef.jpg|https://cdn.myfigurelist.com/figure-images/4580416966887/Qset-Fei-Ren-Zai-3-Figures-Set_d0b8fadf-e6a4-4700-89e8-47b71929d6ba.jpg|https://cdn.myfigurelist.com/figure-images/4580416966887/Qset-Fei-Ren-Zai-3-Figures-Set_695b1e47-9882-41c5-92be-1317a0aea1b0.jpg,[],,,,0,0,2026-09-27T02:17:50.116777Z,1.0,"[""csv""]"
33209,MyFigureList,https://myfigurelist.com/figure/33209/Nisemonogatari-Oshino-Shinobu-Nendoroid-424,Nisemonogatari - Oshino Shinobu - Nendoroid  (#424),,,,Scale Figure,2014-11-21,Non-Scale,Nendoron,10,,https://cdn.myfigurelist.com/figure-images/0d9486a3-f0b5-3890-9e63-a4029ff571d9/Nisemonogatari-Oshino-Shinobu-Nendoroid-424_87a4f2c6-853d-3f72-a783-319b3286a578.jpg|https://cdn.myfigurelist.com/figure-images/0d9486a3-f0b5-3890-9e63-a4029ff571d9/Nisemonogatari-Oshino-Shinobu-Nendoroid-424_4a5972a0-fcdf-306b-b9df-aa643d08003c.jpg|https://cdn.myfigurelist.com/figure-images/0d9486a3-f0b5-3890-9e63-a4029ff571d9/Nisemonogatari-Oshino-Shinobu-Nendoroid-424_c2b62f57-4a94-312b-af2b-19a5a4cb6be6.jpg|https://cdn.myfigurelist.com/figure-images/0d9486a3-f0b5-3890-9e63-a4029ff571d9/Nisemonogatari-Oshino-Shinobu-Nendoroid-424_db7db0c3-5f44-3424-b7de-b38847038c5d.jpg|https://cdn.myfigurelist.com/figure-images/0d9486a3-f0b5-3890-9e63-a4029ff571d9/Nisemonogatari-Oshino-Shinobu-Nendoroid-424_261f8939-25be-3d7c-ace1-24e3b1fc10e4.jpg|https://cdn.myfigurelist.com/figure-images/0d9486a3-f0b5-3890-9e63-a4029ff571d9/Nisemonogatari-Oshino-Shinobu-Nendoroid-424_99891f6f-7ee1-3518-a156-d9d5b32d4305.jpg|https://cdn.myfigurelist.com/figure-images/0d9486a3-f0b5-3890-9e63-a4029ff571d9/Nisemonogatari-Oshino-Shinobu-Nendoroid-424_78908d2c-bbd6-3484-b8a8-edee54205c33.jpg|https://cdn.myfigurelist.com/figure-images/0d9486a3-f0b5-3890-9e63-a4029ff571d9/Nisemonogatari-Oshino-Shinobu-Nendoroid-424_a6540212-2b3e-3000-8905-ffdb532f97ac.jpg|https://cdn.myfigurelist.com/figure-images/0d9486a3-f0b5-3890-9e63-a4029ff571d9/Nisemonogatari-Oshino-Shinobu-Nendoroid-424_f3493788-a8e3-3f3c-a3b8-066bbac9af31.jpg|https://cdn.myfigurelist.com/figure-images/0d9486a3-f0b5-3890-9e63-a4029ff571d9/Nisemonogatari-Oshino-Shinobu-Nendoroid-424_4a9688a4-25bd-32e0-af54-43323e429a05.jpg|https://cdn.myfigurelist.com/figure-images/0d9486a3-f0b5-3890-9e63-a4029ff571d9/Nisemonogatari-Oshino-Shinobu-Nendoroid-424_b7c9a0db-8f51-314c-bd00-3a7e26574caf.jpg|https://cdn.myfigurelist.com/figure-images/0d9486a3-f0b5-3890-9e63-a4029ff571d9/Nisemonogatari-Oshino-Shinobu-Nendoroid-424_d8667cf2-b5ab-3454-8ef2-3364c7ced3e6.jpg|https://cdn.myfigurelist.com/figure-images/0d9486a3-f0b5-3890-9e63-a4029ff571d9/Nisemonogatari-Oshino-Shinobu-Nendoroid-424_384586bd-cc25-3d84-ab9b-8e4e93e9f017.jpg|https://cdn.myfigurelist.com/figure-images/0d9486a3-f0b5-3890-9e63-a4029ff571d9/Nisemonogatari-Oshino-Shinobu-Nendoroid-424_3cff977a-1b1f-34fa-8ad9-0f5eab74ebe4.jpg|https://cdn.myfigurelist.com/figure-images/0d9486a3-f0b5-3890-9e63-a4029ff571d9/Nisemonogatari-Oshino-Shinobu-Nendoroid-424_78d6b8f3-ad80-3ffd-b88d-66b871a7c726.jpg|https://cdn.myfigurelist.com/figure-images/0d9486a3-f0b5-3890-9e63-a4029ff571d9/Nisemonogatari-Oshino-Shinobu-Nendoroid-424_eaf2cbb2-a5a1-3c9e-b3d6-fe79fa343f90.jpg,[],5980,5980,5980,0,1,2026-09-27T02:17:51.129625Z,1.0,"[""csv""]"
1181,MyFigureList,https://myfigurelist.com/figure/1181/Saekano-How-to-Raise-a-Boring-Girlfriend-Megumi-Kato-1-7-Complete-Figure,Saekano: How to Raise a Boring Girlfriend Megumi Kato 1/7 Complete Figure,,,WINGS inc.,Scale Figure,2019-03-01,1/7,Jofuku x SEKA,20,,https://cdn.myfigurelist.com/figure-images/4589456500068/Saekano-How-to-Raise-a-Boring-Girlfriend-Megumi-Kato-1-7-Complete-Figure_f9b6d31c-20de-4a41-b789-81904f9f1ee3.jpg|https://cdn.myfigurelist.com/figure-images/4589456500068/Saekano-How-to-Raise-a-Boring-Girlfriend-Megumi-Kato-1-7-Complete-Figure_1764195b-1d78-450b-9e98-f245d97c4a4b.jpg|https://cdn.myfigurelist.com/figure-images/4589456500068/Saekano-How-to-Raise-a-Boring-Girlfriend-Megumi-Kato-1-7-Complete-Figure_a9f371f8-9187-40e7-90ed-0683a3ec0693.jpg|https://cdn.myfigurelist.com/figure-images/4589456500068/Saekano-How-to-Raise-a-Boring-Girlfriend-Megumi-Kato-1-7-Complete-Figure_88f01f5d-01c7-4e91-ae63-df1b31d6babc.jpg,[],,,,0,0,2026-09-27T02:17:53.110845Z,1.0,"[""csv""]"
93861,MyFigureList,https://myfigurelist.com/figure/93861/Persona-5-Takamaki-Anne-Premium-Masterline-PMP5-05DXS-1-4-Panther-DX-Bonus-Version,"Persona 5 - Takamaki Anne - Premium Masterline  (PMP5-05DXS) - 1/4 - Panther, DX Bonus Version",,,Prime 1 Studio,Scale Figure,2027-09-01,1/4,,48,,https://cdn.myfigurelist.com/figure-images/847b9b23-1534-3715-8314-bf09432051cb/Persona-5-Takamaki-Anne-Premium-Masterline-PMP5-05DXS-1-4-Panther-DX-Bonus-Version_7daddf1e-c60f-39cd-8115-a3f00b04a6b8.jpg|https://cdn.myfigurelist.com/figure-images/847b9b23-1534-3715-8314-bf09432051cb/Persona-5-Takamaki-Anne-Premium-Masterline-PMP5-05DXS-1-4-Panther-DX-Bonus-Version_ec646e58-d7f7-3f61-9a21-44a847d0c7bc.jpg|https://cdn.myfigurelist.com/figure-images/847b9b23-1534-3715-8314-bf09432051cb/Persona-5-Takamaki-Anne-Premium-Masterline-PMP5-05DXS-1-4-Panther-DX-Bonus-Version_e8427635-d8b8-3c6b-8ba2-ab825247587c.jpg|https://cdn.myfigurelist.com/figure-images/847b9b23-1534-3715-8314-bf09432051cb/Persona-5-Takamaki-Anne-Premium-Masterline-PMP5-05DXS-1-4-Panther-DX-Bonus-Version_bee3f5a1-2ed9-3af7-9af6-e16fd6457100.jpg|https://cdn.myfigurelist.com/figure-images/847b9b23-1534-3715-8314-bf09432051cb/Persona-5-Takamaki-Anne-Premium-Masterline-PMP5-05DXS-1-4-Panther-DX-Bonus-Version_d7101280-ab92-30f6-96be-53d95c025077.jpg|https://cdn.myfigurelist.com/figure-images/847b9b23-1534-3715-8314-bf09432051cb/Persona-5-Takamaki-Anne-Premium-Masterline-PMP5-05DXS-1-4-Panther-DX-Bonus-Version_886e3b3e-7b05-342d-a7c5-d5a89704f76e.jpg|https://cdn.myfigurelist.com/figure-images/847b9b23-1534-3715-8314-bf09432051cb/Persona-5-Takamaki-Anne-Premium-Masterline-PMP5-05DXS-1-4-Panther-DX-Bonus-Version_c1f32e87-bc4d-3042-a7c1-76fc54e7a78d.jpg|https://cdn.myfigurelist.com/figure-images/847b9b23-1534-3715-8314-bf09432051cb/Persona-5-Takamaki-Anne-Premium-Masterline-PMP5-05DXS-1-4-Panther-DX-Bonus-Version_05e4ebe6-153b-3dc5-8cac-21320998dde8.jpg|https://cdn.myfigurelist.com/figure-images/847b9b23-1534-3715-8314-bf09432051cb/Persona-5-Takamaki-Anne-Premium-Masterline-PMP5-05DXS-1-4-Panther-DX-Bonus-Version_4ff61685-7dcc-3a6f-bf46-092ee933f40f.jpg|https://cdn.myfigurelist.com/figure-images/847b9b23-1534-3715-8314-bf09432051cb/Persona-5-Takamaki-Anne-Premium-Masterline-PMP5-05DXS-1-4-Panther-DX-Bonus-Version_539e0d36-f4cb-3bbb-97b6-af2c00dd2e23.jpg|https://cdn.myfigurelist.com/figure-images/847b9b23-1534-3715-8314-bf09432051cb/Persona-5-Takamaki-Anne-Premium-Masterline-PMP5-05DXS-1-4-Panther-DX-Bonus-Version_0bac5c58-04af-39c9-944b-502c3669514a.jpg|https://cdn.myfigurelist.com/figure-images/847b9b23-1534-3715-8314-bf09432051cb/Persona-5-Takamaki-Anne-Premium-Masterline-PMP5-05DXS-1-4-Panther-DX-Bonus-Version_218e0713-b77b-3596-a32a-b69d658fb814.jpg|https://cdn.myfigurelist.com/figure-images/847b9b23-1534-3715-8314-bf09432051cb/Persona-5-Takamaki-Anne-Premium-Masterline-PMP5-05DXS-1-4-Panther-DX-Bonus-Version_9a87c21c-f5aa-38de-abab-80377815ebed.jpg|https://cdn.myfigurelist.com/figure-images/847b9b23-1534-3715-8314-bf09432051cb/Persona-5-Takamaki-Anne-Premium-Masterline-PMP5-05DXS-1-4-Panther-DX-Bonus-Version_ad384f2a-9be1-39ac-be9e-ba2dce2427b1.jpg|https://cdn.myfigurelist.com/figure-images/847b9b23-1534-3715-8314-bf09432051cb/Persona-5-Takamaki-Anne-Premium-Masterline-PMP5-05DXS-1-4-Panther-DX-Bonus-Version_93d46183-8139-3b80-b974-615f2b0414bd.jpg|https://cdn.myfigurelist.com/figure-images/847b9b23-1534-3715-8314-bf09432051cb/Persona-5-Takamaki-Anne-Premium-Masterline-PMP5-05DXS-1-4-Panther-DX-Bonus-Version_0072acb1-6b7a-3c6d-9e04-5f7e60cbd331.jpg|https://cdn.myfigurelist.com/figure-images/847b9b23-1534-3715-8314-bf09432051cb/Persona-5-Takamaki-Anne-Premium-Masterline-PMP5-05DXS-1-4-Panther-DX-Bonus-Version_2e45f5dc-e67f-3178-b8e4-b1992dd2f38d.jpg|https://cdn.myfigurelist.com/figure-images/847b9b23-1534-3715-8314-bf09432051cb/Persona-5-Takamaki-Anne-Premium-Masterline-PMP5-05DXS-1-4-Panther-DX-Bonus-Version_b675c701-375d-3db0-93fc-9023457ea457.jpg|https://cdn.myfigurelist.com/figure-images/847b9b23-1534-3715-8314-bf09432051cb/Persona-5-Takamaki-Anne-Premium-Masterline-PMP5-05DXS-1-4-Panther-DX-Bonus-Version_badfea58-76dd-3ed1-a18f-50ed16743cfb.jpg|https://cdn.myfigurelist.com/figure-images/847b9b23-1534-3715-8314-bf09432051cb/Persona-5-Takamaki-Anne-Premium-Masterline-PMP5-05DXS-1-4-Panther-DX-Bonus-Version_e1a46ca7-f548-3094-bc50-0e117497af72.jpg|https://cdn.myfigurelist.com/figure-images/847b9b23-1534-3715-8314-bf09432051cb/Persona-5-Takamaki-Anne-Premium-Masterline-PMP5-05DXS-1-4-Panther-DX-Bonus-Version_ac8eeea9-c775-3619-a86c-c310cfe81778.jpg|https://cdn.myfigurelist.com/figure-images/847b9b23-1534-3715-8314-bf09432051cb/Persona-5-Takamaki-Anne-Premium-Masterline-PMP5-05DXS-1-4-Panther-DX-Bonus-Version_f07c9033-b577-3f97-9fb4-ae2028ba88ec.jpg|https://cdn.myfigurelist.com/figure-images/847b9b23-1534-3715-8314-bf09432051cb/Persona-5-Takamaki-Anne-Premium-Masterline-PMP5-05DXS-1-4-Panther-DX-Bonus-Version_4f5a9164-2bc7-3e72-9f7f-8b5c70cacbfa.jpg|https://cdn.myfigurelist.com/figure-images/847b9b23-1534-3715-8314-bf09432051cb/Persona-5-Takamaki-Anne-Premium-Masterline-PMP5-05DXS-1-4-Panther-DX-Bonus-Version_dfe3b03c-76ec-3beb-9695-d93238043c4f.jpg|https://cdn.myfigurelist.com/figure-images/847b9b23-1534-3715-8314-bf09432051cb/Persona-5-Takamaki-Anne-Premium-Masterline-PMP5-05DXS-1-4-Panther-DX-Bonus-Version_5c2016c0-065d-36e5-9c02-9a106e2a4017.jpg,[],201900,201900,201900,0,1,2026-09-27T02:17:53.874924Z,1.0,"[""csv""]"
785,MyFigureList,https://myfigurelist.com/figure/785/Kantai-Collection-Kan-Colle-Aircraft-Carrier-Wo-class-1-8-Complete-Figure,Kantai Collection -Kan Colle- Aircraft Carrier Wo-class 1/8 Complete Figure,,,Good Smile Company,Scale Figure,2015-06-01,1/8,Sakurako Iwanaga,25,,https://cdn.myfigurelist.com/figure-images/4571368442239/Kantai-Collection-Kan-Colle-Aircraft-Carrier-Wo-class-1-8-Complete-Figure_5ec1e2e5-fa9d-4b09-99b7-a488d016838b.jpg|https://cdn.myfigurelist.com/figure-images/4571368442239/Kantai-Collection-Kan-Colle-Aircraft-Carrier-Wo-class-1-8-Complete-Figure_75b5518d-41d0-4239-a00a-70729a91e157.jpg|https://cdn.myfigurelist.com/figure-images/4571368442239/Kantai-Collection-Kan-Colle-Aircraft-Carrier-Wo-class-1-8-Complete-Figure_520eed8d-080b-4677-b330-789974dc93f1.jpg|https://cdn.myfigurelist.com/figure-images/4571368442239/Kantai-Collection-Kan-Colle-Aircraft-Carrier-Wo-class-1-8-Complete-Figure_d11d32b6-7985-4a00-9fea-8245e6cd63bc.jpg|https://cdn.myfigurelist.com/figure-images/4571368442239/Kantai-Collection-Kan-Colle-Aircraft-Carrier-Wo-class-1-8-Complete-Figure_44997624-7513-46c3-80a7-de59c9c4d2e2.jpg|https://cdn.myfigurelist.com/figure-images/4571368442239/Kantai-Collection-Kan-Colle-Aircraft-Carrier-Wo-class-1-8-Complete-Figure_74d70809-66e8-4fda-b456-da65ff9dab21.jpg|https://cdn.myfigurelist.com/figure-images/4571368442239/Kantai-Collection-Kan-Colle-Aircraft-Carrier-Wo-class-1-8-Complete-Figure_81a8f81a-8832-4340-9fff-53e83bab655f.jpg|https://cdn.myfigurelist.com/figure-images/4571368442239/Kantai-Collection-Kan-Colle-Aircraft-Carrier-Wo-class-1-8-Complete-Figure_6fbfca4b-4e69-4b20-93f9-a91896e68e26.jpg|https://cdn.myfigurelist.com/figure-images/4571368442239/Kantai-Collection-Kan-Colle-Aircraft-Carrier-Wo-class-1-8-Complete-Figure_5aad80b8-ab2e-4666-87b6-59c31753f667.jpg|https://cdn.myfigurelist.com/figure-images/4571368442239/Kantai-Collection-Kan-Colle-Aircraft-Carrier-Wo-class-1-8-Complete-Figure_18618442-0fb3-4686-8ef7-3e821c5c8ec7.jpg|https://cdn.myfigurelist.com/figure-images/4571368442239/Kantai-Collection-Kan-Colle-Aircraft-Carrier-Wo-class-1-8-Complete-Figure_bd9b5b1a-66ca-4360-91fb-2cbee9707f19.jpg|https://cdn.myfigurelist.com/figure-images/4571368442239/Kantai-Collection-Kan-Colle-Aircraft-Carrier-Wo-class-1-8-Complete-Figure_1f3a68f0-641b-4325-99cf-98efa7961735.jpg|https://cdn.myfigurelist.com/figure-images/4571368442239/Kantai-Collection-Kan-Colle-Aircraft-Carrier-Wo-class-1-8-Complete-Figure_c56b8ca1-a37a-48ed-8183-1b8a02a0df1a.jpg|https://cdn.myfigurelist.com/figure-images/4571368442239/Kantai-Collection-Kan-Colle-Aircraft-Carrier-Wo-class-1-8-Complete-Figure_beba5188-15af-4d8f-a3b2-3ead67d7601d.jpg|https://cdn.myfigurelist.com/figure-images/4571368442239/Kantai-Collection-Kan-Colle-Aircraft-Carrier-Wo-class-1-8-Complete-Figure_359d5cc9-3e55-42ff-bee5-ee3e2eaab54c.jpg|https://cdn.myfigurelist.com/figure-images/4571368442239/Kantai-Collection-Kan-Colle-Aircraft-Carrier-Wo-class-1-8-Complete-Figure_f643f858-1273-4e02-be4b-6a1d6c79a46f.jpg|https://cdn.myfigurelist.com/figure-images/4571368442239/Kantai-Collection-Kan-Colle-Aircraft-Carrier-Wo-class-1-8-Complete-Figure_48a1d5c1-7b87-4206-89c6-9cdbf6493ba4.jpg|https://cdn.myfigurelist.com/figure-images/4571368442239/Kantai-Collection-Kan-Colle-Aircraft-Carrier-Wo-class-1-8-Complete-Figure_0b19537f-d029-4f1c-ae17-894c009ae23e.jpg|https://cdn.myfigurelist.com/figure-images/4571368442239/Kantai-Collection-Kan-Colle-Aircraft-Carrier-Wo-class-1-8-Complete-Figure_a34930ba-a825-4215-bb65-e36c5af9fcae.jpg|https://cdn.myfigurelist.com/figure-images/4571368442239/Kantai-Collection-Kan-Colle-Aircraft-Carrier-Wo-class-1-8-Complete-Figure_71415e73-90c9-4051-97b9-096c73709c41.jpg|https://cdn.myfigurelist.com/figure-images/4571368442239/Kantai-Collection-Kan-Colle-Aircraft-Carrier-Wo-class-1-8-Complete-Figure_f07c2ca4-649f-43d5-ab39-03e2dbb3f2b2.jpg|https://cdn.myfigurelist.com/figure-images/4571368442239/Kantai-Collection-Kan-Colle-Aircraft-Carrier-Wo-class-1-8-Complete-Figure_70017258-6e38-4a97-9abb-1795ddd004d5.jpg|https://cdn.myfigurelist.com/figure-images/4571368442239/Kantai-Collection-Kan-Colle-Aircraft-Carrier-Wo-class-1-8-Complete-Figure_2435989b-dbc0-4c6c-9383-fd740ba7ba79.jpg|https://cdn.myfigurelist.com/figure-images/4571368442239/Kantai-Collection-Kan-Colle-Aircraft-Carrier-Wo-class-1-8-Complete-Figure_4153298a-604b-453c-a169-bbcdcbd481f9.jpg|https://cdn.myfigurelist.com/figure-images/4571368442239/Kantai-Collection-Kan-Colle-Aircraft-Carrier-Wo-class-1-8-Complete-Figure_4fcccb7f-1b50-47f1-b71a-373abe0206d6.jpg|https://cdn.myfigurelist.com/figure-images/4571368442239/Kantai-Collection-Kan-Colle-Aircraft-Carrier-Wo-class-1-8-Complete-Figure_5c081eed-93a5-4840-9c97-9f8c8b20cb54.jpg,[],,,,0,0,2026-09-27T02:17:55.140843Z,1.0,"[""csv""]"
84941,MyFigureList,https://myfigurelist.com/figure/84941/Ikki-Tousen-Great-Guardians-Ryomou-Shimei-1-5-Swimsuit-Ver,Ikki Tousen Great Guardians - Ryomou Shimei - 1/5 - Swimsuit Ver.,,,Musashiya,Scale Figure,2009-02-01,1/5,Karumagi Ushio,33,,https://cdn.myfigurelist.com/figure-images/6009739d-b3b1-3d6e-a1ea-73de213125e7/Ikki-Tousen-Great-Guardians-Ryomou-Shimei-1-5-Swimsuit-Ver_f3a8d972-b551-3743-ad89-bcd98d6c67ff.jpg|https://cdn.myfigurelist.com/figure-images/6009739d-b3b1-3d6e-a1ea-73de213125e7/Ikki-Tousen-Great-Guardians-Ryomou-Shimei-1-5-Swimsuit-Ver_c76852a3-3133-3ba2-8316-02849323227c.jpg|https://cdn.myfigurelist.com/figure-images/6009739d-b3b1-3d6e-a1ea-73de213125e7/Ikki-Tousen-Great-Guardians-Ryomou-Shimei-1-5-Swimsuit-Ver_79aa3dea-2714-3be8-ae53-dee870c2b42a.jpg|https://cdn.myfigurelist.com/figure-images/6009739d-b3b1-3d6e-a1ea-73de213125e7/Ikki-Tousen-Great-Guardians-Ryomou-Shimei-1-5-Swimsuit-Ver_72eaf1b1-2233-3e02-9632-b577de6c8fcd.jpg|https://cdn.myfigurelist.com/figure-images/6009739d-b3b1-3d6e-a1ea-73de213125e7/Ikki-Tousen-Great-Guardians-Ryomou-Shimei-1-5-Swimsuit-Ver_40798101-8226-3e4a-90e3-b23b30664443.jpg|https://cdn.myfigurelist.com/figure-images/6009739d-b3b1-3d6e-a1ea-73de213125e7/Ikki-Tousen-Great-Guardians-Ryomou-Shimei-1-5-Swimsuit-Ver_218b87b1-cda1-369d-8606-0679280da21c.jpg|https://cdn.myfigurelist.com/figure-images/6009739d-b3b1-3d6e-a1ea-73de213125e7/Ikki-Tousen-Great-Guardians-Ryomou-Shimei-1-5-Swimsuit-Ver_b9a97dc8-ecfb-30f2-acdb-a2b0d259881f.jpg|https://cdn.myfigurelist.com/figure-images/6009739d-b3b1-3d6e-a1ea-73de213125e7/Ikki-Tousen-Great-Guardians-Ryomou-Shimei-1-5-Swimsuit-Ver_63575d2a-290c-364a-9dcf-ca52a7761026.jpg|https://cdn.myfigurelist.com/figure-images/6009739d-b3b1-3d6e-a1ea-73de213125e7/Ikki-Tousen-Great-Guardians-Ryomou-Shimei-1-5-Swimsuit-Ver_f70fbdeb-b7e1-3cbd-9270-ee27722ece4c.jpg,[],20790,20790,20790,0,1,2026-09-27T02:17:56.314005Z,1.0,"[""csv""]"
23606,MyFigureList,https://myfigurelist.com/figure/23606/Nendoroid-Blue-Archive-Asuna-Ichinose,Nendoroid Blue Archive Asuna Ichinose,,,Good Smile Company,Scale Figure,2025-02-01,Non-Scale,Hayato Kojima / Shuraken,10,,https://cdn.myfigurelist.com/figure-images/4580416929813/Nendoroid-Blue-Archive-Asuna-Ichinose_c897d2d5-4d89-4042-ba03-5931f9efd59d.jpg|https://cdn.myfigurelist.com/figure-images/4580416929813/Nendoroid-Blue-Archive-Asuna-Ichinose_1fbfa89c-bf8e-4ac3-acea-3045c276644b.jpg|https://cdn.myfigurelist.com/figure-images/4580416929813/Nendoroid-Blue-Archive-Asuna-Ichinose_d5b838f7-e584-43ca-a073-7c2e985da86a.jpg|https://cdn.myfigurelist.com/figure-images/4580416929813/Nendoroid-Blue-Archive-Asuna-Ichinose_15e01a54-0e8e-4983-bff8-46afd4cb51f1.jpg|https://cdn.myfigurelist.com/figure-images/4580416929813/Nendoroid-Blue-Archive-Asuna-Ichinose_a0f70ece-fb42-4861-9933-3775560ae769.jpg|https://cdn.myfigurelist.com/figure-images/4580416929813/Nendoroid-Blue-Archive-Asuna-Ichinose_34f59cfe-e689-46da-95d0-9577fbfa4ceb.jpg,[],,,,0,0,2026-09-27T02:17:57.002931Z,1.0,"[""csv""]"
10449,MyFigureList,https://myfigurelist.com/figure/10449/ToHeart2-XRATED-Manaka-Komaki-verKURONEKO-Temptation-1-5-Complete-Figure,ToHeart2 XRATED - Manaka Komaki -ver.KURONEKO Temptation- 1/5 Complete Figure,,,Orca Toys,Scale Figure,2018-02-01,1/5,Masaaki Kobayashi,15,,https://cdn.myfigurelist.com/figure-images/4560321853977/ToHeart2-XRATED-Manaka-Komaki-verKURONEKO-Temptation-1-5-Complete-Figure_864451ef-9fca-4f83-8dc3-b113a3a88cf6.jpg|https://cdn.myfigurelist.com/figure-images/4560321853977/ToHeart2-XRATED-Manaka-Komaki-verKURONEKO-Temptation-1-5-Complete-Figure_076c9396-11ce-4a32-947f-37c5ee6a09ce.jpg|https://cdn.myfigurelist.com/figure-images/4560321853977/ToHeart2-XRATED-Manaka-Komaki-verKURONEKO-Temptation-1-5-Complete-Figure_4b65b4b1-9860-4b2c-8511-315aa3a076b2.jpg|https://cdn.myfigurelist.com/figure-images/4560321853977/ToHeart2-XRATED-Manaka-Komaki-verKURONEKO-Temptation-1-5-Complete-Figure_e53ae3f6-5291-4fd5-b0c6-76b02f5cb084.jpg|https://cdn.myfigurelist.com/figure-images/4560321853977/ToHeart2-XRATED-Manaka-Komaki-verKURONEKO-Temptation-1-5-Complete-Figure_96347d00-f06c-4e30-8603-83631e349285.jpg|https://cdn.myfigurelist.com/figure-images/4560321853977/ToHeart2-XRATED-Manaka-Komaki-verKURONEKO-Temptation-1-5-Complete-Figure_75cd5702-8cbc-46a3-bb7f-59cf323d28df.jpg|https://cdn.myfigurelist.com/figure-images/4560321853977/ToHeart2-XRATED-Manaka-Komaki-verKURONEKO-Temptation-1-5-Complete-Figure_ff1ccf4a-199d-477a-9763-d480381bff3f.jpg|https://cdn.myfigurelist.com/figure-images/4560321853977/ToHeart2-XRATED-Manaka-Komaki-verKURONEKO-Temptation-1-5-Complete-Figure_e3dac31c-c622-4526-b366-ca141beaebba.jpg|https://cdn.myfigurelist.com/figure-images/4560321853977/ToHeart2-XRATED-Manaka-Komaki-verKURONEKO-Temptation-1-5-Complete-Figure_b79aa3e0-39f2-455a-8012-89185ee729d2.jpg|https://cdn.myfigurelist.com/figure-images/4560321853977/ToHeart2-XRATED-Manaka-Komaki-verKURONEKO-Temptation-1-5-Complete-Figure_4fd9ef35-28ec-4466-83b1-31a1efc34ffa.jpg|https://cdn.myfigurelist.com/figure-images/4560321853977/ToHeart2-XRATED-Manaka-Komaki-verKURONEKO-Temptation-1-5-Complete-Figure_3dd01cb5-e113-4ff1-9bb3-4ef2846afa72.jpg|https://cdn.myfigurelist.com/figure-images/4560321853977/ToHeart2-XRATED-Manaka-Komaki-verKURONEKO-Temptation-1-5-Complete-Figure_9f1ce30c-7ac1-4830-944f-308a76da00e4.jpg|https://cdn.myfigurelist.com/figure-images/4560321853977/ToHeart2-XRATED-Manaka-Komaki-verKURONEKO-Temptation-1-5-Complete-Figure_a53124fc-6ad1-4554-903f-026ee83b1f07.jpg|https://cdn.myfigurelist.com/figure-images/4560321853977/ToHeart2-XRATED-Manaka-Komaki-verKURONEKO-Temptation-1-5-Complete-Figure_3f48ffc1-acf6-4788-8aa8-17e67f28152d.jpg|https://cdn.myfigurelist.com/figure-images/4560321853977/ToHeart2-XRATED-Manaka-Komaki-verKURONEKO-Temptation-1-5-Complete-Figure_e1794eb1-e37d-4116-9071-4d9aa085cfba.jpg|https://cdn.myfigurelist.com/figure-images/4560321853977/ToHeart2-XRATED-Manaka-Komaki-verKURONEKO-Temptation-1-5-Complete-Figure_6ad23f95-3015-4f15-8596-d7257526c365.jpg|https://cdn.myfigurelist.com/figure-images/4560321853977/ToHeart2-XRATED-Manaka-Komaki-verKURONEKO-Temptation-1-5-Complete-Figure_1acb03a2-d02a-4bcd-8535-f6c8c3e9b312.jpg|https://cdn.myfigurelist.com/figure-images/4560321853977/ToHeart2-XRATED-Manaka-Komaki-verKURONEKO-Temptation-1-5-Complete-Figure_f45fb47c-6062-473d-b05e-1c2041df5c89.jpg|https://cdn.myfigurelist.com/figure-images/4560321853977/ToHeart2-XRATED-Manaka-Komaki-verKURONEKO-Temptation-1-5-Complete-Figure_45ce78da-c98f-4a5c-898b-0834b8ac682b.jpg|https://cdn.myfigurelist.com/figure-images/4560321853977/ToHeart2-XRATED-Manaka-Komaki-verKURONEKO-Temptation-1-5-Complete-Figure_1eac7eea-b76c-4a09-ae62-88d04dcd9967.jpg|https://cdn.myfigurelist.com/figure-images/4560321853977/ToHeart2-XRATED-Manaka-Komaki-verKURONEKO-Temptation-1-5-Complete-Figure_f622797e-0c15-46f1-b91d-d79564ba9396.jpg|https://cdn.myfigurelist.com/figure-images/4560321853977/ToHeart2-XRATED-Manaka-Komaki-verKURONEKO-Temptation-1-5-Complete-Figure_7ed919b7-0ebf-4a46-81c2-494946695da8.jpg|https://cdn.myfigurelist.com/figure-images/4560321853977/ToHeart2-XRATED-Manaka-Komaki-verKURONEKO-Temptation-1-5-Complete-Figure_abb10a4d-9bcf-4f7a-bc22-88e4543833ea.jpg|https://cdn.myfigurelist.com/figure-images/4560321853977/ToHeart2-XRATED-Manaka-Komaki-verKURONEKO-Temptation-1-5-Complete-Figure_c62bbd53-6cb4-41c0-86ac-fcadf5fff27c.jpg|https://cdn.myfigurelist.com/figure-images/4560321853977/ToHeart2-XRATED-Manaka-Komaki-verKURONEKO-Temptation-1-5-Complete-Figure_dc276f7c-c7c5-4770-b4fc-a537ed1b94b1.jpg|https://cdn.myfigurelist.com/figure-images/4560321853977/ToHeart2-XRATED-Manaka-Komaki-verKURONEKO-Temptation-1-5-Complete-Figure_85e9eed6-78e3-4df9-945e-c33c211a04b6.jpg|https://cdn.myfigurelist.com/figure-images/4560321853977/ToHeart2-XRATED-Manaka-Komaki-verKURONEKO-Temptation-1-5-Complete-Figure_f3ac2297-3a5e-475b-b74c-43a5ea7ae260.jpg|https://cdn.myfigurelist.com/figure-images/4560321853977/ToHeart2-XRATED-Manaka-Komaki-verKURONEKO-Temptation-1-5-Complete-Figure_1e228458-34d3-4a7f-b02c-4d5a64f841cd.jpg|https://cdn.myfigurelist.com/figure-images/4560321853977/ToHeart2-XRATED-Manaka-Komaki-verKURONEKO-Temptation-1-5-Complete-Figure_ae709495-f517-441d-ad8b-fbe583ca0d51.jpg|https://cdn.myfigurelist.com/figure-images/4560321853977/ToHeart2-XRATED-Manaka-Komaki-verKURONEKO-Temptation-1-5-Complete-Figure_a5c1530f-6904-406b-bea7-e9b9323989ae.jpg,[],,,,0,0,2026-09-27T02:17:58.237750Z,1.0,"[""csv""]"
34940,MyFigureList,https://myfigurelist.com/figure/34940/Shin-Seiki-Evangelion-PenPen-Souryuu-Asuka-Langley-1-8-Bunny-ver-SD,"Shin Seiki Evangelion - PenPen - Souryuu Asuka Langley - 1/8 - Bunny ver., SD",,,Pilot,Scale Figure,2008-05-05,1/8,,18,,https://cdn.myfigurelist.com/figure-images/6023c862-fc04-3fa9-8928-977df1e3d578/Shin-Seiki-Evangelion-PenPen-Souryuu-Asuka-Langley-1-8-Bunny-ver-SD_c7629ab5-f854-3cfe-87a9-9ee8b6ca4475.jpg,[],2000,2000,2000,0,1,2026-09-27T02:17:59.564001Z,1.0,"[""csv""]"
86291,MyFigureList,https://myfigurelist.com/figure/86291/Kamen-Rider-Wizard-Wizard-Action-Please!-04-Land-Style,Kamen Rider Wizard - Wizard Action Please!  (04) - Land Style,,,Bandai,Anime Figure,2012-12-29,,,15,,https://cdn.myfigurelist.com/figure-images/65242cc5-0c4b-3860-b0bf-7d03993df885/Kamen-Rider-Wizard-Wizard-Action-Please!-04-Land-Style_1f1a27c9-08f1-3896-a753-4fb3e5bd9941.jpg|https://cdn.myfigurelist.com/figure-images/65242cc5-0c4b-3860-b0bf-7d03993df885/Kamen-Rider-Wizard-Wizard-Action-Please!-04-Land-Style_e32895e4-ae3f-311b-b90c-230b8b714d1f.jpg|https://cdn.myfigurelist.com/figure-images/65242cc5-0c4b-3860-b0bf-7d03993df885/Kamen-Rider-Wizard-Wizard-Action-Please!-04-Land-Style_b9e594ab-bcde-3454-b9c4-0b0b868b20ef.jpg|https://cdn.myfigurelist.com/figure-images/65242cc5-0c4b-3860-b0bf-7d03993df885/Kamen-Rider-Wizard-Wizard-Action-Please!-04-Land-Style_a84a79f7-c616-3bb7-937c-2fae0c253b62.jpg|https://cdn.myfigurelist.com/figure-images/65242cc5-0c4b-3860-b0bf-7d03993df885/Kamen-Rider-Wizard-Wizard-Action-Please!-04-Land-Style_d58d9316-aab5-3a79-9997-b1f2e567705b.jpg,[],,,,0,0,2026-09-27T02:18:00.658215Z,1.0,"[""csv""]"
125982,MyFigureList,https://myfigurelist.com/figure/125982/Yu-Gi-Oh!-Duel-Monsters-GX-Ultimate-Crystal-Beast-Rainbow-Dragon-Complete-Figure,"""Yu-Gi-Oh! Duel Monsters GX"" Ultimate Crystal Beast Rainbow Dragon Complete Figure",,,DMM Factory,Anime Figure,2027-06-01,,Tomoki,,,https://cdn.myfigurelist.com/figure-images/e1b57516-63df-47a6-9f57-579a002f2f07/Yu-Gi-Oh!-Duel-Monsters-GX-Ultimate-Crystal-Beast-Rainbow-Dragon-Complete-Figure_82efe92b-8355-3982-a7a8-fc743bc2b5bb.jpg|https://cdn.myfigurelist.com/figure-images/e1b57516-63df-47a6-9f57-579a002f2f07/Yu-Gi-Oh!-Duel-Monsters-GX-Ultimate-Crystal-Beast-Rainbow-Dragon-Complete-Figure_214271b8-4fb9-3057-940d-d954e755d318.jpg|https://cdn.myfigurelist.com/figure-images/e1b57516-63df-47a6-9f57-579a002f2f07/Yu-Gi-Oh!-Duel-Monsters-GX-Ultimate-Crystal-Beast-Rainbow-Dragon-Complete-Figure_b6f5024e-cffc-3518-92b7-0c9f6e190027.jpg|https://cdn.myfigurelist.com/figure-images/e1b57516-63df-47a6-9f57-579a002f2f07/Yu-Gi-Oh!-Duel-Monsters-GX-Ultimate-Crystal-Beast-Rainbow-Dragon-Complete-Figure_98cfa586-bd89-3188-918b-e3351f2142c5.jpg|https://cdn.myfigurelist.com/figure-images/e1b57516-63df-47a6-9f57-579a002f2f07/Yu-Gi-Oh!-Duel-Monsters-GX-Ultimate-Crystal-Beast-Rainbow-Dragon-Complete-Figure_a2f1eecc-a52e-335a-9b14-62cbb8199e37.jpg|https://cdn.myfigurelist.com/figure-images/e1b57516-63df-47a6-9f57-579a002f2f07/Yu-Gi-Oh!-Duel-Monsters-GX-Ultimate-Crystal-Beast-Rainbow-Dragon-Complete-Figure_df42a356-6ca9-3780-aad0-cb7ec8209bc2.jpg|https://cdn.myfigurelist.com/figure-images/e1b57516-63df-47a6-9f57-579a002f2f07/Yu-Gi-Oh!-Duel-Monsters-GX-Ultimate-Crystal-Beast-Rainbow-Dragon-Complete-Figure_94b44670-e171-3159-b7c0-49078987a8de.jpg|https://cdn.myfigurelist.com/figure-images/e1b57516-63df-47a6-9f57-579a002f2f07/Yu-Gi-Oh!-Duel-Monsters-GX-Ultimate-Crystal-Beast-Rainbow-Dragon-Complete-Figure_91a95612-1a03-33f8-898e-97e72fa9f74a.jpg|https://cdn.myfigurelist.com/figure-images/e1b57516-63df-47a6-9f57-579a002f2f07/Yu-Gi-Oh!-Duel-Monsters-GX-Ultimate-Crystal-Beast-Rainbow-Dragon-Complete-Figure_f9d09310-5af9-30d5-bb17-970163b9ff03.jpg|https://cdn.myfigurelist.com/figure-images/e1b57516-63df-47a6-9f57-579a002f2f07/Yu-Gi-Oh!-Duel-Monsters-GX-Ultimate-Crystal-Beast-Rainbow-Dragon-Complete-Figure_39bd50d5-4a4e-30f3-aa92-fcf56bbc4b56.jpg,[],,,,0,0,2026-09-27T02:18:01.178730Z,1.0,"[""csv""]"
57301,MyFigureList,https://myfigurelist.com/figure/57301/Love-and-Producer-Bai-Qi-Nendoroid-Doll-Min-Guo-Ver,Love and Producer - Bai Qi - Nendoroid Doll - Min Guo Ver.,,,,Scale Figure,2022-08-29,1/12,Mei Xu,14,,https://cdn.myfigurelist.com/figure-images/e3f55707-0401-3c29-939d-1b851dc40179/Love-and-Producer-Bai-Qi-Nendoroid-Doll-Min-Guo-Ver_e164a609-9aa2-32c7-9889-c0bb7b335271.jpg|https://cdn.myfigurelist.com/figure-images/e3f55707-0401-3c29-939d-1b851dc40179/Love-and-Producer-Bai-Qi-Nendoroid-Doll-Min-Guo-Ver_07a69f0a-10bc-32a4-83d1-d1df1ed841a3.jpg|https://cdn.myfigurelist.com/figure-images/e3f55707-0401-3c29-939d-1b851dc40179/Love-and-Producer-Bai-Qi-Nendoroid-Doll-Min-Guo-Ver_0d7e21cb-6b38-35db-9306-64c0b7603808.jpg|https://cdn.myfigurelist.com/figure-images/e3f55707-0401-3c29-939d-1b851dc40179/Love-and-Producer-Bai-Qi-Nendoroid-Doll-Min-Guo-Ver_b303fbd7-e4a1-38e8-9f9a-fa7ef48719aa.jpg|https://cdn.myfigurelist.com/figure-images/e3f55707-0401-3c29-939d-1b851dc40179/Love-and-Producer-Bai-Qi-Nendoroid-Doll-Min-Guo-Ver_e146236c-9125-304b-a881-02252f853c19.jpg|https://cdn.myfigurelist.com/figure-images/e3f55707-0401-3c29-939d-1b851dc40179/Love-and-Producer-Bai-Qi-Nendoroid-Doll-Min-Guo-Ver_c15a5c28-eb32-363b-8db6-e1af5dbc4a6d.jpg|https://cdn.myfigurelist.com/figure-images/e3f55707-0401-3c29-939d-1b851dc40179/Love-and-Producer-Bai-Qi-Nendoroid-Doll-Min-Guo-Ver_149648ba-a2a5-3762-99fd-9d5c5d7ff3d6.jpg|https://cdn.myfigurelist.com/figure-images/e3f55707-0401-3c29-939d-1b851dc40179/Love-and-Producer-Bai-Qi-Nendoroid-Doll-Min-Guo-Ver_43240e94-488d-3aa9-a628-33327c03ccb1.jpg,[],,,,0,0,2026-09-27T02:18:02.544317Z,1.0,"[""csv""]"
117426,MyFigureList,https://myfigurelist.com/figure/117426/Mob-Psycho-100-Hanazawa-Teruki-Head-Top,Mob Psycho 100 - Hanazawa Teruki - Head Top???%~,,,Torinos,Anime Figure,2019-02-10,,,13,,https://cdn.myfigurelist.com/figure-images/e3f617d2-c1fc-33dc-8cca-9498e41b68e3/Mob-Psycho-100-Hanazawa-Teruki-Head-Top_c8311a14-17aa-3165-8cdf-33de28b18ba7.jpg|https://cdn.myfigurelist.com/figure-images/e3f617d2-c1fc-33dc-8cca-9498e41b68e3/Mob-Psycho-100-Hanazawa-Teruki-Head-Top_f9fe8c8c-b1e4-3939-9d76-44fb342f5dd8.jpg|https://cdn.myfigurelist.com/figure-images/e3f617d2-c1fc-33dc-8cca-9498e41b68e3/Mob-Psycho-100-Hanazawa-Teruki-Head-Top_1008f5be-228a-3bc1-91be-93175d286c5d.jpg,[],3500,3500,3500,0,1,2026-09-27T02:18:03.740079Z,1.0,"[""csv""]"
117432,MyFigureList,https://myfigurelist.com/figure/117432/Juuken-Sentai-Gekiranger-Kuroshishi-Rio-Sentai-Hero-Series-EX,Juuken Sentai Gekiranger - Kuroshishi Rio - Sentai Hero Series  (EX),,,Bandai,Anime Figure,2007-05-01,,,16,,https://cdn.myfigurelist.com/figure-images/e3f72630-f586-35a5-afaa-80e21bcc58a1/Juuken-Sentai-Gekiranger-Kuroshishi-Rio-Sentai-Hero-Series-EX_262ca915-63ab-3b01-8901-e7fbe07a9594.jpg,[],700,700,700,0,1,2026-09-27T02:18:04.671114Z,1.0,"[""csv""]"
58221,MyFigureList,https://myfigurelist.com/figure/58221/Suzumiya-Haruhi-no-Yuuutsu-Suzumiya-Haruhi-Bunny-Music-Ver,Suzumiya Haruhi no Yuuutsu - Suzumiya Haruhi - Bunny Music Ver.,,,Daiki Kougyou,Scale Figure,2008-12-01,1/8,Y Otsu J,20,,https://cdn.myfigurelist.com/figure-images/eb8599dd-354d-3eda-b3d8-6036dcf872b9/Suzumiya-Haruhi-no-Yuuutsu-Suzumiya-Haruhi-Bunny-Music-Ver_19239f12-b0f5-352e-8b70-24d2580cb768.jpg|https://cdn.myfigurelist.com/figure-images/eb8599dd-354d-3eda-b3d8-6036dcf872b9/Suzumiya-Haruhi-no-Yuuutsu-Suzumiya-Haruhi-Bunny-Music-Ver_be5ade77-10d6-3e10-9a72-5de695d24f30.jpg,[],,,,0,0,2026-09-27T02:18:05.827755Z,1.0,"[""csv""]"
31026,MyFigureList,https://myfigurelist.com/figure/31026/Fate-Grand-Order-Sesshouin-Kiara-1-7,Fate/Grand Order - Sesshouin Kiara - 1/7,,,Nagano Koubou,Scale Figure,2019-07-28,1/7,Nagano Kenmin,24,,https://cdn.myfigurelist.com/figure-images/3a570791-c9c3-384b-a2aa-c90eea8eb5ce/Fate-Grand-Order-Sesshouin-Kiara-1-7_b97887ea-871a-3656-841d-e34b1f0cd5f2.jpg,[],,,,0,0,2026-09-27T02:18:06.710616Z,1.0,"[""csv""]"
65753,MyFigureList,https://myfigurelist.com/figure/65753/Berserk-Serpico-1-10-Exclusive-Version-with-blood-effects,Berserk - Serpico - 1/10 - Exclusive Version (with blood effects),,,ART OF WAR,Scale Figure,2010-12-01,1/10,,15,,https://cdn.myfigurelist.com/figure-images/0f04a5cb-153a-39f8-8858-a99e6bcfae4d/Berserk-Serpico-1-10-Exclusive-Version-with-blood-effects_c6d83287-694d-332c-966a-f97963626076.jpg|https://cdn.myfigurelist.com/figure-images/0f04a5cb-153a-39f8-8858-a99e6bcfae4d/Berserk-Serpico-1-10-Exclusive-Version-with-blood-effects_8c06de53-f762-3b05-a81d-62721c3b3903.jpg|https://cdn.myfigurelist.com/figure-images/0f04a5cb-153a-39f8-8858-a99e6bcfae4d/Berserk-Serpico-1-10-Exclusive-Version-with-blood-effects_a295f0a0-7df7-3a52-a013-3962b628ad1a.jpg|https://cdn.myfigurelist.com/figure-images/0f04a5cb-153a-39f8-8858-a99e6bcfae4d/Berserk-Serpico-1-10-Exclusive-Version-with-blood-effects_4d29b6ff-a688-3171-a7ee-242dc1b8fdfb.jpg|https://cdn.myfigurelist.com/figure-images/0f04a5cb-153a-39f8-8858-a99e6bcfae4d/Berserk-Serpico-1-10-Exclusive-Version-with-blood-effects_6d76b9db-6e44-3c80-bf4f-59ce86b94709.jpg|https://cdn.myfigurelist.com/figure-images/0f04a5cb-153a-39f8-8858-a99e6bcfae4d/Berserk-Serpico-1-10-Exclusive-Version-with-blood-effects_176f4193-8df2-3b39-8f20-9c85418d7e73.jpg|https://cdn.myfigurelist.com/figure-images/0f04a5cb-153a-39f8-8858-a99e6bcfae4d/Berserk-Serpico-1-10-Exclusive-Version-with-blood-effects_f36a0edd-471a-3fbb-915e-81a6b14d515a.jpg|https://cdn.myfigurelist.com/figure-images/0f04a5cb-153a-39f8-8858-a99e6bcfae4d/Berserk-Serpico-1-10-Exclusive-Version-with-blood-effects_c1b9f07c-3c33-35d8-af60-64314f904cf3.jpg,[],28000,28000,28000,0,1,2026-09-27T02:18:07.544588Z,1.0,"[""csv""]"
3300,MyFigureList,https://myfigurelist.com/figure/3300/Hatsune-Miku-Project-DIVA-F-2nd-Kagamine-Rin-Stylish-Energy-R-Ver-1-7-Complete-Figure,Hatsune Miku -Project DIVA- F 2nd Kagamine Rin Stylish Energy R Ver. 1/7 Complete Figure,,,Max Factory,Scale Figure,2020-07-01,1/7,Grizzry Panda,22,,https://cdn.myfigurelist.com/figure-images/4545784042793/Hatsune-Miku-Project-DIVA-F-2nd-Kagamine-Rin-Stylish-Energy-R-Ver-1-7-Complete-Figure_221ef1cc-c15c-47ee-8c1c-316ff527104a.jpg|https://cdn.myfigurelist.com/figure-images/4545784042793/Hatsune-Miku-Project-DIVA-F-2nd-Kagamine-Rin-Stylish-Energy-R-Ver-1-7-Complete-Figure_ffbf314d-ccdc-4e55-bc03-e2de41ca721e.jpg|https://cdn.myfigurelist.com/figure-images/4545784042793/Hatsune-Miku-Project-DIVA-F-2nd-Kagamine-Rin-Stylish-Energy-R-Ver-1-7-Complete-Figure_85a44fe2-e415-4b44-b380-ea88c54534fc.jpg|https://cdn.myfigurelist.com/figure-images/4545784042793/Hatsune-Miku-Project-DIVA-F-2nd-Kagamine-Rin-Stylish-Energy-R-Ver-1-7-Complete-Figure_be66ebce-4678-43fe-81dd-c4667a27f431.jpg|https://cdn.myfigurelist.com/figure-images/4545784042793/Hatsune-Miku-Project-DIVA-F-2nd-Kagamine-Rin-Stylish-Energy-R-Ver-1-7-Complete-Figure_9f6b03ef-8f58-4265-bcc4-5ac6f5261951.jpg|https://cdn.myfigurelist.com/figure-images/4545784042793/Hatsune-Miku-Project-DIVA-F-2nd-Kagamine-Rin-Stylish-Energy-R-Ver-1-7-Complete-Figure_c12d6f6d-5076-4d31-a8d4-bdc22b3f9d4d.jpg,[],,,,0,0,2026-09-27T02:18:08.874280Z,1.0,"[""csv""]"
33594,MyFigureList,https://myfigurelist.com/figure/33594/Galilei-Donna-Hozuki-Ferrari,Galilei Donna - Hozuki Ferrari,,,WisyWig,Scale Figure,2014-02-09,Non-Scale,Kou,21,,https://cdn.myfigurelist.com/figure-images/01c03853-1904-384f-a1ff-1bf4ad490a2c/Galilei-Donna-Hozuki-Ferrari_15ed5ce7-de9f-3d9a-a7b2-11025be21682.jpg|https://cdn.myfigurelist.com/figure-images/01c03853-1904-384f-a1ff-1bf4ad490a2c/Galilei-Donna-Hozuki-Ferrari_7951100d-da74-3f87-a6bb-ad0b79155435.jpg|https://cdn.myfigurelist.com/figure-images/01c03853-1904-384f-a1ff-1bf4ad490a2c/Galilei-Donna-Hozuki-Ferrari_0e786fd4-ae12-3ac9-a686-0ff9cc585f56.jpg|https://cdn.myfigurelist.com/figure-images/01c03853-1904-384f-a1ff-1bf4ad490a2c/Galilei-Donna-Hozuki-Ferrari_42328fd9-7972-37d2-8b76-53b479560a1f.jpg|https://cdn.myfigurelist.com/figure-images/01c03853-1904-384f-a1ff-1bf4ad490a2c/Galilei-Donna-Hozuki-Ferrari_302eb9a3-090c-33b6-a000-c8cee7b5d040.jpg|https://cdn.myfigurelist.com/figure-images/01c03853-1904-384f-a1ff-1bf4ad490a2c/Galilei-Donna-Hozuki-Ferrari_c3e5130f-7ab7-3407-a187-2ee32f9a4dbb.jpg|https://cdn.myfigurelist.com/figure-images/01c03853-1904-384f-a1ff-1bf4ad490a2c/Galilei-Donna-Hozuki-Ferrari_9b8455e1-c683-37e8-9c9d-b222f4193012.jpg|https://cdn.myfigurelist.com/figure-images/01c03853-1904-384f-a1ff-1bf4ad490a2c/Galilei-Donna-Hozuki-Ferrari_95c2ece2-71c3-363a-8d9e-4c15d00bd708.jpg|https://cdn.myfigurelist.com/figure-images/01c03853-1904-384f-a1ff-1bf4ad490a2c/Galilei-Donna-Hozuki-Ferrari_2116d77f-0986-355b-8755-7b2c1d26fa7d.jpg|https://cdn.myfigurelist.com/figure-images/01c03853-1904-384f-a1ff-1bf4ad490a2c/Galilei-Donna-Hozuki-Ferrari_1c1b0658-b490-3929-8f30-e6dba20f5e75.jpg,[],10000,10000,10000,0,1,2026-09-27T02:18:11.192961Z,1.0,"[""csv""]"
15018,MyFigureList,https://myfigurelist.com/figure/15018/B-STYLE-The-Seven-Deadly-Sins-Dragons-Judgement-Elizabeth-Bunny-Ver-1-4-Complete-Figure,B-STYLE The Seven Deadly Sins: Dragon's Judgement Elizabeth Bunny Ver. 1/4 Complete Figure,,,FREEing,Scale Figure,2022-01-01,1/4,Morikura,43,,https://cdn.myfigurelist.com/figure-images/4570001510229/B-STYLE-The-Seven-Deadly-Sins-Dragon's-Judgement-Elizabeth-Bunny-Ver-1-4-Complete-Figure_4c0a7bf9-b8c6-485d-a876-efc173a824ef.jpg|https://cdn.myfigurelist.com/figure-images/4570001510229/B-STYLE-The-Seven-Deadly-Sins-Dragon's-Judgement-Elizabeth-Bunny-Ver-1-4-Complete-Figure_da16cef2-a8e6-4258-b550-4c80a3b6b0b2.jpg|https://cdn.myfigurelist.com/figure-images/4570001510229/B-STYLE-The-Seven-Deadly-Sins-Dragon's-Judgement-Elizabeth-Bunny-Ver-1-4-Complete-Figure_a617e7a8-189f-4496-b874-051463d3c39c.jpg|https://cdn.myfigurelist.com/figure-images/4570001510229/B-STYLE-The-Seven-Deadly-Sins-Dragon's-Judgement-Elizabeth-Bunny-Ver-1-4-Complete-Figure_3c257b35-6611-4438-9950-7324b6d6bf61.jpg|https://cdn.myfigurelist.com/figure-images/4570001510229/B-STYLE-The-Seven-Deadly-Sins-Dragon's-Judgement-Elizabeth-Bunny-Ver-1-4-Complete-Figure_df5f4bb5-63b1-469f-a3dd-227a89d24fc4.jpg|https://cdn.myfigurelist.com/figure-images/4570001510229/B-STYLE-The-Seven-Deadly-Sins-Dragon's-Judgement-Elizabeth-Bunny-Ver-1-4-Complete-Figure_d4c5b084-2472-4dba-bf95-8ab0b0b5ca93.jpg|https://cdn.myfigurelist.com/figure-images/4570001510229/B-STYLE-The-Seven-Deadly-Sins-Dragon's-Judgement-Elizabeth-Bunny-Ver-1-4-Complete-Figure_e61fb4ec-7a8d-4b3f-a92b-c0b2ff2ae530.jpg|https://cdn.myfigurelist.com/figure-images/4570001510229/B-STYLE-The-Seven-Deadly-Sins-Dragon's-Judgement-Elizabeth-Bunny-Ver-1-4-Complete-Figure_ea93dd32-87d2-4299-9bd1-5b451a09b46e.jpg,[],,,,0,0,2026-09-27T02:18:16.335267Z,1.0,"[""csv""]"
17391,MyFigureList,https://myfigurelist.com/figure/17391/Nendoroid-More-Piapro-Characters-Design-Container-MEIKO-Ver,Nendoroid More Piapro Characters Design Container MEIKO Ver.,,,Good Smile Company,Scale Figure,2023-01-01,Non-Scale,Nendoron,4,,https://cdn.myfigurelist.com/figure-images/4580590164727/Nendoroid-More-Piapro-Characters-Design-Container-MEIKO-Ver_b3bf39bd-0b0a-413b-bfab-7693de5b0232.jpg|https://cdn.myfigurelist.com/figure-images/4580590164727/Nendoroid-More-Piapro-Characters-Design-Container-MEIKO-Ver_961dcb0d-9fd1-4e09-b633-fd91b4a9ca13.jpg|https://cdn.myfigurelist.com/figure-images/4580590164727/Nendoroid-More-Piapro-Characters-Design-Container-MEIKO-Ver_056faf4d-6efd-4a82-985b-c3a445247ec9.jpg,[],,,,0,0,2026-09-27T02:18:18.173209Z,1.0,"[""csv""]"
17755,MyFigureList,https://myfigurelist.com/figure/17755/Mob-Psycho-100-III-Arataka-Reigen-Complete-Figure,Mob Psycho 100 III Arataka Reigen Complete Figure,,,Union Creative,Scale Figure,2024-05-01,Non-Scale,Kamijou,18,,https://cdn.myfigurelist.com/figure-images/4589642715009/Mob-Psycho-100-III-Arataka-Reigen-Complete-Figure_830e75f0-2a48-4a8a-ada8-d50d2aa38b8f.jpg|https://cdn.myfigurelist.com/figure-images/4589642715009/Mob-Psycho-100-III-Arataka-Reigen-Complete-Figure_5ecd5b2d-1520-4586-a8f0-cfd8cd0d640a.jpg|https://cdn.myfigurelist.com/figure-images/4589642715009/Mob-Psycho-100-III-Arataka-Reigen-Complete-Figure_6c63c2da-28cb-489f-ad2a-f49d0fe0a615.jpg|https://cdn.myfigurelist.com/figure-images/4589642715009/Mob-Psycho-100-III-Arataka-Reigen-Complete-Figure_eaa80d93-347f-4896-82a7-c7d49698366e.jpg|https://cdn.myfigurelist.com/figure-images/4589642715009/Mob-Psycho-100-III-Arataka-Reigen-Complete-Figure_a0d1accb-e06b-4841-acec-2de82a301342.jpg|https://cdn.myfigurelist.com/figure-images/4589642715009/Mob-Psycho-100-III-Arataka-Reigen-Complete-Figure_fd3345ea-40b6-46d6-9228-4c9facec4544.jpg|https://cdn.myfigurelist.com/figure-images/4589642715009/Mob-Psycho-100-III-Arataka-Reigen-Complete-Figure_ba788345-75ee-43f9-839a-61044767bced.jpg|https://cdn.myfigurelist.com/figure-images/4589642715009/Mob-Psycho-100-III-Arataka-Reigen-Complete-Figure_c8c0866d-ded6-4711-ab6d-d645fbd2103e.jpg|https://cdn.myfigurelist.com/figure-images/4589642715009/Mob-Psycho-100-III-Arataka-Reigen-Complete-Figure_96ab5ffa-04bd-484a-8d7c-c15cccd4514a.jpg|https://cdn.myfigurelist.com/figure-images/4589642715009/Mob-Psycho-100-III-Arataka-Reigen-Complete-Figure_a2bccf69-7cfa-46ce-94a8-9d5e91cfbf01.jpg|https://cdn.myfigurelist.com/figure-images/4589642715009/Mob-Psycho-100-III-Arataka-Reigen-Complete-Figure_ab367afd-9708-4fe6-b49e-16949fbb937d.jpg|https://cdn.myfigurelist.com/figure-images/4589642715009/Mob-Psycho-100-III-Arataka-Reigen-Complete-Figure_1dfab1db-a06b-4db5-bae5-af4de2adaef8.jpg|https://cdn.myfigurelist.com/figure-images/4589642715009/Mob-Psycho-100-III-Arataka-Reigen-Complete-Figure_0b36e2e3-691b-4b82-a17f-4c5d1eb1e32e.jpg|https://cdn.myfigurelist.com/figure-images/4589642715009/Mob-Psycho-100-III-Arataka-Reigen-Complete-Figure_2ec77d7e-59dd-4f26-9678-1ed66b844179.jpg|https://cdn.myfigurelist.com/figure-images/4589642715009/Mob-Psycho-100-III-Arataka-Reigen-Complete-Figure_ea3c3fd8-a35f-466f-9897-8a33061c72da.jpg,[],,,,0,0,2026-09-27T02:18:20.086761Z,1.0,"[""csv""]"
15735,MyFigureList,https://myfigurelist.com/figure/15735/Youjo-Senki-Tanya-Degurechaff-1-7-Complete-Figure,Youjo Senki Tanya Degurechaff 1/7 Complete Figure,,,FuRyu,Scale Figure,2023-11-01,1/7,Amaguri,19,,https://cdn.myfigurelist.com/figure-images/4580736409262/Youjo-Senki-Tanya-Degurechaff-1-7-Complete-Figure_da7fe5d4-d9d5-490d-9aab-13b1af818a38.jpg|https://cdn.myfigurelist.com/figure-images/4580736409262/Youjo-Senki-Tanya-Degurechaff-1-7-Complete-Figure_ace1afe3-e450-41ee-8d5a-13f9c78676c4.jpg|https://cdn.myfigurelist.com/figure-images/4580736409262/Youjo-Senki-Tanya-Degurechaff-1-7-Complete-Figure_26c3a4ba-e096-40fd-befb-2319370545c1.jpg|https://cdn.myfigurelist.com/figure-images/4580736409262/Youjo-Senki-Tanya-Degurechaff-1-7-Complete-Figure_c6d68f82-a7cf-4827-9559-248e0683ff7c.jpg|https://cdn.myfigurelist.com/figure-images/4580736409262/Youjo-Senki-Tanya-Degurechaff-1-7-Complete-Figure_a5cd747a-e262-4c52-8a71-7264a84aea3a.jpg|https://cdn.myfigurelist.com/figure-images/4580736409262/Youjo-Senki-Tanya-Degurechaff-1-7-Complete-Figure_cb49b099-424c-4f13-a978-8c3c9bb3d8ae.jpg|https://cdn.myfigurelist.com/figure-images/4580736409262/Youjo-Senki-Tanya-Degurechaff-1-7-Complete-Figure_20993c3d-7c08-4c0b-b510-707eda37c110.jpg|https://cdn.myfigurelist.com/figure-images/4580736409262/Youjo-Senki-Tanya-Degurechaff-1-7-Complete-Figure_ae48a125-fceb-4f4b-bbaa-3a18a98aafe7.jpg|https://cdn.myfigurelist.com/figure-images/4580736409262/Youjo-Senki-Tanya-Degurechaff-1-7-Complete-Figure_ac656153-747b-4e74-8dcd-fb5a41d749d3.jpg|https://cdn.myfigurelist.com/figure-images/4580736409262/Youjo-Senki-Tanya-Degurechaff-1-7-Complete-Figure_9f4b24cf-7809-4c21-8b7c-db36510b3793.jpg|https://cdn.myfigurelist.com/figure-images/4580736409262/Youjo-Senki-Tanya-Degurechaff-1-7-Complete-Figure_e40d0044-5c6a-4327-84de-c38910ab231c.jpg|https://cdn.myfigurelist.com/figure-images/4580736409262/Youjo-Senki-Tanya-Degurechaff-1-7-Complete-Figure_d9d9a5c6-fec1-4b29-9381-9fe896c62ef5.jpg,[],,,,0,0,2026-09-27T02:18:22.011806Z,1.0,"[""csv""]"
53158,MyFigureList,https://myfigurelist.com/figure/53158/Genshin-Impact-Diluc-Ragnvindr-POP!-Asia-183-POP!-Vinyl,Genshin Impact - Diluc Ragnvindr - POP! Asia  (183) - POP! Vinyl,,,,Scale Figure,2023-07-19,Non-Scale,,10,,https://cdn.myfigurelist.com/figure-images/d77c7c67-10bb-317f-9c4b-2598b64c974e/Genshin-Impact-Diluc-Ragnvindr-POP!-Asia-183-POP!-Vinyl_149a7636-d9a4-34f6-a462-56a3e6fa129e.jpg,[],2095,2095,2095,0,1,2026-09-27T02:18:23.170440Z,1.0,"[""csv""]"
63743,MyFigureList,https://myfigurelist.com/figure/63743/Apex-Legends-Revenant-Assimilation-Edition,Apex Legends - Revenant - Assimilation Edition,,,JAKKS Pacific,Anime Figure,2021-07-23,,,15,,https://cdn.myfigurelist.com/figure-images/06b08392-a13a-3ab9-8fe6-e05ed565c8b7/Apex-Legends-Revenant-Assimilation-Edition_2e69b1c4-39b8-3da4-9537-0a4fd1020902.jpg,[],3316,3316,3316,0,1,2026-09-27T02:18:24.575377Z,1.0,"[""csv""]"
101110,MyFigureList,https://myfigurelist.com/figure/101110/Sonic-the-Hedgehog-Knuckles-the-Echidna-POP!-Games-854-POP!-Vinyl-Flocked,Sonic the Hedgehog - Knuckles the Echidna - POP! Games  (854) - POP! Vinyl - Flocked,,,Funko Toys,Anime Figure,2022-02-25,,,,,https://cdn.myfigurelist.com/figure-images/a1788ef4-329c-37c6-9004-4f542e8a08d6/Sonic-the-Hedgehog-Knuckles-the-Echidna-POP!-Games-854-POP!-Vinyl-Flocked_c6cad1bc-1a1b-368a-86ed-7864c1b5f831.jpg,[],1386,1386,1386,0,1,2026-09-27T02:18:25.198797Z,1.0,"[""csv""]"
102098,MyFigureList,https://myfigurelist.com/figure/102098/Tekken-Tag-Tournament-2-Kazama-Asuka-Bishoujo-Statue-Tekken-Bishoujo-Statue-1-7-Limited-Edition,Tekken Tag Tournament 2 - Kazama Asuka - Bishoujo Statue - Tekken Bishoujo Statue - 1/7 - Limited Edition,,,Kotobukiya,Scale Figure,2012-11-01,1/7,Busujima Takamaki,24,,https://cdn.myfigurelist.com/figure-images/a5ace387-9de5-3127-b533-3577c1138e50/Tekken-Tag-Tournament-2-Kazama-Asuka-Bishoujo-Statue-Tekken-Bishoujo-Statue-1-7-Limited-Edition_9be6bcef-8971-340e-a171-7ac79d158661.jpg|https://cdn.myfigurelist.com/figure-images/a5ace387-9de5-3127-b533-3577c1138e50/Tekken-Tag-Tournament-2-Kazama-Asuka-Bishoujo-Statue-Tekken-Bishoujo-Statue-1-7-Limited-Edition_1f11ae04-a5f7-3edf-a129-2e190c740c7a.jpg|https://cdn.myfigurelist.com/figure-images/a5ace387-9de5-3127-b533-3577c1138e50/Tekken-Tag-Tournament-2-Kazama-Asuka-Bishoujo-Statue-Tekken-Bishoujo-Statue-1-7-Limited-Edition_08ae5feb-e881-3a84-9767-82efaf44a2d7.jpg|https://cdn.myfigurelist.com/figure-images/a5ace387-9de5-3127-b533-3577c1138e50/Tekken-Tag-Tournament-2-Kazama-Asuka-Bishoujo-Statue-Tekken-Bishoujo-Statue-1-7-Limited-Edition_2ea4305a-34f1-3ad5-8f46-dedbbffbfa16.jpg|https://cdn.myfigurelist.com/figure-images/a5ace387-9de5-3127-b533-3577c1138e50/Tekken-Tag-Tournament-2-Kazama-Asuka-Bishoujo-Statue-Tekken-Bishoujo-Statue-1-7-Limited-Edition_d8681049-1f64-3128-95a6-486681533314.jpg|https://cdn.myfigurelist.com/figure-images/a5ace387-9de5-3127-b533-3577c1138e50/Tekken-Tag-Tournament-2-Kazama-Asuka-Bishoujo-Statue-Tekken-Bishoujo-Statue-1-7-Limited-Edition_8708d1b1-d18d-3a7e-a137-10f0705e05a3.jpg|https://cdn.myfigurelist.com/figure-images/a5ace387-9de5-3127-b533-3577c1138e50/Tekken-Tag-Tournament-2-Kazama-Asuka-Bishoujo-Statue-Tekken-Bishoujo-Statue-1-7-Limited-Edition_1a8ddba4-74e3-3e15-b6e9-7354b285018d.jpg|https://cdn.myfigurelist.com/figure-images/a5ace387-9de5-3127-b533-3577c1138e50/Tekken-Tag-Tournament-2-Kazama-Asuka-Bishoujo-Statue-Tekken-Bishoujo-Statue-1-7-Limited-Edition_8e8ac968-3eda-3db0-a721-982c00807f1f.jpg|https://cdn.myfigurelist.com/figure-images/a5ace387-9de5-3127-b533-3577c1138e50/Tekken-Tag-Tournament-2-Kazama-Asuka-Bishoujo-Statue-Tekken-Bishoujo-Statue-1-7-Limited-Edition_ba2d7605-d7a1-312f-8026-5794ded24b3d.jpg|https://cdn.myfigurelist.com/figure-images/a5ace387-9de5-3127-b533-3577c1138e50/Tekken-Tag-Tournament-2-Kazama-Asuka-Bishoujo-Statue-Tekken-Bishoujo-Statue-1-7-Limited-Edition_a1fcd5a4-a30b-3804-bc6e-4278042a1c9b.jpg|https://cdn.myfigurelist.com/figure-images/a5ace387-9de5-3127-b533-3577c1138e50/Tekken-Tag-Tournament-2-Kazama-Asuka-Bishoujo-Statue-Tekken-Bishoujo-Statue-1-7-Limited-Edition_f1344967-d963-3de9-a298-f293b57e9c68.jpg|https://cdn.myfigurelist.com/figure-images/a5ace387-9de5-3127-b533-3577c1138e50/Tekken-Tag-Tournament-2-Kazama-Asuka-Bishoujo-Statue-Tekken-Bishoujo-Statue-1-7-Limited-Edition_116eed61-9803-3861-adea-a29d3f4d749d.jpg|https://cdn.myfigurelist.com/figure-images/a5ace387-9de5-3127-b533-3577c1138e50/Tekken-Tag-Tournament-2-Kazama-Asuka-Bishoujo-Statue-Tekken-Bishoujo-Statue-1-7-Limited-Edition_5c1f091d-e631-3c0d-a5f3-e1d984f0e1d6.jpg|https://cdn.myfigurelist.com/figure-images/a5ace387-9de5-3127-b533-3577c1138e50/Tekken-Tag-Tournament-2-Kazama-Asuka-Bishoujo-Statue-Tekken-Bishoujo-Statue-1-7-Limited-Edition_1e998103-6687-3714-bcfa-1485fbce5257.jpg|https://cdn.myfigurelist.com/figure-images/a5ace387-9de5-3127-b533-3577c1138e50/Tekken-Tag-Tournament-2-Kazama-Asuka-Bishoujo-Statue-Tekken-Bishoujo-Statue-1-7-Limited-Edition_475cfc39-2316-3a6c-a32f-7889a94ad362.jpg|https://cdn.myfigurelist.com/figure-images/a5ace387-9de5-3127-b533-3577c1138e50/Tekken-Tag-Tournament-2-Kazama-Asuka-Bishoujo-Statue-Tekken-Bishoujo-Statue-1-7-Limited-Edition_88d25604-995b-3e7b-9d3d-fc951af8063f.jpg|https://cdn.myfigurelist.com/figure-images/a5ace387-9de5-3127-b533-3577c1138e50/Tekken-Tag-Tournament-2-Kazama-Asuka-Bishoujo-Statue-Tekken-Bishoujo-Statue-1-7-Limited-Edition_230bab03-c5f6-3f82-b877-3d3120c4c0d2.jpg|https://cdn.myfigurelist.com/figure-images/a5ace387-9de5-3127-b533-3577c1138e50/Tekken-Tag-Tournament-2-Kazama-Asuka-Bishoujo-Statue-Tekken-Bishoujo-Statue-1-7-Limited-Edition_d5eb3fc2-4ba7-3f2f-8de1-f786169fbd70.jpg|https://cdn.myfigurelist.com/figure-images/a5ace387-9de5-3127-b533-3577c1138e50/Tekken-Tag-Tournament-2-Kazama-Asuka-Bishoujo-Statue-Tekken-Bishoujo-Statue-1-7-Limited-Edition_5a1ae788-1c5c-3405-be92-3000abc08d87.jpg|https://cdn.myfigurelist.com/figure-images/a5ace387-9de5-3127-b533-3577c1138e50/Tekken-Tag-Tournament-2-Kazama-Asuka-Bishoujo-Statue-Tekken-Bishoujo-Statue-1-7-Limited-Edition_499baf82-5c37-3bd6-8575-6a7ec181604d.jpg|https://cdn.myfigurelist.com/figure-images/a5ace387-9de5-3127-b533-3577c1138e50/Tekken-Tag-Tournament-2-Kazama-Asuka-Bishoujo-Statue-Tekken-Bishoujo-Statue-1-7-Limited-Edition_467badcf-7f52-394f-916f-8b9f87a6543b.jpg|https://cdn.myfigurelist.com/figure-images/a5ace387-9de5-3127-b533-3577c1138e50/Tekken-Tag-Tournament-2-Kazama-Asuka-Bishoujo-Statue-Tekken-Bishoujo-Statue-1-7-Limited-Edition_74e361b3-7822-3931-bdb7-189e14617289.jpg|https://cdn.myfigurelist.com/figure-images/a5ace387-9de5-3127-b533-3577c1138e50/Tekken-Tag-Tournament-2-Kazama-Asuka-Bishoujo-Statue-Tekken-Bishoujo-Statue-1-7-Limited-Edition_957d2ade-65f2-382e-adcd-0d471c16a882.jpg,[],6200,6200,6200,0,1,2026-09-27T02:18:25.995228Z,1.0,"[""csv""]"
100364,MyFigureList,https://myfigurelist.com/figure/100364/Choujikuu-Yousai-Macross-Ichijo-Hikarus-VF-1J-Valkyrie-1-48-TV-Ver,Choujikuu Yousai Macross - Ichijo Hikaru's VF-1J Valkyrie - 1/48 - TV Ver.,,,YAMATO,Scale Figure,2010-10-01,1/48,,32,,https://cdn.myfigurelist.com/figure-images/9d77d21c-cb92-3572-9262-682c8f6534ac/Choujikuu-Yousai-Macross-Ichijo-Hikarus-VF-1J-Valkyrie-1-48-TV-Ver_9ea4d3a1-87ae-3744-996f-63e731a4debc.jpg|https://cdn.myfigurelist.com/figure-images/9d77d21c-cb92-3572-9262-682c8f6534ac/Choujikuu-Yousai-Macross-Ichijo-Hikarus-VF-1J-Valkyrie-1-48-TV-Ver_eb646abe-0520-3e9b-9fa2-529d7a3b6157.jpg|https://cdn.myfigurelist.com/figure-images/9d77d21c-cb92-3572-9262-682c8f6534ac/Choujikuu-Yousai-Macross-Ichijo-Hikarus-VF-1J-Valkyrie-1-48-TV-Ver_4dba66d9-9471-380a-83c6-d8dc328e7931.jpg|https://cdn.myfigurelist.com/figure-images/9d77d21c-cb92-3572-9262-682c8f6534ac/Choujikuu-Yousai-Macross-Ichijo-Hikarus-VF-1J-Valkyrie-1-48-TV-Ver_15c2f04f-1d6a-37a3-aaaa-5ea0209bd6c8.jpg|https://cdn.myfigurelist.com/figure-images/9d77d21c-cb92-3572-9262-682c8f6534ac/Choujikuu-Yousai-Macross-Ichijo-Hikarus-VF-1J-Valkyrie-1-48-TV-Ver_50f61309-269b-3584-8a9b-6c2aa6fdeeb1.jpg|https://cdn.myfigurelist.com/figure-images/9d77d21c-cb92-3572-9262-682c8f6534ac/Choujikuu-Yousai-Macross-Ichijo-Hikarus-VF-1J-Valkyrie-1-48-TV-Ver_e34d5729-0710-3e55-ad8f-9da7a835fe83.jpg|https://cdn.myfigurelist.com/figure-images/9d77d21c-cb92-3572-9262-682c8f6534ac/Choujikuu-Yousai-Macross-Ichijo-Hikarus-VF-1J-Valkyrie-1-48-TV-Ver_8e62ae37-10cb-313b-a16e-415c92ca4245.jpg|https://cdn.myfigurelist.com/figure-images/9d77d21c-cb92-3572-9262-682c8f6534ac/Choujikuu-Yousai-Macross-Ichijo-Hikarus-VF-1J-Valkyrie-1-48-TV-Ver_bac87655-de8d-3183-9c72-c1a083b25500.jpg,[],14800,14800,14800,0,1,2026-09-27T02:18:26.743562Z,1.0,"[""csv""]"
6674,MyFigureList,https://myfigurelist.com/figure/6674/TEKKEN-BISHOUJO-Tekken-Tag-Tournament-2-Jun-Kazama-Renewal-Package-Ver-1-7-Complete-Figure,TEKKEN BISHOUJO Tekken Tag Tournament 2 Jun Kazama Renewal Package Ver. 1/7 Complete Figure,,,Kotobukiya,Scale Figure,2019-06-01,1/7,Takaboku Busujima,22,,https://cdn.myfigurelist.com/figure-images/4934054009855/TEKKEN-BISHOUJO-Tekken-Tag-Tournament-2-Jun-Kazama-Renewal-Package-Ver-1-7-Complete-Figure_77fabb5e-89a9-42f2-970a-5eeb2b8fb225.jpg|https://cdn.myfigurelist.com/figure-images/4934054009855/TEKKEN-BISHOUJO-Tekken-Tag-Tournament-2-Jun-Kazama-Renewal-Package-Ver-1-7-Complete-Figure_6fa6225f-db3a-4eae-beaa-e5db82a1dc64.jpg|https://cdn.myfigurelist.com/figure-images/4934054009855/TEKKEN-BISHOUJO-Tekken-Tag-Tournament-2-Jun-Kazama-Renewal-Package-Ver-1-7-Complete-Figure_53fce530-3376-404f-a847-12cc1dab371d.jpg|https://cdn.myfigurelist.com/figure-images/4934054009855/TEKKEN-BISHOUJO-Tekken-Tag-Tournament-2-Jun-Kazama-Renewal-Package-Ver-1-7-Complete-Figure_f1ba0c72-13eb-43f1-9923-106771df33cd.jpg|https://cdn.myfigurelist.com/figure-images/4934054009855/TEKKEN-BISHOUJO-Tekken-Tag-Tournament-2-Jun-Kazama-Renewal-Package-Ver-1-7-Complete-Figure_04409abb-1be3-4329-9c7f-8ecf41780679.jpg|https://cdn.myfigurelist.com/figure-images/4934054009855/TEKKEN-BISHOUJO-Tekken-Tag-Tournament-2-Jun-Kazama-Renewal-Package-Ver-1-7-Complete-Figure_4c0c2a6f-4e10-49b8-b8a8-a72272ff1b0f.jpg|https://cdn.myfigurelist.com/figure-images/4934054009855/TEKKEN-BISHOUJO-Tekken-Tag-Tournament-2-Jun-Kazama-Renewal-Package-Ver-1-7-Complete-Figure_c09ce21c-3144-4e1e-898f-f246d2d51267.jpg|https://cdn.myfigurelist.com/figure-images/4934054009855/TEKKEN-BISHOUJO-Tekken-Tag-Tournament-2-Jun-Kazama-Renewal-Package-Ver-1-7-Complete-Figure_4aff6f74-a39f-42cc-a866-20bcf8569dbf.jpg|https://cdn.myfigurelist.com/figure-images/4934054009855/TEKKEN-BISHOUJO-Tekken-Tag-Tournament-2-Jun-Kazama-Renewal-Package-Ver-1-7-Complete-Figure_7147e813-1403-470e-a136-c9ec77f3c48a.jpg,[],,,,0,0,2026-09-27T02:18:27.928357Z,1.0,"[""csv""]"
97482,MyFigureList,https://myfigurelist.com/figure/97482/Ender-Lilies-Quietus-of-the-Knights-Lily-Nendoroid-2858,Ender Lilies: Quietus of the Knights - Lily - Nendoroid  (#2858),,,Good Smile Company,Anime Figure,2026-06-01,,Nendoron,10,,https://cdn.myfigurelist.com/figure-images/92ac6887-d110-35c2-8b7e-2da3e50ee832/Ender-Lilies-Quietus-of-the-Knights-Lily-Nendoroid-2858_e2912a22-9a94-3cb4-be93-f73cd374a07b.jpg|https://cdn.myfigurelist.com/figure-images/92ac6887-d110-35c2-8b7e-2da3e50ee832/Ender-Lilies-Quietus-of-the-Knights-Lily-Nendoroid-2858_afd52525-ef41-36d2-ad0d-7207820d64b5.jpg|https://cdn.myfigurelist.com/figure-images/92ac6887-d110-35c2-8b7e-2da3e50ee832/Ender-Lilies-Quietus-of-the-Knights-Lily-Nendoroid-2858_c17f6505-b25f-3a24-a194-e4a568b7d54e.jpg|https://cdn.myfigurelist.com/figure-images/92ac6887-d110-35c2-8b7e-2da3e50ee832/Ender-Lilies-Quietus-of-the-Knights-Lily-Nendoroid-2858_32a34159-c96e-3570-81a6-3f9a8e192b27.jpg|https://cdn.myfigurelist.com/figure-images/92ac6887-d110-35c2-8b7e-2da3e50ee832/Ender-Lilies-Quietus-of-the-Knights-Lily-Nendoroid-2858_a681faa8-5da6-39ec-9e0e-55c7e2bc8fa3.jpg|https://cdn.myfigurelist.com/figure-images/92ac6887-d110-35c2-8b7e-2da3e50ee832/Ender-Lilies-Quietus-of-the-Knights-Lily-Nendoroid-2858_0558c9ba-cbf2-3495-99df-83ffd4e27f6c.jpg|https://cdn.myfigurelist.com/figure-images/92ac6887-d110-35c2-8b7e-2da3e50ee832/Ender-Lilies-Quietus-of-the-Knights-Lily-Nendoroid-2858_2c461de0-64a1-35e9-8892-142b973b13c5.jpg|https://cdn.myfigurelist.com/figure-images/92ac6887-d110-35c2-8b7e-2da3e50ee832/Ender-Lilies-Quietus-of-the-Knights-Lily-Nendoroid-2858_84c7fa1b-d5c1-3494-b133-104101e6b897.jpg|https://cdn.myfigurelist.com/figure-images/92ac6887-d110-35c2-8b7e-2da3e50ee832/Ender-Lilies-Quietus-of-the-Knights-Lily-Nendoroid-2858_4f639f10-f50a-33c9-935f-159f06959620.jpg|https://cdn.myfigurelist.com/figure-images/92ac6887-d110-35c2-8b7e-2da3e50ee832/Ender-Lilies-Quietus-of-the-Knights-Lily-Nendoroid-2858_117fe3d9-394e-38c4-95e8-d196fe260b01.jpg|https://cdn.myfigurelist.com/figure-images/92ac6887-d110-35c2-8b7e-2da3e50ee832/Ender-Lilies-Quietus-of-the-Knights-Lily-Nendoroid-2858_3fae4e88-f61e-3c06-8579-47ff3e821a16.jpg|https://cdn.myfigurelist.com/figure-images/92ac6887-d110-35c2-8b7e-2da3e50ee832/Ender-Lilies-Quietus-of-the-Knights-Lily-Nendoroid-2858_1fac3870-5b23-3b20-bc7e-2b575995c15a.jpg|https://cdn.myfigurelist.com/figure-images/92ac6887-d110-35c2-8b7e-2da3e50ee832/Ender-Lilies-Quietus-of-the-Knights-Lily-Nendoroid-2858_054437c6-0290-31e2-9ad8-9fc46555f0e9.jpg|https://cdn.myfigurelist.com/figure-images/92ac6887-d110-35c2-8b7e-2da3e50ee832/Ender-Lilies-Quietus-of-the-Knights-Lily-Nendoroid-2858_142c1fe5-7758-377e-91fb-cfc30d22ece1.jpg|https://cdn.myfigurelist.com/figure-images/92ac6887-d110-35c2-8b7e-2da3e50ee832/Ender-Lilies-Quietus-of-the-Knights-Lily-Nendoroid-2858_ae2fbb81-a493-3cd6-9a5f-d0f4210d3c37.jpg|https://cdn.myfigurelist.com/figure-images/92ac6887-d110-35c2-8b7e-2da3e50ee832/Ender-Lilies-Quietus-of-the-Knights-Lily-Nendoroid-2858_43dc5a3b-f885-3826-ae9a-41bc11ea2f3f.jpg|https://cdn.myfigurelist.com/figure-images/92ac6887-d110-35c2-8b7e-2da3e50ee832/Ender-Lilies-Quietus-of-the-Knights-Lily-Nendoroid-2858_675ad52f-6a6d-318e-99f3-df7f6c222b57.jpg|https://cdn.myfigurelist.com/figure-images/92ac6887-d110-35c2-8b7e-2da3e50ee832/Ender-Lilies-Quietus-of-the-Knights-Lily-Nendoroid-2858_14f09c74-16f8-31d1-8a6f-95a131d4091f.jpg|https://cdn.myfigurelist.com/figure-images/92ac6887-d110-35c2-8b7e-2da3e50ee832/Ender-Lilies-Quietus-of-the-Knights-Lily-Nendoroid-2858_b5030938-191e-3532-9caa-d139b4bab157.jpg,[],,,,0,0,2026-09-27T02:18:29.843078Z,1.0,"[""csv""]"
121999,MyFigureList,https://myfigurelist.com/figure/121999/Blue-Archive-Utazumi-Sakurako-1-7,Blue Archive - Utazumi Sakurako - 1/7,,,Connect Rect,Scale Figure,2024-02-11,1/7,Polytene Plasma,,,https://cdn.myfigurelist.com/figure-images/f8f50c02-bebd-3ef8-8d1b-904c20b10eb9/Blue-Archive-Utazumi-Sakurako-1-7_766d28da-df8e-310a-a67a-bd517f421c40.jpg|https://cdn.myfigurelist.com/figure-images/f8f50c02-bebd-3ef8-8d1b-904c20b10eb9/Blue-Archive-Utazumi-Sakurako-1-7_34768fa9-aee6-3acb-9f64-1d5c32bcda74.jpg|https://cdn.myfigurelist.com/figure-images/f8f50c02-bebd-3ef8-8d1b-904c20b10eb9/Blue-Archive-Utazumi-Sakurako-1-7_b8f3a2b3-5813-3560-9afa-f4f4e1d8cb3c.jpg,[],20000,20000,20000,0,1,2026-09-27T02:18:31.198051Z,1.0,"[""csv""]"
23037,MyFigureList,https://myfigurelist.com/figure/23037/The-maid-dragon-of-Kobayashi-san-Tohru-Cow-Pattern-Bikini-Ver-1-7-Complete-Figure,The maid dragon of Kobayashi-san Tohru Cow Pattern Bikini Ver. 1/7 Complete Figure,,,AMAKUNI,Scale Figure,2025-08-01,1/7,Hizumi Himizu,24,,https://cdn.myfigurelist.com/figure-images/4981932523156/The-maid-dragon-of-Kobayashi-san-Tohru-Cow-Pattern-Bikini-Ver-1-7-Complete-Figure_131382ed-0ed5-47d9-b97a-e21287ede221.jpg|https://cdn.myfigurelist.com/figure-images/4981932523156/The-maid-dragon-of-Kobayashi-san-Tohru-Cow-Pattern-Bikini-Ver-1-7-Complete-Figure_1f79de52-95f8-4344-aca1-edf4d12fd7eb.jpg|https://cdn.myfigurelist.com/figure-images/4981932523156/The-maid-dragon-of-Kobayashi-san-Tohru-Cow-Pattern-Bikini-Ver-1-7-Complete-Figure_2671ef5e-9c0d-4666-bf35-041dbdae7379.jpg|https://cdn.myfigurelist.com/figure-images/4981932523156/The-maid-dragon-of-Kobayashi-san-Tohru-Cow-Pattern-Bikini-Ver-1-7-Complete-Figure_574b1119-4b16-414d-a61a-933323388442.jpg|https://cdn.myfigurelist.com/figure-images/4981932523156/The-maid-dragon-of-Kobayashi-san-Tohru-Cow-Pattern-Bikini-Ver-1-7-Complete-Figure_a7dba0f5-4f30-44be-9f31-61cf6104e506.jpg|https://cdn.myfigurelist.com/figure-images/4981932523156/The-maid-dragon-of-Kobayashi-san-Tohru-Cow-Pattern-Bikini-Ver-1-7-Complete-Figure_a32ab39e-123d-4e9e-be31-afc0fb3d5383.jpg|https://cdn.myfigurelist.com/figure-images/4981932523156/The-maid-dragon-of-Kobayashi-san-Tohru-Cow-Pattern-Bikini-Ver-1-7-Complete-Figure_9b5a3468-3238-4103-bafa-495b4e1db15b.jpg|https://cdn.myfigurelist.com/figure-images/4981932523156/The-maid-dragon-of-Kobayashi-san-Tohru-Cow-Pattern-Bikini-Ver-1-7-Complete-Figure_2dc2a6c5-1a94-4af9-a05d-22ea7474ebf8.jpg|https://cdn.myfigurelist.com/figure-images/4981932523156/The-maid-dragon-of-Kobayashi-san-Tohru-Cow-Pattern-Bikini-Ver-1-7-Complete-Figure_fe346cae-916c-40ad-8fb7-ab6d9498de07.jpg|https://cdn.myfigurelist.com/figure-images/4981932523156/The-maid-dragon-of-Kobayashi-san-Tohru-Cow-Pattern-Bikini-Ver-1-7-Complete-Figure_f03646b5-8b0e-47fc-bca6-0f956f2b1afa.jpg|https://cdn.myfigurelist.com/figure-images/4981932523156/The-maid-dragon-of-Kobayashi-san-Tohru-Cow-Pattern-Bikini-Ver-1-7-Complete-Figure_bd60f556-a278-4959-ae58-0ee290a22d7d.jpg|https://cdn.myfigurelist.com/figure-images/4981932523156/The-maid-dragon-of-Kobayashi-san-Tohru-Cow-Pattern-Bikini-Ver-1-7-Complete-Figure_1c5c9622-818d-4138-9864-35e09787ba5c.jpg|https://cdn.myfigurelist.com/figure-images/4981932523156/The-maid-dragon-of-Kobayashi-san-Tohru-Cow-Pattern-Bikini-Ver-1-7-Complete-Figure_6d029ef5-0079-4aa3-9e62-264c7ec6f42b.jpg,[],,,,0,0,2026-09-27T02:18:31.887003Z,1.0,"[""csv""]"
104558,MyFigureList,https://myfigurelist.com/figure/104558/Pocket-Monsters-Koduck-Pocket-Monsters-Pyokopuni,Pocket Monsters - Koduck - Pocket Monsters Pyokopuni,,,Takara Tomy,Anime Figure,2024-12-28,,,11,,https://cdn.myfigurelist.com/figure-images/af9d4f8d-368f-3fb5-922f-4b9d645ed0b4/Pocket-Monsters-Koduck-Pocket-Monsters-Pyokopuni_139d4642-f0f8-355d-bc5e-4c4bdb86bf9c.jpg,[],,,,0,0,2026-09-27T02:18:32.867683Z,1.0,"[""csv""]"
114881,MyFigureList,https://myfigurelist.com/figure/114881/Biohazard-0-Rebecca-Chambers-1-6-Alternate-Costume,Biohazard 0 - Rebecca Chambers - 1/6 - Alternate Costume,,,Vanilla Chop,Scale Figure,2008-05-05,1/6,,,,https://cdn.myfigurelist.com/figure-images/d7bfa53c-c0a2-3813-8f6d-f3f31a2adf4f/Biohazard-0-Rebecca-Chambers-1-6-Alternate-Costume_69293702-5df0-38ec-b07c-fd192a8337e8.jpg,[],8000,8000,8000,0,1,2026-09-27T02:18:34.358609Z,1.0,"[""csv""]"
20033,MyFigureList,https://myfigurelist.com/figure/20033/Dragon-Ball-Arise-Perfect-Cell-Complete-Figure,Dragon Ball Arise Perfect Cell Complete Figure,,,PLEX,Scale Figure,2024-11-01,Non-Scale,,33,,https://cdn.myfigurelist.com/figure-images/4562351891356/Dragon-Ball-Arise-Perfect-Cell-Complete-Figure_2bd82067-7457-4b0c-96c5-cb7d5607fd54.jpg|https://cdn.myfigurelist.com/figure-images/4562351891356/Dragon-Ball-Arise-Perfect-Cell-Complete-Figure_3e64d609-6e03-494d-a85f-dfdb5add5b2b.jpg|https://cdn.myfigurelist.com/figure-images/4562351891356/Dragon-Ball-Arise-Perfect-Cell-Complete-Figure_1af75be5-b50c-4771-861b-6ef9d2cc954f.jpg|https://cdn.myfigurelist.com/figure-images/4562351891356/Dragon-Ball-Arise-Perfect-Cell-Complete-Figure_8b0a9afd-543b-4ee7-b8b6-ebb47ee0462e.jpg,[],,,,0,0,2026-09-27T02:18:36.213066Z,1.0,"[""csv""]"
61103,MyFigureList,https://myfigurelist.com/figure/61103/DIGACTION-Baki-Hanma-Retsu-Kaioh-Posable-Figure,"DIGACTION ""Baki Hanma"" Retsu Kaioh Posable Figure",,,DIG,Scale Figure,2026-03-01,1/24,"Uehara Hajime, Toru Takemoto",7,,https://cdn.myfigurelist.com/figure-images/09af6786-5e86-41a1-ba88-5555d718d9b9/DIGACTION-Baki-Hanma-Retsu-Kaioh-Posable-Figure_6afcc96b-1fca-470f-b9a7-6826e77c91d0.jpg|https://cdn.myfigurelist.com/figure-images/09af6786-5e86-41a1-ba88-5555d718d9b9/DIGACTION-Baki-Hanma-Retsu-Kaioh-Posable-Figure_9d0b8001-6b14-4b90-a906-3b6d6d91edca.jpg|https://cdn.myfigurelist.com/figure-images/09af6786-5e86-41a1-ba88-5555d718d9b9/DIGACTION-Baki-Hanma-Retsu-Kaioh-Posable-Figure_c7ff7cc1-0a7e-4199-9054-af2e9f31ccc0.jpg|https://cdn.myfigurelist.com/figure-images/09af6786-5e86-41a1-ba88-5555d718d9b9/DIGACTION-Baki-Hanma-Retsu-Kaioh-Posable-Figure_8e199c08-7ea4-414c-a71a-a8cc65f085ab.jpg|https://cdn.myfigurelist.com/figure-images/09af6786-5e86-41a1-ba88-5555d718d9b9/DIGACTION-Baki-Hanma-Retsu-Kaioh-Posable-Figure_a9de4b8a-42ed-4738-b43c-8c1d8640d895.jpg|https://cdn.myfigurelist.com/figure-images/09af6786-5e86-41a1-ba88-5555d718d9b9/DIGACTION-Baki-Hanma-Retsu-Kaioh-Posable-Figure_379814fb-0135-457c-8202-18ea87bc3429.jpg|https://cdn.myfigurelist.com/figure-images/09af6786-5e86-41a1-ba88-5555d718d9b9/DIGACTION-Baki-Hanma-Retsu-Kaioh-Posable-Figure_957621d7-3707-4c0a-b9b1-0c040c3efbd8.jpg|https://cdn.myfigurelist.com/figure-images/09af6786-5e86-41a1-ba88-5555d718d9b9/DIGACTION-Baki-Hanma-Retsu-Kaioh-Posable-Figure_6ce01e3f-f050-4cfc-9401-42222600333e.jpg|https://cdn.myfigurelist.com/figure-images/09af6786-5e86-41a1-ba88-5555d718d9b9/DIGACTION-Baki-Hanma-Retsu-Kaioh-Posable-Figure_d9cc9ece-458a-481b-9280-cb26c19192bb.jpg|https://cdn.myfigurelist.com/figure-images/09af6786-5e86-41a1-ba88-5555d718d9b9/DIGACTION-Baki-Hanma-Retsu-Kaioh-Posable-Figure_a1c063e9-f239-4a8b-88da-e9367e51db68.jpg|https://cdn.myfigurelist.com/figure-images/09af6786-5e86-41a1-ba88-5555d718d9b9/DIGACTION-Baki-Hanma-Retsu-Kaioh-Posable-Figure_1d0dbe3b-bae5-4f6e-97ef-7cc684b5a780.jpg|https://cdn.myfigurelist.com/figure-images/09af6786-5e86-41a1-ba88-5555d718d9b9/DIGACTION-Baki-Hanma-Retsu-Kaioh-Posable-Figure_4f4f7f5d-6c28-4575-9028-4d9d8bf0f5e9.jpg|https://cdn.myfigurelist.com/figure-images/09af6786-5e86-41a1-ba88-5555d718d9b9/DIGACTION-Baki-Hanma-Retsu-Kaioh-Posable-Figure_aaf8df02-7284-4d0b-8d57-78bda9e7cc5f.jpg|https://cdn.myfigurelist.com/figure-images/09af6786-5e86-41a1-ba88-5555d718d9b9/DIGACTION-Baki-Hanma-Retsu-Kaioh-Posable-Figure_2c1bdbab-28bc-4a2c-93e1-27f8845a4edc.jpg|https://cdn.myfigurelist.com/figure-images/09af6786-5e86-41a1-ba88-5555d718d9b9/DIGACTION-Baki-Hanma-Retsu-Kaioh-Posable-Figure_87f166a6-09e7-4f5a-b0e7-c226002790a0.jpg|https://cdn.myfigurelist.com/figure-images/09af6786-5e86-41a1-ba88-5555d718d9b9/DIGACTION-Baki-Hanma-Retsu-Kaioh-Posable-Figure_ee89f735-b1ce-4d70-bd99-749ec46dfc4b.jpg,[],,,,0,0,2026-09-27T02:18:40.182708Z,1.0,"[""csv""]"
52389,MyFigureList,https://myfigurelist.com/figure/52389/SeKirara-Kagura-Aya-Figma-SP-010-Morning-Coffee,Se.Kirara - Kagura Aya - Figma  (#SP-010) - Morning Coffee,,,Max Factory,Scale Figure,2010-03-01,Non-Scale,Asai (APSY) Masaki,15,,https://cdn.myfigurelist.com/figure-images/6de6a972-fe38-378f-b9f7-446ca663d094/SeKirara-Kagura-Aya-Figma-SP-010-Morning-Coffee_bdbbb163-a4e7-384d-8570-a6aca6746d79.jpg|https://cdn.myfigurelist.com/figure-images/6de6a972-fe38-378f-b9f7-446ca663d094/SeKirara-Kagura-Aya-Figma-SP-010-Morning-Coffee_d3af0a65-4724-325e-99c2-855e05072675.jpg|https://cdn.myfigurelist.com/figure-images/6de6a972-fe38-378f-b9f7-446ca663d094/SeKirara-Kagura-Aya-Figma-SP-010-Morning-Coffee_e2861d3e-a5ab-3f2b-a5c5-1fcf56f57d89.jpg|https://cdn.myfigurelist.com/figure-images/6de6a972-fe38-378f-b9f7-446ca663d094/SeKirara-Kagura-Aya-Figma-SP-010-Morning-Coffee_1c53f368-2c88-34bc-9135-a3d530cfc66b.jpg|https://cdn.myfigurelist.com/figure-images/6de6a972-fe38-378f-b9f7-446ca663d094/SeKirara-Kagura-Aya-Figma-SP-010-Morning-Coffee_abcdb603-f602-3995-9695-72233e53eb09.jpg|https://cdn.myfigurelist.com/figure-images/6de6a972-fe38-378f-b9f7-446ca663d094/SeKirara-Kagura-Aya-Figma-SP-010-Morning-Coffee_fabe496c-fac8-3d8c-a6d3-57e4fda5ad6f.jpg|https://cdn.myfigurelist.com/figure-images/6de6a972-fe38-378f-b9f7-446ca663d094/SeKirara-Kagura-Aya-Figma-SP-010-Morning-Coffee_d03750c4-022a-3af1-8c84-b2e6a25e9ca9.jpg|https://cdn.myfigurelist.com/figure-images/6de6a972-fe38-378f-b9f7-446ca663d094/SeKirara-Kagura-Aya-Figma-SP-010-Morning-Coffee_f4903f7c-787b-35fd-85b1-b8eda54775e2.jpg|https://cdn.myfigurelist.com/figure-images/6de6a972-fe38-378f-b9f7-446ca663d094/SeKirara-Kagura-Aya-Figma-SP-010-Morning-Coffee_193e4903-8f8c-3ce4-a87a-4f247160a5da.jpg|https://cdn.myfigurelist.com/figure-images/6de6a972-fe38-378f-b9f7-446ca663d094/SeKirara-Kagura-Aya-Figma-SP-010-Morning-Coffee_fe6e1180-02d3-3516-bcf1-c1ddc1230ff6.jpg,[],,,,0,0,2026-09-27T02:18:40.820614Z,1.0,"[""csv""]"
66084,MyFigureList,https://myfigurelist.com/figure/66084/Nikukan-Girl-Bakunyuu-Succubus-Rubellite-1-6,Nikukan Girl - Bakunyuu Succubus Rubellite - 1/6,,,Insight,Scale Figure,2026-09-01,1/6,Hiragana,17,,https://cdn.myfigurelist.com/figure-images/10501938-dc98-361d-bc27-c9ae4216cb90/Nikukan-Girl-Bakunyuu-Succubus-Rubellite-1-6_65a0eb4f-2716-36aa-9e1b-556aab26586c.jpg|https://cdn.myfigurelist.com/figure-images/10501938-dc98-361d-bc27-c9ae4216cb90/Nikukan-Girl-Bakunyuu-Succubus-Rubellite-1-6_9818e4f7-7def-38c6-b253-0f6a549ee5ac.jpg|https://cdn.myfigurelist.com/figure-images/10501938-dc98-361d-bc27-c9ae4216cb90/Nikukan-Girl-Bakunyuu-Succubus-Rubellite-1-6_fecaaaee-4004-3de9-a309-df375db54de9.jpg|https://cdn.myfigurelist.com/figure-images/10501938-dc98-361d-bc27-c9ae4216cb90/Nikukan-Girl-Bakunyuu-Succubus-Rubellite-1-6_9d95896a-bf4f-361c-94c0-c3e54a6dbdb5.jpg|https://cdn.myfigurelist.com/figure-images/10501938-dc98-361d-bc27-c9ae4216cb90/Nikukan-Girl-Bakunyuu-Succubus-Rubellite-1-6_62a4416d-79c1-3515-941f-aa0593fbec34.jpg|https://cdn.myfigurelist.com/figure-images/10501938-dc98-361d-bc27-c9ae4216cb90/Nikukan-Girl-Bakunyuu-Succubus-Rubellite-1-6_d8e564c3-affa-308f-910a-83303d93a7ff.jpg|https://cdn.myfigurelist.com/figure-images/10501938-dc98-361d-bc27-c9ae4216cb90/Nikukan-Girl-Bakunyuu-Succubus-Rubellite-1-6_047442ed-13e3-3cc5-88c8-33489defa5e3.jpg|https://cdn.myfigurelist.com/figure-images/10501938-dc98-361d-bc27-c9ae4216cb90/Nikukan-Girl-Bakunyuu-Succubus-Rubellite-1-6_a9fc44e2-ba90-330a-9179-b2d38998350a.jpg|https://cdn.myfigurelist.com/figure-images/10501938-dc98-361d-bc27-c9ae4216cb90/Nikukan-Girl-Bakunyuu-Succubus-Rubellite-1-6_dc933c85-efb3-36fe-b51b-0b80d9c5abc8.jpg|https://cdn.myfigurelist.com/figure-images/10501938-dc98-361d-bc27-c9ae4216cb90/Nikukan-Girl-Bakunyuu-Succubus-Rubellite-1-6_0e640161-2b24-359e-8b0e-833a45f0a712.jpg|https://cdn.myfigurelist.com/figure-images/10501938-dc98-361d-bc27-c9ae4216cb90/Nikukan-Girl-Bakunyuu-Succubus-Rubellite-1-6_a1cc94d0-f9a3-37ea-912d-3185a66a11b1.jpg|https://cdn.myfigurelist.com/figure-images/10501938-dc98-361d-bc27-c9ae4216cb90/Nikukan-Girl-Bakunyuu-Succubus-Rubellite-1-6_98b60b14-c8bc-3787-943b-d2f693ea959c.jpg|https://cdn.myfigurelist.com/figure-images/10501938-dc98-361d-bc27-c9ae4216cb90/Nikukan-Girl-Bakunyuu-Succubus-Rubellite-1-6_038995ea-343c-33ec-957f-5f4dd8b46905.jpg|https://cdn.myfigurelist.com/figure-images/10501938-dc98-361d-bc27-c9ae4216cb90/Nikukan-Girl-Bakunyuu-Succubus-Rubellite-1-6_e8af7e1f-ac81-3448-8156-796201279b90.jpg|https://cdn.myfigurelist.com/figure-images/10501938-dc98-361d-bc27-c9ae4216cb90/Nikukan-Girl-Bakunyuu-Succubus-Rubellite-1-6_6fb8888d-3191-3590-b7d8-515f5ebc1e9e.jpg|https://cdn.myfigurelist.com/figure-images/10501938-dc98-361d-bc27-c9ae4216cb90/Nikukan-Girl-Bakunyuu-Succubus-Rubellite-1-6_fefbc872-d874-35b6-a655-032fe8874cee.jpg|https://cdn.myfigurelist.com/figure-images/10501938-dc98-361d-bc27-c9ae4216cb90/Nikukan-Girl-Bakunyuu-Succubus-Rubellite-1-6_63f968d8-0d04-3bd7-9fa5-77e1c7ce8571.jpg|https://cdn.myfigurelist.com/figure-images/10501938-dc98-361d-bc27-c9ae4216cb90/Nikukan-Girl-Bakunyuu-Succubus-Rubellite-1-6_fdaf355f-c5c9-3701-ad03-28f231596494.jpg|https://cdn.myfigurelist.com/figure-images/10501938-dc98-361d-bc27-c9ae4216cb90/Nikukan-Girl-Bakunyuu-Succubus-Rubellite-1-6_d625429c-47ee-3525-b2c1-bb017657433a.jpg|https://cdn.myfigurelist.com/figure-images/10501938-dc98-361d-bc27-c9ae4216cb90/Nikukan-Girl-Bakunyuu-Succubus-Rubellite-1-6_adba241c-2f03-3598-9f88-9eda92e1c89f.jpg|https://cdn.myfigurelist.com/figure-images/10501938-dc98-361d-bc27-c9ae4216cb90/Nikukan-Girl-Bakunyuu-Succubus-Rubellite-1-6_23fda9d2-8f5c-3a63-ad1c-94fb8321672f.jpg,[],,,,0,0,2026-09-27T02:18:41.795137Z,1.0,"[""csv""]"
15568,MyFigureList,https://myfigurelist.com/figure/15568/Nendoroid-Transformers-Optimus-Prime-G1-Ver,Nendoroid Transformers Optimus Prime [G1 Ver.],,,Sentinel,Scale Figure,2022-05-01,Non-Scale,Toyhouse,11,,https://cdn.myfigurelist.com/figure-images/4571335884529/Nendoroid-Transformers-Optimus-Prime-G1-Ver_d7c8d81b-f253-4aee-93d4-52d74dd6df61.jpg|https://cdn.myfigurelist.com/figure-images/4571335884529/Nendoroid-Transformers-Optimus-Prime-G1-Ver_3c230e43-eced-4b99-9ced-240cb75163e1.jpg|https://cdn.myfigurelist.com/figure-images/4571335884529/Nendoroid-Transformers-Optimus-Prime-G1-Ver_83b59add-50cd-4ff1-ac8f-bf3343b7f877.jpg|https://cdn.myfigurelist.com/figure-images/4571335884529/Nendoroid-Transformers-Optimus-Prime-G1-Ver_282e3b9f-06a2-474a-8ec0-1893b1396fcd.jpg|https://cdn.myfigurelist.com/figure-images/4571335884529/Nendoroid-Transformers-Optimus-Prime-G1-Ver_81ae872c-fb85-4729-89bc-822760c1338a.jpg|https://cdn.myfigurelist.com/figure-images/4571335884529/Nendoroid-Transformers-Optimus-Prime-G1-Ver_35074db0-ad04-4a13-b6b3-b0fc7ce6cec4.jpg,[],,,,0,0,2026-09-27T02:18:43.141645Z,1.0,"[""csv""]"
97903,MyFigureList,https://myfigurelist.com/figure/97903/Transformers-2007-Convoy-Studio-Series-SS-25-Voyager-Class-Optimus-Prime,Transformers (2007) - Convoy - Studio Series  (SS-25) - Voyager Class - Optimus Prime,,,Takara Tomy,Anime Figure,2019-03-21,,,,,https://cdn.myfigurelist.com/figure-images/94384661-d322-37b8-a9cc-8f2c335c6fe9/Transformers-2007-Convoy-Studio-Series-SS-25-Voyager-Class-Optimus-Prime_2b953cad-8809-3293-b130-fa609a3913b6.jpg|https://cdn.myfigurelist.com/figure-images/94384661-d322-37b8-a9cc-8f2c335c6fe9/Transformers-2007-Convoy-Studio-Series-SS-25-Voyager-Class-Optimus-Prime_0ade7f4b-06a1-3b33-b612-cbd9817e835b.jpg|https://cdn.myfigurelist.com/figure-images/94384661-d322-37b8-a9cc-8f2c335c6fe9/Transformers-2007-Convoy-Studio-Series-SS-25-Voyager-Class-Optimus-Prime_a894d2b2-3615-3561-a98e-ef212d736792.jpg|https://cdn.myfigurelist.com/figure-images/94384661-d322-37b8-a9cc-8f2c335c6fe9/Transformers-2007-Convoy-Studio-Series-SS-25-Voyager-Class-Optimus-Prime_ede244af-a29f-3875-b2c5-48d6f568d8a1.jpg,[],,,,0,0,2026-09-27T02:18:43.763103Z,1.0,"[""csv""]"
97902,MyFigureList,https://myfigurelist.com/figure/97902/Digimon-WarGreymon-Digimon-x-Youtooz-1-Youtooz,Digimon - WarGreymon - Digimon x Youtooz  (#1) - Youtooz,,,,Anime Figure,2025-03-26,,,,,https://cdn.myfigurelist.com/figure-images/94385737-3305-3573-a2a7-ef847e946b5d/Digimon-WarGreymon-Digimon-x-Youtooz-1-Youtooz_a4c7ad46-91fb-3783-9091-01202c50c0eb.jpg|https://cdn.myfigurelist.com/figure-images/94385737-3305-3573-a2a7-ef847e946b5d/Digimon-WarGreymon-Digimon-x-Youtooz-1-Youtooz_fec74170-e59e-3fec-b1d9-286a8b22bd7c.jpg|https://cdn.myfigurelist.com/figure-images/94385737-3305-3573-a2a7-ef847e946b5d/Digimon-WarGreymon-Digimon-x-Youtooz-1-Youtooz_120473b0-08df-3149-b248-67d907e18505.jpg,[],4509,4509,4509,0,1,2026-09-27T02:18:44.627322Z,1.0,"[""csv""]"
97901,MyFigureList,https://myfigurelist.com/figure/97901/Yu-Yu-Hakusho-Youko-Kurama-Ichiban-Kuji-Ichiban-Kuji-Yu-Yu-Hakusho-Ankoku-Bujutsukai-hen-Vol-3-Last-One-Prize-Masterlise,Yu Yu Hakusho - Youko Kurama - Ichiban Kuji - Ichiban Kuji Yu Yu Hakusho Ankoku Bujutsukai-hen Vol. 3  (Last One Prize) - Masterlise,,,BANDAI SPIRITS,Anime Figure,2026-03-07,,,26,,https://cdn.myfigurelist.com/figure-images/9439e4c7-5f8c-3903-82fe-3ece66992ce7/Yu-Yu-Hakusho-Youko-Kurama-Ichiban-Kuji-Ichiban-Kuji-Yu-Yu-Hakusho-Ankoku-Bujutsukai-hen-Vol-3-Last-One-Prize-Masterlise_f5d0a8b1-df91-39eb-9880-7b818992b245.jpg|https://cdn.myfigurelist.com/figure-images/9439e4c7-5f8c-3903-82fe-3ece66992ce7/Yu-Yu-Hakusho-Youko-Kurama-Ichiban-Kuji-Ichiban-Kuji-Yu-Yu-Hakusho-Ankoku-Bujutsukai-hen-Vol-3-Last-One-Prize-Masterlise_f24baf58-e89c-382b-8302-fa885da928e8.jpg|https://cdn.myfigurelist.com/figure-images/9439e4c7-5f8c-3903-82fe-3ece66992ce7/Yu-Yu-Hakusho-Youko-Kurama-Ichiban-Kuji-Ichiban-Kuji-Yu-Yu-Hakusho-Ankoku-Bujutsukai-hen-Vol-3-Last-One-Prize-Masterlise_3ce5fc38-35c4-3bb5-b13b-7b539ed973bd.jpg|https://cdn.myfigurelist.com/figure-images/9439e4c7-5f8c-3903-82fe-3ece66992ce7/Yu-Yu-Hakusho-Youko-Kurama-Ichiban-Kuji-Ichiban-Kuji-Yu-Yu-Hakusho-Ankoku-Bujutsukai-hen-Vol-3-Last-One-Prize-Masterlise_5bf5d86f-1210-3ca9-8659-61c33b3bdd99.jpg|https://cdn.myfigurelist.com/figure-images/9439e4c7-5f8c-3903-82fe-3ece66992ce7/Yu-Yu-Hakusho-Youko-Kurama-Ichiban-Kuji-Ichiban-Kuji-Yu-Yu-Hakusho-Ankoku-Bujutsukai-hen-Vol-3-Last-One-Prize-Masterlise_727cfdd6-2916-3fe6-a25d-823748d11a79.jpg|https://cdn.myfigurelist.com/figure-images/9439e4c7-5f8c-3903-82fe-3ece66992ce7/Yu-Yu-Hakusho-Youko-Kurama-Ichiban-Kuji-Ichiban-Kuji-Yu-Yu-Hakusho-Ankoku-Bujutsukai-hen-Vol-3-Last-One-Prize-Masterlise_2491344c-fb49-339a-933f-fbedff2f7cc2.jpg|https://cdn.myfigurelist.com/figure-images/9439e4c7-5f8c-3903-82fe-3ece66992ce7/Yu-Yu-Hakusho-Youko-Kurama-Ichiban-Kuji-Ichiban-Kuji-Yu-Yu-Hakusho-Ankoku-Bujutsukai-hen-Vol-3-Last-One-Prize-Masterlise_f5635528-9507-3ed2-abd8-8c4d745bc9dd.jpg,[],,,,0,0,2026-09-27T02:18:45.424930Z,1.0,"[""csv""]"
27618,MyFigureList,https://myfigurelist.com/figure/27618/Danganronpa-Kibou-no-Gakuen-to-Zetsubou-no-Koukousei-Celestia-Ludenberg-B-style-1-4-Bunny-Ver,Danganronpa Kibou no Gakuen to Zetsubou no Koukousei - Celestia Ludenberg - B-style - 1/4 - Bunny Ver.,,,FREEing,Scale Figure,2025-09-01,1/4,Kawamura Kyouichi,26,,https://cdn.myfigurelist.com/figure-images/4570001513749/Danganronpa-Kibou-no-Gakuen-to-Zetsubou-no-Koukousei-Celestia-Ludenberg-B-style-1-4-Bunny-Ver_a8b9f019-581e-3851-8a3c-99477162e4b2.jpg|https://cdn.myfigurelist.com/figure-images/4570001513749/Danganronpa-Kibou-no-Gakuen-to-Zetsubou-no-Koukousei-Celestia-Ludenberg-B-style-1-4-Bunny-Ver_892e2905-919e-3b47-93f8-372b6bd5258c.jpg|https://cdn.myfigurelist.com/figure-images/4570001513749/Danganronpa-Kibou-no-Gakuen-to-Zetsubou-no-Koukousei-Celestia-Ludenberg-B-style-1-4-Bunny-Ver_04acb9d1-1cbe-3ab4-8b37-094ae0a37be4.jpg|https://cdn.myfigurelist.com/figure-images/4570001513749/Danganronpa-Kibou-no-Gakuen-to-Zetsubou-no-Koukousei-Celestia-Ludenberg-B-style-1-4-Bunny-Ver_05dd095d-ab50-3220-9eb8-0c327cf61f53.jpg|https://cdn.myfigurelist.com/figure-images/4570001513749/Danganronpa-Kibou-no-Gakuen-to-Zetsubou-no-Koukousei-Celestia-Ludenberg-B-style-1-4-Bunny-Ver_c02212eb-7439-308b-bae8-ae31b1aec589.jpg|https://cdn.myfigurelist.com/figure-images/4570001513749/Danganronpa-Kibou-no-Gakuen-to-Zetsubou-no-Koukousei-Celestia-Ludenberg-B-style-1-4-Bunny-Ver_ba4b7af9-c033-392a-9b90-44521be40029.jpg|https://cdn.myfigurelist.com/figure-images/4570001513749/Danganronpa-Kibou-no-Gakuen-to-Zetsubou-no-Koukousei-Celestia-Ludenberg-B-style-1-4-Bunny-Ver_48c1342d-1dcd-3abe-9b3b-5b0242b49698.jpg|https://cdn.myfigurelist.com/figure-images/4570001513749/Danganronpa-Kibou-no-Gakuen-to-Zetsubou-no-Koukousei-Celestia-Ludenberg-B-style-1-4-Bunny-Ver_39f148c6-cf16-3d53-9bc5-2d3ea5589542.jpg|https://cdn.myfigurelist.com/figure-images/4570001513749/Danganronpa-Kibou-no-Gakuen-to-Zetsubou-no-Koukousei-Celestia-Ludenberg-B-style-1-4-Bunny-Ver_9dfd0035-e8c4-3f6e-b76d-39069669d6ce.jpg|https://cdn.myfigurelist.com/figure-images/4570001513749/Danganronpa-Kibou-no-Gakuen-to-Zetsubou-no-Koukousei-Celestia-Ludenberg-B-style-1-4-Bunny-Ver_87573548-b7d4-3eed-a21c-983aab04dcc6.jpg,[],,,,0,0,2026-09-27T02:18:46.334656Z,1.0,"[""csv""]"
20056,MyFigureList,https://myfigurelist.com/figure/20056/GMG-COLLECTION-01-Mobile-Suit-Gundam-Earth-Federation-Forces-Amuro-Ray-Posable-Figure,G.M.G. COLLECTION 01 Mobile Suit Gundam Earth Federation Forces Amuro Ray Posable Figure,,,MegaHouse,Scale Figure,2025-03-01,Non-Scale,,10,,https://cdn.myfigurelist.com/figure-images/4535123842160/GMG-COLLECTION-01-Mobile-Suit-Gundam-Earth-Federation-Forces-Amuro-Ray-Posable-Figure_482fae71-0b70-40e0-bfe5-599c9f971552.jpg|https://cdn.myfigurelist.com/figure-images/4535123842160/GMG-COLLECTION-01-Mobile-Suit-Gundam-Earth-Federation-Forces-Amuro-Ray-Posable-Figure_b8f863ad-6176-454a-8e95-0752b562f406.jpg|https://cdn.myfigurelist.com/figure-images/4535123842160/GMG-COLLECTION-01-Mobile-Suit-Gundam-Earth-Federation-Forces-Amuro-Ray-Posable-Figure_f6644476-666e-4c9d-aacb-f4625eed6e23.jpg|https://cdn.myfigurelist.com/figure-images/4535123842160/GMG-COLLECTION-01-Mobile-Suit-Gundam-Earth-Federation-Forces-Amuro-Ray-Posable-Figure_9ef80558-2e9f-46b7-a901-67c9f95ec7da.jpg|https://cdn.myfigurelist.com/figure-images/4535123842160/GMG-COLLECTION-01-Mobile-Suit-Gundam-Earth-Federation-Forces-Amuro-Ray-Posable-Figure_7605bde5-72c4-40f9-b01f-86248f074d89.jpg|https://cdn.myfigurelist.com/figure-images/4535123842160/GMG-COLLECTION-01-Mobile-Suit-Gundam-Earth-Federation-Forces-Amuro-Ray-Posable-Figure_bf76be41-00c9-42bd-ab6f-60959fcc2c76.jpg,[],,,,0,0,2026-09-27T02:18:46.869094Z,1.0,"[""csv""]"
30983,MyFigureList,https://myfigurelist.com/figure/30983/Goddess-of-Victory-Nikke-Emma-1-6-Racing,Goddess of Victory: Nikke - Emma - 1/6 - Racing,,,Spiderk,Scale Figure,2025-02-09,1/6,Spider Kwak,30,,https://cdn.myfigurelist.com/figure-images/32bf5a30-c65c-33e0-ad88-c877263047ef/Goddess-of-Victory-Nikke-Emma-1-6-Racing_406f7c2b-8ee5-33ab-b72a-2d30b3641024.jpg,[],,,,0,0,2026-09-27T02:18:59.279788Z,1.0,"[""csv""]"
64697,MyFigureList,https://myfigurelist.com/figure/64697/Nikukan-Girl-Yuujin-no-Ane-Hanaki-Shizuku-1-6,Nikukan Girl - Yuujin no Ane Hanaki Shizuku - 1/6,,,Insight,Scale Figure,2026-09-01,1/6,Hiragana,24,,https://cdn.myfigurelist.com/figure-images/0aacef03-49ca-3db0-b1cb-9e6336cb05ae/Nikukan-Girl-Yuujin-no-Ane-Hanaki-Shizuku-1-6_57b8012e-bb4b-3e19-b838-15ef2cf6d9f5.jpg|https://cdn.myfigurelist.com/figure-images/0aacef03-49ca-3db0-b1cb-9e6336cb05ae/Nikukan-Girl-Yuujin-no-Ane-Hanaki-Shizuku-1-6_7ca925ac-1076-310f-a690-01cac9e2fb3b.jpg|https://cdn.myfigurelist.com/figure-images/0aacef03-49ca-3db0-b1cb-9e6336cb05ae/Nikukan-Girl-Yuujin-no-Ane-Hanaki-Shizuku-1-6_e98d5824-f217-37a4-a3b5-20088a540874.jpg|https://cdn.myfigurelist.com/figure-images/0aacef03-49ca-3db0-b1cb-9e6336cb05ae/Nikukan-Girl-Yuujin-no-Ane-Hanaki-Shizuku-1-6_e1875a65-27bb-3e8b-81d1-a2dd17eb0fd0.jpg|https://cdn.myfigurelist.com/figure-images/0aacef03-49ca-3db0-b1cb-9e6336cb05ae/Nikukan-Girl-Yuujin-no-Ane-Hanaki-Shizuku-1-6_869e10af-cdfc-3059-af5f-3ac790052b96.jpg|https://cdn.myfigurelist.com/figure-images/0aacef03-49ca-3db0-b1cb-9e6336cb05ae/Nikukan-Girl-Yuujin-no-Ane-Hanaki-Shizuku-1-6_96c53a71-f26c-3755-850d-3f65f91f3ef2.jpg|https://cdn.myfigurelist.com/figure-images/0aacef03-49ca-3db0-b1cb-9e6336cb05ae/Nikukan-Girl-Yuujin-no-Ane-Hanaki-Shizuku-1-6_c0ffb38d-bbba-31bf-8c5d-21688996964b.jpg|https://cdn.myfigurelist.com/figure-images/0aacef03-49ca-3db0-b1cb-9e6336cb05ae/Nikukan-Girl-Yuujin-no-Ane-Hanaki-Shizuku-1-6_84c022c0-4333-369d-bf71-1052b843313d.jpg|https://cdn.myfigurelist.com/figure-images/0aacef03-49ca-3db0-b1cb-9e6336cb05ae/Nikukan-Girl-Yuujin-no-Ane-Hanaki-Shizuku-1-6_6608076d-5897-3220-aa6b-78a8c18cb557.jpg|https://cdn.myfigurelist.com/figure-images/0aacef03-49ca-3db0-b1cb-9e6336cb05ae/Nikukan-Girl-Yuujin-no-Ane-Hanaki-Shizuku-1-6_950340ba-861f-3128-bb07-45f2fbb74166.jpg|https://cdn.myfigurelist.com/figure-images/0aacef03-49ca-3db0-b1cb-9e6336cb05ae/Nikukan-Girl-Yuujin-no-Ane-Hanaki-Shizuku-1-6_38aa1a9c-2345-3ed9-86b3-b181c732e2cb.jpg|https://cdn.myfigurelist.com/figure-images/0aacef03-49ca-3db0-b1cb-9e6336cb05ae/Nikukan-Girl-Yuujin-no-Ane-Hanaki-Shizuku-1-6_451683f8-01f4-3b51-a311-6a622ddb4ffd.jpg|https://cdn.myfigurelist.com/figure-images/0aacef03-49ca-3db0-b1cb-9e6336cb05ae/Nikukan-Girl-Yuujin-no-Ane-Hanaki-Shizuku-1-6_90a3a6b7-b26b-349d-9fd1-ca9ff30aef66.jpg|https://cdn.myfigurelist.com/figure-images/0aacef03-49ca-3db0-b1cb-9e6336cb05ae/Nikukan-Girl-Yuujin-no-Ane-Hanaki-Shizuku-1-6_70e185e0-230c-3452-b6b6-d19c80dd2f9b.jpg|https://cdn.myfigurelist.com/figure-images/0aacef03-49ca-3db0-b1cb-9e6336cb05ae/Nikukan-Girl-Yuujin-no-Ane-Hanaki-Shizuku-1-6_eb6913f9-3e76-3de3-8463-7f0e73f69888.jpg|https://cdn.myfigurelist.com/figure-images/0aacef03-49ca-3db0-b1cb-9e6336cb05ae/Nikukan-Girl-Yuujin-no-Ane-Hanaki-Shizuku-1-6_97ec3380-bea2-32ac-aa6f-e253b9e93bc8.jpg|https://cdn.myfigurelist.com/figure-images/0aacef03-49ca-3db0-b1cb-9e6336cb05ae/Nikukan-Girl-Yuujin-no-Ane-Hanaki-Shizuku-1-6_f11005d7-73d5-39d8-b65e-229167112ddc.jpg|https://cdn.myfigurelist.com/figure-images/0aacef03-49ca-3db0-b1cb-9e6336cb05ae/Nikukan-Girl-Yuujin-no-Ane-Hanaki-Shizuku-1-6_b30639a5-bc89-34ba-8193-968ef65d7dbb.jpg|https://cdn.myfigurelist.com/figure-images/0aacef03-49ca-3db0-b1cb-9e6336cb05ae/Nikukan-Girl-Yuujin-no-Ane-Hanaki-Shizuku-1-6_1117af8d-eada-3d26-8d29-0e26443226e2.jpg,[],,,,0,0,2026-09-27T02:19:00.156003Z,1.0,"[""csv""]"
88167,MyFigureList,https://myfigurelist.com/figure/88167/ReZero-Kara-Hajimeru-Isekai-Seikatsu-Rem-ArtScale-Bust-Ichiban-Kuji-Ichiban-Kuji-ReZero-kara-Hajimeru-Isekai-Seikatsu-Monogatari-wa-To-be-continued-A-Prize-1-3,Re:Zero Kara Hajimeru Isekai Seikatsu - Rem - ArtScale - Bust - Ichiban Kuji - Ichiban Kuji Re:Zero kara Hajimeru Isekai Seikatsu －Monogatari wa To be continued－  (A Prize) - 1/3,,,BANDAI SPIRITS,Scale Figure,2020-10-24,1/3,Melody,21,,https://cdn.myfigurelist.com/figure-images/6d3e25d6-0a86-3886-b751-428430eb3f4f/ReZero-Kara-Hajimeru-Isekai-Seikatsu-Rem-ArtScale-Bust-Ichiban-Kuji-Ichiban-Kuji-ReZero-kara-Hajimeru-Isekai-Seikatsu-Monogatari-wa-To-be-continued-A-Prize-1-3_bf439a73-62b5-31aa-9809-4f8686c28a6f.jpg|https://cdn.myfigurelist.com/figure-images/6d3e25d6-0a86-3886-b751-428430eb3f4f/ReZero-Kara-Hajimeru-Isekai-Seikatsu-Rem-ArtScale-Bust-Ichiban-Kuji-Ichiban-Kuji-ReZero-kara-Hajimeru-Isekai-Seikatsu-Monogatari-wa-To-be-continued-A-Prize-1-3_eb6c82de-d5cd-37d6-9a3e-ac9b3b037b7b.jpg|https://cdn.myfigurelist.com/figure-images/6d3e25d6-0a86-3886-b751-428430eb3f4f/ReZero-Kara-Hajimeru-Isekai-Seikatsu-Rem-ArtScale-Bust-Ichiban-Kuji-Ichiban-Kuji-ReZero-kara-Hajimeru-Isekai-Seikatsu-Monogatari-wa-To-be-continued-A-Prize-1-3_6be31972-e4a1-3858-b5cf-bce9d180f7f5.jpg|https://cdn.myfigurelist.com/figure-images/6d3e25d6-0a86-3886-b751-428430eb3f4f/ReZero-Kara-Hajimeru-Isekai-Seikatsu-Rem-ArtScale-Bust-Ichiban-Kuji-Ichiban-Kuji-ReZero-kara-Hajimeru-Isekai-Seikatsu-Monogatari-wa-To-be-continued-A-Prize-1-3_a659bf49-a6e9-3a98-8c81-ebac4d7d1247.jpg|https://cdn.myfigurelist.com/figure-images/6d3e25d6-0a86-3886-b751-428430eb3f4f/ReZero-Kara-Hajimeru-Isekai-Seikatsu-Rem-ArtScale-Bust-Ichiban-Kuji-Ichiban-Kuji-ReZero-kara-Hajimeru-Isekai-Seikatsu-Monogatari-wa-To-be-continued-A-Prize-1-3_65e217fd-cbaa-363a-bd29-8b942f61d0ae.jpg|https://cdn.myfigurelist.com/figure-images/6d3e25d6-0a86-3886-b751-428430eb3f4f/ReZero-Kara-Hajimeru-Isekai-Seikatsu-Rem-ArtScale-Bust-Ichiban-Kuji-Ichiban-Kuji-ReZero-kara-Hajimeru-Isekai-Seikatsu-Monogatari-wa-To-be-continued-A-Prize-1-3_7efcb19f-4fe6-39d1-9671-46076f02d262.jpg,[],818,818,818,0,1,2026-09-27T02:19:00.766018Z,1.0,"[""csv""]"
32011,MyFigureList,https://myfigurelist.com/figure/32011/Blue-Archive-Ogata-Kanna-Doujin-Figure-1-65-Mizugi,Blue Archive - Ogata Kanna - Doujin Figure - 1/6.5 - Mizugi,,,Xibi Neko Cafe,Scale Figure,2025-04-01,1/6.5,Xibixibi,28,,https://cdn.myfigurelist.com/figure-images/56e554f5-9762-32fb-9924-dfd45436ad16/Blue-Archive-Ogata-Kanna-Doujin-Figure-1-65-Mizugi_ab185fcd-dcc5-3c9d-9ae8-d997f7ca1e7a.jpg,[],,,,0,0,2026-09-27T02:19:01.640032Z,1.0,"[""csv""]"
97894,MyFigureList,https://myfigurelist.com/figure/97894/Sonic-the-Hedgehog-2-Miles-Tails-Prower-Sonic-4-Inch-Articulated-Figure-Movie-Wave-1,"Sonic the Hedgehog 2 - Miles ""Tails"" Prower - Sonic 4-Inch Articulated Figure  (Movie Wave 1)",,,JAKKS Pacific,Anime Figure,2022-02-27,,,,,https://cdn.myfigurelist.com/figure-images/943ce891-ebc1-3ad3-8f4f-e050b2c5be2d/Sonic-the-Hedgehog-2-Miles-Tails-Prower-Sonic-4-Inch-Articulated-Figure-Movie-Wave-1_18ea3ab7-778a-3905-91ed-b7f801c6122f.jpg|https://cdn.myfigurelist.com/figure-images/943ce891-ebc1-3ad3-8f4f-e050b2c5be2d/Sonic-the-Hedgehog-2-Miles-Tails-Prower-Sonic-4-Inch-Articulated-Figure-Movie-Wave-1_d881e704-d339-3d6d-96e2-c9102f4aaf0d.jpg|https://cdn.myfigurelist.com/figure-images/943ce891-ebc1-3ad3-8f4f-e050b2c5be2d/Sonic-the-Hedgehog-2-Miles-Tails-Prower-Sonic-4-Inch-Articulated-Figure-Movie-Wave-1_1e1a5d5c-f360-30bc-8f24-547ecfe808ff.jpg|https://cdn.myfigurelist.com/figure-images/943ce891-ebc1-3ad3-8f4f-e050b2c5be2d/Sonic-the-Hedgehog-2-Miles-Tails-Prower-Sonic-4-Inch-Articulated-Figure-Movie-Wave-1_7b376c15-5ebc-3518-a5ed-0e9a4931ca12.jpg|https://cdn.myfigurelist.com/figure-images/943ce891-ebc1-3ad3-8f4f-e050b2c5be2d/Sonic-the-Hedgehog-2-Miles-Tails-Prower-Sonic-4-Inch-Articulated-Figure-Movie-Wave-1_b2c55e38-9c19-3675-8b21-a1c14cfbf9f3.jpg|https://cdn.myfigurelist.com/figure-images/943ce891-ebc1-3ad3-8f4f-e050b2c5be2d/Sonic-the-Hedgehog-2-Miles-Tails-Prower-Sonic-4-Inch-Articulated-Figure-Movie-Wave-1_5557b5ff-bfd7-3438-b469-ad045c330972.jpg|https://cdn.myfigurelist.com/figure-images/943ce891-ebc1-3ad3-8f4f-e050b2c5be2d/Sonic-the-Hedgehog-2-Miles-Tails-Prower-Sonic-4-Inch-Articulated-Figure-Movie-Wave-1_d279b6a6-661d-3774-a9a0-152dc2e3604d.jpg|https://cdn.myfigurelist.com/figure-images/943ce891-ebc1-3ad3-8f4f-e050b2c5be2d/Sonic-the-Hedgehog-2-Miles-Tails-Prower-Sonic-4-Inch-Articulated-Figure-Movie-Wave-1_4601a3fb-2cd1-38f1-94dc-19d9ee56b716.jpg|https://cdn.myfigurelist.com/figure-images/943ce891-ebc1-3ad3-8f4f-e050b2c5be2d/Sonic-the-Hedgehog-2-Miles-Tails-Prower-Sonic-4-Inch-Articulated-Figure-Movie-Wave-1_6cb03038-cc97-3a85-b20d-27cfefa86190.jpg|https://cdn.myfigurelist.com/figure-images/943ce891-ebc1-3ad3-8f4f-e050b2c5be2d/Sonic-the-Hedgehog-2-Miles-Tails-Prower-Sonic-4-Inch-Articulated-Figure-Movie-Wave-1_4af2fda0-c252-34c3-8238-4f922b81be1e.jpg,[],1154,1154,1154,0,1,2026-09-27T02:19:03.647585Z,1.0,"[""csv""]"
125448,MyFigureList,https://myfigurelist.com/figure/125448/Mario-Kart-Wii-Wario-ChoroQ-ChoroQ-Hybrid!-QZM-02-Pull-back-Zenmai-Type,Mario Kart Wii - Wario - ChoroQ - ChoroQ Hybrid!  (QZM-02) - Pull-back - Zenmai Type,,,Takara Tomy,Anime Figure,2010-06-01,,,5,,https://cdn.myfigurelist.com/figure-images/e0cf1631-2d85-338c-96b0-ca8e94d21741/Mario-Kart-Wii-Wario-ChoroQ-ChoroQ-Hybrid!-QZM-02-Pull-back-Zenmai-Type_54d689e8-7b99-31d2-85fe-a53c5f2b2fac.jpg,[],,,,0,0,2026-09-27T02:19:04.250953Z,1.0,"[""csv""]"
104555,MyFigureList,https://myfigurelist.com/figure/104555/IS-Infinite-Stratos-Charlotte-Dunois-Beach-Queens-1-10-Swimsuit-ver,IS: Infinite Stratos - Charlotte Dunois - Beach Queens - 1/10 - Swimsuit ver.,,,WAVE,Scale Figure,2012-05-28,1/10,Misumaru Mashii,16,,https://cdn.myfigurelist.com/figure-images/afa68607-b3b3-3db9-8f1b-9d5610368cf0/IS-Infinite-Stratos-Charlotte-Dunois-Beach-Queens-1-10-Swimsuit-ver_791a7940-bb27-3911-8d67-c777b9f4a0ab.jpg|https://cdn.myfigurelist.com/figure-images/afa68607-b3b3-3db9-8f1b-9d5610368cf0/IS-Infinite-Stratos-Charlotte-Dunois-Beach-Queens-1-10-Swimsuit-ver_d07f62ff-fa4a-3b17-8396-f50248e28b51.jpg|https://cdn.myfigurelist.com/figure-images/afa68607-b3b3-3db9-8f1b-9d5610368cf0/IS-Infinite-Stratos-Charlotte-Dunois-Beach-Queens-1-10-Swimsuit-ver_03bfc2c5-9801-3f96-be83-2658f7d66b71.jpg|https://cdn.myfigurelist.com/figure-images/afa68607-b3b3-3db9-8f1b-9d5610368cf0/IS-Infinite-Stratos-Charlotte-Dunois-Beach-Queens-1-10-Swimsuit-ver_21191491-2041-3974-96bc-41c3baf20c43.jpg|https://cdn.myfigurelist.com/figure-images/afa68607-b3b3-3db9-8f1b-9d5610368cf0/IS-Infinite-Stratos-Charlotte-Dunois-Beach-Queens-1-10-Swimsuit-ver_daa2da13-59e4-31c7-b365-ea00ed6d6e62.jpg|https://cdn.myfigurelist.com/figure-images/afa68607-b3b3-3db9-8f1b-9d5610368cf0/IS-Infinite-Stratos-Charlotte-Dunois-Beach-Queens-1-10-Swimsuit-ver_a288286a-d22d-3031-b229-1c22d00b12f9.jpg|https://cdn.myfigurelist.com/figure-images/afa68607-b3b3-3db9-8f1b-9d5610368cf0/IS-Infinite-Stratos-Charlotte-Dunois-Beach-Queens-1-10-Swimsuit-ver_c37be2fd-8dc3-3148-b69e-e7a9516bc7c3.jpg|https://cdn.myfigurelist.com/figure-images/afa68607-b3b3-3db9-8f1b-9d5610368cf0/IS-Infinite-Stratos-Charlotte-Dunois-Beach-Queens-1-10-Swimsuit-ver_30966b3d-4bbb-3e6a-b49d-aa782e4e43f1.jpg|https://cdn.myfigurelist.com/figure-images/afa68607-b3b3-3db9-8f1b-9d5610368cf0/IS-Infinite-Stratos-Charlotte-Dunois-Beach-Queens-1-10-Swimsuit-ver_d068c315-761c-3ef1-884b-ea2825d95f20.jpg|https://cdn.myfigurelist.com/figure-images/afa68607-b3b3-3db9-8f1b-9d5610368cf0/IS-Infinite-Stratos-Charlotte-Dunois-Beach-Queens-1-10-Swimsuit-ver_327474f8-9f3a-3c5a-9706-65b011431413.jpg|https://cdn.myfigurelist.com/figure-images/afa68607-b3b3-3db9-8f1b-9d5610368cf0/IS-Infinite-Stratos-Charlotte-Dunois-Beach-Queens-1-10-Swimsuit-ver_86e2880e-2c5e-3108-bb60-bee101d82441.jpg|https://cdn.myfigurelist.com/figure-images/afa68607-b3b3-3db9-8f1b-9d5610368cf0/IS-Infinite-Stratos-Charlotte-Dunois-Beach-Queens-1-10-Swimsuit-ver_36aa3517-ddc2-3b4f-af65-32733459cc51.jpg|https://cdn.myfigurelist.com/figure-images/afa68607-b3b3-3db9-8f1b-9d5610368cf0/IS-Infinite-Stratos-Charlotte-Dunois-Beach-Queens-1-10-Swimsuit-ver_32ad924e-b9c0-3437-b7b8-8747d0b72741.jpg|https://cdn.myfigurelist.com/figure-images/afa68607-b3b3-3db9-8f1b-9d5610368cf0/IS-Infinite-Stratos-Charlotte-Dunois-Beach-Queens-1-10-Swimsuit-ver_65f91985-973b-3ec9-a56c-d697b49046ba.jpg|https://cdn.myfigurelist.com/figure-images/afa68607-b3b3-3db9-8f1b-9d5610368cf0/IS-Infinite-Stratos-Charlotte-Dunois-Beach-Queens-1-10-Swimsuit-ver_eda8210b-e369-335c-b737-023e0032ba02.jpg|https://cdn.myfigurelist.com/figure-images/afa68607-b3b3-3db9-8f1b-9d5610368cf0/IS-Infinite-Stratos-Charlotte-Dunois-Beach-Queens-1-10-Swimsuit-ver_10fdf9b9-da8d-3322-8bee-5a443a2288e0.jpg|https://cdn.myfigurelist.com/figure-images/afa68607-b3b3-3db9-8f1b-9d5610368cf0/IS-Infinite-Stratos-Charlotte-Dunois-Beach-Queens-1-10-Swimsuit-ver_eee02a22-6292-32b0-bf9c-5baf5369ae6e.jpg|https://cdn.myfigurelist.com/figure-images/afa68607-b3b3-3db9-8f1b-9d5610368cf0/IS-Infinite-Stratos-Charlotte-Dunois-Beach-Queens-1-10-Swimsuit-ver_a6cd392b-1602-337b-9ac7-c7f02f3be919.jpg|https://cdn.myfigurelist.com/figure-images/afa68607-b3b3-3db9-8f1b-9d5610368cf0/IS-Infinite-Stratos-Charlotte-Dunois-Beach-Queens-1-10-Swimsuit-ver_53e0e723-97a0-3fb5-a926-3b5655642655.jpg|https://cdn.myfigurelist.com/figure-images/afa68607-b3b3-3db9-8f1b-9d5610368cf0/IS-Infinite-Stratos-Charlotte-Dunois-Beach-Queens-1-10-Swimsuit-ver_0e9e1592-98a1-3ada-a7e8-4dc846b68862.jpg|https://cdn.myfigurelist.com/figure-images/afa68607-b3b3-3db9-8f1b-9d5610368cf0/IS-Infinite-Stratos-Charlotte-Dunois-Beach-Queens-1-10-Swimsuit-ver_8a0ec104-d6ac-3255-ab39-f8cc969f0c9a.jpg,[],,,,0,0,2026-09-27T02:19:06.275846Z,1.0,"[""csv""]"
117430,MyFigureList,https://myfigurelist.com/figure/117430/Dorohedoro-Ebisu-Emblem,Dorohedoro - Ebisu - Emblem,,,Midoro,Anime Figure,2024-03-16,,Midoro,,,https://cdn.myfigurelist.com/figure-images/e3f919c7-059e-38d7-84c8-9f5d24953bcb/Dorohedoro-Ebisu-Emblem_a4162943-f2a0-3a2f-8873-f0ac3fc9d275.jpg,[],6500,6500,6500,0,1,2026-09-27T02:19:07.330134Z,1.0,"[""csv""]"
117429,MyFigureList,https://myfigurelist.com/figure/117429/Macross-Frontier-Ozma-Lees-VF-25S-Messiah-Valkyrie-DX-Chogokin-1-60,Macross Frontier - Ozma Lee's VF-25S Messiah Valkyrie - DX Chogokin - 1/60,,,Bandai,Scale Figure,2008-12-01,1/60,,23,,https://cdn.myfigurelist.com/figure-images/e3f92aec-fd21-38f9-ae24-c11c07462791/Macross-Frontier-Ozma-Lees-VF-25S-Messiah-Valkyrie-DX-Chogokin-1-60_b111196c-b273-3a19-865d-a704bceeab2c.jpg|https://cdn.myfigurelist.com/figure-images/e3f92aec-fd21-38f9-ae24-c11c07462791/Macross-Frontier-Ozma-Lees-VF-25S-Messiah-Valkyrie-DX-Chogokin-1-60_4c227aa1-6c24-35c0-b7af-7d125f8ee465.jpg|https://cdn.myfigurelist.com/figure-images/e3f92aec-fd21-38f9-ae24-c11c07462791/Macross-Frontier-Ozma-Lees-VF-25S-Messiah-Valkyrie-DX-Chogokin-1-60_7e0d8894-087a-381f-a8ec-28fbb2bb207b.jpg|https://cdn.myfigurelist.com/figure-images/e3f92aec-fd21-38f9-ae24-c11c07462791/Macross-Frontier-Ozma-Lees-VF-25S-Messiah-Valkyrie-DX-Chogokin-1-60_4217dae6-4f85-3a2a-82a3-5d1979e1d8c0.jpg|https://cdn.myfigurelist.com/figure-images/e3f92aec-fd21-38f9-ae24-c11c07462791/Macross-Frontier-Ozma-Lees-VF-25S-Messiah-Valkyrie-DX-Chogokin-1-60_0c92d77f-90a3-363d-a5ce-cd960fe9ceaa.jpg|https://cdn.myfigurelist.com/figure-images/e3f92aec-fd21-38f9-ae24-c11c07462791/Macross-Frontier-Ozma-Lees-VF-25S-Messiah-Valkyrie-DX-Chogokin-1-60_d7cfc15b-0ee7-3ce3-84d3-7287d6c71c69.jpg|https://cdn.myfigurelist.com/figure-images/e3f92aec-fd21-38f9-ae24-c11c07462791/Macross-Frontier-Ozma-Lees-VF-25S-Messiah-Valkyrie-DX-Chogokin-1-60_4926fa29-ece4-3f94-b843-20d63aff113f.jpg|https://cdn.myfigurelist.com/figure-images/e3f92aec-fd21-38f9-ae24-c11c07462791/Macross-Frontier-Ozma-Lees-VF-25S-Messiah-Valkyrie-DX-Chogokin-1-60_136c7c34-5e3e-3a0a-a110-423938351bcf.jpg|https://cdn.myfigurelist.com/figure-images/e3f92aec-fd21-38f9-ae24-c11c07462791/Macross-Frontier-Ozma-Lees-VF-25S-Messiah-Valkyrie-DX-Chogokin-1-60_3bfe3ec8-2d2f-3942-afcd-1df24a3a79fb.jpg|https://cdn.myfigurelist.com/figure-images/e3f92aec-fd21-38f9-ae24-c11c07462791/Macross-Frontier-Ozma-Lees-VF-25S-Messiah-Valkyrie-DX-Chogokin-1-60_13a5c407-f5b8-3e89-9121-23d769301427.jpg|https://cdn.myfigurelist.com/figure-images/e3f92aec-fd21-38f9-ae24-c11c07462791/Macross-Frontier-Ozma-Lees-VF-25S-Messiah-Valkyrie-DX-Chogokin-1-60_38bb48bc-5d52-3e30-80a6-304cc4b36ad3.jpg|https://cdn.myfigurelist.com/figure-images/e3f92aec-fd21-38f9-ae24-c11c07462791/Macross-Frontier-Ozma-Lees-VF-25S-Messiah-Valkyrie-DX-Chogokin-1-60_6b654974-dc89-3126-95bd-0f9b537a8bff.jpg|https://cdn.myfigurelist.com/figure-images/e3f92aec-fd21-38f9-ae24-c11c07462791/Macross-Frontier-Ozma-Lees-VF-25S-Messiah-Valkyrie-DX-Chogokin-1-60_17fecb74-11b8-3649-8124-e1971793189f.jpg,[],,,,0,0,2026-09-27T02:19:09.591427Z,1.0,"[""csv""]"
9214,MyFigureList,https://myfigurelist.com/figure/9214/Tales-of-Zestiria-the-X-Mikleo-1-7-Complete-Figure,Tales of Zestiria the X - Mikleo 1/7 Complete Figure,,,amie x ALTAiR,Scale Figure,2018-10-01,1/7,Imai,20,,https://cdn.myfigurelist.com/figure-images/4560228204742/Tales-of-Zestiria-the-X-Mikleo-1-7-Complete-Figure_f30041e0-bfc5-43ed-9cdc-2bcc34327fcf.jpg|https://cdn.myfigurelist.com/figure-images/4560228204742/Tales-of-Zestiria-the-X-Mikleo-1-7-Complete-Figure_604467b6-be76-4ed8-8155-66d21c2d349c.jpg|https://cdn.myfigurelist.com/figure-images/4560228204742/Tales-of-Zestiria-the-X-Mikleo-1-7-Complete-Figure_abd39216-756f-4616-aa6e-be3f1f1211a1.jpg|https://cdn.myfigurelist.com/figure-images/4560228204742/Tales-of-Zestiria-the-X-Mikleo-1-7-Complete-Figure_117d6be0-1c87-48c3-809b-89f9fa071cd1.jpg|https://cdn.myfigurelist.com/figure-images/4560228204742/Tales-of-Zestiria-the-X-Mikleo-1-7-Complete-Figure_1fed7fa4-d842-4741-9f62-d38473ac9814.jpg|https://cdn.myfigurelist.com/figure-images/4560228204742/Tales-of-Zestiria-the-X-Mikleo-1-7-Complete-Figure_5664a004-2639-4e06-9219-c314f9448e5c.jpg|https://cdn.myfigurelist.com/figure-images/4560228204742/Tales-of-Zestiria-the-X-Mikleo-1-7-Complete-Figure_62241338-f705-4513-be02-b5f72cd62ca8.jpg|https://cdn.myfigurelist.com/figure-images/4560228204742/Tales-of-Zestiria-the-X-Mikleo-1-7-Complete-Figure_bdbeff15-6ead-47bc-96dd-3392193e0b36.jpg|https://cdn.myfigurelist.com/figure-images/4560228204742/Tales-of-Zestiria-the-X-Mikleo-1-7-Complete-Figure_064c8553-fcf6-4328-972d-0b4d841ab097.jpg,[],,,,0,0,2026-09-27T02:19:10.901081Z,1.0,"[""csv""]"
77972,MyFigureList,https://myfigurelist.com/figure/77972/Berserk-Serpico,Berserk - Serpico,,,Hitsuji to Ookami,Anime Figure,2013-02-10,,,,,https://cdn.myfigurelist.com/figure-images/4392e0be-1afa-3016-8ff4-cec5aeeb2418/Berserk-Serpico_9f90e2d0-6dc6-397c-bfa6-fbb7b2e845f3.jpg|https://cdn.myfigurelist.com/figure-images/4392e0be-1afa-3016-8ff4-cec5aeeb2418/Berserk-Serpico_26f8605f-7cc1-3ab5-be82-d9030b22e125.jpg|https://cdn.myfigurelist.com/figure-images/4392e0be-1afa-3016-8ff4-cec5aeeb2418/Berserk-Serpico_e66ce208-9240-3b78-befe-592c56a7d432.jpg|https://cdn.myfigurelist.com/figure-images/4392e0be-1afa-3016-8ff4-cec5aeeb2418/Berserk-Serpico_a7780b59-fa5b-39ff-94ea-5786b7daa53c.jpg|https://cdn.myfigurelist.com/figure-images/4392e0be-1afa-3016-8ff4-cec5aeeb2418/Berserk-Serpico_cc88ddb8-0555-3726-8488-f21ab671cdab.jpg,[],4000,4000,4000,0,1,2026-09-27T02:19:13.875091Z,1.0,"[""csv""]"
13275,MyFigureList,https://myfigurelist.com/figure/13275/Is-the-order-a-rabbit-Syaro-1-7-Complete-Figure,Is the order a rabbit?? Syaro 1/7 Complete Figure,,,FunnyKnights,Scale Figure,2020-12-01,1/7,"Unitech, Jun (Eldora Model)",21,,https://cdn.myfigurelist.com/figure-images/4905083108680/Is-the-order-a-rabbit-Syaro-1-7-Complete-Figure_b6afdac9-1d91-424e-9615-d98862bc6b7f.jpg|https://cdn.myfigurelist.com/figure-images/4905083108680/Is-the-order-a-rabbit-Syaro-1-7-Complete-Figure_4aa7ce61-55a8-46ec-ba3f-9d92fef8739d.jpg|https://cdn.myfigurelist.com/figure-images/4905083108680/Is-the-order-a-rabbit-Syaro-1-7-Complete-Figure_ba8dad30-1c1b-47f7-aea3-7d928f04e759.jpg|https://cdn.myfigurelist.com/figure-images/4905083108680/Is-the-order-a-rabbit-Syaro-1-7-Complete-Figure_1492cd74-7de6-46f7-beb9-f29ea5239ea1.jpg|https://cdn.myfigurelist.com/figure-images/4905083108680/Is-the-order-a-rabbit-Syaro-1-7-Complete-Figure_feb055c9-99d1-47b0-9994-6da4d6b279b5.jpg|https://cdn.myfigurelist.com/figure-images/4905083108680/Is-the-order-a-rabbit-Syaro-1-7-Complete-Figure_0041ac1b-d2cc-427b-bd8e-f24be8f750bd.jpg|https://cdn.myfigurelist.com/figure-images/4905083108680/Is-the-order-a-rabbit-Syaro-1-7-Complete-Figure_9a32257f-21e1-4c46-953b-2f0fd7a7cd38.jpg|https://cdn.myfigurelist.com/figure-images/4905083108680/Is-the-order-a-rabbit-Syaro-1-7-Complete-Figure_5da939fe-81de-4888-a694-77b30fc6649a.jpg|https://cdn.myfigurelist.com/figure-images/4905083108680/Is-the-order-a-rabbit-Syaro-1-7-Complete-Figure_f7ecadfd-97e4-4ca1-9a37-5844bad093c1.jpg|https://cdn.myfigurelist.com/figure-images/4905083108680/Is-the-order-a-rabbit-Syaro-1-7-Complete-Figure_4aeae41a-1fe1-406d-95a5-838197f8bea2.jpg|https://cdn.myfigurelist.com/figure-images/4905083108680/Is-the-order-a-rabbit-Syaro-1-7-Complete-Figure_ce5a3baa-dbd9-4608-8bd8-8c252470c472.jpg|https://cdn.myfigurelist.com/figure-images/4905083108680/Is-the-order-a-rabbit-Syaro-1-7-Complete-Figure_ef6cac00-f210-45dd-80d7-de1891f54dd1.jpg|https://cdn.myfigurelist.com/figure-images/4905083108680/Is-the-order-a-rabbit-Syaro-1-7-Complete-Figure_f07917da-e111-4cf9-a113-f9b4e6605c61.jpg|https://cdn.myfigurelist.com/figure-images/4905083108680/Is-the-order-a-rabbit-Syaro-1-7-Complete-Figure_acc11832-63ab-42bf-a31c-1d7b98e9dad5.jpg|https://cdn.myfigurelist.com/figure-images/4905083108680/Is-the-order-a-rabbit-Syaro-1-7-Complete-Figure_a18e606b-0d72-4249-94be-19869d81d455.jpg|https://cdn.myfigurelist.com/figure-images/4905083108680/Is-the-order-a-rabbit-Syaro-1-7-Complete-Figure_4338418c-5a65-427b-8261-0b1898be1076.jpg|https://cdn.myfigurelist.com/figure-images/4905083108680/Is-the-order-a-rabbit-Syaro-1-7-Complete-Figure_5f9edbf7-1ca1-4c8b-9444-b93cc0a76f8d.jpg|https://cdn.myfigurelist.com/figure-images/4905083108680/Is-the-order-a-rabbit-Syaro-1-7-Complete-Figure_cd523bed-3d2e-4418-9757-367b4857f200.jpg|https://cdn.myfigurelist.com/figure-images/4905083108680/Is-the-order-a-rabbit-Syaro-1-7-Complete-Figure_2691c77e-a59a-4010-98f6-ff8234aa9dee.jpg|https://cdn.myfigurelist.com/figure-images/4905083108680/Is-the-order-a-rabbit-Syaro-1-7-Complete-Figure_bae73ef2-a459-4c18-a795-1bbbcf59e242.jpg|https://cdn.myfigurelist.com/figure-images/4905083108680/Is-the-order-a-rabbit-Syaro-1-7-Complete-Figure_c9a1460a-2d85-44f9-8b75-ab0e1b381c51.jpg|https://cdn.myfigurelist.com/figure-images/4905083108680/Is-the-order-a-rabbit-Syaro-1-7-Complete-Figure_536ef014-d81f-4731-8ee6-a050a2339137.jpg|https://cdn.myfigurelist.com/figure-images/4905083108680/Is-the-order-a-rabbit-Syaro-1-7-Complete-Figure_a72af3da-968d-4818-85c2-5bc86937f8c7.jpg|https://cdn.myfigurelist.com/figure-images/4905083108680/Is-the-order-a-rabbit-Syaro-1-7-Complete-Figure_6349697b-7180-48c2-bed1-10068f7169e4.jpg|https://cdn.myfigurelist.com/figure-images/4905083108680/Is-the-order-a-rabbit-Syaro-1-7-Complete-Figure_36ee5f4d-66ba-4839-a5d7-4de7e1a23c12.jpg|https://cdn.myfigurelist.com/figure-images/4905083108680/Is-the-order-a-rabbit-Syaro-1-7-Complete-Figure_b0c80f47-18ab-43ec-af9c-b12d1e56daef.jpg|https://cdn.myfigurelist.com/figure-images/4905083108680/Is-the-order-a-rabbit-Syaro-1-7-Complete-Figure_17c8b0ab-a5ca-41b2-a4e2-2debb2f89fac.jpg|https://cdn.myfigurelist.com/figure-images/4905083108680/Is-the-order-a-rabbit-Syaro-1-7-Complete-Figure_8f987d3f-9e95-4671-a8de-a2cf21a38e05.jpg,[],,,,0,0,2026-09-27T02:19:14.901164Z,1.0,"[""csv""]"
60867,MyFigureList,https://myfigurelist.com/figure/60867/Rent-A-Girlfriend-Chizuru-Mizuhara-Maid-Bikini-ni-Okigae-Figure-1-6-Complete-Figure,Rent-A-Girlfriend Chizuru Mizuhara Maid Bikini ni Okigae Figure 1/6 Complete Figure,,,Hakoiri Musume,Scale Figure,2026-03-01,1/6,HAKOIRI MUSUME Inc.,26,,https://cdn.myfigurelist.com/figure-images/e6172987-2781-4600-914f-cc6d27da85f5/Rent-A-Girlfriend-Chizuru-Mizuhara-Maid-Bikini-ni-Okigae-Figure-1-6-Complete-Figure_ac4003e1-ef9f-4330-bb10-b5d8936b5911.jpg|https://cdn.myfigurelist.com/figure-images/e6172987-2781-4600-914f-cc6d27da85f5/Rent-A-Girlfriend-Chizuru-Mizuhara-Maid-Bikini-ni-Okigae-Figure-1-6-Complete-Figure_8a3bbe73-5e8a-4bc8-8d75-22e19f92de6d.jpg|https://cdn.myfigurelist.com/figure-images/e6172987-2781-4600-914f-cc6d27da85f5/Rent-A-Girlfriend-Chizuru-Mizuhara-Maid-Bikini-ni-Okigae-Figure-1-6-Complete-Figure_a06091a3-7730-4f12-9b3c-018d6f848f16.jpg|https://cdn.myfigurelist.com/figure-images/e6172987-2781-4600-914f-cc6d27da85f5/Rent-A-Girlfriend-Chizuru-Mizuhara-Maid-Bikini-ni-Okigae-Figure-1-6-Complete-Figure_1dd8f02e-a086-425f-9318-91d57d893997.jpg|https://cdn.myfigurelist.com/figure-images/e6172987-2781-4600-914f-cc6d27da85f5/Rent-A-Girlfriend-Chizuru-Mizuhara-Maid-Bikini-ni-Okigae-Figure-1-6-Complete-Figure_03e4161c-96e2-4cb6-a603-db665da010d4.jpg|https://cdn.myfigurelist.com/figure-images/e6172987-2781-4600-914f-cc6d27da85f5/Rent-A-Girlfriend-Chizuru-Mizuhara-Maid-Bikini-ni-Okigae-Figure-1-6-Complete-Figure_d5611116-4da0-4fe1-a5c1-d7ccf73f1f2c.jpg|https://cdn.myfigurelist.com/figure-images/e6172987-2781-4600-914f-cc6d27da85f5/Rent-A-Girlfriend-Chizuru-Mizuhara-Maid-Bikini-ni-Okigae-Figure-1-6-Complete-Figure_3389f774-b894-47d6-88dd-677d0ee3dfcc.jpg|https://cdn.myfigurelist.com/figure-images/e6172987-2781-4600-914f-cc6d27da85f5/Rent-A-Girlfriend-Chizuru-Mizuhara-Maid-Bikini-ni-Okigae-Figure-1-6-Complete-Figure_2530528d-808e-4421-862c-d250bb8fa96e.jpg|https://cdn.myfigurelist.com/figure-images/e6172987-2781-4600-914f-cc6d27da85f5/Rent-A-Girlfriend-Chizuru-Mizuhara-Maid-Bikini-ni-Okigae-Figure-1-6-Complete-Figure_f8cacaa1-dbd8-4cca-849d-8163d174c6c6.jpg|https://cdn.myfigurelist.com/figure-images/e6172987-2781-4600-914f-cc6d27da85f5/Rent-A-Girlfriend-Chizuru-Mizuhara-Maid-Bikini-ni-Okigae-Figure-1-6-Complete-Figure_6f994e86-ae1f-4a98-85cd-2cdf5846fcb1.jpg|https://cdn.myfigurelist.com/figure-images/e6172987-2781-4600-914f-cc6d27da85f5/Rent-A-Girlfriend-Chizuru-Mizuhara-Maid-Bikini-ni-Okigae-Figure-1-6-Complete-Figure_1f966d5f-c69f-4353-9059-2b704c08e678.jpg|https://cdn.myfigurelist.com/figure-images/e6172987-2781-4600-914f-cc6d27da85f5/Rent-A-Girlfriend-Chizuru-Mizuhara-Maid-Bikini-ni-Okigae-Figure-1-6-Complete-Figure_73d1a8f8-1268-43cc-b029-3b72052c4cde.jpg|https://cdn.myfigurelist.com/figure-images/e6172987-2781-4600-914f-cc6d27da85f5/Rent-A-Girlfriend-Chizuru-Mizuhara-Maid-Bikini-ni-Okigae-Figure-1-6-Complete-Figure_b3c9afc0-264b-4d89-9873-a8bc38a3eebe.jpg|https://cdn.myfigurelist.com/figure-images/e6172987-2781-4600-914f-cc6d27da85f5/Rent-A-Girlfriend-Chizuru-Mizuhara-Maid-Bikini-ni-Okigae-Figure-1-6-Complete-Figure_adc11e7f-df74-4de4-ba4d-50cc02d57063.jpg|https://cdn.myfigurelist.com/figure-images/e6172987-2781-4600-914f-cc6d27da85f5/Rent-A-Girlfriend-Chizuru-Mizuhara-Maid-Bikini-ni-Okigae-Figure-1-6-Complete-Figure_b6aa1159-f71b-4d72-a384-f296ac74b26a.jpg|https://cdn.myfigurelist.com/figure-images/e6172987-2781-4600-914f-cc6d27da85f5/Rent-A-Girlfriend-Chizuru-Mizuhara-Maid-Bikini-ni-Okigae-Figure-1-6-Complete-Figure_0c53ee6e-61be-45e3-ab60-7e594a20dc3e.jpg|https://cdn.myfigurelist.com/figure-images/e6172987-2781-4600-914f-cc6d27da85f5/Rent-A-Girlfriend-Chizuru-Mizuhara-Maid-Bikini-ni-Okigae-Figure-1-6-Complete-Figure_1fac60a6-bc39-4202-ae1c-a31b8c05986d.jpg|https://cdn.myfigurelist.com/figure-images/e6172987-2781-4600-914f-cc6d27da85f5/Rent-A-Girlfriend-Chizuru-Mizuhara-Maid-Bikini-ni-Okigae-Figure-1-6-Complete-Figure_f7ad9d4f-189a-44cb-9ae3-6edfdeb0efcb.jpg|https://cdn.myfigurelist.com/figure-images/e6172987-2781-4600-914f-cc6d27da85f5/Rent-A-Girlfriend-Chizuru-Mizuhara-Maid-Bikini-ni-Okigae-Figure-1-6-Complete-Figure_5fad5a96-2710-44ba-b8f5-34ace8d04ee3.jpg|https://cdn.myfigurelist.com/figure-images/e6172987-2781-4600-914f-cc6d27da85f5/Rent-A-Girlfriend-Chizuru-Mizuhara-Maid-Bikini-ni-Okigae-Figure-1-6-Complete-Figure_76006e34-873d-40df-846b-5b04ab354811.jpg|https://cdn.myfigurelist.com/figure-images/e6172987-2781-4600-914f-cc6d27da85f5/Rent-A-Girlfriend-Chizuru-Mizuhara-Maid-Bikini-ni-Okigae-Figure-1-6-Complete-Figure_8a0c7f05-c680-4e19-b5ac-d958224fd247.jpg|https://cdn.myfigurelist.com/figure-images/e6172987-2781-4600-914f-cc6d27da85f5/Rent-A-Girlfriend-Chizuru-Mizuhara-Maid-Bikini-ni-Okigae-Figure-1-6-Complete-Figure_ba05c7bf-a1c6-4fe2-8a14-f888366a8ba5.jpg|https://cdn.myfigurelist.com/figure-images/e6172987-2781-4600-914f-cc6d27da85f5/Rent-A-Girlfriend-Chizuru-Mizuhara-Maid-Bikini-ni-Okigae-Figure-1-6-Complete-Figure_4a199bd9-4618-4c98-9286-29af9d73bf74.jpg|https://cdn.myfigurelist.com/figure-images/e6172987-2781-4600-914f-cc6d27da85f5/Rent-A-Girlfriend-Chizuru-Mizuhara-Maid-Bikini-ni-Okigae-Figure-1-6-Complete-Figure_d1be0c18-3b3f-40e1-824d-105228bf9c7f.jpg|https://cdn.myfigurelist.com/figure-images/e6172987-2781-4600-914f-cc6d27da85f5/Rent-A-Girlfriend-Chizuru-Mizuhara-Maid-Bikini-ni-Okigae-Figure-1-6-Complete-Figure_b7362fe0-5b37-4ffd-89b7-a6bacd0d3598.jpg|https://cdn.myfigurelist.com/figure-images/e6172987-2781-4600-914f-cc6d27da85f5/Rent-A-Girlfriend-Chizuru-Mizuhara-Maid-Bikini-ni-Okigae-Figure-1-6-Complete-Figure_81ac2d37-aff0-46f3-9d2c-3a9d4d6e5393.jpg|https://cdn.myfigurelist.com/figure-images/e6172987-2781-4600-914f-cc6d27da85f5/Rent-A-Girlfriend-Chizuru-Mizuhara-Maid-Bikini-ni-Okigae-Figure-1-6-Complete-Figure_ab8f70d7-c6f1-4b7b-8719-c474226a69c6.jpg|https://cdn.myfigurelist.com/figure-images/e6172987-2781-4600-914f-cc6d27da85f5/Rent-A-Girlfriend-Chizuru-Mizuhara-Maid-Bikini-ni-Okigae-Figure-1-6-Complete-Figure_a51065d5-05f2-4f4c-ae07-1dd1564321d8.jpg|https://cdn.myfigurelist.com/figure-images/e6172987-2781-4600-914f-cc6d27da85f5/Rent-A-Girlfriend-Chizuru-Mizuhara-Maid-Bikini-ni-Okigae-Figure-1-6-Complete-Figure_107781ef-7c26-471e-9f39-afff91710c02.jpg|https://cdn.myfigurelist.com/figure-images/e6172987-2781-4600-914f-cc6d27da85f5/Rent-A-Girlfriend-Chizuru-Mizuhara-Maid-Bikini-ni-Okigae-Figure-1-6-Complete-Figure_5c8d3ca1-c5d6-440c-a808-fa7e78739398.jpg,[],,,,0,0,2026-09-27T02:19:16.598667Z,1.0,"[""csv""]"
41972,MyFigureList,https://myfigurelist.com/figure/41972/Persona-5-Tactica-Shujinkou-Persona-5-Tactica-x-Youtooz-0-Youtooz,Persona 5 Tactica - Shujinkou - Persona 5 Tactica x Youtooz  (#0) - Youtooz,,,Youtooz,Scale Figure,2025-03-15,Non-Scale,,13,,https://cdn.myfigurelist.com/figure-images/34080e95-8cf7-35a4-b84c-f4da1dff610c/Persona-5-Tactica-Shujinkou-Persona-5-Tactica-x-Youtooz-0-Youtooz_17e14442-0e69-3730-83ef-50dee4b12ea8.jpg|https://cdn.myfigurelist.com/figure-images/34080e95-8cf7-35a4-b84c-f4da1dff610c/Persona-5-Tactica-Shujinkou-Persona-5-Tactica-x-Youtooz-0-Youtooz_e3b4e05c-13be-3e12-b11a-a3a3829be425.jpg|https://cdn.myfigurelist.com/figure-images/34080e95-8cf7-35a4-b84c-f4da1dff610c/Persona-5-Tactica-Shujinkou-Persona-5-Tactica-x-Youtooz-0-Youtooz_8b38c6a8-e557-38d2-bf94-2214d3ab70f1.jpg,[],4460,4460,4460,0,1,2026-09-27T02:19:17.407339Z,1.0,"[""csv""]"
125110,MyFigureList,https://myfigurelist.com/figure/125110/The-Dark-Knight-Dream-Tomica-148-Batmobile-Tumbler-Batmobile-4th,The Dark Knight - Dream Tomica  (148) - Batmobile Tumbler - Batmobile 4th,,,Takara Tomy,Anime Figure,2012-12-01,,,,,https://cdn.myfigurelist.com/figure-images/f2e66a21-32e5-3627-84b0-78cfba50a019/The-Dark-Knight-Dream-Tomica-148-Batmobile-Tumbler-Batmobile-4th_a358ea96-a41e-30be-893e-79b90059fca1.jpg|https://cdn.myfigurelist.com/figure-images/f2e66a21-32e5-3627-84b0-78cfba50a019/The-Dark-Knight-Dream-Tomica-148-Batmobile-Tumbler-Batmobile-4th_febf3876-c28d-391d-90fd-9541d4ccbdb7.jpg|https://cdn.myfigurelist.com/figure-images/f2e66a21-32e5-3627-84b0-78cfba50a019/The-Dark-Knight-Dream-Tomica-148-Batmobile-Tumbler-Batmobile-4th_602d0c36-c30c-34ea-adec-d4302aba7520.jpg|https://cdn.myfigurelist.com/figure-images/f2e66a21-32e5-3627-84b0-78cfba50a019/The-Dark-Knight-Dream-Tomica-148-Batmobile-Tumbler-Batmobile-4th_c2e381c9-0bd6-34df-8a4a-a57b4e5c7fe3.jpg,[],,,,0,0,2026-09-27T02:19:18.355680Z,1.0,"[""csv""]"
86570,MyFigureList,https://myfigurelist.com/figure/86570/Doraemon-Gouda-Takeshi-Figuarts-ZERO,Doraemon - Gouda Takeshi - Figuarts ZERO,,,Bandai,Anime Figure,2016-05-20,,,14,,https://cdn.myfigurelist.com/figure-images/66a3b239-5c71-3c2f-8584-ab3eb23d7fbe/Doraemon-Gouda-Takeshi-Figuarts-ZERO_feb2d062-c28d-3186-9371-5c2dccd4cd92.jpg|https://cdn.myfigurelist.com/figure-images/66a3b239-5c71-3c2f-8584-ab3eb23d7fbe/Doraemon-Gouda-Takeshi-Figuarts-ZERO_56185d58-b040-3b8b-b5f9-ed52bd956457.jpg|https://cdn.myfigurelist.com/figure-images/66a3b239-5c71-3c2f-8584-ab3eb23d7fbe/Doraemon-Gouda-Takeshi-Figuarts-ZERO_81fd6f3b-2054-3a45-a471-a2d5d3595308.jpg|https://cdn.myfigurelist.com/figure-images/66a3b239-5c71-3c2f-8584-ab3eb23d7fbe/Doraemon-Gouda-Takeshi-Figuarts-ZERO_1c984050-8c61-3757-a4d1-3be42be4ad44.jpg|https://cdn.myfigurelist.com/figure-images/66a3b239-5c71-3c2f-8584-ab3eb23d7fbe/Doraemon-Gouda-Takeshi-Figuarts-ZERO_6098184b-a1c2-3f54-a3a8-513a40fa5140.jpg|https://cdn.myfigurelist.com/figure-images/66a3b239-5c71-3c2f-8584-ab3eb23d7fbe/Doraemon-Gouda-Takeshi-Figuarts-ZERO_f527306f-5ab4-33da-bc61-12a35194b84e.jpg,[],,,,0,0,2026-09-27T02:19:19.617739Z,1.0,"[""csv""]"
15571,MyFigureList,https://myfigurelist.com/figure/15571/Nendoroid-Steamboat-Willie-Mickey-Mouse-1928-Ver-Color,Nendoroid Steamboat Willie Mickey Mouse 1928 Ver. (Color),,,Good Smile Company,Scale Figure,2019-05-01,Non-Scale,toytec D.T.C,10,,https://cdn.myfigurelist.com/figure-images/4580416906579/Nendoroid-Steamboat-Willie-Mickey-Mouse-1928-Ver-Color_3b55344c-3335-4b15-a520-ffa963ea6b00.jpg|https://cdn.myfigurelist.com/figure-images/4580416906579/Nendoroid-Steamboat-Willie-Mickey-Mouse-1928-Ver-Color_3d14361e-aee6-4f0d-8be6-74e3484cc018.jpg|https://cdn.myfigurelist.com/figure-images/4580416906579/Nendoroid-Steamboat-Willie-Mickey-Mouse-1928-Ver-Color_02f72e49-a558-4532-bf1d-c5c5a929c3f9.jpg|https://cdn.myfigurelist.com/figure-images/4580416906579/Nendoroid-Steamboat-Willie-Mickey-Mouse-1928-Ver-Color_e843a548-a26b-4d7f-8626-6f2745e1338b.jpg|https://cdn.myfigurelist.com/figure-images/4580416906579/Nendoroid-Steamboat-Willie-Mickey-Mouse-1928-Ver-Color_7ad5c46b-5bda-4d88-acd1-5658e01b5a75.jpg,[],,,,0,0,2026-09-27T02:19:20.658873Z,1.0,"[""csv""]"
6020,MyFigureList,https://myfigurelist.com/figure/6020/To-Love-Ru-Golden-Darkness-1-7-Complete-Figure,To Love-Ru Golden Darkness 1/7 Complete Figure,,,Chara-ani,Scale Figure,2018-10-01,1/7,Ajiken,20,,https://cdn.myfigurelist.com/figure-images/4546098085667/To-Love-Ru-Golden-Darkness-1-7-Complete-Figure_ffdaee70-2a77-4b35-82d1-a3e043686ac4.jpg|https://cdn.myfigurelist.com/figure-images/4546098085667/To-Love-Ru-Golden-Darkness-1-7-Complete-Figure_6e3378d7-0a37-458f-819c-209fdf551a24.jpg|https://cdn.myfigurelist.com/figure-images/4546098085667/To-Love-Ru-Golden-Darkness-1-7-Complete-Figure_7ab09d44-e2e2-49a8-96af-18ddce5ceaef.jpg|https://cdn.myfigurelist.com/figure-images/4546098085667/To-Love-Ru-Golden-Darkness-1-7-Complete-Figure_9a6f8766-5a7f-4855-8be4-03335b35a268.jpg|https://cdn.myfigurelist.com/figure-images/4546098085667/To-Love-Ru-Golden-Darkness-1-7-Complete-Figure_5721c02c-a2cd-45ea-bdd6-d6bcec1df8d8.jpg|https://cdn.myfigurelist.com/figure-images/4546098085667/To-Love-Ru-Golden-Darkness-1-7-Complete-Figure_a86b92ec-8a47-4f07-a433-a7bf4c727924.jpg|https://cdn.myfigurelist.com/figure-images/4546098085667/To-Love-Ru-Golden-Darkness-1-7-Complete-Figure_158eac6d-1bad-4d32-9637-ec23914704b1.jpg|https://cdn.myfigurelist.com/figure-images/4546098085667/To-Love-Ru-Golden-Darkness-1-7-Complete-Figure_f2f3d31e-5208-49ed-95b8-750424c47b33.jpg,[],,,,0,0,2026-09-27T02:19:28.153016Z,1.0,"[""csv""]"
109915,MyFigureList,https://myfigurelist.com/figure/109915/Naruto-Shippuuden-Namikaze-Minato-Ichiban-Kuji-Ichiban-Kuji-Naruto-Shippuuden-vol-1,Naruto Shippuuden - Namikaze Minato - Ichiban Kuji - Ichiban Kuji Naruto Shippuuden: vol 1,,,Banpresto,Anime Figure,2012-10-27,,,15,,https://cdn.myfigurelist.com/figure-images/c4f2bb64-66ec-3028-8365-ce3223e97496/Naruto-Shippuuden-Namikaze-Minato-Ichiban-Kuji-Ichiban-Kuji-Naruto-Shippuuden-vol-1_b0dfb8eb-db71-3c56-91d8-4d17051978db.jpg,[],600,600,600,0,1,2026-09-27T02:19:29.151082Z,1.0,"[""csv""]"
47089,MyFigureList,https://myfigurelist.com/figure/47089/NieRAutomata-Ver11a-YoRHa-Type-A-No2-1-7,NieR:Automata Ver1.1a - YoRHa Type A No.2 - 1/7,,,Max Factory,Scale Figure,2026-07-01,1/7,Nanako,20,,https://cdn.myfigurelist.com/figure-images/1698b15d-c962-333f-b6d2-eab44aae32f4/NieRAutomata-Ver11a-YoRHa-Type-A-No2-1-7_6edc6674-ef46-3687-bc75-34090e9b1ff4.jpg|https://cdn.myfigurelist.com/figure-images/1698b15d-c962-333f-b6d2-eab44aae32f4/NieRAutomata-Ver11a-YoRHa-Type-A-No2-1-7_265034d1-ac6a-3994-809e-605ad013dc79.jpg|https://cdn.myfigurelist.com/figure-images/1698b15d-c962-333f-b6d2-eab44aae32f4/NieRAutomata-Ver11a-YoRHa-Type-A-No2-1-7_94e4eba7-fd3f-3045-a364-335c229e4cad.jpg|https://cdn.myfigurelist.com/figure-images/1698b15d-c962-333f-b6d2-eab44aae32f4/NieRAutomata-Ver11a-YoRHa-Type-A-No2-1-7_a9fd2d3d-cebd-30ee-b8da-40326cfe8e50.jpg|https://cdn.myfigurelist.com/figure-images/1698b15d-c962-333f-b6d2-eab44aae32f4/NieRAutomata-Ver11a-YoRHa-Type-A-No2-1-7_1dd75e06-24a6-3a19-9427-f31a2d05bb08.jpg|https://cdn.myfigurelist.com/figure-images/1698b15d-c962-333f-b6d2-eab44aae32f4/NieRAutomata-Ver11a-YoRHa-Type-A-No2-1-7_8e6a7a93-9432-350d-8c12-82d4084b69b2.jpg|https://cdn.myfigurelist.com/figure-images/1698b15d-c962-333f-b6d2-eab44aae32f4/NieRAutomata-Ver11a-YoRHa-Type-A-No2-1-7_867d733a-81a7-358e-b5f6-3c294f9a0d4d.jpg|https://cdn.myfigurelist.com/figure-images/1698b15d-c962-333f-b6d2-eab44aae32f4/NieRAutomata-Ver11a-YoRHa-Type-A-No2-1-7_79e82503-fce5-3f36-9f48-9f0cf766dbf9.jpg|https://cdn.myfigurelist.com/figure-images/1698b15d-c962-333f-b6d2-eab44aae32f4/NieRAutomata-Ver11a-YoRHa-Type-A-No2-1-7_3eb9e5f1-e10b-3169-9e30-27038c577760.jpg|https://cdn.myfigurelist.com/figure-images/1698b15d-c962-333f-b6d2-eab44aae32f4/NieRAutomata-Ver11a-YoRHa-Type-A-No2-1-7_fea03b59-0acb-3303-8a85-4bcb68913f86.jpg|https://cdn.myfigurelist.com/figure-images/1698b15d-c962-333f-b6d2-eab44aae32f4/NieRAutomata-Ver11a-YoRHa-Type-A-No2-1-7_c28e3c6e-debe-39c2-977e-f1eb25179d7f.jpg|https://cdn.myfigurelist.com/figure-images/1698b15d-c962-333f-b6d2-eab44aae32f4/NieRAutomata-Ver11a-YoRHa-Type-A-No2-1-7_94333412-4e3e-3ba2-bede-40c25da2723e.jpg|https://cdn.myfigurelist.com/figure-images/1698b15d-c962-333f-b6d2-eab44aae32f4/NieRAutomata-Ver11a-YoRHa-Type-A-No2-1-7_cc69feb5-53b9-3a24-9d88-d23ddcbab637.jpg|https://cdn.myfigurelist.com/figure-images/1698b15d-c962-333f-b6d2-eab44aae32f4/NieRAutomata-Ver11a-YoRHa-Type-A-No2-1-7_73eb2fa0-ff63-3fef-801b-2800709b3622.jpg|https://cdn.myfigurelist.com/figure-images/1698b15d-c962-333f-b6d2-eab44aae32f4/NieRAutomata-Ver11a-YoRHa-Type-A-No2-1-7_05574523-6d75-3ac8-9c76-3b2240a317f8.jpg|https://cdn.myfigurelist.com/figure-images/1698b15d-c962-333f-b6d2-eab44aae32f4/NieRAutomata-Ver11a-YoRHa-Type-A-No2-1-7_eec2ed30-8ee4-3c06-b322-904a85b751f7.jpg|https://cdn.myfigurelist.com/figure-images/1698b15d-c962-333f-b6d2-eab44aae32f4/NieRAutomata-Ver11a-YoRHa-Type-A-No2-1-7_429520a3-68a5-3738-89da-8c303bb4c894.jpg|https://cdn.myfigurelist.com/figure-images/1698b15d-c962-333f-b6d2-eab44aae32f4/NieRAutomata-Ver11a-YoRHa-Type-A-No2-1-7_2fb5adc0-a01d-34de-bc12-841aac206d77.jpg,[],,,,0,0,2026-09-27T02:19:30.064910Z,1.0,"[""csv""]"
104553,MyFigureList,https://myfigurelist.com/figure/104553/Xiana-1-8,Xiana - 1/8,,,hitotonari,Scale Figure,2022-05-29,1/8,,6,,https://cdn.myfigurelist.com/figure-images/afa795fa-ba23-384e-a8ae-13ac36f70dec/Xiana-1-8_7961ca6f-131b-3f66-9f5a-2c5d7aed8584.jpg|https://cdn.myfigurelist.com/figure-images/afa795fa-ba23-384e-a8ae-13ac36f70dec/Xiana-1-8_1a971d6a-bb8b-38d8-a1be-9b86ba9a8465.jpg|https://cdn.myfigurelist.com/figure-images/afa795fa-ba23-384e-a8ae-13ac36f70dec/Xiana-1-8_dc620a1a-ec04-34d4-b8b4-447c77ec98a4.jpg|https://cdn.myfigurelist.com/figure-images/afa795fa-ba23-384e-a8ae-13ac36f70dec/Xiana-1-8_34f4e3f4-6446-3988-a2b0-783b930c2bd2.jpg|https://cdn.myfigurelist.com/figure-images/afa795fa-ba23-384e-a8ae-13ac36f70dec/Xiana-1-8_ca83e3f6-96eb-30b9-90af-fe4ab6693209.jpg|https://cdn.myfigurelist.com/figure-images/afa795fa-ba23-384e-a8ae-13ac36f70dec/Xiana-1-8_8c222369-18c5-330d-8bf7-b12e00d97a52.jpg|https://cdn.myfigurelist.com/figure-images/afa795fa-ba23-384e-a8ae-13ac36f70dec/Xiana-1-8_1a59c829-c89a-3902-9371-beeb975cbc98.jpg|https://cdn.myfigurelist.com/figure-images/afa795fa-ba23-384e-a8ae-13ac36f70dec/Xiana-1-8_4a4afaf2-6f39-3ed4-bfb8-70499700c961.jpg|https://cdn.myfigurelist.com/figure-images/afa795fa-ba23-384e-a8ae-13ac36f70dec/Xiana-1-8_bf2b9819-5197-311e-83e7-c44b914700d7.jpg,[],10000,10000,10000,0,1,2026-09-27T02:19:31.456455Z,1.0,"[""csv""]"
99691,MyFigureList,https://myfigurelist.com/figure/99691/Transformers-Revenge-of-the-Fallen-Long-Haul-Transformers-Movie-RD-17,Transformers: Revenge of the Fallen - Long Haul - Transformers Movie - RD-17,,,Takara Tomy,Anime Figure,2009-10-01,,,,,https://cdn.myfigurelist.com/figure-images/9c2a673c-e307-3f79-8666-35896add7918/Transformers-Revenge-of-the-Fallen-Long-Haul-Transformers-Movie-RD-17_9b8445bb-27ab-39a1-9b7a-0f5dc4750f46.jpg|https://cdn.myfigurelist.com/figure-images/9c2a673c-e307-3f79-8666-35896add7918/Transformers-Revenge-of-the-Fallen-Long-Haul-Transformers-Movie-RD-17_699733f1-44e6-3f31-a2e2-2abc52b60496.jpg|https://cdn.myfigurelist.com/figure-images/9c2a673c-e307-3f79-8666-35896add7918/Transformers-Revenge-of-the-Fallen-Long-Haul-Transformers-Movie-RD-17_8dfc48b2-9106-3d78-a856-95387551ddea.jpg,[],,,,0,0,2026-09-27T02:19:33.459967Z,1.0,"[""csv""]"
89518,MyFigureList,https://myfigurelist.com/figure/89518/Muchipuri-Akira-1-5,Muchipuri - Akira - 1/5,,,Okayama Figure Engineering,Scale Figure,2012-02-01,1/5,,,,https://cdn.myfigurelist.com/figure-images/6df01a33-15b1-38e7-b626-64e4dbad21f8/Muchipuri-Akira-1-5_48e5144f-3dd3-3656-b222-177ae1f7147a.jpg|https://cdn.myfigurelist.com/figure-images/6df01a33-15b1-38e7-b626-64e4dbad21f8/Muchipuri-Akira-1-5_2a05b18b-9ea5-3951-80be-55f524e575ce.jpg|https://cdn.myfigurelist.com/figure-images/6df01a33-15b1-38e7-b626-64e4dbad21f8/Muchipuri-Akira-1-5_71988907-1001-3c9a-acc5-e66aea955939.jpg|https://cdn.myfigurelist.com/figure-images/6df01a33-15b1-38e7-b626-64e4dbad21f8/Muchipuri-Akira-1-5_8e090110-4a3d-3b6a-98ae-1b548bc7c74c.jpg|https://cdn.myfigurelist.com/figure-images/6df01a33-15b1-38e7-b626-64e4dbad21f8/Muchipuri-Akira-1-5_10352c8a-8ed6-382e-b47e-27407e53f0d2.jpg|https://cdn.myfigurelist.com/figure-images/6df01a33-15b1-38e7-b626-64e4dbad21f8/Muchipuri-Akira-1-5_0148198e-da21-3189-885f-9b246978c150.jpg|https://cdn.myfigurelist.com/figure-images/6df01a33-15b1-38e7-b626-64e4dbad21f8/Muchipuri-Akira-1-5_b1a15a74-f553-3a48-9280-f255154b95ee.jpg|https://cdn.myfigurelist.com/figure-images/6df01a33-15b1-38e7-b626-64e4dbad21f8/Muchipuri-Akira-1-5_4638c2e2-3969-3956-b95a-c31d40213909.jpg|https://cdn.myfigurelist.com/figure-images/6df01a33-15b1-38e7-b626-64e4dbad21f8/Muchipuri-Akira-1-5_68fb7953-5ef5-3880-8b3c-52ed41ecd674.jpg|https://cdn.myfigurelist.com/figure-images/6df01a33-15b1-38e7-b626-64e4dbad21f8/Muchipuri-Akira-1-5_8590c108-c861-38ea-85de-518f6ed1b7c8.jpg|https://cdn.myfigurelist.com/figure-images/6df01a33-15b1-38e7-b626-64e4dbad21f8/Muchipuri-Akira-1-5_0ebef5da-91fd-37ec-a32f-15aab5b705a4.jpg|https://cdn.myfigurelist.com/figure-images/6df01a33-15b1-38e7-b626-64e4dbad21f8/Muchipuri-Akira-1-5_ed3947f5-f109-366b-b7dc-9e66fd12d85f.jpg|https://cdn.myfigurelist.com/figure-images/6df01a33-15b1-38e7-b626-64e4dbad21f8/Muchipuri-Akira-1-5_d4ee4b4b-c1f5-3f39-8d95-df2999ee4658.jpg|https://cdn.myfigurelist.com/figure-images/6df01a33-15b1-38e7-b626-64e4dbad21f8/Muchipuri-Akira-1-5_0aa1795f-7d2c-3cca-91d3-5eca22c91833.jpg|https://cdn.myfigurelist.com/figure-images/6df01a33-15b1-38e7-b626-64e4dbad21f8/Muchipuri-Akira-1-5_b2af9bcf-0d4b-3dbe-aefe-22c03d41c5e4.jpg|https://cdn.myfigurelist.com/figure-images/6df01a33-15b1-38e7-b626-64e4dbad21f8/Muchipuri-Akira-1-5_2d261370-f404-3512-9ebf-707f11429184.jpg,[],19800,19800,19800,0,1,2026-09-27T02:19:34.740361Z,1.0,"[""csv""]"
11350,MyFigureList,https://myfigurelist.com/figure/11350/Tokusatsu-Revoltech-No048EX-TOY-STORY-Jessie-Sepia-Color-Ver,Tokusatsu Revoltech No.048EX TOY STORY Jessie Sepia Color Ver.,,,Kaiyodo,Scale Figure,2014-01-01,Non-Scale,Eiichirou Matsumoto,14,,https://cdn.myfigurelist.com/figure-images/4537807040602/Tokusatsu-Revoltech-No048EX-TOY-STORY-Jessie-Sepia-Color-Ver_7428897a-dfba-42b4-9059-2af8931ed9d2.jpg|https://cdn.myfigurelist.com/figure-images/4537807040602/Tokusatsu-Revoltech-No048EX-TOY-STORY-Jessie-Sepia-Color-Ver_ff1e4f39-f5b3-47d4-a6ed-7ec6061e0d2f.jpg|https://cdn.myfigurelist.com/figure-images/4537807040602/Tokusatsu-Revoltech-No048EX-TOY-STORY-Jessie-Sepia-Color-Ver_5377684f-0bb5-40cb-aa86-bf1d226626bc.jpg|https://cdn.myfigurelist.com/figure-images/4537807040602/Tokusatsu-Revoltech-No048EX-TOY-STORY-Jessie-Sepia-Color-Ver_aac6d47f-50db-4596-8752-b15e8dfcffc1.jpg,[],,,,0,0,2026-09-27T02:19:36.868977Z,1.0,"[""csv""]"
100120,MyFigureList,https://myfigurelist.com/figure/100120/Futago-no-Gyaku-Banii-kun,Futago no Gyaku Banii-kun,,,HEY,Anime Figure,2026-02-08,,HEY,,,https://cdn.myfigurelist.com/figure-images/9da131f9-09f9-3504-946f-334dfa3a6c45/Futago-no-Gyaku-Banii-kun_f695c9c2-50ac-38fa-a87e-5eec02c56486.jpg|https://cdn.myfigurelist.com/figure-images/9da131f9-09f9-3504-946f-334dfa3a6c45/Futago-no-Gyaku-Banii-kun_8a33f4c8-93f8-3e3c-ad70-cda22b0bb8a8.jpg|https://cdn.myfigurelist.com/figure-images/9da131f9-09f9-3504-946f-334dfa3a6c45/Futago-no-Gyaku-Banii-kun_e62156fc-e645-3c57-8f06-9b2d8a0225d4.jpg|https://cdn.myfigurelist.com/figure-images/9da131f9-09f9-3504-946f-334dfa3a6c45/Futago-no-Gyaku-Banii-kun_7f0cf49f-b5f6-3787-8bce-eccfe1d0255e.jpg|https://cdn.myfigurelist.com/figure-images/9da131f9-09f9-3504-946f-334dfa3a6c45/Futago-no-Gyaku-Banii-kun_c1d4474c-0766-397b-a8b4-ee8d6c26611c.jpg|https://cdn.myfigurelist.com/figure-images/9da131f9-09f9-3504-946f-334dfa3a6c45/Futago-no-Gyaku-Banii-kun_c804d528-c577-3d8a-b543-4d98250e949d.jpg,[],15000,15000,15000,0,1,2026-09-27T02:19:38.168415Z,1.0,"[""csv""]"
83758,MyFigureList,https://myfigurelist.com/figure/83758/Honkai-Star-Rail-Aglaea-1-7,Honkai: Star Rail - Aglaea - 1/7,,,,Scale Figure,2025-10-02,1/7,Dr.Dog,23,,https://cdn.myfigurelist.com/figure-images/5b2f0271-5bad-3282-923e-1d38547a71a2/Honkai-Star-Rail-Aglaea-1-7_f46965bf-946f-35c3-88e4-ec2b37bb4369.jpg|https://cdn.myfigurelist.com/figure-images/5b2f0271-5bad-3282-923e-1d38547a71a2/Honkai-Star-Rail-Aglaea-1-7_e8725260-60b4-30ae-9e31-6e954e66f507.jpg|https://cdn.myfigurelist.com/figure-images/5b2f0271-5bad-3282-923e-1d38547a71a2/Honkai-Star-Rail-Aglaea-1-7_5602f770-6053-3f8e-9530-190d8583ce66.jpg|https://cdn.myfigurelist.com/figure-images/5b2f0271-5bad-3282-923e-1d38547a71a2/Honkai-Star-Rail-Aglaea-1-7_cd78f4cc-cd47-3c31-9054-a71b3bebc0de.jpg|https://cdn.myfigurelist.com/figure-images/5b2f0271-5bad-3282-923e-1d38547a71a2/Honkai-Star-Rail-Aglaea-1-7_8836d80c-ba47-3570-9164-dd6704021010.jpg|https://cdn.myfigurelist.com/figure-images/5b2f0271-5bad-3282-923e-1d38547a71a2/Honkai-Star-Rail-Aglaea-1-7_c0939fd4-692b-3d6e-b9c0-62bba815400c.jpg|https://cdn.myfigurelist.com/figure-images/5b2f0271-5bad-3282-923e-1d38547a71a2/Honkai-Star-Rail-Aglaea-1-7_73dd2cdd-806b-38a3-839b-b5ff7a6fb207.jpg|https://cdn.myfigurelist.com/figure-images/5b2f0271-5bad-3282-923e-1d38547a71a2/Honkai-Star-Rail-Aglaea-1-7_f95c6ad8-2d3f-3373-8d26-d9103dad82b8.jpg,[],24740,24740,24740,0,1,2026-09-27T02:19:39.403968Z,1.0,"[""csv""]"
24068,MyFigureList,https://myfigurelist.com/figure/24068/Megami-Device-SOL-Raptor-1-1-Plastic-Model,Megami Device SOL Raptor 1/1 Plastic Model,,,Kotobukiya,Scale Figure,2023-08-01,1/1,"Masaki Apsy, Noritaka Fukumoto, Shuichi Kanoshima",18,,https://cdn.myfigurelist.com/figure-images/4934054054459/Megami-Device-SOL-Raptor-1-1-Plastic-Model_d8de9a7d-7c71-48c0-ab7c-9dae57bd21d0.jpg|https://cdn.myfigurelist.com/figure-images/4934054054459/Megami-Device-SOL-Raptor-1-1-Plastic-Model_2d13f7c1-5c2e-4d38-8e6e-5337e066b540.jpg|https://cdn.myfigurelist.com/figure-images/4934054054459/Megami-Device-SOL-Raptor-1-1-Plastic-Model_4ad30193-30d3-470c-aa11-dd5ce7b609a7.jpg|https://cdn.myfigurelist.com/figure-images/4934054054459/Megami-Device-SOL-Raptor-1-1-Plastic-Model_2b9d0883-bf49-4cc7-a7d6-498d48332899.jpg|https://cdn.myfigurelist.com/figure-images/4934054054459/Megami-Device-SOL-Raptor-1-1-Plastic-Model_48a38b72-eb57-44bc-8715-1275a50f59e9.jpg|https://cdn.myfigurelist.com/figure-images/4934054054459/Megami-Device-SOL-Raptor-1-1-Plastic-Model_7056bf43-e12f-468a-8dcb-3b4c62adee18.jpg|https://cdn.myfigurelist.com/figure-images/4934054054459/Megami-Device-SOL-Raptor-1-1-Plastic-Model_13e1401d-2f7f-4ba7-8e44-6f65d900d664.jpg|https://cdn.myfigurelist.com/figure-images/4934054054459/Megami-Device-SOL-Raptor-1-1-Plastic-Model_47284386-182b-4c82-bbd7-940e27d23856.jpg|https://cdn.myfigurelist.com/figure-images/4934054054459/Megami-Device-SOL-Raptor-1-1-Plastic-Model_5e5124cf-c127-4636-acf8-a6ab0dda3ee7.jpg|https://cdn.myfigurelist.com/figure-images/4934054054459/Megami-Device-SOL-Raptor-1-1-Plastic-Model_1ff71d86-f183-44e0-b166-79be9c3554ff.jpg|https://cdn.myfigurelist.com/figure-images/4934054054459/Megami-Device-SOL-Raptor-1-1-Plastic-Model_9a831f01-b070-4535-9d29-a419c34a7efb.jpg|https://cdn.myfigurelist.com/figure-images/4934054054459/Megami-Device-SOL-Raptor-1-1-Plastic-Model_da852a8b-27e3-4965-82b3-bf0b6b22d659.jpg|https://cdn.myfigurelist.com/figure-images/4934054054459/Megami-Device-SOL-Raptor-1-1-Plastic-Model_fe0d81ac-f298-4c61-a496-123f0c999cbf.jpg|https://cdn.myfigurelist.com/figure-images/4934054054459/Megami-Device-SOL-Raptor-1-1-Plastic-Model_4be15366-608a-4b36-8a1a-9fabd6bb9f3b.jpg|https://cdn.myfigurelist.com/figure-images/4934054054459/Megami-Device-SOL-Raptor-1-1-Plastic-Model_f11ec993-cbb5-4f6d-9f54-8804d8014d59.jpg|https://cdn.myfigurelist.com/figure-images/4934054054459/Megami-Device-SOL-Raptor-1-1-Plastic-Model_e8b2cec0-1569-4d8b-8165-effa8c414010.jpg,[],,,,0,0,2026-09-27T02:19:40.283574Z,1.0,"[""csv""]"
57659,MyFigureList,https://myfigurelist.com/figure/57659/Dragon-Ball-Chi-Chi-SHFiguarts-Shoujoki,Dragon Ball - Chi-Chi - S.H.Figuarts - Shoujoki,,,BANDAI SPIRITS,Scale Figure,2020-08-18,Non-Scale,,10,,https://cdn.myfigurelist.com/figure-images/e6ed4cd5-f598-37b0-9cd2-90d8d2d7f4fe/Dragon-Ball-Chi-Chi-SHFiguarts-Shoujoki_4446253f-9fcd-3203-9adf-98883b4dce67.jpg|https://cdn.myfigurelist.com/figure-images/e6ed4cd5-f598-37b0-9cd2-90d8d2d7f4fe/Dragon-Ball-Chi-Chi-SHFiguarts-Shoujoki_35a6e65e-153d-3711-a442-4aad5f4a2fdf.jpg|https://cdn.myfigurelist.com/figure-images/e6ed4cd5-f598-37b0-9cd2-90d8d2d7f4fe/Dragon-Ball-Chi-Chi-SHFiguarts-Shoujoki_306706bf-d5ad-3bc8-a31d-885cf086acba.jpg|https://cdn.myfigurelist.com/figure-images/e6ed4cd5-f598-37b0-9cd2-90d8d2d7f4fe/Dragon-Ball-Chi-Chi-SHFiguarts-Shoujoki_40736561-3042-3df0-981d-5044d34b48f0.jpg|https://cdn.myfigurelist.com/figure-images/e6ed4cd5-f598-37b0-9cd2-90d8d2d7f4fe/Dragon-Ball-Chi-Chi-SHFiguarts-Shoujoki_90e63412-774e-3727-b157-a6f1a52004cb.jpg|https://cdn.myfigurelist.com/figure-images/e6ed4cd5-f598-37b0-9cd2-90d8d2d7f4fe/Dragon-Ball-Chi-Chi-SHFiguarts-Shoujoki_aeebc87d-4d7d-39fa-b1c8-b903991ceb25.jpg|https://cdn.myfigurelist.com/figure-images/e6ed4cd5-f598-37b0-9cd2-90d8d2d7f4fe/Dragon-Ball-Chi-Chi-SHFiguarts-Shoujoki_9314948d-c6a2-3c43-bdeb-7eb9edfa623d.jpg|https://cdn.myfigurelist.com/figure-images/e6ed4cd5-f598-37b0-9cd2-90d8d2d7f4fe/Dragon-Ball-Chi-Chi-SHFiguarts-Shoujoki_075bbcb1-e5ec-3c54-81da-7bea73f9b963.jpg|https://cdn.myfigurelist.com/figure-images/e6ed4cd5-f598-37b0-9cd2-90d8d2d7f4fe/Dragon-Ball-Chi-Chi-SHFiguarts-Shoujoki_0eb5fe00-a530-3a1a-8476-8a10d8dc8be2.jpg,[],5200,5200,5200,0,1,2026-09-27T02:19:42.368881Z,1.0,"[""csv""]"
78283,MyFigureList,https://myfigurelist.com/figure/78283/Blue-Archive-Ichinose-Asuna-1-75-Swimsuit,Blue Archive - Ichinose Asuna - 1/7.5 - Swimsuit,,,Kaguya Hime,Anime Figure,2025-07-27,,Ayazuki Ouka,,,https://cdn.myfigurelist.com/figure-images/44912d8c-9b59-3400-8179-822e922d3a51/Blue-Archive-Ichinose-Asuna-1-75-Swimsuit_c0eddda4-0d0c-3a41-beeb-4f43d8671c55.jpg|https://cdn.myfigurelist.com/figure-images/44912d8c-9b59-3400-8179-822e922d3a51/Blue-Archive-Ichinose-Asuna-1-75-Swimsuit_efefa6b2-4edb-338d-a6a3-8691548c35fd.jpg,[],10000,10000,10000,0,1,2026-09-27T02:19:47.305390Z,1.0,"[""csv""]"
25455,MyFigureList,https://myfigurelist.com/figure/25455/Kaguya-sama-Love-Is-War-The-First-Kiss-That-Never-Ends-Chika-Fujiwara-Summer-Queens-Figure,Kaguya-sama: Love Is War -The First Kiss That Never Ends- Chika Fujiwara [Summer Queens] Figure,,,Our Treasure,Scale Figure,2025-05-01,1/8,Mederukin,22,,https://cdn.myfigurelist.com/figure-images/4573480000694/Kaguya-sama-Love-Is-War-The-First-Kiss-That-Never-Ends-Chika-Fujiwara-Summer-Queens-Figure_3e2416c5-a152-4185-9b46-7f8bad6a3caf.jpg|https://cdn.myfigurelist.com/figure-images/4573480000694/Kaguya-sama-Love-Is-War-The-First-Kiss-That-Never-Ends-Chika-Fujiwara-Summer-Queens-Figure_f92db706-a709-4a60-b198-2c24f26939db.jpg|https://cdn.myfigurelist.com/figure-images/4573480000694/Kaguya-sama-Love-Is-War-The-First-Kiss-That-Never-Ends-Chika-Fujiwara-Summer-Queens-Figure_54a22586-6b8c-415b-acaa-6d2f16a2c641.jpg|https://cdn.myfigurelist.com/figure-images/4573480000694/Kaguya-sama-Love-Is-War-The-First-Kiss-That-Never-Ends-Chika-Fujiwara-Summer-Queens-Figure_7264f2d1-0203-48dc-8d94-b0f841cebb35.jpg|https://cdn.myfigurelist.com/figure-images/4573480000694/Kaguya-sama-Love-Is-War-The-First-Kiss-That-Never-Ends-Chika-Fujiwara-Summer-Queens-Figure_1c408f97-983b-48f4-b115-3d01ba6fffa2.jpg|https://cdn.myfigurelist.com/figure-images/4573480000694/Kaguya-sama-Love-Is-War-The-First-Kiss-That-Never-Ends-Chika-Fujiwara-Summer-Queens-Figure_e4026497-7a46-4da8-8daf-b5b996fc20f0.jpg|https://cdn.myfigurelist.com/figure-images/4573480000694/Kaguya-sama-Love-Is-War-The-First-Kiss-That-Never-Ends-Chika-Fujiwara-Summer-Queens-Figure_b53c0e9f-8f5c-48a6-bae3-50aeb43449d9.jpg|https://cdn.myfigurelist.com/figure-images/4573480000694/Kaguya-sama-Love-Is-War-The-First-Kiss-That-Never-Ends-Chika-Fujiwara-Summer-Queens-Figure_68381a21-4db4-452b-ad79-1c8eb2c178d3.jpg|https://cdn.myfigurelist.com/figure-images/4573480000694/Kaguya-sama-Love-Is-War-The-First-Kiss-That-Never-Ends-Chika-Fujiwara-Summer-Queens-Figure_66364c8c-f5d6-4d37-bc92-d02bffca7fe7.jpg,[],,,,0,0,2026-09-27T02:19:48.355839Z,1.0,"[""csv""]"
123735,MyFigureList,https://myfigurelist.com/figure/123735/Blue-Archive-Ogata-Kanna-1-6-Mizugi,Blue Archive - Ogata Kanna - 1/6 - Mizugi,,,,Scale Figure,2025-06-07,1/6,Rico,27,,https://cdn.myfigurelist.com/figure-images/fc3f9cb7-2c8e-36eb-ab43-2b8975e59bf1/Blue-Archive-Ogata-Kanna-1-6-Mizugi_58082734-e073-3da9-b1fa-6cae9ace92bf.jpg|https://cdn.myfigurelist.com/figure-images/fc3f9cb7-2c8e-36eb-ab43-2b8975e59bf1/Blue-Archive-Ogata-Kanna-1-6-Mizugi_cef3c8a4-3deb-308f-ad56-6b3a4cac36de.jpg|https://cdn.myfigurelist.com/figure-images/fc3f9cb7-2c8e-36eb-ab43-2b8975e59bf1/Blue-Archive-Ogata-Kanna-1-6-Mizugi_9fcc3cfd-dcc3-3aaa-84bb-d1e5754f98d5.jpg|https://cdn.myfigurelist.com/figure-images/fc3f9cb7-2c8e-36eb-ab43-2b8975e59bf1/Blue-Archive-Ogata-Kanna-1-6-Mizugi_cb4d8c5c-efd1-38e2-9664-be2b1d30c7b6.jpg|https://cdn.myfigurelist.com/figure-images/fc3f9cb7-2c8e-36eb-ab43-2b8975e59bf1/Blue-Archive-Ogata-Kanna-1-6-Mizugi_da0a7fa6-b34d-342a-83b4-5e240d219755.jpg|https://cdn.myfigurelist.com/figure-images/fc3f9cb7-2c8e-36eb-ab43-2b8975e59bf1/Blue-Archive-Ogata-Kanna-1-6-Mizugi_8355b227-66fa-38b3-92fd-a376806c0ae4.jpg|https://cdn.myfigurelist.com/figure-images/fc3f9cb7-2c8e-36eb-ab43-2b8975e59bf1/Blue-Archive-Ogata-Kanna-1-6-Mizugi_f8db8a3f-2cce-3af1-8ebb-2b809d40c48e.jpg|https://cdn.myfigurelist.com/figure-images/fc3f9cb7-2c8e-36eb-ab43-2b8975e59bf1/Blue-Archive-Ogata-Kanna-1-6-Mizugi_d8d56727-9148-3869-a70b-cc1dd63affec.jpg|https://cdn.myfigurelist.com/figure-images/fc3f9cb7-2c8e-36eb-ab43-2b8975e59bf1/Blue-Archive-Ogata-Kanna-1-6-Mizugi_6a7f8e69-10a6-3d1a-9d0e-5fa2d3121e98.jpg|https://cdn.myfigurelist.com/figure-images/fc3f9cb7-2c8e-36eb-ab43-2b8975e59bf1/Blue-Archive-Ogata-Kanna-1-6-Mizugi_74545f09-f3ff-37aa-8355-8d6e90386a6f.jpg|https://cdn.myfigurelist.com/figure-images/fc3f9cb7-2c8e-36eb-ab43-2b8975e59bf1/Blue-Archive-Ogata-Kanna-1-6-Mizugi_8fa34f34-95e4-386f-9784-2f4719a313b5.jpg|https://cdn.myfigurelist.com/figure-images/fc3f9cb7-2c8e-36eb-ab43-2b8975e59bf1/Blue-Archive-Ogata-Kanna-1-6-Mizugi_da6b50b5-22ae-3ea6-b4db-f044ee4b8153.jpg|https://cdn.myfigurelist.com/figure-images/fc3f9cb7-2c8e-36eb-ab43-2b8975e59bf1/Blue-Archive-Ogata-Kanna-1-6-Mizugi_2518ff94-2cf7-3c53-8a72-79d80394015a.jpg,[],22000,22000,22000,0,1,2026-09-27T02:19:49.596186Z,1.0,"[""csv""]"
121412,MyFigureList,https://myfigurelist.com/figure/121412/Iris-Collect-Petit-Ruchiru-1-6-Flowers-of-SerenityBlue-Myosotis-ver,Iris Collect Petit - Ruchiru - 1/6 - Flowers of Serenity(Blue Myosotis ver.),,,Azone,Scale Figure,2025-09-26,1/6,,,,https://cdn.myfigurelist.com/figure-images/f69dc517-eee8-3862-9fac-9cd7b43b160e/Iris-Collect-Petit-Ruchiru-1-6-Flowers-of-SerenityBlue-Myosotis-ver_b83a2800-8787-3e82-8c19-1aeb6000f95a.jpg|https://cdn.myfigurelist.com/figure-images/f69dc517-eee8-3862-9fac-9cd7b43b160e/Iris-Collect-Petit-Ruchiru-1-6-Flowers-of-SerenityBlue-Myosotis-ver_fa848e4b-9b85-353f-a94f-54c701ef8578.jpg|https://cdn.myfigurelist.com/figure-images/f69dc517-eee8-3862-9fac-9cd7b43b160e/Iris-Collect-Petit-Ruchiru-1-6-Flowers-of-SerenityBlue-Myosotis-ver_db77d2c3-b6a1-3a19-a8a5-031a8fac710b.jpg|https://cdn.myfigurelist.com/figure-images/f69dc517-eee8-3862-9fac-9cd7b43b160e/Iris-Collect-Petit-Ruchiru-1-6-Flowers-of-SerenityBlue-Myosotis-ver_ec5dca63-51f3-3489-9993-3433dfeeb835.jpg|https://cdn.myfigurelist.com/figure-images/f69dc517-eee8-3862-9fac-9cd7b43b160e/Iris-Collect-Petit-Ruchiru-1-6-Flowers-of-SerenityBlue-Myosotis-ver_5ecf0caa-908b-3a07-b083-52c9e7044228.jpg|https://cdn.myfigurelist.com/figure-images/f69dc517-eee8-3862-9fac-9cd7b43b160e/Iris-Collect-Petit-Ruchiru-1-6-Flowers-of-SerenityBlue-Myosotis-ver_6fe498fa-091b-3e33-8f87-71f407fd4eb7.jpg,[],23000,23000,23000,0,1,2026-09-27T02:19:50.486592Z,1.0,"[""csv""]"
28070,MyFigureList,https://myfigurelist.com/figure/28070/Strike-the-Blood-III-Himeragi-Yukina-Bust-1-5-Cloth-Swimsuit-Ver,Strike the Blood III - Himeragi Yukina - Bust - 1/5 - Cloth Swimsuit Ver.,,,FOTS JAPAN,Scale Figure,2019-04-26,1/5,Matsurugi,21,,https://cdn.myfigurelist.com/figure-images/4571498446558/Strike-the-Blood-III-Himeragi-Yukina-Bust-1-5-Cloth-Swimsuit-Ver_d91c6309-8d0b-3370-a27e-719700c3677a.jpg|https://cdn.myfigurelist.com/figure-images/4571498446558/Strike-the-Blood-III-Himeragi-Yukina-Bust-1-5-Cloth-Swimsuit-Ver_0f5e9251-4fe0-3eec-96aa-b9fd2f7589d2.jpg|https://cdn.myfigurelist.com/figure-images/4571498446558/Strike-the-Blood-III-Himeragi-Yukina-Bust-1-5-Cloth-Swimsuit-Ver_aef7f7e3-45a3-3454-b882-87d3fec61269.jpg|https://cdn.myfigurelist.com/figure-images/4571498446558/Strike-the-Blood-III-Himeragi-Yukina-Bust-1-5-Cloth-Swimsuit-Ver_c5008ffd-9eb3-3b17-b282-89614b77ee29.jpg|https://cdn.myfigurelist.com/figure-images/4571498446558/Strike-the-Blood-III-Himeragi-Yukina-Bust-1-5-Cloth-Swimsuit-Ver_fb41e07d-ad45-3020-af2e-f1c09cb54f05.jpg|https://cdn.myfigurelist.com/figure-images/4571498446558/Strike-the-Blood-III-Himeragi-Yukina-Bust-1-5-Cloth-Swimsuit-Ver_c7a39d9e-35bf-304e-83cb-35598e94cdd8.jpg|https://cdn.myfigurelist.com/figure-images/4571498446558/Strike-the-Blood-III-Himeragi-Yukina-Bust-1-5-Cloth-Swimsuit-Ver_de9025d3-1f96-3f35-abc3-e9382737f7a6.jpg,[],,,,0,0,2026-09-27T02:19:51.665692Z,1.0,"[""csv""]"
109938,MyFigureList,https://myfigurelist.com/figure/109938/Crows-X-Worst-Kawachi-Tessyo-Busou-no-Na-no-Shita-ni-Tsudou-Otokotachi-Flashback-Generation-Coat,Crows X Worst - Kawachi Tessyo - Busou no Na no Shita ni Tsudou Otokotachi - Flashback Generation - Coat,,,Dive,Anime Figure,2006-06-01,,,22,,https://cdn.myfigurelist.com/figure-images/c4dbef00-01aa-30db-b5a9-c50527acad38/Crows-X-Worst-Kawachi-Tessyo-Busou-no-Na-no-Shita-ni-Tsudou-Otokotachi-Flashback-Generation-Coat_737247f7-c9bb-3836-8238-fdaa436b2b00.jpg|https://cdn.myfigurelist.com/figure-images/c4dbef00-01aa-30db-b5a9-c50527acad38/Crows-X-Worst-Kawachi-Tessyo-Busou-no-Na-no-Shita-ni-Tsudou-Otokotachi-Flashback-Generation-Coat_4f217c07-e3d2-303c-b2a3-fd4e1e4016f1.jpg,[],3800,3800,3800,0,1,2026-09-27T02:19:52.686733Z,1.0,"[""csv""]"
64389,MyFigureList,https://myfigurelist.com/figure/64389/Honkai-Star-Rail-Firefly-1-7,Honkai: Star Rail - Firefly - 1/7,,,,Scale Figure,2025-12-01,1/7,Gou De Alice,24,,https://cdn.myfigurelist.com/figure-images/09780704-8a92-3b28-9425-609c1fee13ea/Honkai-Star-Rail-Firefly-1-7_407f11cc-4521-3210-bfb2-541e5762fe2c.jpg|https://cdn.myfigurelist.com/figure-images/09780704-8a92-3b28-9425-609c1fee13ea/Honkai-Star-Rail-Firefly-1-7_c7decaec-9ec3-3a79-986a-57bfc6bf89a4.jpg|https://cdn.myfigurelist.com/figure-images/09780704-8a92-3b28-9425-609c1fee13ea/Honkai-Star-Rail-Firefly-1-7_250b2ddb-f717-3adb-8616-338a29c1df5d.jpg|https://cdn.myfigurelist.com/figure-images/09780704-8a92-3b28-9425-609c1fee13ea/Honkai-Star-Rail-Firefly-1-7_99eef717-d583-3537-bf63-9a045d07298a.jpg|https://cdn.myfigurelist.com/figure-images/09780704-8a92-3b28-9425-609c1fee13ea/Honkai-Star-Rail-Firefly-1-7_802818ac-eb26-38fa-b053-e2d34997a99a.jpg|https://cdn.myfigurelist.com/figure-images/09780704-8a92-3b28-9425-609c1fee13ea/Honkai-Star-Rail-Firefly-1-7_1c784770-9c35-3afd-b247-0d00c51c368c.jpg|https://cdn.myfigurelist.com/figure-images/09780704-8a92-3b28-9425-609c1fee13ea/Honkai-Star-Rail-Firefly-1-7_65a2d6a0-3631-392c-b8f7-542be49ebd20.jpg|https://cdn.myfigurelist.com/figure-images/09780704-8a92-3b28-9425-609c1fee13ea/Honkai-Star-Rail-Firefly-1-7_f1207c5c-4168-31b3-a699-bbb4bae62d41.jpg|https://cdn.myfigurelist.com/figure-images/09780704-8a92-3b28-9425-609c1fee13ea/Honkai-Star-Rail-Firefly-1-7_7b188c40-8e99-3c2a-8f83-0585337ca89d.jpg|https://cdn.myfigurelist.com/figure-images/09780704-8a92-3b28-9425-609c1fee13ea/Honkai-Star-Rail-Firefly-1-7_ae3cdd33-483f-3532-8ffe-270c8df1e433.jpg|https://cdn.myfigurelist.com/figure-images/09780704-8a92-3b28-9425-609c1fee13ea/Honkai-Star-Rail-Firefly-1-7_72e04ef9-c33f-3b2d-84c5-c509b0c461ae.jpg|https://cdn.myfigurelist.com/figure-images/09780704-8a92-3b28-9425-609c1fee13ea/Honkai-Star-Rail-Firefly-1-7_bc97d9fd-7159-373f-96f0-4559ec8caf39.jpg|https://cdn.myfigurelist.com/figure-images/09780704-8a92-3b28-9425-609c1fee13ea/Honkai-Star-Rail-Firefly-1-7_a336407c-3077-3966-85cc-650ea0944d7a.jpg,[],27273,27273,27273,0,1,2026-09-27T02:19:53.864875Z,1.0,"[""csv""]"
27294,MyFigureList,https://myfigurelist.com/figure/27294/1-6-scale-pre-painted-completed-figure-Rent-A-Girlfriend-MIZUHARA-Chizuru-Maid-Bikini-de-cleanup-figure,1/6 scale pre-painted completed figure Rent-A-Girlfriend MIZUHARA Chizuru Maid Bikini de cleanup figure,,,Hakoiri Musume,Scale Figure,2025-08-01,1/6,HAKOIRI MUSUME Inc.,24,,https://cdn.myfigurelist.com/figure-images/4570000500313/1-6-scale-pre-painted-completed-figure-Rent-A-Girlfriend-MIZUHARA-Chizuru-Maid-Bikini-de-cleanup-figure_29143c67-e46c-4fc4-ac0e-d70e61697b0e.jpg|https://cdn.myfigurelist.com/figure-images/4570000500313/1-6-scale-pre-painted-completed-figure-Rent-A-Girlfriend-MIZUHARA-Chizuru-Maid-Bikini-de-cleanup-figure_d716eb38-55c9-4d61-a5e4-011f7de01d73.jpg|https://cdn.myfigurelist.com/figure-images/4570000500313/1-6-scale-pre-painted-completed-figure-Rent-A-Girlfriend-MIZUHARA-Chizuru-Maid-Bikini-de-cleanup-figure_18b942d9-5015-4b92-9ef6-d28a23ad1ef0.jpg|https://cdn.myfigurelist.com/figure-images/4570000500313/1-6-scale-pre-painted-completed-figure-Rent-A-Girlfriend-MIZUHARA-Chizuru-Maid-Bikini-de-cleanup-figure_eca72e21-a347-4331-9e0e-7f4b012cff87.jpg|https://cdn.myfigurelist.com/figure-images/4570000500313/1-6-scale-pre-painted-completed-figure-Rent-A-Girlfriend-MIZUHARA-Chizuru-Maid-Bikini-de-cleanup-figure_df4207ac-c07a-4162-b84a-bcf00dd94474.jpg|https://cdn.myfigurelist.com/figure-images/4570000500313/1-6-scale-pre-painted-completed-figure-Rent-A-Girlfriend-MIZUHARA-Chizuru-Maid-Bikini-de-cleanup-figure_7aaf7568-bf77-4522-a93c-eab4fe123e7c.jpg|https://cdn.myfigurelist.com/figure-images/4570000500313/1-6-scale-pre-painted-completed-figure-Rent-A-Girlfriend-MIZUHARA-Chizuru-Maid-Bikini-de-cleanup-figure_1b71e3fc-d06a-4cfe-8b21-38e96c249e08.jpg|https://cdn.myfigurelist.com/figure-images/4570000500313/1-6-scale-pre-painted-completed-figure-Rent-A-Girlfriend-MIZUHARA-Chizuru-Maid-Bikini-de-cleanup-figure_af8cead7-7e61-420e-880e-b4b2005353b0.jpg|https://cdn.myfigurelist.com/figure-images/4570000500313/1-6-scale-pre-painted-completed-figure-Rent-A-Girlfriend-MIZUHARA-Chizuru-Maid-Bikini-de-cleanup-figure_883769d0-cfd6-4879-89cd-444bca62557f.jpg|https://cdn.myfigurelist.com/figure-images/4570000500313/1-6-scale-pre-painted-completed-figure-Rent-A-Girlfriend-MIZUHARA-Chizuru-Maid-Bikini-de-cleanup-figure_ebe15d48-170c-466d-a968-db3031235afe.jpg|https://cdn.myfigurelist.com/figure-images/4570000500313/1-6-scale-pre-painted-completed-figure-Rent-A-Girlfriend-MIZUHARA-Chizuru-Maid-Bikini-de-cleanup-figure_36883b1b-73a6-47d6-b466-3c43c95fa810.jpg|https://cdn.myfigurelist.com/figure-images/4570000500313/1-6-scale-pre-painted-completed-figure-Rent-A-Girlfriend-MIZUHARA-Chizuru-Maid-Bikini-de-cleanup-figure_701ad0f3-de18-46bf-ae39-46a4bb2d52f9.jpg|https://cdn.myfigurelist.com/figure-images/4570000500313/1-6-scale-pre-painted-completed-figure-Rent-A-Girlfriend-MIZUHARA-Chizuru-Maid-Bikini-de-cleanup-figure_c36fc071-9281-4fd2-925d-d4818694c131.jpg|https://cdn.myfigurelist.com/figure-images/4570000500313/1-6-scale-pre-painted-completed-figure-Rent-A-Girlfriend-MIZUHARA-Chizuru-Maid-Bikini-de-cleanup-figure_daee4367-5454-4c0f-a482-758e2e3c51da.jpg|https://cdn.myfigurelist.com/figure-images/4570000500313/1-6-scale-pre-painted-completed-figure-Rent-A-Girlfriend-MIZUHARA-Chizuru-Maid-Bikini-de-cleanup-figure_0faa3b11-3849-4f1e-901d-99436f243036.jpg|https://cdn.myfigurelist.com/figure-images/4570000500313/1-6-scale-pre-painted-completed-figure-Rent-A-Girlfriend-MIZUHARA-Chizuru-Maid-Bikini-de-cleanup-figure_72f4e592-9012-4458-a538-eade1b9927f9.jpg|https://cdn.myfigurelist.com/figure-images/4570000500313/1-6-scale-pre-painted-completed-figure-Rent-A-Girlfriend-MIZUHARA-Chizuru-Maid-Bikini-de-cleanup-figure_14a92798-bec0-4bd3-bcdb-bb67dd45ea1c.jpg|https://cdn.myfigurelist.com/figure-images/4570000500313/1-6-scale-pre-painted-completed-figure-Rent-A-Girlfriend-MIZUHARA-Chizuru-Maid-Bikini-de-cleanup-figure_66c679f4-84b8-4044-baed-58083b878c75.jpg|https://cdn.myfigurelist.com/figure-images/4570000500313/1-6-scale-pre-painted-completed-figure-Rent-A-Girlfriend-MIZUHARA-Chizuru-Maid-Bikini-de-cleanup-figure_3f5573d9-0c3e-4946-9e34-9af7ae0dc4fd.jpg|https://cdn.myfigurelist.com/figure-images/4570000500313/1-6-scale-pre-painted-completed-figure-Rent-A-Girlfriend-MIZUHARA-Chizuru-Maid-Bikini-de-cleanup-figure_133eb6a0-64a0-4a96-a1cc-f1ad38e8fd24.jpg|https://cdn.myfigurelist.com/figure-images/4570000500313/1-6-scale-pre-painted-completed-figure-Rent-A-Girlfriend-MIZUHARA-Chizuru-Maid-Bikini-de-cleanup-figure_2d979bb4-838a-46d7-a668-1e7d4c3b748a.jpg|https://cdn.myfigurelist.com/figure-images/4570000500313/1-6-scale-pre-painted-completed-figure-Rent-A-Girlfriend-MIZUHARA-Chizuru-Maid-Bikini-de-cleanup-figure_ef383494-3779-4578-8ba9-198a27f8b8eb.jpg|https://cdn.myfigurelist.com/figure-images/4570000500313/1-6-scale-pre-painted-completed-figure-Rent-A-Girlfriend-MIZUHARA-Chizuru-Maid-Bikini-de-cleanup-figure_5a2e2a61-9eda-405f-b673-02df0c22d88a.jpg|https://cdn.myfigurelist.com/figure-images/4570000500313/1-6-scale-pre-painted-completed-figure-Rent-A-Girlfriend-MIZUHARA-Chizuru-Maid-Bikini-de-cleanup-figure_d6f4facd-5678-4381-92a1-b8caa6f6b6a9.jpg|https://cdn.myfigurelist.com/figure-images/4570000500313/1-6-scale-pre-painted-completed-figure-Rent-A-Girlfriend-MIZUHARA-Chizuru-Maid-Bikini-de-cleanup-figure_5f49a5eb-32c6-476a-853c-90d91a89fab4.jpg|https://cdn.myfigurelist.com/figure-images/4570000500313/1-6-scale-pre-painted-completed-figure-Rent-A-Girlfriend-MIZUHARA-Chizuru-Maid-Bikini-de-cleanup-figure_82655a18-c1bb-4077-908d-3e327e25d704.jpg|https://cdn.myfigurelist.com/figure-images/4570000500313/1-6-scale-pre-painted-completed-figure-Rent-A-Girlfriend-MIZUHARA-Chizuru-Maid-Bikini-de-cleanup-figure_e1ff965c-8be4-4267-b4a3-3181254f2fe2.jpg|https://cdn.myfigurelist.com/figure-images/4570000500313/1-6-scale-pre-painted-completed-figure-Rent-A-Girlfriend-MIZUHARA-Chizuru-Maid-Bikini-de-cleanup-figure_c3cd0591-ee8a-408f-84b0-2928b790f253.jpg|https://cdn.myfigurelist.com/figure-images/4570000500313/1-6-scale-pre-painted-completed-figure-Rent-A-Girlfriend-MIZUHARA-Chizuru-Maid-Bikini-de-cleanup-figure_723054f6-0bbe-4bbd-a554-5085c145c20e.jpg,[],,,,0,0,2026-09-27T02:19:54.694436Z,1.0,"[""csv""]"
33218,MyFigureList,https://myfigurelist.com/figure/33218/Eve-Lynna-Eve-Lynna-Dream-Paradise-Series-Treatment-1-12,Eve Lynna - Eve Lynna Dream Paradise Series - Treatment - 1/12,,,Neo Eden Toys,Scale Figure,2024-10-31,1/12,,18,,https://cdn.myfigurelist.com/figure-images/0fe28385-5704-3696-9c43-b6799a15a33a/Eve-Lynna-Eve-Lynna-Dream-Paradise-Series-Treatment-1-12_276427c9-a003-3c92-9437-21f327c2c473.jpg,[],6314,6314,6314,0,1,2026-09-27T02:19:58.674543Z,1.0,"[""csv""]"
48413,MyFigureList,https://myfigurelist.com/figure/48413/Love-Live!-School-Idol-Festival-Sonoda-Umi-Tango-no-Sekku-Hen,Love Live! School Idol Festival - Sonoda Umi - Tango no Sekku Hen,,,Zehi Rihi Iyaou,Scale Figure,2017-07-30,Non-Scale,Zegahi,21,,https://cdn.myfigurelist.com/figure-images/c4df0e3c-d6f1-35ce-88a8-9a6820138026/Love-Live!-School-Idol-Festival-Sonoda-Umi-Tango-no-Sekku-Hen_b7efddbe-e09d-37b6-ae43-cdafd87c3c58.jpg,[],12000,12000,12000,0,1,2026-09-27T02:19:59.572794Z,1.0,"[""csv""]"
53757,MyFigureList,https://myfigurelist.com/figure/53757/Fate-Grand-Order-Jeanne-dArc-Alter-1-6-Ver-2,Fate/Grand Order - Jeanne d'Arc (Alter) - 1/6 - Ver. 2,,,Softcream,Scale Figure,2022-06-04,1/6,,23,,https://cdn.myfigurelist.com/figure-images/bf20f049-a99b-3077-8cfd-3586cc3322b0/Fate-Grand-Order-Jeanne-dArc-Alter-1-6-Ver-2_778e964f-38e8-307f-88fa-12534ef8cd74.jpg|https://cdn.myfigurelist.com/figure-images/bf20f049-a99b-3077-8cfd-3586cc3322b0/Fate-Grand-Order-Jeanne-dArc-Alter-1-6-Ver-2_de9db89f-f570-3a76-8c78-4c0bb980147d.jpg|https://cdn.myfigurelist.com/figure-images/bf20f049-a99b-3077-8cfd-3586cc3322b0/Fate-Grand-Order-Jeanne-dArc-Alter-1-6-Ver-2_3439c4cc-8424-33d9-bf8f-11dabae5d127.jpg|https://cdn.myfigurelist.com/figure-images/bf20f049-a99b-3077-8cfd-3586cc3322b0/Fate-Grand-Order-Jeanne-dArc-Alter-1-6-Ver-2_99756e6d-befa-35ad-8413-7b23e3be2b5a.jpg|https://cdn.myfigurelist.com/figure-images/bf20f049-a99b-3077-8cfd-3586cc3322b0/Fate-Grand-Order-Jeanne-dArc-Alter-1-6-Ver-2_228b73dc-99b2-3e79-ab68-538169c382be.jpg|https://cdn.myfigurelist.com/figure-images/bf20f049-a99b-3077-8cfd-3586cc3322b0/Fate-Grand-Order-Jeanne-dArc-Alter-1-6-Ver-2_78b7d675-a3e6-3c1c-ac92-0785fd6336e0.jpg,[],19000,19000,19000,0,1,2026-09-27T02:20:00.212824Z,1.0,"[""csv""]"
75036,MyFigureList,https://myfigurelist.com/figure/75036/Honkai-Impact-3rd-Li-Sushang,Honkai Impact 3rd - Li Sushang,,,Awaken Association,Anime Figure,2025-02-09,,,,,https://cdn.myfigurelist.com/figure-images/33c3ac0d-cf55-3737-9352-55263ac41464/Honkai-Impact-3rd-Li-Sushang_a2e9b041-9a53-3198-88b4-801d7e3fc2a1.jpg,[],20000,20000,20000,0,1,2026-09-27T02:20:01.424767Z,1.0,"[""csv""]"
87002,MyFigureList,https://myfigurelist.com/figure/87002/Bleach-Urahara-Kisuke-Ichiban-Kuji-Ichiban-Kuji-Bleach-Stirring-Souls-Vol4-Last-One-Prize-Masterlise,Bleach - Urahara Kisuke - Ichiban Kuji - Ichiban Kuji Bleach Stirring Souls Vol.4  (Last One Prize) - Masterlise,,,BANDAI SPIRITS,Anime Figure,2026-05-01,,,25,,https://cdn.myfigurelist.com/figure-images/683ab6a8-bd82-358c-8be6-dd917f7af6fe/Bleach-Urahara-Kisuke-Ichiban-Kuji-Ichiban-Kuji-Bleach-Stirring-Souls-Vol4-Last-One-Prize-Masterlise_8626d0f5-5b25-3f01-bf98-30f5aa33ae03.jpg|https://cdn.myfigurelist.com/figure-images/683ab6a8-bd82-358c-8be6-dd917f7af6fe/Bleach-Urahara-Kisuke-Ichiban-Kuji-Ichiban-Kuji-Bleach-Stirring-Souls-Vol4-Last-One-Prize-Masterlise_7d66e3d9-ef7d-3674-a762-6047c50acb70.jpg|https://cdn.myfigurelist.com/figure-images/683ab6a8-bd82-358c-8be6-dd917f7af6fe/Bleach-Urahara-Kisuke-Ichiban-Kuji-Ichiban-Kuji-Bleach-Stirring-Souls-Vol4-Last-One-Prize-Masterlise_aca9c7aa-c4a1-30af-bfd1-050756b3f35d.jpg|https://cdn.myfigurelist.com/figure-images/683ab6a8-bd82-358c-8be6-dd917f7af6fe/Bleach-Urahara-Kisuke-Ichiban-Kuji-Ichiban-Kuji-Bleach-Stirring-Souls-Vol4-Last-One-Prize-Masterlise_8c0e76c0-a93a-339f-9805-77b0227555f5.jpg|https://cdn.myfigurelist.com/figure-images/683ab6a8-bd82-358c-8be6-dd917f7af6fe/Bleach-Urahara-Kisuke-Ichiban-Kuji-Ichiban-Kuji-Bleach-Stirring-Souls-Vol4-Last-One-Prize-Masterlise_d00f914a-6966-38fa-8975-2a2549f87af1.jpg,[],,,,0,0,2026-09-27T02:20:02.312358Z,1.0,"[""csv""]"
84935,MyFigureList,https://myfigurelist.com/figure/84935/Houkago-Play-Kanojo,Houkago Play - Kanojo,,,WAVE,Anime Figure,2011-10-01,,,16,,https://cdn.myfigurelist.com/figure-images/600df8d6-b053-3c7b-a341-15a1f0322d66/Houkago-Play-Kanojo_4e9ea0d0-598c-3e75-a9dd-e57e4ee57da2.jpg|https://cdn.myfigurelist.com/figure-images/600df8d6-b053-3c7b-a341-15a1f0322d66/Houkago-Play-Kanojo_d60c8a07-4c23-3a58-ae18-8ca1fdff12b8.jpg|https://cdn.myfigurelist.com/figure-images/600df8d6-b053-3c7b-a341-15a1f0322d66/Houkago-Play-Kanojo_f902a827-03e4-3a93-a67a-9067facce2cc.jpg|https://cdn.myfigurelist.com/figure-images/600df8d6-b053-3c7b-a341-15a1f0322d66/Houkago-Play-Kanojo_65cbc060-9a16-31ac-a899-a73a456ab574.jpg|https://cdn.myfigurelist.com/figure-images/600df8d6-b053-3c7b-a341-15a1f0322d66/Houkago-Play-Kanojo_b01fcc78-d980-34ce-bf5a-d783fdea11ba.jpg|https://cdn.myfigurelist.com/figure-images/600df8d6-b053-3c7b-a341-15a1f0322d66/Houkago-Play-Kanojo_bb94bead-ae18-31e8-84cf-1bbbe90e81e6.jpg|https://cdn.myfigurelist.com/figure-images/600df8d6-b053-3c7b-a341-15a1f0322d66/Houkago-Play-Kanojo_a08b95c4-aab1-3e31-9499-c2434544485c.jpg|https://cdn.myfigurelist.com/figure-images/600df8d6-b053-3c7b-a341-15a1f0322d66/Houkago-Play-Kanojo_b0ecd0ee-5565-3ffb-8644-536ccdd4f248.jpg,[],12000,12000,12000,0,1,2026-09-27T02:20:03.503721Z,1.0,"[""csv""]"
124132,MyFigureList,https://myfigurelist.com/figure/124132/Transformers-Ramjet-Transformers-Earthrise-ER-EX-19-Voyager-Class-Seeker-Elite-2-Pack,Transformers - Ramjet - Transformers Earthrise  (ER EX-19) - Voyager Class - Seeker Elite 2-Pack,,,Takara Tomy,Anime Figure,2021-02-01,,,,,https://cdn.myfigurelist.com/figure-images/b5a48b4c-da6e-34c6-9565-74507b90981e/Transformers-Ramjet-Transformers-Earthrise-ER-EX-19-Voyager-Class-Seeker-Elite-2-Pack_84acc03d-be52-3c93-858f-aa6b3e1b5764.jpg|https://cdn.myfigurelist.com/figure-images/b5a48b4c-da6e-34c6-9565-74507b90981e/Transformers-Ramjet-Transformers-Earthrise-ER-EX-19-Voyager-Class-Seeker-Elite-2-Pack_a559b5a2-1d74-3e47-b98b-1071ac5b3d63.jpg|https://cdn.myfigurelist.com/figure-images/b5a48b4c-da6e-34c6-9565-74507b90981e/Transformers-Ramjet-Transformers-Earthrise-ER-EX-19-Voyager-Class-Seeker-Elite-2-Pack_230d9762-ca06-33c6-b875-8af18b917e90.jpg|https://cdn.myfigurelist.com/figure-images/b5a48b4c-da6e-34c6-9565-74507b90981e/Transformers-Ramjet-Transformers-Earthrise-ER-EX-19-Voyager-Class-Seeker-Elite-2-Pack_5adc59fe-e142-35a9-a2e9-9dcfe5d62e30.jpg|https://cdn.myfigurelist.com/figure-images/b5a48b4c-da6e-34c6-9565-74507b90981e/Transformers-Ramjet-Transformers-Earthrise-ER-EX-19-Voyager-Class-Seeker-Elite-2-Pack_9ef6522f-0bc1-3391-b2e3-d864603e6321.jpg,[],9000,9000,9000,0,1,2026-09-27T02:20:04.165021Z,1.0,"[""csv""]"
107329,MyFigureList,https://myfigurelist.com/figure/107329/Sora-Yori-mo-Tooi-Basho-Tamaki-Mari-1-9,Sora Yori mo Tooi Basho - Tamaki Mari - 1/9,,,Shark Fin,Scale Figure,2022-07-24,1/9,,,,https://cdn.myfigurelist.com/figure-images/ba8c9062-92c3-3772-83d6-baa30cdbcd4b/Sora-Yori-mo-Tooi-Basho-Tamaki-Mari-1-9_3147188e-6ce5-3ceb-a8a6-f047a0c2d087.jpg,[],25000,25000,25000,0,1,2026-09-27T02:20:05.009036Z,1.0,"[""csv""]"
4302,MyFigureList,https://myfigurelist.com/figure/4302/CCP-Muscular-Collection-vol5-Sunigator-C-Advent-Ver-Original-Color,CCP Muscular Collection vol.5 Sunigator C Advent Ver. Original Color,,,CCP,Scale Figure,2018-07-01,Non-Scale,,12,,https://cdn.myfigurelist.com/figure-images/4560159118293/CCP-Muscular-Collection-vol5-Sunigator-C-Advent-Ver-Original-Color_97a6aabf-dacd-4464-b6c4-651120c49e02.jpg|https://cdn.myfigurelist.com/figure-images/4560159118293/CCP-Muscular-Collection-vol5-Sunigator-C-Advent-Ver-Original-Color_e37af959-60a7-48ea-ba6e-83781ad88154.jpg|https://cdn.myfigurelist.com/figure-images/4560159118293/CCP-Muscular-Collection-vol5-Sunigator-C-Advent-Ver-Original-Color_19bfc034-32bd-45d4-b010-44d794696d1e.jpg|https://cdn.myfigurelist.com/figure-images/4560159118293/CCP-Muscular-Collection-vol5-Sunigator-C-Advent-Ver-Original-Color_396b24e1-b037-4e7c-bec0-27c7e89176cb.jpg|https://cdn.myfigurelist.com/figure-images/4560159118293/CCP-Muscular-Collection-vol5-Sunigator-C-Advent-Ver-Original-Color_66938fca-faf1-4998-a764-425496205749.jpg|https://cdn.myfigurelist.com/figure-images/4560159118293/CCP-Muscular-Collection-vol5-Sunigator-C-Advent-Ver-Original-Color_fec19053-9a3a-4122-96ef-4205985d9bc8.jpg,[],,,,0,0,2026-09-27T02:20:05.773733Z,1.0,"[""csv""]"
88403,MyFigureList,https://myfigurelist.com/figure/88403/Amagami-Tsukahara-Hibiki-1-6-Maid,Amagami - Tsukahara Hibiki - 1/6 - Maid,,,Gorilla Motor,Scale Figure,2025-09-06,1/6,Sir,,,https://cdn.myfigurelist.com/figure-images/6df3f2c4-c76c-3cdf-8409-7b7044ec621f/Amagami-Tsukahara-Hibiki-1-6-Maid_09b058ae-c858-3918-9546-06150b600e88.jpg,[],12727,12727,12727,0,1,2026-09-27T02:20:06.475409Z,1.0,"[""csv""]"
1233,MyFigureList,https://myfigurelist.com/figure/1233/figma-Hidamari-Sketch-x-Honeycomb-Yuno,figma - Hidamari Sketch x Honeycomb: Yuno,,,Max Factory,Scale Figure,2013-05-01,Non-Scale,Masaki Apsy - Max Factory,12,,https://cdn.myfigurelist.com/figure-images/4545784062708/figma-Hidamari-Sketch-x-Honeycomb-Yuno_f4e3232d-b31d-469d-8ad0-2021a594380e.jpg|https://cdn.myfigurelist.com/figure-images/4545784062708/figma-Hidamari-Sketch-x-Honeycomb-Yuno_61e2f11f-0da2-44ae-ac1a-9616f4a59131.jpg|https://cdn.myfigurelist.com/figure-images/4545784062708/figma-Hidamari-Sketch-x-Honeycomb-Yuno_d7bf6a26-3eb4-4dd2-9ea4-fa84bc64b117.jpg|https://cdn.myfigurelist.com/figure-images/4545784062708/figma-Hidamari-Sketch-x-Honeycomb-Yuno_de65be28-ecd3-4ccc-b25e-410d30d25d63.jpg,[],,,,0,0,2026-09-27T02:20:08.418619Z,1.0,"[""csv""]"
124996,MyFigureList,https://myfigurelist.com/figure/124996/Aliens-Colonial-Marines-Spitter-Play-Arts-Kai,Aliens: Colonial Marines - Spitter - Play Arts Kai,,,Square Enix,Anime Figure,2014-04-25,,,34,,https://cdn.myfigurelist.com/figure-images/ed268f2c-d0ed-30fd-a59a-e82f7b01c5b8/Aliens-Colonial-Marines-Spitter-Play-Arts-Kai_ba865426-8f78-3fae-aab1-bc563202b611.jpg|https://cdn.myfigurelist.com/figure-images/ed268f2c-d0ed-30fd-a59a-e82f7b01c5b8/Aliens-Colonial-Marines-Spitter-Play-Arts-Kai_6cf5f758-8125-3cb2-a236-66f5086a082a.jpg|https://cdn.myfigurelist.com/figure-images/ed268f2c-d0ed-30fd-a59a-e82f7b01c5b8/Aliens-Colonial-Marines-Spitter-Play-Arts-Kai_53c74b74-d333-3725-9be0-f2b4f53c58b5.jpg|https://cdn.myfigurelist.com/figure-images/ed268f2c-d0ed-30fd-a59a-e82f7b01c5b8/Aliens-Colonial-Marines-Spitter-Play-Arts-Kai_4c44df09-5187-34cf-b432-a699b11b6846.jpg|https://cdn.myfigurelist.com/figure-images/ed268f2c-d0ed-30fd-a59a-e82f7b01c5b8/Aliens-Colonial-Marines-Spitter-Play-Arts-Kai_51c2f19f-828e-34bc-b865-5b84ae80c55d.jpg|https://cdn.myfigurelist.com/figure-images/ed268f2c-d0ed-30fd-a59a-e82f7b01c5b8/Aliens-Colonial-Marines-Spitter-Play-Arts-Kai_d02083fd-493f-3746-b33a-044b0065d813.jpg|https://cdn.myfigurelist.com/figure-images/ed268f2c-d0ed-30fd-a59a-e82f7b01c5b8/Aliens-Colonial-Marines-Spitter-Play-Arts-Kai_77a96c98-fb03-3587-8337-9c165b37cbc7.jpg|https://cdn.myfigurelist.com/figure-images/ed268f2c-d0ed-30fd-a59a-e82f7b01c5b8/Aliens-Colonial-Marines-Spitter-Play-Arts-Kai_3d6b94f7-5f48-376c-9604-976ccfc479b3.jpg,[],8800,8800,8800,0,1,2026-09-27T02:20:09.295882Z,1.0,"[""csv""]"
17136,MyFigureList,https://myfigurelist.com/figure/17136/Ultra-Detail-Figure-No631-UDF-Detective-Conan-Series-4-Rei-Furuya,Ultra Detail Figure No.631 UDF Detective Conan Series 4 Rei Furuya,,,Medicom Toy,Scale Figure,2021-10-01,Non-Scale,PERFECT-STUDIO,10,,https://cdn.myfigurelist.com/figure-images/4530956156316/Ultra-Detail-Figure-No631-UDF-Detective-Conan-Series-4-Rei-Furuya_554e1306-e094-4a8e-bddb-7ce25170b2d5.jpg|https://cdn.myfigurelist.com/figure-images/4530956156316/Ultra-Detail-Figure-No631-UDF-Detective-Conan-Series-4-Rei-Furuya_7389f0bc-d2f0-42d6-a38a-06bb4e3ee1c5.jpg|https://cdn.myfigurelist.com/figure-images/4530956156316/Ultra-Detail-Figure-No631-UDF-Detective-Conan-Series-4-Rei-Furuya_f5c6f2b1-373c-42e4-885e-d4af86f4062f.jpg,[],,,,0,0,2026-09-27T02:20:11.155349Z,1.0,"[""csv""]"
82343,MyFigureList,https://myfigurelist.com/figure/82343/Bust-Mini-Bust-Piece-of-Golem-Piece-of-Golem-WF-2026-Winter-Edition-Structure,Bust - Mini Bust - Piece of Golem - Piece of Golem WF 2026 Winter Edition - Structure,,,Flying Megalopolis,Anime Figure,2026-02-08,,Entei Ryu,,,https://cdn.myfigurelist.com/figure-images/5562497e-9eb1-3697-bc4a-aa7f677060e1/Bust-Mini-Bust-Piece-of-Golem-Piece-of-Golem-WF-2026-Winter-Edition-Structure_8c80bfb4-f1ba-3811-b5bb-2326c35d1376.jpg|https://cdn.myfigurelist.com/figure-images/5562497e-9eb1-3697-bc4a-aa7f677060e1/Bust-Mini-Bust-Piece-of-Golem-Piece-of-Golem-WF-2026-Winter-Edition-Structure_d36d99b0-d80e-3156-8253-3f9ef1601bab.jpg|https://cdn.myfigurelist.com/figure-images/5562497e-9eb1-3697-bc4a-aa7f677060e1/Bust-Mini-Bust-Piece-of-Golem-Piece-of-Golem-WF-2026-Winter-Edition-Structure_c7f04d06-f60a-3a8f-b463-b89ad3764b6c.jpg,[],5000,5000,5000,0,1,2026-09-27T02:20:13.870286Z,1.0,"[""csv""]"
93152,MyFigureList,https://myfigurelist.com/figure/93152/FLCL-Canti,FLCL - Canti,,,Kaching Brands,Anime Figure,2007-05-01,,,30,,https://cdn.myfigurelist.com/figure-images/80f70c75-9546-3693-bfc7-a89264ef5d28/FLCL-Canti_6c14e2b2-43b2-3a19-870e-351de282bb38.jpg,[],11991,11991,11991,0,1,2026-09-27T02:20:15.738835Z,1.0,"[""csv""]"
14074,MyFigureList,https://myfigurelist.com/figure/14074/My-Hero-Academia-Yurayura-Head-Izuku-Midoriya-Uniform-,My Hero Academia Yurayura Head Izuku Midoriya (Uniform ),,,Takara Tomy A.R.T.S,Scale Figure,2022-06-01,Non-Scale,,11,,https://cdn.myfigurelist.com/figure-images/4580683605885/My-Hero-Academia-Yurayura-Head-Izuku-Midoriya-Uniform-_5b1545da-887c-4ba2-aeec-063357f95b27.jpg|https://cdn.myfigurelist.com/figure-images/4580683605885/My-Hero-Academia-Yurayura-Head-Izuku-Midoriya-Uniform-_424c97cd-5cf8-435d-ab93-8cb4e348111f.jpg|https://cdn.myfigurelist.com/figure-images/4580683605885/My-Hero-Academia-Yurayura-Head-Izuku-Midoriya-Uniform-_351cbe3f-81f7-4f32-9026-47344141b80d.jpg,[],,,,0,0,2026-09-27T02:20:16.282997Z,1.0,"[""csv""]"
112180,MyFigureList,https://myfigurelist.com/figure/112180/Ultraman-Decker-SHFiguarts-Flash-Type,Ultraman Decker - S.H.Figuarts - Flash Type,,,BANDAI SPIRITS,Anime Figure,2022-11-18,,,15,,https://cdn.myfigurelist.com/figure-images/cdd31bf0-33a9-31ba-9e09-86c3ee7a7768/Ultraman-Decker-SHFiguarts-Flash-Type_729859ae-44fc-3a19-8503-f8d8b5347438.jpg|https://cdn.myfigurelist.com/figure-images/cdd31bf0-33a9-31ba-9e09-86c3ee7a7768/Ultraman-Decker-SHFiguarts-Flash-Type_d45c212e-c4e1-3b04-ab74-077febe9c9b7.jpg|https://cdn.myfigurelist.com/figure-images/cdd31bf0-33a9-31ba-9e09-86c3ee7a7768/Ultraman-Decker-SHFiguarts-Flash-Type_9fb8f7ee-bae3-38f5-9bbc-73cdb99a7ecd.jpg|https://cdn.myfigurelist.com/figure-images/cdd31bf0-33a9-31ba-9e09-86c3ee7a7768/Ultraman-Decker-SHFiguarts-Flash-Type_27819c93-3d5b-349e-aae3-76310812dfae.jpg|https://cdn.myfigurelist.com/figure-images/cdd31bf0-33a9-31ba-9e09-86c3ee7a7768/Ultraman-Decker-SHFiguarts-Flash-Type_7c9bf3d0-de1e-38ee-9ac2-6f707e0e00ad.jpg|https://cdn.myfigurelist.com/figure-images/cdd31bf0-33a9-31ba-9e09-86c3ee7a7768/Ultraman-Decker-SHFiguarts-Flash-Type_6b200592-2b86-3433-ba36-c4f1a57bba73.jpg|https://cdn.myfigurelist.com/figure-images/cdd31bf0-33a9-31ba-9e09-86c3ee7a7768/Ultraman-Decker-SHFiguarts-Flash-Type_ee0cc4a1-2d17-3f23-af61-48bdf824184f.jpg|https://cdn.myfigurelist.com/figure-images/cdd31bf0-33a9-31ba-9e09-86c3ee7a7768/Ultraman-Decker-SHFiguarts-Flash-Type_207d9781-0062-38d3-b1a1-321df47c72d1.jpg|https://cdn.myfigurelist.com/figure-images/cdd31bf0-33a9-31ba-9e09-86c3ee7a7768/Ultraman-Decker-SHFiguarts-Flash-Type_5e915205-87af-3084-9678-22b14fa57d4f.jpg|https://cdn.myfigurelist.com/figure-images/cdd31bf0-33a9-31ba-9e09-86c3ee7a7768/Ultraman-Decker-SHFiguarts-Flash-Type_5bf73640-ec5e-3208-b8a6-e6c20adae56f.jpg|https://cdn.myfigurelist.com/figure-images/cdd31bf0-33a9-31ba-9e09-86c3ee7a7768/Ultraman-Decker-SHFiguarts-Flash-Type_aaa8223b-786b-32d7-baf8-87ffcf7a19a1.jpg|https://cdn.myfigurelist.com/figure-images/cdd31bf0-33a9-31ba-9e09-86c3ee7a7768/Ultraman-Decker-SHFiguarts-Flash-Type_1b675e4d-eaad-322a-9ac9-35722f859b15.jpg|https://cdn.myfigurelist.com/figure-images/cdd31bf0-33a9-31ba-9e09-86c3ee7a7768/Ultraman-Decker-SHFiguarts-Flash-Type_bd7ca0b1-e5c8-3f44-b16f-5a7ed6675ef7.jpg|https://cdn.myfigurelist.com/figure-images/cdd31bf0-33a9-31ba-9e09-86c3ee7a7768/Ultraman-Decker-SHFiguarts-Flash-Type_dbd783a6-5e13-3316-a26a-9d6228fb50da.jpg|https://cdn.myfigurelist.com/figure-images/cdd31bf0-33a9-31ba-9e09-86c3ee7a7768/Ultraman-Decker-SHFiguarts-Flash-Type_d448ee2f-ae7a-302d-a705-cab4486ef976.jpg|https://cdn.myfigurelist.com/figure-images/cdd31bf0-33a9-31ba-9e09-86c3ee7a7768/Ultraman-Decker-SHFiguarts-Flash-Type_1ee1594e-b4bd-384f-88fd-2dabb8755753.jpg|https://cdn.myfigurelist.com/figure-images/cdd31bf0-33a9-31ba-9e09-86c3ee7a7768/Ultraman-Decker-SHFiguarts-Flash-Type_93330219-e7e9-3109-9237-b20c358bfe1c.jpg|https://cdn.myfigurelist.com/figure-images/cdd31bf0-33a9-31ba-9e09-86c3ee7a7768/Ultraman-Decker-SHFiguarts-Flash-Type_9640f5fc-24ef-3d39-91f1-55189893b132.jpg|https://cdn.myfigurelist.com/figure-images/cdd31bf0-33a9-31ba-9e09-86c3ee7a7768/Ultraman-Decker-SHFiguarts-Flash-Type_4cde6f09-3769-3655-aae2-65cad3aac46d.jpg,[],,,,0,0,2026-09-27T02:20:19.519054Z,1.0,"[""csv""]"
25847,MyFigureList,https://myfigurelist.com/figure/25847/figma-NieRAutomata-Ver11a-A2,figma NieR:Automata Ver1.1a A2,,,Max Factory,Scale Figure,2026-01-01,Non-Scale,"Masato Nagai, Masanori Kuroda, Naoki Satou",16,,https://cdn.myfigurelist.com/figure-images/4545784069783/figma-NieRAutomata-Ver11a-A2_22edd01f-374c-4523-bf68-4580d0d6b268.jpg|https://cdn.myfigurelist.com/figure-images/4545784069783/figma-NieRAutomata-Ver11a-A2_5101d506-d399-41af-b177-29cd033281c6.jpg|https://cdn.myfigurelist.com/figure-images/4545784069783/figma-NieRAutomata-Ver11a-A2_e19dcbe0-8511-468a-a4ff-56690e124866.jpg|https://cdn.myfigurelist.com/figure-images/4545784069783/figma-NieRAutomata-Ver11a-A2_4bbc515f-6a65-49d8-8834-1869ffb3a25d.jpg|https://cdn.myfigurelist.com/figure-images/4545784069783/figma-NieRAutomata-Ver11a-A2_16174585-b74b-42a4-8108-ba0729ae7a77.jpg|https://cdn.myfigurelist.com/figure-images/4545784069783/figma-NieRAutomata-Ver11a-A2_a3b89255-e414-43f0-b715-fa0ef2f94be8.jpg|https://cdn.myfigurelist.com/figure-images/4545784069783/figma-NieRAutomata-Ver11a-A2_dda6b808-bd5c-47a0-b3ad-011239d2284e.jpg,[],,,,0,0,2026-09-27T02:20:20.030947Z,1.0,"[""csv""]"
2836,MyFigureList,https://myfigurelist.com/figure/2836/Lineage-II-Dwarf-Twinkle-Stars-ver-Complete-Figure-Hobby-Channel-Exclusive,Lineage II - Dwarf Twinkle Stars ver. Complete Figure [Hobby Channel Exclusive],,,OrchidSeed,Scale Figure,2011-01-01,Non-Scale,OSIRIS,21,,https://cdn.myfigurelist.com/figure-images/4582292600831/Lineage-II-Dwarf-Twinkle-Stars-ver-Complete-Figure-Hobby-Channel-Exclusive_f9656f32-3aa6-4a63-b3b9-3b2e90d3b270.jpg|https://cdn.myfigurelist.com/figure-images/4582292600831/Lineage-II-Dwarf-Twinkle-Stars-ver-Complete-Figure-Hobby-Channel-Exclusive_5ab58e0d-d529-41d7-89df-c516edcfaaa9.jpg|https://cdn.myfigurelist.com/figure-images/4582292600831/Lineage-II-Dwarf-Twinkle-Stars-ver-Complete-Figure-Hobby-Channel-Exclusive_4374add0-2c03-47e3-aecb-a7a209998f59.jpg|https://cdn.myfigurelist.com/figure-images/4582292600831/Lineage-II-Dwarf-Twinkle-Stars-ver-Complete-Figure-Hobby-Channel-Exclusive_c7ac92aa-9c33-4734-a381-c2aec70831c1.jpg|https://cdn.myfigurelist.com/figure-images/4582292600831/Lineage-II-Dwarf-Twinkle-Stars-ver-Complete-Figure-Hobby-Channel-Exclusive_8b4fd9ba-32e3-4f70-9fa0-db188bc5c891.jpg|https://cdn.myfigurelist.com/figure-images/4582292600831/Lineage-II-Dwarf-Twinkle-Stars-ver-Complete-Figure-Hobby-Channel-Exclusive_746597dd-3e4f-4658-b2aa-162a54125b4c.jpg|https://cdn.myfigurelist.com/figure-images/4582292600831/Lineage-II-Dwarf-Twinkle-Stars-ver-Complete-Figure-Hobby-Channel-Exclusive_b18a87c4-d393-4296-8d1c-0e3275f21adb.jpg|https://cdn.myfigurelist.com/figure-images/4582292600831/Lineage-II-Dwarf-Twinkle-Stars-ver-Complete-Figure-Hobby-Channel-Exclusive_818b4dc2-f6d9-4ad4-a4cc-068ea7731052.jpg|https://cdn.myfigurelist.com/figure-images/4582292600831/Lineage-II-Dwarf-Twinkle-Stars-ver-Complete-Figure-Hobby-Channel-Exclusive_50da2b25-94c9-4854-ba33-396e09959f4e.jpg|https://cdn.myfigurelist.com/figure-images/4582292600831/Lineage-II-Dwarf-Twinkle-Stars-ver-Complete-Figure-Hobby-Channel-Exclusive_06d3339f-432b-4745-a3e0-375b8e1c28dd.jpg|https://cdn.myfigurelist.com/figure-images/4582292600831/Lineage-II-Dwarf-Twinkle-Stars-ver-Complete-Figure-Hobby-Channel-Exclusive_0f0020a5-ccc1-4984-b1d2-60a448e52d18.jpg|https://cdn.myfigurelist.com/figure-images/4582292600831/Lineage-II-Dwarf-Twinkle-Stars-ver-Complete-Figure-Hobby-Channel-Exclusive_514f55ef-9afa-4db3-82b8-82114572420e.jpg|https://cdn.myfigurelist.com/figure-images/4582292600831/Lineage-II-Dwarf-Twinkle-Stars-ver-Complete-Figure-Hobby-Channel-Exclusive_8f1e8873-a2c4-4af5-a232-9707dc60cc52.jpg|https://cdn.myfigurelist.com/figure-images/4582292600831/Lineage-II-Dwarf-Twinkle-Stars-ver-Complete-Figure-Hobby-Channel-Exclusive_7e51feac-2daa-456b-89ea-5978ef69ceb2.jpg|https://cdn.myfigurelist.com/figure-images/4582292600831/Lineage-II-Dwarf-Twinkle-Stars-ver-Complete-Figure-Hobby-Channel-Exclusive_72263013-0c4f-4c91-b907-16dbad922471.jpg,[],,,,0,0,2026-09-27T02:20:23.317878Z,1.0,"[""csv""]"
86126,MyFigureList,https://myfigurelist.com/figure/86126/Ikki-Tousen-Dragon-Destiny-Ryomou-Shimei-1-6,Ikki Tousen Dragon Destiny - Ryomou Shimei - 1/6,,,Taki Corporation,Scale Figure,2008-01-01,1/6,,,,https://cdn.myfigurelist.com/figure-images/601513d7-c05a-3d7c-8226-4e9f79b5deab/Ikki-Tousen-Dragon-Destiny-Ryomou-Shimei-1-6_9216aec8-12d7-3ecb-9f9e-e785ba94d93c.jpg,[],8800,8800,8800,0,1,2026-09-27T02:20:24.420541Z,1.0,"[""csv""]"
6044,MyFigureList,https://myfigurelist.com/figure/6044/MAFEX-No129-MAFEX-THE-MANDALORIAN,MAFEX No.129 MAFEX THE MANDALORIAN,,,Medicom Toy,Scale Figure,2023-03-01,Non-Scale,"SH STUDIO, PERFECT-STUDIO",16,,https://cdn.myfigurelist.com/figure-images/4530956471297/MAFEX-No129-MAFEX-THE-MANDALORIAN_0ebf79db-1d2f-4956-b9d1-3f529ca3408a.jpg|https://cdn.myfigurelist.com/figure-images/4530956471297/MAFEX-No129-MAFEX-THE-MANDALORIAN_18c3e63f-be90-4085-b001-be0a46142cb3.jpg|https://cdn.myfigurelist.com/figure-images/4530956471297/MAFEX-No129-MAFEX-THE-MANDALORIAN_f52020b7-c2bf-4360-a81a-682cb370c38d.jpg|https://cdn.myfigurelist.com/figure-images/4530956471297/MAFEX-No129-MAFEX-THE-MANDALORIAN_2df35e8b-7e77-4f89-97be-eac3f27f2fc8.jpg|https://cdn.myfigurelist.com/figure-images/4530956471297/MAFEX-No129-MAFEX-THE-MANDALORIAN_2126b7ad-9de4-4f7b-82f3-228e5fce0b21.jpg|https://cdn.myfigurelist.com/figure-images/4530956471297/MAFEX-No129-MAFEX-THE-MANDALORIAN_6def44d2-0391-4974-bc45-e78d8c88e42e.jpg|https://cdn.myfigurelist.com/figure-images/4530956471297/MAFEX-No129-MAFEX-THE-MANDALORIAN_24162051-7fc4-4fb7-a48e-e83eb00ce344.jpg|https://cdn.myfigurelist.com/figure-images/4530956471297/MAFEX-No129-MAFEX-THE-MANDALORIAN_ea4b9c03-a2e6-43c7-9e83-c744fecf2bb3.jpg|https://cdn.myfigurelist.com/figure-images/4530956471297/MAFEX-No129-MAFEX-THE-MANDALORIAN_e379d503-4b12-4cc5-b94e-c5535cf0b736.jpg|https://cdn.myfigurelist.com/figure-images/4530956471297/MAFEX-No129-MAFEX-THE-MANDALORIAN_b6d679ca-7563-4af2-bcb2-8f9310413212.jpg|https://cdn.myfigurelist.com/figure-images/4530956471297/MAFEX-No129-MAFEX-THE-MANDALORIAN_1007ec71-d2a1-4aff-90ce-7722b37102d5.jpg|https://cdn.myfigurelist.com/figure-images/4530956471297/MAFEX-No129-MAFEX-THE-MANDALORIAN_77115f2d-71fd-4858-8ef7-5abf587136d9.jpg|https://cdn.myfigurelist.com/figure-images/4530956471297/MAFEX-No129-MAFEX-THE-MANDALORIAN_61f86769-cb28-4914-a2ae-9e34bfb12617.jpg|https://cdn.myfigurelist.com/figure-images/4530956471297/MAFEX-No129-MAFEX-THE-MANDALORIAN_5d16319b-eec1-4a9a-905b-16dfdbcb876f.jpg|https://cdn.myfigurelist.com/figure-images/4530956471297/MAFEX-No129-MAFEX-THE-MANDALORIAN_73fb8e4e-39a7-406f-931b-184ff09ee06f.jpg|https://cdn.myfigurelist.com/figure-images/4530956471297/MAFEX-No129-MAFEX-THE-MANDALORIAN_4386d11d-7d70-4fa9-907a-09a133452b4e.jpg|https://cdn.myfigurelist.com/figure-images/4530956471297/MAFEX-No129-MAFEX-THE-MANDALORIAN_cc257d92-5295-428b-971f-843365424208.jpg,[],,,,0,0,2026-09-27T02:20:25.085245Z,1.0,"[""csv""]"
15896,MyFigureList,https://myfigurelist.com/figure/15896/Major-2nd-Mini-Figure-Mutsuko-Sakura,Major 2nd Mini Figure Mutsuko Sakura,,,Plum,Scale Figure,2021-12-01,Non-Scale,,7,,https://cdn.myfigurelist.com/figure-images/4582362384197/Major-2nd-Mini-Figure-Mutsuko-Sakura_adc1d08d-3468-467d-995d-25ad1e9453c2.jpg|https://cdn.myfigurelist.com/figure-images/4582362384197/Major-2nd-Mini-Figure-Mutsuko-Sakura_4f72eeba-e2bf-4ce2-a599-ed4c4a64be8f.jpg|https://cdn.myfigurelist.com/figure-images/4582362384197/Major-2nd-Mini-Figure-Mutsuko-Sakura_ec44aae7-11f4-41c9-ae37-9c7707d0ef47.jpg|https://cdn.myfigurelist.com/figure-images/4582362384197/Major-2nd-Mini-Figure-Mutsuko-Sakura_a60b0625-21ff-42b5-a89d-b61efe65fea1.jpg|https://cdn.myfigurelist.com/figure-images/4582362384197/Major-2nd-Mini-Figure-Mutsuko-Sakura_73170f6f-15bd-41ed-893c-bfca7990a14a.jpg|https://cdn.myfigurelist.com/figure-images/4582362384197/Major-2nd-Mini-Figure-Mutsuko-Sakura_97cb4c1a-37ce-42d5-b018-bc4160498fbf.jpg,[],,,,0,0,2026-09-27T02:20:26.355723Z,1.0,"[""csv""]"
71850,MyFigureList,https://myfigurelist.com/figure/71850/Jujutsu-Kaisen-Itadori-Yuji-POP!-Animation-1882-POP!-Plus-POP!-Vinyl,Jujutsu Kaisen - Itadori Yuji - POP! Animation  (1882) - POP! Plus - POP! Vinyl,,,Funko Toys,Anime Figure,2025-05-01,,,,,https://cdn.myfigurelist.com/figure-images/27a90bcb-1b61-319b-827e-2082d6f2839b/Jujutsu-Kaisen-Itadori-Yuji-POP!-Animation-1882-POP!-Plus-POP!-Vinyl_2fc87c0e-78b5-3382-8798-e41bf27beb45.jpg,[],2155,2155,2155,0,1,2026-09-27T02:20:27.524667Z,1.0,"[""csv""]"
61579,MyFigureList,https://myfigurelist.com/figure/61579/Cocktail-Glass-Bunny-1-6-Complete-Figure-Regular-Edition,Cocktail Glass Bunny 1/6 Complete Figure Regular Edition,,,Hobby sakura,Scale Figure,2026-09-01,1/6,,28,,https://cdn.myfigurelist.com/figure-images/a8ebf943-4ecf-4066-8734-792737fe89b5/Cocktail-Glass-Bunny-1-6-Complete-Figure-Regular-Edition_f1e582e1-2743-45e3-85bc-e715b30f9335.jpg|https://cdn.myfigurelist.com/figure-images/a8ebf943-4ecf-4066-8734-792737fe89b5/Cocktail-Glass-Bunny-1-6-Complete-Figure-Regular-Edition_2e96a29d-5185-4860-8f2c-a8046059cefe.jpg|https://cdn.myfigurelist.com/figure-images/a8ebf943-4ecf-4066-8734-792737fe89b5/Cocktail-Glass-Bunny-1-6-Complete-Figure-Regular-Edition_2c9b765b-a5d7-4833-ac4e-2d08ca76a0c6.jpg|https://cdn.myfigurelist.com/figure-images/a8ebf943-4ecf-4066-8734-792737fe89b5/Cocktail-Glass-Bunny-1-6-Complete-Figure-Regular-Edition_216c6df3-cf0c-413b-821b-de840e226c91.jpg|https://cdn.myfigurelist.com/figure-images/a8ebf943-4ecf-4066-8734-792737fe89b5/Cocktail-Glass-Bunny-1-6-Complete-Figure-Regular-Edition_2a3cd3a4-b5ac-4d89-a991-b08955198876.jpg|https://cdn.myfigurelist.com/figure-images/a8ebf943-4ecf-4066-8734-792737fe89b5/Cocktail-Glass-Bunny-1-6-Complete-Figure-Regular-Edition_52a9c66a-80a2-4426-904c-800767dbf61a.jpg|https://cdn.myfigurelist.com/figure-images/a8ebf943-4ecf-4066-8734-792737fe89b5/Cocktail-Glass-Bunny-1-6-Complete-Figure-Regular-Edition_fcd793d4-c3e5-4849-85ce-6501b2476122.jpg|https://cdn.myfigurelist.com/figure-images/a8ebf943-4ecf-4066-8734-792737fe89b5/Cocktail-Glass-Bunny-1-6-Complete-Figure-Regular-Edition_375dda57-b3ea-4b9d-bbe7-8e000995ca5a.jpg|https://cdn.myfigurelist.com/figure-images/a8ebf943-4ecf-4066-8734-792737fe89b5/Cocktail-Glass-Bunny-1-6-Complete-Figure-Regular-Edition_f6a0ab0e-5474-4f7d-a6cb-35b59d185458.jpg|https://cdn.myfigurelist.com/figure-images/a8ebf943-4ecf-4066-8734-792737fe89b5/Cocktail-Glass-Bunny-1-6-Complete-Figure-Regular-Edition_25f23717-b897-4809-b375-c15c56329335.jpg|https://cdn.myfigurelist.com/figure-images/a8ebf943-4ecf-4066-8734-792737fe89b5/Cocktail-Glass-Bunny-1-6-Complete-Figure-Regular-Edition_6adeb95e-71c8-406f-82af-8dd88d05496a.jpg|https://cdn.myfigurelist.com/figure-images/a8ebf943-4ecf-4066-8734-792737fe89b5/Cocktail-Glass-Bunny-1-6-Complete-Figure-Regular-Edition_f87c1f4e-738f-46db-9a08-6b3554754155.jpg|https://cdn.myfigurelist.com/figure-images/a8ebf943-4ecf-4066-8734-792737fe89b5/Cocktail-Glass-Bunny-1-6-Complete-Figure-Regular-Edition_29e82090-d4c0-4f66-8605-c03a076f2fb4.jpg|https://cdn.myfigurelist.com/figure-images/a8ebf943-4ecf-4066-8734-792737fe89b5/Cocktail-Glass-Bunny-1-6-Complete-Figure-Regular-Edition_8c119dec-2f63-4a16-a6cb-dacc49a5b464.jpg|https://cdn.myfigurelist.com/figure-images/a8ebf943-4ecf-4066-8734-792737fe89b5/Cocktail-Glass-Bunny-1-6-Complete-Figure-Regular-Edition_54f4b17f-7d8a-4994-ae66-61cc83333613.jpg|https://cdn.myfigurelist.com/figure-images/a8ebf943-4ecf-4066-8734-792737fe89b5/Cocktail-Glass-Bunny-1-6-Complete-Figure-Regular-Edition_75858829-6e7a-4097-9f6b-d5cb33c2a819.jpg|https://cdn.myfigurelist.com/figure-images/a8ebf943-4ecf-4066-8734-792737fe89b5/Cocktail-Glass-Bunny-1-6-Complete-Figure-Regular-Edition_17d7092a-218b-449b-bea2-f66758acce61.jpg|https://cdn.myfigurelist.com/figure-images/a8ebf943-4ecf-4066-8734-792737fe89b5/Cocktail-Glass-Bunny-1-6-Complete-Figure-Regular-Edition_179b21ba-ec5b-47e2-9382-28dfcdd47ed1.jpg|https://cdn.myfigurelist.com/figure-images/a8ebf943-4ecf-4066-8734-792737fe89b5/Cocktail-Glass-Bunny-1-6-Complete-Figure-Regular-Edition_9815d1cf-d9a1-459e-b17b-ab44eed370b0.jpg,[],,,,0,0,2026-09-27T02:20:28.862157Z,1.0,"[""csv""]"
18621,MyFigureList,https://myfigurelist.com/figure/18621/Azur-Lane-Rodney-Immaculate-Beauty-ver-1-7-Complete-Figure,Azur Lane Rodney -Immaculate Beauty ver.- 1/7 Complete Figure,,,Alphamax,Scale Figure,2024-09-01,1/7,EGG,24,,https://cdn.myfigurelist.com/figure-images/4562283272803/Azur-Lane-Rodney-Immaculate-Beauty-ver-1-7-Complete-Figure_26917988-3523-425f-a1af-d388c7bf6472.jpg|https://cdn.myfigurelist.com/figure-images/4562283272803/Azur-Lane-Rodney-Immaculate-Beauty-ver-1-7-Complete-Figure_3b1d5dc4-830f-4a98-acc6-467d2808e47c.jpg|https://cdn.myfigurelist.com/figure-images/4562283272803/Azur-Lane-Rodney-Immaculate-Beauty-ver-1-7-Complete-Figure_ec8cbf3c-fde0-4e5c-9c2e-031359764808.jpg|https://cdn.myfigurelist.com/figure-images/4562283272803/Azur-Lane-Rodney-Immaculate-Beauty-ver-1-7-Complete-Figure_f7904063-0acb-42a1-a0e2-949591248407.jpg|https://cdn.myfigurelist.com/figure-images/4562283272803/Azur-Lane-Rodney-Immaculate-Beauty-ver-1-7-Complete-Figure_f71f14da-9c4e-452c-ac94-94b2f8da37d3.jpg|https://cdn.myfigurelist.com/figure-images/4562283272803/Azur-Lane-Rodney-Immaculate-Beauty-ver-1-7-Complete-Figure_fbbd7f1c-f6c5-4a6b-aba1-5ec9b9977460.jpg|https://cdn.myfigurelist.com/figure-images/4562283272803/Azur-Lane-Rodney-Immaculate-Beauty-ver-1-7-Complete-Figure_1a0c9d66-b5ce-481b-852e-2d5bde7aca3e.jpg|https://cdn.myfigurelist.com/figure-images/4562283272803/Azur-Lane-Rodney-Immaculate-Beauty-ver-1-7-Complete-Figure_119718d1-ac53-444e-9856-786b5e48aae3.jpg|https://cdn.myfigurelist.com/figure-images/4562283272803/Azur-Lane-Rodney-Immaculate-Beauty-ver-1-7-Complete-Figure_cbca2cd0-2357-46e0-81da-161fc6a63f6e.jpg|https://cdn.myfigurelist.com/figure-images/4562283272803/Azur-Lane-Rodney-Immaculate-Beauty-ver-1-7-Complete-Figure_9a29769f-6f5c-49e3-9121-f0056679dd7b.jpg|https://cdn.myfigurelist.com/figure-images/4562283272803/Azur-Lane-Rodney-Immaculate-Beauty-ver-1-7-Complete-Figure_8f102255-ceb5-4124-b457-0d0ac7ce865b.jpg|https://cdn.myfigurelist.com/figure-images/4562283272803/Azur-Lane-Rodney-Immaculate-Beauty-ver-1-7-Complete-Figure_8309cb52-f892-4c01-95a4-811a866098d6.jpg|https://cdn.myfigurelist.com/figure-images/4562283272803/Azur-Lane-Rodney-Immaculate-Beauty-ver-1-7-Complete-Figure_28e4a9b3-03f7-41ee-8215-00742acee2a2.jpg|https://cdn.myfigurelist.com/figure-images/4562283272803/Azur-Lane-Rodney-Immaculate-Beauty-ver-1-7-Complete-Figure_5b0c8de8-6b9e-45aa-b668-4c1ffa1ec33a.jpg|https://cdn.myfigurelist.com/figure-images/4562283272803/Azur-Lane-Rodney-Immaculate-Beauty-ver-1-7-Complete-Figure_37c6f216-bea8-47de-a4cc-462e9b00f314.jpg|https://cdn.myfigurelist.com/figure-images/4562283272803/Azur-Lane-Rodney-Immaculate-Beauty-ver-1-7-Complete-Figure_06a89d9b-61ef-42ff-80ff-26556ecc8d54.jpg|https://cdn.myfigurelist.com/figure-images/4562283272803/Azur-Lane-Rodney-Immaculate-Beauty-ver-1-7-Complete-Figure_ec9f03f3-526e-4cc1-b3a7-c3a7d21cf013.jpg|https://cdn.myfigurelist.com/figure-images/4562283272803/Azur-Lane-Rodney-Immaculate-Beauty-ver-1-7-Complete-Figure_024ad8bf-4306-48e4-be53-1e6bf7a3817e.jpg,[],,,,0,0,2026-09-27T02:20:29.913365Z,1.0,"[""csv""]"
85093,MyFigureList,https://myfigurelist.com/figure/85093/Good-Smile-Racing-Hatsune-Miku-Itasha-1-43-AMG-2023-Season-Opening-Ver,Good Smile Racing - Hatsune Miku - Itasha - 1/43 - AMG 2023 Season Opening Ver.,,,,Scale Figure,2023-11-01,1/43,Minimax,2,,https://cdn.myfigurelist.com/figure-images/6046fecb-8c7c-3085-8ce7-85339d889729/Good-Smile-Racing-Hatsune-Miku-Itasha-1-43-AMG-2023-Season-Opening-Ver_af8d0ff8-4b23-3651-8e17-5cc451c02957.jpg|https://cdn.myfigurelist.com/figure-images/6046fecb-8c7c-3085-8ce7-85339d889729/Good-Smile-Racing-Hatsune-Miku-Itasha-1-43-AMG-2023-Season-Opening-Ver_abc2867a-9834-3d10-ab33-2ab6dcddcb8f.jpg|https://cdn.myfigurelist.com/figure-images/6046fecb-8c7c-3085-8ce7-85339d889729/Good-Smile-Racing-Hatsune-Miku-Itasha-1-43-AMG-2023-Season-Opening-Ver_3d3334e0-3062-3fdd-afbc-79cb519981c0.jpg|https://cdn.myfigurelist.com/figure-images/6046fecb-8c7c-3085-8ce7-85339d889729/Good-Smile-Racing-Hatsune-Miku-Itasha-1-43-AMG-2023-Season-Opening-Ver_b9fa91c4-dc70-34d4-89fb-8679a923a64b.jpg,[],,,,0,0,2026-09-27T02:20:30.585542Z,1.0,"[""csv""]"
123987,MyFigureList,https://myfigurelist.com/figure/123987/Assault-Lily-Last-Bullet-Hitotsuyanagi-Riri-PureNeemo-PureNeemo-Characters-144-1-6,Assault Lily Last Bullet - Hitotsuyanagi Riri - PureNeemo - PureNeemo Characters  (#144) - 1/6,,,Azone,Scale Figure,2023-03-12,1/6,Chizuru,24,,https://cdn.myfigurelist.com/figure-images/1626a0d5-d1e3-3d6a-b386-05f1e919d7cc/Assault-Lily-Last-Bullet-Hitotsuyanagi-Riri-PureNeemo-PureNeemo-Characters-144-1-6_f0f9861d-b00e-32e9-b877-15775bc07f9d.jpg|https://cdn.myfigurelist.com/figure-images/1626a0d5-d1e3-3d6a-b386-05f1e919d7cc/Assault-Lily-Last-Bullet-Hitotsuyanagi-Riri-PureNeemo-PureNeemo-Characters-144-1-6_83f904cf-52b2-3233-a08b-e4818cfe8256.jpg|https://cdn.myfigurelist.com/figure-images/1626a0d5-d1e3-3d6a-b386-05f1e919d7cc/Assault-Lily-Last-Bullet-Hitotsuyanagi-Riri-PureNeemo-PureNeemo-Characters-144-1-6_09afc1a9-bfdf-3d28-be6e-4760a9f88ac3.jpg|https://cdn.myfigurelist.com/figure-images/1626a0d5-d1e3-3d6a-b386-05f1e919d7cc/Assault-Lily-Last-Bullet-Hitotsuyanagi-Riri-PureNeemo-PureNeemo-Characters-144-1-6_2489d4aa-38e4-3093-ab18-37c52082a226.jpg|https://cdn.myfigurelist.com/figure-images/1626a0d5-d1e3-3d6a-b386-05f1e919d7cc/Assault-Lily-Last-Bullet-Hitotsuyanagi-Riri-PureNeemo-PureNeemo-Characters-144-1-6_d8be8e60-130f-3c46-a186-c6d95e7b3930.jpg|https://cdn.myfigurelist.com/figure-images/1626a0d5-d1e3-3d6a-b386-05f1e919d7cc/Assault-Lily-Last-Bullet-Hitotsuyanagi-Riri-PureNeemo-PureNeemo-Characters-144-1-6_1a556b18-fb96-3a7f-a33d-7705e25b6736.jpg|https://cdn.myfigurelist.com/figure-images/1626a0d5-d1e3-3d6a-b386-05f1e919d7cc/Assault-Lily-Last-Bullet-Hitotsuyanagi-Riri-PureNeemo-PureNeemo-Characters-144-1-6_8b588ae3-b6ed-365f-9acb-d09a59209ce8.jpg,[],,,,0,0,2026-09-27T02:20:31.393676Z,1.0,"[""csv""]"
61383,MyFigureList,https://myfigurelist.com/figure/61383/HELLO!-GOOD-SMILE-Theatrical-Anime-The-Rose-of-Versailles-Oscar-Francois-de-Jarjayes,"HELLO! GOOD SMILE Theatrical Anime ""The Rose of Versailles"" Oscar Francois de Jarjayes",,,Good Smile Company,Scale Figure,2026-06-01,Non-Scale,NEQ,10,,https://cdn.myfigurelist.com/figure-images/943ef250-4955-4fcc-b022-b18123f08aaa/HELLO!-GOOD-SMILE-Theatrical-Anime-The-Rose-of-Versailles-Oscar-Francois-de-Jarjayes_68e782a8-247d-439f-9025-24ab5346d6fd.jpg|https://cdn.myfigurelist.com/figure-images/943ef250-4955-4fcc-b022-b18123f08aaa/HELLO!-GOOD-SMILE-Theatrical-Anime-The-Rose-of-Versailles-Oscar-Francois-de-Jarjayes_73fdc463-2cf0-451c-8e7b-fd468fd27d79.jpg|https://cdn.myfigurelist.com/figure-images/943ef250-4955-4fcc-b022-b18123f08aaa/HELLO!-GOOD-SMILE-Theatrical-Anime-The-Rose-of-Versailles-Oscar-Francois-de-Jarjayes_fa3652bc-53a8-46b1-b1be-e7963ec5fb14.jpg,[],,,,0,0,2026-09-27T02:20:32.691646Z,1.0,"[""csv""]"
117424,MyFigureList,https://myfigurelist.com/figure/117424/Iron-Man-Fighting-Armor-Black-Limited-Edition,Iron Man - Fighting Armor - Black Limited Edition,,,,Anime Figure,2021-10-01,,Komatsubara Hiroyuki,16,,https://cdn.myfigurelist.com/figure-images/e40222e4-19cb-3b7d-8378-b2a85bdd3dd0/Iron-Man-Fighting-Armor-Black-Limited-Edition_facfa110-6c4f-3fde-bbf0-d78552ccea7a.jpg|https://cdn.myfigurelist.com/figure-images/e40222e4-19cb-3b7d-8378-b2a85bdd3dd0/Iron-Man-Fighting-Armor-Black-Limited-Edition_69bc69aa-a677-3cd2-9569-e117890bb611.jpg|https://cdn.myfigurelist.com/figure-images/e40222e4-19cb-3b7d-8378-b2a85bdd3dd0/Iron-Man-Fighting-Armor-Black-Limited-Edition_f34cb7cf-7baa-3b29-9b6a-b66a933460b4.jpg|https://cdn.myfigurelist.com/figure-images/e40222e4-19cb-3b7d-8378-b2a85bdd3dd0/Iron-Man-Fighting-Armor-Black-Limited-Edition_d6ab8339-e404-37b2-87e7-fad07c0468be.jpg|https://cdn.myfigurelist.com/figure-images/e40222e4-19cb-3b7d-8378-b2a85bdd3dd0/Iron-Man-Fighting-Armor-Black-Limited-Edition_d7cb42c1-35b1-3f61-9382-a32bb9f726bf.jpg|https://cdn.myfigurelist.com/figure-images/e40222e4-19cb-3b7d-8378-b2a85bdd3dd0/Iron-Man-Fighting-Armor-Black-Limited-Edition_a5ea33dc-43e3-3c6f-8f2b-28c2025d6945.jpg|https://cdn.myfigurelist.com/figure-images/e40222e4-19cb-3b7d-8378-b2a85bdd3dd0/Iron-Man-Fighting-Armor-Black-Limited-Edition_cf85887f-02fc-3817-affe-9910120914a8.jpg|https://cdn.myfigurelist.com/figure-images/e40222e4-19cb-3b7d-8378-b2a85bdd3dd0/Iron-Man-Fighting-Armor-Black-Limited-Edition_c113d1dd-ea34-3334-8a26-085c7158ff58.jpg|https://cdn.myfigurelist.com/figure-images/e40222e4-19cb-3b7d-8378-b2a85bdd3dd0/Iron-Man-Fighting-Armor-Black-Limited-Edition_ad39eeab-16b2-3609-ad63-e3fe69aa1027.jpg|https://cdn.myfigurelist.com/figure-images/e40222e4-19cb-3b7d-8378-b2a85bdd3dd0/Iron-Man-Fighting-Armor-Black-Limited-Edition_bc51e854-f7fc-3537-94d6-8ab70fb6cfe4.jpg|https://cdn.myfigurelist.com/figure-images/e40222e4-19cb-3b7d-8378-b2a85bdd3dd0/Iron-Man-Fighting-Armor-Black-Limited-Edition_7c3a3324-01fd-3829-8b77-55d7eb46e8f6.jpg|https://cdn.myfigurelist.com/figure-images/e40222e4-19cb-3b7d-8378-b2a85bdd3dd0/Iron-Man-Fighting-Armor-Black-Limited-Edition_e66aeae2-dedd-3fbf-89bb-724e1acfff52.jpg|https://cdn.myfigurelist.com/figure-images/e40222e4-19cb-3b7d-8378-b2a85bdd3dd0/Iron-Man-Fighting-Armor-Black-Limited-Edition_444f8f8e-0337-309b-892f-504753f5ff9f.jpg|https://cdn.myfigurelist.com/figure-images/e40222e4-19cb-3b7d-8378-b2a85bdd3dd0/Iron-Man-Fighting-Armor-Black-Limited-Edition_a12887fb-1b66-3eaa-b703-239d0950b8b6.jpg|https://cdn.myfigurelist.com/figure-images/e40222e4-19cb-3b7d-8378-b2a85bdd3dd0/Iron-Man-Fighting-Armor-Black-Limited-Edition_bfb53302-56e8-32a3-989c-20299fee74e7.jpg,[],,,,0,0,2026-09-27T02:20:34.233619Z,1.0,"[""csv""]"
1553,MyFigureList,https://myfigurelist.com/figure/1553/B-STYLE-Saekano-How-to-Raise-a-Boring-Girlfriend-Flat-Eriri-Spencer-Sawamura-Bare-Leg-Bunny-Ver-1-4-Complete-Figure,B-STYLE Saekano: How to Raise a Boring Girlfriend Flat Eriri Spencer Sawamura Bare Leg Bunny Ver. 1/4 Complete Figure,,,FREEing,Scale Figure,2020-05-01,1/4,MA Zoukei,41,,https://cdn.myfigurelist.com/figure-images/4571245299277/B-STYLE-Saekano-How-to-Raise-a-Boring-Girlfriend-Flat-Eriri-Spencer-Sawamura-Bare-Leg-Bunny-Ver-1-4-Complete-Figure_ffae49fd-63a9-43e9-894b-9be663d0dd7e.jpg|https://cdn.myfigurelist.com/figure-images/4571245299277/B-STYLE-Saekano-How-to-Raise-a-Boring-Girlfriend-Flat-Eriri-Spencer-Sawamura-Bare-Leg-Bunny-Ver-1-4-Complete-Figure_a0b73cc2-daff-4eec-ba01-04b12d121de5.jpg|https://cdn.myfigurelist.com/figure-images/4571245299277/B-STYLE-Saekano-How-to-Raise-a-Boring-Girlfriend-Flat-Eriri-Spencer-Sawamura-Bare-Leg-Bunny-Ver-1-4-Complete-Figure_55123ee4-be8b-48d9-8423-f7a399957f83.jpg|https://cdn.myfigurelist.com/figure-images/4571245299277/B-STYLE-Saekano-How-to-Raise-a-Boring-Girlfriend-Flat-Eriri-Spencer-Sawamura-Bare-Leg-Bunny-Ver-1-4-Complete-Figure_8985b112-fdde-427d-9f21-3dd06cd218a6.jpg|https://cdn.myfigurelist.com/figure-images/4571245299277/B-STYLE-Saekano-How-to-Raise-a-Boring-Girlfriend-Flat-Eriri-Spencer-Sawamura-Bare-Leg-Bunny-Ver-1-4-Complete-Figure_29955c29-a39f-4fa7-81df-e3b4f3c28738.jpg|https://cdn.myfigurelist.com/figure-images/4571245299277/B-STYLE-Saekano-How-to-Raise-a-Boring-Girlfriend-Flat-Eriri-Spencer-Sawamura-Bare-Leg-Bunny-Ver-1-4-Complete-Figure_f2ffbcb1-8057-47c7-8c23-43a16807aa35.jpg|https://cdn.myfigurelist.com/figure-images/4571245299277/B-STYLE-Saekano-How-to-Raise-a-Boring-Girlfriend-Flat-Eriri-Spencer-Sawamura-Bare-Leg-Bunny-Ver-1-4-Complete-Figure_8afaf082-e475-452f-82a9-9888af91f132.jpg,[],,,,0,0,2026-09-27T02:20:35.310745Z,1.0,"[""csv""]"
19101,MyFigureList,https://myfigurelist.com/figure/19101/Final-Fantasy-VII-Rebirth-Adorable-Arts-Tifa-Lockhart,Final Fantasy VII Rebirth Adorable Arts Tifa Lockhart,,,Square Enix,Scale Figure,2024-08-01,Non-Scale,,11,,https://cdn.myfigurelist.com/figure-images/4988601371247/Final-Fantasy-VII-Rebirth-Adorable-Arts-Tifa-Lockhart_be34eb29-e1c5-4434-b183-28c53f274f2b.jpg|https://cdn.myfigurelist.com/figure-images/4988601371247/Final-Fantasy-VII-Rebirth-Adorable-Arts-Tifa-Lockhart_b057394c-4113-4e39-af50-f5fd70453cb5.jpg|https://cdn.myfigurelist.com/figure-images/4988601371247/Final-Fantasy-VII-Rebirth-Adorable-Arts-Tifa-Lockhart_6164e394-8df6-43b9-8230-bd2cd85e0bb4.jpg|https://cdn.myfigurelist.com/figure-images/4988601371247/Final-Fantasy-VII-Rebirth-Adorable-Arts-Tifa-Lockhart_7cb4ea06-2d3c-4faf-ad6c-ff8ff0bbbce7.jpg|https://cdn.myfigurelist.com/figure-images/4988601371247/Final-Fantasy-VII-Rebirth-Adorable-Arts-Tifa-Lockhart_60f15b0e-1f70-4c5f-b394-0ce0ebb57c20.jpg|https://cdn.myfigurelist.com/figure-images/4988601371247/Final-Fantasy-VII-Rebirth-Adorable-Arts-Tifa-Lockhart_e628a8d1-7a8f-4bf6-a32f-9aac934064fa.jpg|https://cdn.myfigurelist.com/figure-images/4988601371247/Final-Fantasy-VII-Rebirth-Adorable-Arts-Tifa-Lockhart_c26eb1d9-ea71-47c3-8c6d-758894946924.jpg|https://cdn.myfigurelist.com/figure-images/4988601371247/Final-Fantasy-VII-Rebirth-Adorable-Arts-Tifa-Lockhart_fe1d9e6b-f263-4ffb-8466-7981a8054a01.jpg|https://cdn.myfigurelist.com/figure-images/4988601371247/Final-Fantasy-VII-Rebirth-Adorable-Arts-Tifa-Lockhart_8b0fcc09-d1e4-47cb-a8fa-1a78fe8e0800.jpg|https://cdn.myfigurelist.com/figure-images/4988601371247/Final-Fantasy-VII-Rebirth-Adorable-Arts-Tifa-Lockhart_12ea2da5-c7ee-4f40-b154-48e38b853396.jpg|https://cdn.myfigurelist.com/figure-images/4988601371247/Final-Fantasy-VII-Rebirth-Adorable-Arts-Tifa-Lockhart_dc71eb0a-5ceb-4ce5-9016-35c742796e25.jpg|https://cdn.myfigurelist.com/figure-images/4988601371247/Final-Fantasy-VII-Rebirth-Adorable-Arts-Tifa-Lockhart_94c7ea85-f7b4-4323-9af2-f035c6bc6eb7.jpg|https://cdn.myfigurelist.com/figure-images/4988601371247/Final-Fantasy-VII-Rebirth-Adorable-Arts-Tifa-Lockhart_b50e53f6-3f87-48fa-96e0-1dadfa5c7ac2.jpg|https://cdn.myfigurelist.com/figure-images/4988601371247/Final-Fantasy-VII-Rebirth-Adorable-Arts-Tifa-Lockhart_b69e0434-fb13-4e49-869d-209f53c03816.jpg|https://cdn.myfigurelist.com/figure-images/4988601371247/Final-Fantasy-VII-Rebirth-Adorable-Arts-Tifa-Lockhart_dbd147f8-703a-4cf9-be84-a984faa57059.jpg|https://cdn.myfigurelist.com/figure-images/4988601371247/Final-Fantasy-VII-Rebirth-Adorable-Arts-Tifa-Lockhart_41ba16ba-5b1a-4379-9319-39dd5b869c33.jpg,[],,,,0,0,2026-09-27T02:20:37.290425Z,1.0,"[""csv""]"
6449,MyFigureList,https://myfigurelist.com/figure/6449/ARTFX-PREMIER-MARVEL-UNIVERSE-Dr-Strange-1-10-Easy-Assembly-Kit,ARTFX PREMIER MARVEL UNIVERSE Dr. Strange 1/10 Easy Assembly Kit,,,Kotobukiya,Scale Figure,2019-11-01,1/10,RESTORE,25,,https://cdn.myfigurelist.com/figure-images/4934054010714/ARTFX-PREMIER-MARVEL-UNIVERSE-Dr-Strange-1-10-Easy-Assembly-Kit_88821183-2c7e-4492-9ab9-0fc78f1990fb.jpg|https://cdn.myfigurelist.com/figure-images/4934054010714/ARTFX-PREMIER-MARVEL-UNIVERSE-Dr-Strange-1-10-Easy-Assembly-Kit_a34ba625-1e7f-4313-9efb-1407aece7b7f.jpg|https://cdn.myfigurelist.com/figure-images/4934054010714/ARTFX-PREMIER-MARVEL-UNIVERSE-Dr-Strange-1-10-Easy-Assembly-Kit_773e0ebc-9475-4032-ac87-73b4d09a81b7.jpg|https://cdn.myfigurelist.com/figure-images/4934054010714/ARTFX-PREMIER-MARVEL-UNIVERSE-Dr-Strange-1-10-Easy-Assembly-Kit_2a8989d0-c0c2-41a0-b6b8-25f8b95f8367.jpg|https://cdn.myfigurelist.com/figure-images/4934054010714/ARTFX-PREMIER-MARVEL-UNIVERSE-Dr-Strange-1-10-Easy-Assembly-Kit_9781079b-44ec-4686-8340-ba7553187b7b.jpg|https://cdn.myfigurelist.com/figure-images/4934054010714/ARTFX-PREMIER-MARVEL-UNIVERSE-Dr-Strange-1-10-Easy-Assembly-Kit_7493560e-6953-4de9-af47-978e55b8bff8.jpg|https://cdn.myfigurelist.com/figure-images/4934054010714/ARTFX-PREMIER-MARVEL-UNIVERSE-Dr-Strange-1-10-Easy-Assembly-Kit_c8db3fee-2444-4889-8ee8-415911c854a7.jpg|https://cdn.myfigurelist.com/figure-images/4934054010714/ARTFX-PREMIER-MARVEL-UNIVERSE-Dr-Strange-1-10-Easy-Assembly-Kit_1ca65110-591e-48ad-9e5e-679b70e92180.jpg|https://cdn.myfigurelist.com/figure-images/4934054010714/ARTFX-PREMIER-MARVEL-UNIVERSE-Dr-Strange-1-10-Easy-Assembly-Kit_741a548d-a892-492a-9a6f-ebad884fb818.jpg|https://cdn.myfigurelist.com/figure-images/4934054010714/ARTFX-PREMIER-MARVEL-UNIVERSE-Dr-Strange-1-10-Easy-Assembly-Kit_4cee8dde-aa36-49f9-9e58-d229cf151b5b.jpg|https://cdn.myfigurelist.com/figure-images/4934054010714/ARTFX-PREMIER-MARVEL-UNIVERSE-Dr-Strange-1-10-Easy-Assembly-Kit_9f0e6897-6307-4df6-918a-25de2c842693.jpg|https://cdn.myfigurelist.com/figure-images/4934054010714/ARTFX-PREMIER-MARVEL-UNIVERSE-Dr-Strange-1-10-Easy-Assembly-Kit_8e2824f2-ebf7-46b6-9ffb-868b4b9cf27f.jpg|https://cdn.myfigurelist.com/figure-images/4934054010714/ARTFX-PREMIER-MARVEL-UNIVERSE-Dr-Strange-1-10-Easy-Assembly-Kit_95c8099a-dd33-4caa-8413-329952ae26d1.jpg|https://cdn.myfigurelist.com/figure-images/4934054010714/ARTFX-PREMIER-MARVEL-UNIVERSE-Dr-Strange-1-10-Easy-Assembly-Kit_286f9dd1-822e-4965-9961-9485b696a697.jpg|https://cdn.myfigurelist.com/figure-images/4934054010714/ARTFX-PREMIER-MARVEL-UNIVERSE-Dr-Strange-1-10-Easy-Assembly-Kit_82323ff2-1a50-4b1c-8569-b21f979cc05e.jpg,[],,,,0,0,2026-09-27T02:20:38.105798Z,1.0,"[""csv""]"
41601,MyFigureList,https://myfigurelist.com/figure/41601/Gugure!-Kokkuri-san-Ichimatsu-Kohina-PureNeemo-PureNeemo-Characters-090-1-6,Gugure! Kokkuri-san - Ichimatsu Kohina - PureNeemo - PureNeemo Characters  (#090) - 1/6,,,Azone,Scale Figure,2016-01-23,1/6,Chizuru,23,,https://cdn.myfigurelist.com/figure-images/08289906-33b6-32f7-bd09-80353b14bdf6/Gugure!-Kokkuri-san-Ichimatsu-Kohina-PureNeemo-PureNeemo-Characters-090-1-6_d22e8fb3-ab90-37c9-9395-879d305812ad.jpg|https://cdn.myfigurelist.com/figure-images/08289906-33b6-32f7-bd09-80353b14bdf6/Gugure!-Kokkuri-san-Ichimatsu-Kohina-PureNeemo-PureNeemo-Characters-090-1-6_989e1653-a4f7-3c29-86eb-fb6aea14671d.jpg|https://cdn.myfigurelist.com/figure-images/08289906-33b6-32f7-bd09-80353b14bdf6/Gugure!-Kokkuri-san-Ichimatsu-Kohina-PureNeemo-PureNeemo-Characters-090-1-6_a58c15d2-c041-38ad-95ff-76b323668e2c.jpg|https://cdn.myfigurelist.com/figure-images/08289906-33b6-32f7-bd09-80353b14bdf6/Gugure!-Kokkuri-san-Ichimatsu-Kohina-PureNeemo-PureNeemo-Characters-090-1-6_8a0d2878-ade7-351c-b214-ee21ea50b50a.jpg|https://cdn.myfigurelist.com/figure-images/08289906-33b6-32f7-bd09-80353b14bdf6/Gugure!-Kokkuri-san-Ichimatsu-Kohina-PureNeemo-PureNeemo-Characters-090-1-6_c385dd0d-21d9-301e-8873-3786e7266267.jpg|https://cdn.myfigurelist.com/figure-images/08289906-33b6-32f7-bd09-80353b14bdf6/Gugure!-Kokkuri-san-Ichimatsu-Kohina-PureNeemo-PureNeemo-Characters-090-1-6_eccec5b6-05c8-3abe-8630-7b676fb10de1.jpg|https://cdn.myfigurelist.com/figure-images/08289906-33b6-32f7-bd09-80353b14bdf6/Gugure!-Kokkuri-san-Ichimatsu-Kohina-PureNeemo-PureNeemo-Characters-090-1-6_a2011184-5fbd-36a4-81dc-b1fe4d6bc557.jpg|https://cdn.myfigurelist.com/figure-images/08289906-33b6-32f7-bd09-80353b14bdf6/Gugure!-Kokkuri-san-Ichimatsu-Kohina-PureNeemo-PureNeemo-Characters-090-1-6_a812bc66-a30f-3e91-bf80-93de093e7ff5.jpg,[],,,,0,0,2026-09-27T02:20:38.904604Z,1.0,"[""csv""]"
125467,MyFigureList,https://myfigurelist.com/figure/125467/Yuru-Yuri-Funami-Yui-Beach-Queens-1-10,Yuru Yuri - Funami Yui - Beach Queens - 1/10,,,WAVE,Scale Figure,2013-02-23,1/10,a.C,16,,https://cdn.myfigurelist.com/figure-images/e2586b3d-5389-3ee8-9dfe-54101b42d97f/Yuru-Yuri-Funami-Yui-Beach-Queens-1-10_d70ffd37-1aa0-3552-b361-01ef1f71eade.jpg|https://cdn.myfigurelist.com/figure-images/e2586b3d-5389-3ee8-9dfe-54101b42d97f/Yuru-Yuri-Funami-Yui-Beach-Queens-1-10_0153d9a9-89ca-3efb-83bc-86d478f78b8d.jpg|https://cdn.myfigurelist.com/figure-images/e2586b3d-5389-3ee8-9dfe-54101b42d97f/Yuru-Yuri-Funami-Yui-Beach-Queens-1-10_2ff17b58-5d4a-3d53-b07b-ce55da996be8.jpg|https://cdn.myfigurelist.com/figure-images/e2586b3d-5389-3ee8-9dfe-54101b42d97f/Yuru-Yuri-Funami-Yui-Beach-Queens-1-10_b85c17cf-d64c-383a-9089-c48a7f14abfb.jpg|https://cdn.myfigurelist.com/figure-images/e2586b3d-5389-3ee8-9dfe-54101b42d97f/Yuru-Yuri-Funami-Yui-Beach-Queens-1-10_87dacaef-e95a-3ccf-a378-f93cd2c0ef88.jpg|https://cdn.myfigurelist.com/figure-images/e2586b3d-5389-3ee8-9dfe-54101b42d97f/Yuru-Yuri-Funami-Yui-Beach-Queens-1-10_427144cb-a842-348d-a9e7-33bd7c160e65.jpg|https://cdn.myfigurelist.com/figure-images/e2586b3d-5389-3ee8-9dfe-54101b42d97f/Yuru-Yuri-Funami-Yui-Beach-Queens-1-10_823b1e70-e12c-3c11-9496-d583a0beed69.jpg|https://cdn.myfigurelist.com/figure-images/e2586b3d-5389-3ee8-9dfe-54101b42d97f/Yuru-Yuri-Funami-Yui-Beach-Queens-1-10_0edc8fb8-e723-3f30-a19c-8a0749e61a3b.jpg|https://cdn.myfigurelist.com/figure-images/e2586b3d-5389-3ee8-9dfe-54101b42d97f/Yuru-Yuri-Funami-Yui-Beach-Queens-1-10_53041361-63b1-3ca9-8c29-b213d6d90a77.jpg|https://cdn.myfigurelist.com/figure-images/e2586b3d-5389-3ee8-9dfe-54101b42d97f/Yuru-Yuri-Funami-Yui-Beach-Queens-1-10_23b35bcf-463f-3d9d-b384-a85a06e5c0e7.jpg|https://cdn.myfigurelist.com/figure-images/e2586b3d-5389-3ee8-9dfe-54101b42d97f/Yuru-Yuri-Funami-Yui-Beach-Queens-1-10_e4c83f24-51de-3a87-91e2-038a8e5749ee.jpg|https://cdn.myfigurelist.com/figure-images/e2586b3d-5389-3ee8-9dfe-54101b42d97f/Yuru-Yuri-Funami-Yui-Beach-Queens-1-10_318c6ad2-9d6c-352b-a252-7bc66d0d6a21.jpg|https://cdn.myfigurelist.com/figure-images/e2586b3d-5389-3ee8-9dfe-54101b42d97f/Yuru-Yuri-Funami-Yui-Beach-Queens-1-10_2c0fe7b4-c717-3fd9-a44c-fb4a68b3ca8b.jpg|https://cdn.myfigurelist.com/figure-images/e2586b3d-5389-3ee8-9dfe-54101b42d97f/Yuru-Yuri-Funami-Yui-Beach-Queens-1-10_fc9dcd1e-2654-3db3-8030-68568ac8209d.jpg|https://cdn.myfigurelist.com/figure-images/e2586b3d-5389-3ee8-9dfe-54101b42d97f/Yuru-Yuri-Funami-Yui-Beach-Queens-1-10_27f79c7a-409e-3ef7-84d4-5f54d88905cb.jpg|https://cdn.myfigurelist.com/figure-images/e2586b3d-5389-3ee8-9dfe-54101b42d97f/Yuru-Yuri-Funami-Yui-Beach-Queens-1-10_d3fa10ba-cc5e-3c60-9428-7191d5010db1.jpg|https://cdn.myfigurelist.com/figure-images/e2586b3d-5389-3ee8-9dfe-54101b42d97f/Yuru-Yuri-Funami-Yui-Beach-Queens-1-10_202dd66d-e29a-3004-a93e-8b79d4c58cf9.jpg|https://cdn.myfigurelist.com/figure-images/e2586b3d-5389-3ee8-9dfe-54101b42d97f/Yuru-Yuri-Funami-Yui-Beach-Queens-1-10_cb78c3c8-ffb5-3092-b37d-e5e99a3697d3.jpg|https://cdn.myfigurelist.com/figure-images/e2586b3d-5389-3ee8-9dfe-54101b42d97f/Yuru-Yuri-Funami-Yui-Beach-Queens-1-10_de49b6e1-0caa-352f-9159-e73e3bd5ca70.jpg|https://cdn.myfigurelist.com/figure-images/e2586b3d-5389-3ee8-9dfe-54101b42d97f/Yuru-Yuri-Funami-Yui-Beach-Queens-1-10_1a1add89-4ddd-331a-ad61-e02c93001b2d.jpg|https://cdn.myfigurelist.com/figure-images/e2586b3d-5389-3ee8-9dfe-54101b42d97f/Yuru-Yuri-Funami-Yui-Beach-Queens-1-10_fb065704-0c2f-3d6f-bb11-7ff4e56f9df3.jpg|https://cdn.myfigurelist.com/figure-images/e2586b3d-5389-3ee8-9dfe-54101b42d97f/Yuru-Yuri-Funami-Yui-Beach-Queens-1-10_b4fa0596-3590-3f44-aeee-79f0d2f598ac.jpg|https://cdn.myfigurelist.com/figure-images/e2586b3d-5389-3ee8-9dfe-54101b42d97f/Yuru-Yuri-Funami-Yui-Beach-Queens-1-10_3a089739-cf08-3f49-9629-8fe84b5d6b7e.jpg|https://cdn.myfigurelist.com/figure-images/e2586b3d-5389-3ee8-9dfe-54101b42d97f/Yuru-Yuri-Funami-Yui-Beach-Queens-1-10_5507f533-d926-3a74-ae0c-519d5a8521a7.jpg|https://cdn.myfigurelist.com/figure-images/e2586b3d-5389-3ee8-9dfe-54101b42d97f/Yuru-Yuri-Funami-Yui-Beach-Queens-1-10_b0baa308-5105-3cd5-aeb2-d83186c1c94b.jpg,[],,,,0,0,2026-09-27T02:20:40.005495Z,1.0,"[""csv""]"
12901,MyFigureList,https://myfigurelist.com/figure/12901/Figuarts-ZERO-Roronoa-Zoro-ONE-PIECE-20th-Anniversary-ver-ONE-PIECE,"Figuarts ZERO - Roronoa Zoro -ONE PIECE 20th Anniversary ver.- ""ONE PIECE""",,,Bandai,Scale Figure,2017-11-01,Non-Scale,,15,,https://cdn.myfigurelist.com/figure-images/4549660177487/Figuarts-ZERO-Roronoa-Zoro-ONE-PIECE-20th-Anniversary-ver-ONE-PIECE_94e706bb-e3b0-430a-a838-b4edae5a0608.jpg|https://cdn.myfigurelist.com/figure-images/4549660177487/Figuarts-ZERO-Roronoa-Zoro-ONE-PIECE-20th-Anniversary-ver-ONE-PIECE_fab7f62c-058d-43cf-9c83-60e2b8411725.jpg|https://cdn.myfigurelist.com/figure-images/4549660177487/Figuarts-ZERO-Roronoa-Zoro-ONE-PIECE-20th-Anniversary-ver-ONE-PIECE_2378f92c-96f4-47bf-9499-e05da5bec377.jpg|https://cdn.myfigurelist.com/figure-images/4549660177487/Figuarts-ZERO-Roronoa-Zoro-ONE-PIECE-20th-Anniversary-ver-ONE-PIECE_62f730bc-4c48-43a7-af50-db1f510cda6b.jpg|https://cdn.myfigurelist.com/figure-images/4549660177487/Figuarts-ZERO-Roronoa-Zoro-ONE-PIECE-20th-Anniversary-ver-ONE-PIECE_fd4d4728-a2b9-41d6-8b2d-3ea9b2dea5de.jpg,[],,,,0,0,2026-09-27T02:20:52.055257Z,1.0,"[""csv""]"
12808,MyFigureList,https://myfigurelist.com/figure/12808/FINAL-FANTASY-BRING-ARTS-Sephiroth-Another-Form-Ver-Action-Figure,FINAL FANTASY BRING ARTS Sephiroth Another Form Ver. Action Figure,,,Square Enix,Scale Figure,2019-11-01,Non-Scale,,18,,https://cdn.myfigurelist.com/figure-images/4988601339919/FINAL-FANTASY-BRING-ARTS-Sephiroth-Another-Form-Ver-Action-Figure_e4f6df00-a87a-480e-856e-779b434d40fe.jpg|https://cdn.myfigurelist.com/figure-images/4988601339919/FINAL-FANTASY-BRING-ARTS-Sephiroth-Another-Form-Ver-Action-Figure_4c8927d9-ec5b-4d4c-a1b0-6ec77f023a65.jpg|https://cdn.myfigurelist.com/figure-images/4988601339919/FINAL-FANTASY-BRING-ARTS-Sephiroth-Another-Form-Ver-Action-Figure_cfd4df76-7063-46b3-aa80-16ca3808d411.jpg|https://cdn.myfigurelist.com/figure-images/4988601339919/FINAL-FANTASY-BRING-ARTS-Sephiroth-Another-Form-Ver-Action-Figure_cf42241e-77ed-49bb-aa08-4ff1c7ac076d.jpg|https://cdn.myfigurelist.com/figure-images/4988601339919/FINAL-FANTASY-BRING-ARTS-Sephiroth-Another-Form-Ver-Action-Figure_998d91c3-c25a-4050-b0d9-c8990320080e.jpg|https://cdn.myfigurelist.com/figure-images/4988601339919/FINAL-FANTASY-BRING-ARTS-Sephiroth-Another-Form-Ver-Action-Figure_166eefc9-b022-4801-9010-6068eb3f7fb3.jpg|https://cdn.myfigurelist.com/figure-images/4988601339919/FINAL-FANTASY-BRING-ARTS-Sephiroth-Another-Form-Ver-Action-Figure_70a64d61-a65f-4f14-8efe-2f1b77547ce8.jpg|https://cdn.myfigurelist.com/figure-images/4988601339919/FINAL-FANTASY-BRING-ARTS-Sephiroth-Another-Form-Ver-Action-Figure_d5b110d3-141c-4824-a950-f1d759e1e303.jpg,[],,,,0,0,2026-09-27T02:20:52.891198Z,1.0,"[""csv""]"
117422,MyFigureList,https://myfigurelist.com/figure/117422/Minty-Minty-Ocean-Gem-Series-Paralie-1-8-Glass-Crab,Minty - Minty Ocean Gem Series - Paralie - 1/8 - Glass Crab,,,Come4Free,Scale Figure,2025-09-01,1/8,,,,https://cdn.myfigurelist.com/figure-images/e4068bca-dffa-30cd-81d4-3c805271cd6c/Minty-Minty-Ocean-Gem-Series-Paralie-1-8-Glass-Crab_64b83a95-2bc8-3e6b-af10-5cfe9efa0634.jpg,[],2664,2664,2664,0,1,2026-09-27T02:20:53.636147Z,1.0,"[""csv""]"
18483,MyFigureList,https://myfigurelist.com/figure/18483/Nendoroid-Dropkick-on-My-Devil-Yurine-Hanazono,Nendoroid Dropkick on My Devil Yurine Hanazono,,,Good Smile Company,Scale Figure,2024-06-01,Non-Scale,,10,,https://cdn.myfigurelist.com/figure-images/4580590178854/Nendoroid-Dropkick-on-My-Devil-Yurine-Hanazono_a5f1086f-9852-493b-a77a-977c6125d2e7.jpg|https://cdn.myfigurelist.com/figure-images/4580590178854/Nendoroid-Dropkick-on-My-Devil-Yurine-Hanazono_6f548158-ce73-447a-a736-2cbd9fd90d4c.jpg|https://cdn.myfigurelist.com/figure-images/4580590178854/Nendoroid-Dropkick-on-My-Devil-Yurine-Hanazono_69d1c196-dc88-4da2-a202-0973f80c6046.jpg|https://cdn.myfigurelist.com/figure-images/4580590178854/Nendoroid-Dropkick-on-My-Devil-Yurine-Hanazono_18253c14-c9a1-4dcb-a1a3-d66fdc6ae934.jpg|https://cdn.myfigurelist.com/figure-images/4580590178854/Nendoroid-Dropkick-on-My-Devil-Yurine-Hanazono_a98d7309-ccc1-4ad6-910f-9ba3d4515fed.jpg,[],,,,0,0,2026-09-27T02:20:54.788649Z,1.0,"[""csv""]"
5144,MyFigureList,https://myfigurelist.com/figure/5144/KidsLogic-Cosmos-Burning-Collection-Saint-Seiya-Andromeda-Shun,KidsLogic-Cosmos Burning Collection - Saint Seiya: Andromeda Shun,,,YAMATO,Scale Figure,2011-08-01,Non-Scale,RAY.WONG,13,,https://cdn.myfigurelist.com/figure-images/4897034453300/KidsLogic-Cosmos-Burning-Collection-Saint-Seiya-Andromeda-Shun_863c7278-9d47-4707-8831-6d8b1a4754d3.jpg|https://cdn.myfigurelist.com/figure-images/4897034453300/KidsLogic-Cosmos-Burning-Collection-Saint-Seiya-Andromeda-Shun_cabd5d58-affd-4dc5-88dc-9a9440fed58b.jpg|https://cdn.myfigurelist.com/figure-images/4897034453300/KidsLogic-Cosmos-Burning-Collection-Saint-Seiya-Andromeda-Shun_50169272-bdad-40e1-95e5-d647571ec74c.jpg|https://cdn.myfigurelist.com/figure-images/4897034453300/KidsLogic-Cosmos-Burning-Collection-Saint-Seiya-Andromeda-Shun_b07be5d0-cea6-4821-976f-d63509e9c99c.jpg|https://cdn.myfigurelist.com/figure-images/4897034453300/KidsLogic-Cosmos-Burning-Collection-Saint-Seiya-Andromeda-Shun_b9dfae17-ffc4-4d00-93f3-0df38af3c110.jpg|https://cdn.myfigurelist.com/figure-images/4897034453300/KidsLogic-Cosmos-Burning-Collection-Saint-Seiya-Andromeda-Shun_458e211b-ba45-49b5-b7eb-145a817ca105.jpg|https://cdn.myfigurelist.com/figure-images/4897034453300/KidsLogic-Cosmos-Burning-Collection-Saint-Seiya-Andromeda-Shun_aa281b72-a36e-4995-82ad-0fd597e52c60.jpg,[],,,,0,0,2026-09-27T02:20:55.802883Z,1.0,"[""csv""]"
117420,MyFigureList,https://myfigurelist.com/figure/117420/Odd-Taxi-Yano,Odd Taxi - Yano,,,Yawn Rabbits,Anime Figure,2025-02-09,,Momofusa,9,,https://cdn.myfigurelist.com/figure-images/e407cbe5-57ff-3d29-b115-e1312d75ff2c/Odd-Taxi-Yano_39f69d60-892f-3523-8f4a-e314eb2c368d.jpg|https://cdn.myfigurelist.com/figure-images/e407cbe5-57ff-3d29-b115-e1312d75ff2c/Odd-Taxi-Yano_efac1414-d7ed-39e8-8c1e-6be8b74a4d09.jpg|https://cdn.myfigurelist.com/figure-images/e407cbe5-57ff-3d29-b115-e1312d75ff2c/Odd-Taxi-Yano_72aa22d0-0010-3469-92eb-be7321d94c89.jpg|https://cdn.myfigurelist.com/figure-images/e407cbe5-57ff-3d29-b115-e1312d75ff2c/Odd-Taxi-Yano_22b2ee77-1501-30a5-ba81-d464be913f6c.jpg|https://cdn.myfigurelist.com/figure-images/e407cbe5-57ff-3d29-b115-e1312d75ff2c/Odd-Taxi-Yano_f63860fd-2971-3e34-93f9-b1049d24d1c1.jpg,[],10000,10000,10000,0,1,2026-09-27T02:20:56.657077Z,1.0,"[""csv""]"
118124,MyFigureList,https://myfigurelist.com/figure/118124/Touhou-Project-Remilia-Scarlet-Dice-Kit,Touhou Project - Remilia Scarlet - Dice Kit,,,,Anime Figure,2011-11-11,,,4,,https://cdn.myfigurelist.com/figure-images/e62a12c5-9b85-3011-8209-18087acab421/Touhou-Project-Remilia-Scarlet-Dice-Kit_bb3976e5-ef2b-3dc9-8ba0-1c33db27df96.jpg,[],200,200,200,0,1,2026-09-27T02:20:57.734419Z,1.0,"[""csv""]"
52514,MyFigureList,https://myfigurelist.com/figure/52514/Street-Fighter-6-Cammy-B-style-1-4-Bunny-Ver,Street Fighter 6 - Cammy - B-style - 1/4 - Bunny Ver.,,,,Scale Figure,2025-12-01,1/4,Niihashi Kouji,43,,https://cdn.myfigurelist.com/figure-images/1de51401-2174-3bac-992c-fa850cb49012/Street-Fighter-6-Cammy-B-style-1-4-Bunny-Ver_a769daac-965b-3872-a41b-7e56f3def062.jpg|https://cdn.myfigurelist.com/figure-images/1de51401-2174-3bac-992c-fa850cb49012/Street-Fighter-6-Cammy-B-style-1-4-Bunny-Ver_9a359684-3d5d-3aba-be7f-c3f5239e73cd.jpg|https://cdn.myfigurelist.com/figure-images/1de51401-2174-3bac-992c-fa850cb49012/Street-Fighter-6-Cammy-B-style-1-4-Bunny-Ver_c0211403-5921-3e16-ac1c-ab036a2c3b18.jpg|https://cdn.myfigurelist.com/figure-images/1de51401-2174-3bac-992c-fa850cb49012/Street-Fighter-6-Cammy-B-style-1-4-Bunny-Ver_c82ababa-902f-320e-a970-a33475034e96.jpg|https://cdn.myfigurelist.com/figure-images/1de51401-2174-3bac-992c-fa850cb49012/Street-Fighter-6-Cammy-B-style-1-4-Bunny-Ver_662e6f3c-a98b-3f0b-8d72-e04160d92f5a.jpg|https://cdn.myfigurelist.com/figure-images/1de51401-2174-3bac-992c-fa850cb49012/Street-Fighter-6-Cammy-B-style-1-4-Bunny-Ver_42d4ab48-28a5-3ccc-b332-2f5f7f8b952a.jpg|https://cdn.myfigurelist.com/figure-images/1de51401-2174-3bac-992c-fa850cb49012/Street-Fighter-6-Cammy-B-style-1-4-Bunny-Ver_b3e3d529-3e68-3748-9454-639e3fb444c4.jpg|https://cdn.myfigurelist.com/figure-images/1de51401-2174-3bac-992c-fa850cb49012/Street-Fighter-6-Cammy-B-style-1-4-Bunny-Ver_0ecdda76-f47b-33d4-966e-c9e44ef9a27f.jpg|https://cdn.myfigurelist.com/figure-images/1de51401-2174-3bac-992c-fa850cb49012/Street-Fighter-6-Cammy-B-style-1-4-Bunny-Ver_b6ffcc21-7759-330c-a95e-04dbbe67c52b.jpg,[],,,,0,0,2026-09-27T02:20:58.657395Z,1.0,"[""csv""]"
23791,MyFigureList,https://myfigurelist.com/figure/23791/figmaPLUS-LittleArmory-Armed-JK-Variant-Loadout-Set-2,figmaPLUS LittleArmory Armed JK Variant Loadout Set 2,,,Tomytec,Scale Figure,2025-03-01,Non-Scale,,15,,https://cdn.myfigurelist.com/figure-images/4543736331445/figmaPLUS-LittleArmory-Armed-JK-Variant-Loadout-Set-2_8ffaf435-1c43-45c7-bb3e-9d082519b5e0.jpg|https://cdn.myfigurelist.com/figure-images/4543736331445/figmaPLUS-LittleArmory-Armed-JK-Variant-Loadout-Set-2_9b95209d-173e-49c3-8a13-b7ec5ce68094.jpg|https://cdn.myfigurelist.com/figure-images/4543736331445/figmaPLUS-LittleArmory-Armed-JK-Variant-Loadout-Set-2_a49bd2f2-2e0a-4d89-b173-16ec0d47a52d.jpg|https://cdn.myfigurelist.com/figure-images/4543736331445/figmaPLUS-LittleArmory-Armed-JK-Variant-Loadout-Set-2_ef582277-79fe-47b7-bc59-1484fa1c2dc6.jpg|https://cdn.myfigurelist.com/figure-images/4543736331445/figmaPLUS-LittleArmory-Armed-JK-Variant-Loadout-Set-2_497c4f55-37e9-47ad-8d13-d8d6643216d3.jpg|https://cdn.myfigurelist.com/figure-images/4543736331445/figmaPLUS-LittleArmory-Armed-JK-Variant-Loadout-Set-2_a7278c63-1df3-4457-bda5-265841203c10.jpg|https://cdn.myfigurelist.com/figure-images/4543736331445/figmaPLUS-LittleArmory-Armed-JK-Variant-Loadout-Set-2_cb3af2cf-93d0-4154-9b7a-30fb780d6028.jpg|https://cdn.myfigurelist.com/figure-images/4543736331445/figmaPLUS-LittleArmory-Armed-JK-Variant-Loadout-Set-2_7d434d51-f704-4bc5-b534-b1f9f7169555.jpg|https://cdn.myfigurelist.com/figure-images/4543736331445/figmaPLUS-LittleArmory-Armed-JK-Variant-Loadout-Set-2_5550d23e-2cd3-412f-a7fa-48e20450779c.jpg,[],,,,0,0,2026-09-27T02:20:59.510709Z,1.0,"[""csv""]"
89732,MyFigureList,https://myfigurelist.com/figure/89732/Goddess-of-Victory-Nikke-Liliweiss-1-7,Goddess of Victory: Nikke - Liliweiss - 1/7,,,Mori no Aru Machi,Scale Figure,2025-03-01,1/7,HaSo,24,,https://cdn.myfigurelist.com/figure-images/73e938b5-7259-3126-b86e-fdf6e5fe85ed/Goddess-of-Victory-Nikke-Liliweiss-1-7_f56ce2ba-be35-3120-84e6-ebddf1e34e77.jpg|https://cdn.myfigurelist.com/figure-images/73e938b5-7259-3126-b86e-fdf6e5fe85ed/Goddess-of-Victory-Nikke-Liliweiss-1-7_9010d0b2-0857-3806-a6a7-c80a92d9294e.jpg|https://cdn.myfigurelist.com/figure-images/73e938b5-7259-3126-b86e-fdf6e5fe85ed/Goddess-of-Victory-Nikke-Liliweiss-1-7_dd30b54d-5735-3d9f-b9b5-1a04b2d38b18.jpg|https://cdn.myfigurelist.com/figure-images/73e938b5-7259-3126-b86e-fdf6e5fe85ed/Goddess-of-Victory-Nikke-Liliweiss-1-7_4bf61887-c498-394d-bfa8-b56ed8b0b150.jpg|https://cdn.myfigurelist.com/figure-images/73e938b5-7259-3126-b86e-fdf6e5fe85ed/Goddess-of-Victory-Nikke-Liliweiss-1-7_6f1ca3b1-ef20-3746-a70d-eda7cc264150.jpg|https://cdn.myfigurelist.com/figure-images/73e938b5-7259-3126-b86e-fdf6e5fe85ed/Goddess-of-Victory-Nikke-Liliweiss-1-7_9744635c-b117-38bc-b1c2-ef997afbf82e.jpg|https://cdn.myfigurelist.com/figure-images/73e938b5-7259-3126-b86e-fdf6e5fe85ed/Goddess-of-Victory-Nikke-Liliweiss-1-7_a96ddb91-c671-36d7-955d-dfa0757b32c8.jpg|https://cdn.myfigurelist.com/figure-images/73e938b5-7259-3126-b86e-fdf6e5fe85ed/Goddess-of-Victory-Nikke-Liliweiss-1-7_21c2171d-c490-3c8d-abd2-0f72d5383d5c.jpg|https://cdn.myfigurelist.com/figure-images/73e938b5-7259-3126-b86e-fdf6e5fe85ed/Goddess-of-Victory-Nikke-Liliweiss-1-7_c05a39cd-8e58-3d40-ba7a-3910684511a8.jpg,[],15455,15455,15455,0,1,2026-09-27T02:21:00.804864Z,1.0,"[""csv""]"
76058,MyFigureList,https://myfigurelist.com/figure/76058/Kidou-Senshi-Gundam-SEED-Destiny-ZGMF-X19A-Infinite-Justice-Gundam-Metal-Robot-Spirits-Robot-Spirits-Robot-Spirits-ltSide-MSgt,Kidou Senshi Gundam SEED Destiny - ZGMF-X19A Infinite Justice Gundam - Metal Robot Spirits - Robot Spirits - Robot Spirits &lt;Side MS&gt;,,,BANDAI SPIRITS,Anime Figure,2018-09-21,,,14,,https://cdn.myfigurelist.com/figure-images/3801724f-8a92-3a16-a7c0-97daa38caafe/Kidou-Senshi-Gundam-SEED-Destiny-ZGMF-X19A-Infinite-Justice-Gundam-Metal-Robot-Spirits-Robot-Spirits-Robot-Spirits-ltSide-MSgt_b62dd1fb-d57b-32e1-9739-6d0d7733ec63.jpg|https://cdn.myfigurelist.com/figure-images/3801724f-8a92-3a16-a7c0-97daa38caafe/Kidou-Senshi-Gundam-SEED-Destiny-ZGMF-X19A-Infinite-Justice-Gundam-Metal-Robot-Spirits-Robot-Spirits-Robot-Spirits-ltSide-MSgt_cf892a9c-2f43-3518-b8af-ca05087c1a1a.jpg|https://cdn.myfigurelist.com/figure-images/3801724f-8a92-3a16-a7c0-97daa38caafe/Kidou-Senshi-Gundam-SEED-Destiny-ZGMF-X19A-Infinite-Justice-Gundam-Metal-Robot-Spirits-Robot-Spirits-Robot-Spirits-ltSide-MSgt_a3415dcc-792c-35b9-be6f-76f2aa2d509f.jpg|https://cdn.myfigurelist.com/figure-images/3801724f-8a92-3a16-a7c0-97daa38caafe/Kidou-Senshi-Gundam-SEED-Destiny-ZGMF-X19A-Infinite-Justice-Gundam-Metal-Robot-Spirits-Robot-Spirits-Robot-Spirits-ltSide-MSgt_e34fa499-198d-3fb4-a4ba-e93f05ab22c0.jpg|https://cdn.myfigurelist.com/figure-images/3801724f-8a92-3a16-a7c0-97daa38caafe/Kidou-Senshi-Gundam-SEED-Destiny-ZGMF-X19A-Infinite-Justice-Gundam-Metal-Robot-Spirits-Robot-Spirits-Robot-Spirits-ltSide-MSgt_f701b9aa-1c71-38ed-bdc5-373fdb7e08e2.jpg|https://cdn.myfigurelist.com/figure-images/3801724f-8a92-3a16-a7c0-97daa38caafe/Kidou-Senshi-Gundam-SEED-Destiny-ZGMF-X19A-Infinite-Justice-Gundam-Metal-Robot-Spirits-Robot-Spirits-Robot-Spirits-ltSide-MSgt_5c05c4a5-8cb5-3cd9-83e5-2a60300cd803.jpg|https://cdn.myfigurelist.com/figure-images/3801724f-8a92-3a16-a7c0-97daa38caafe/Kidou-Senshi-Gundam-SEED-Destiny-ZGMF-X19A-Infinite-Justice-Gundam-Metal-Robot-Spirits-Robot-Spirits-Robot-Spirits-ltSide-MSgt_f433c5a8-6c1e-3ca9-b9c6-eba624f70fc1.jpg|https://cdn.myfigurelist.com/figure-images/3801724f-8a92-3a16-a7c0-97daa38caafe/Kidou-Senshi-Gundam-SEED-Destiny-ZGMF-X19A-Infinite-Justice-Gundam-Metal-Robot-Spirits-Robot-Spirits-Robot-Spirits-ltSide-MSgt_4bb8c77d-90ff-3fed-83a3-4ca88f5c19b6.jpg|https://cdn.myfigurelist.com/figure-images/3801724f-8a92-3a16-a7c0-97daa38caafe/Kidou-Senshi-Gundam-SEED-Destiny-ZGMF-X19A-Infinite-Justice-Gundam-Metal-Robot-Spirits-Robot-Spirits-Robot-Spirits-ltSide-MSgt_3154bb5c-cbc8-348b-b8cd-0a9c6bcd86f6.jpg|https://cdn.myfigurelist.com/figure-images/3801724f-8a92-3a16-a7c0-97daa38caafe/Kidou-Senshi-Gundam-SEED-Destiny-ZGMF-X19A-Infinite-Justice-Gundam-Metal-Robot-Spirits-Robot-Spirits-Robot-Spirits-ltSide-MSgt_8d59b7f5-01bc-37f6-ba13-94decb275d6c.jpg|https://cdn.myfigurelist.com/figure-images/3801724f-8a92-3a16-a7c0-97daa38caafe/Kidou-Senshi-Gundam-SEED-Destiny-ZGMF-X19A-Infinite-Justice-Gundam-Metal-Robot-Spirits-Robot-Spirits-Robot-Spirits-ltSide-MSgt_3b8e7305-b61b-38da-b1a9-1622d2c41267.jpg|https://cdn.myfigurelist.com/figure-images/3801724f-8a92-3a16-a7c0-97daa38caafe/Kidou-Senshi-Gundam-SEED-Destiny-ZGMF-X19A-Infinite-Justice-Gundam-Metal-Robot-Spirits-Robot-Spirits-Robot-Spirits-ltSide-MSgt_4d4d719b-f3fd-332a-ab0f-19e188aa2328.jpg,[],13000,13000,13000,0,1,2026-09-27T02:21:01.472745Z,1.0,"[""csv""]"
59701,MyFigureList,https://myfigurelist.com/figure/59701/Azur-Lane-Implacable,Azur Lane - Implacable,,,Mobius,Scale Figure,2024-07-28,Non-Scale,Sanshuiqing,21,,https://cdn.myfigurelist.com/figure-images/f18278d9-4dbb-387d-b512-712dcb5dab29/Azur-Lane-Implacable_b38b34fb-f3e4-3048-8933-2837efcbaba3.jpg|https://cdn.myfigurelist.com/figure-images/f18278d9-4dbb-387d-b512-712dcb5dab29/Azur-Lane-Implacable_145f00fe-fd55-30c0-bc9d-68d37291a7fd.jpg,[],30000,30000,30000,0,1,2026-09-27T02:21:02.360768Z,1.0,"[""csv""]"
62434,MyFigureList,https://myfigurelist.com/figure/62434/Blue-Archive-Sunohara-Shun-1-7-Young-ver,Blue Archive - Sunohara Shun - 1/7 - Young ver.,,,,Scale Figure,2024-08-01,1/7,Dr.Dog,22,,https://cdn.myfigurelist.com/figure-images/0159e905-461c-3046-a130-4657f808bd70/Blue-Archive-Sunohara-Shun-1-7-Young-ver_0aa4d40d-97f3-3e3f-bb67-34e9f3a40f36.jpg|https://cdn.myfigurelist.com/figure-images/0159e905-461c-3046-a130-4657f808bd70/Blue-Archive-Sunohara-Shun-1-7-Young-ver_ebe6ad10-0154-39bc-a0eb-c4dd80b86d0f.jpg|https://cdn.myfigurelist.com/figure-images/0159e905-461c-3046-a130-4657f808bd70/Blue-Archive-Sunohara-Shun-1-7-Young-ver_146fb903-5af5-3cad-9ca9-7681d48b0b2a.jpg|https://cdn.myfigurelist.com/figure-images/0159e905-461c-3046-a130-4657f808bd70/Blue-Archive-Sunohara-Shun-1-7-Young-ver_e4a6ca6d-0426-3dec-ba76-cc39dba3661e.jpg|https://cdn.myfigurelist.com/figure-images/0159e905-461c-3046-a130-4657f808bd70/Blue-Archive-Sunohara-Shun-1-7-Young-ver_bce64c07-e08a-3978-a6d4-27b085bc21df.jpg|https://cdn.myfigurelist.com/figure-images/0159e905-461c-3046-a130-4657f808bd70/Blue-Archive-Sunohara-Shun-1-7-Young-ver_1a33898d-1fe9-30b6-8e50-e1311f3b62a5.jpg|https://cdn.myfigurelist.com/figure-images/0159e905-461c-3046-a130-4657f808bd70/Blue-Archive-Sunohara-Shun-1-7-Young-ver_15f697b3-1aa5-355f-b7ba-a7776ec4dfd8.jpg|https://cdn.myfigurelist.com/figure-images/0159e905-461c-3046-a130-4657f808bd70/Blue-Archive-Sunohara-Shun-1-7-Young-ver_b6e4b61c-e7de-393d-88fc-4ae2473b0cfd.jpg|https://cdn.myfigurelist.com/figure-images/0159e905-461c-3046-a130-4657f808bd70/Blue-Archive-Sunohara-Shun-1-7-Young-ver_6739da94-2e89-3203-aec7-803fc3d54685.jpg|https://cdn.myfigurelist.com/figure-images/0159e905-461c-3046-a130-4657f808bd70/Blue-Archive-Sunohara-Shun-1-7-Young-ver_0f3c6c7a-2cb2-3b90-a2ab-659d11d8ee43.jpg,[],16364,16364,16364,0,1,2026-09-27T02:21:04.386729Z,1.0,"[""csv""]"
60685,MyFigureList,https://myfigurelist.com/figure/60685/Shinobi-Master-Senran-Kagura-New-Link-Yumi-Sexy-Nurse-ver-1-4-Complete-Figure,Shinobi Master Senran Kagura: New Link Yumi Sexy Nurse ver. 1/4 Complete Figure,,,Hobby Stock,Scale Figure,2026-03-01,1/4,Jonji,20,,https://cdn.myfigurelist.com/figure-images/99c9cf01-ddf2-46cf-9f3d-bceca60e4d37/Shinobi-Master-Senran-Kagura-New-Link-Yumi-Sexy-Nurse-ver-1-4-Complete-Figure_f79974c3-7d1d-4bca-8a48-3659dd7ab99d.jpg|https://cdn.myfigurelist.com/figure-images/99c9cf01-ddf2-46cf-9f3d-bceca60e4d37/Shinobi-Master-Senran-Kagura-New-Link-Yumi-Sexy-Nurse-ver-1-4-Complete-Figure_cdc45eba-a1d3-40d6-9584-c3ab7f3a6222.jpg|https://cdn.myfigurelist.com/figure-images/99c9cf01-ddf2-46cf-9f3d-bceca60e4d37/Shinobi-Master-Senran-Kagura-New-Link-Yumi-Sexy-Nurse-ver-1-4-Complete-Figure_b39451b5-afeb-4d06-9ce8-aa3b2a067e7d.jpg|https://cdn.myfigurelist.com/figure-images/99c9cf01-ddf2-46cf-9f3d-bceca60e4d37/Shinobi-Master-Senran-Kagura-New-Link-Yumi-Sexy-Nurse-ver-1-4-Complete-Figure_ad20dace-89c5-4ea6-98e3-8b1bcaba67a5.jpg|https://cdn.myfigurelist.com/figure-images/99c9cf01-ddf2-46cf-9f3d-bceca60e4d37/Shinobi-Master-Senran-Kagura-New-Link-Yumi-Sexy-Nurse-ver-1-4-Complete-Figure_ce61115a-bb1a-453b-8cb6-46dd3603e8b2.jpg|https://cdn.myfigurelist.com/figure-images/99c9cf01-ddf2-46cf-9f3d-bceca60e4d37/Shinobi-Master-Senran-Kagura-New-Link-Yumi-Sexy-Nurse-ver-1-4-Complete-Figure_2bdb2fbb-26db-473e-93fa-0baff48caaeb.jpg|https://cdn.myfigurelist.com/figure-images/99c9cf01-ddf2-46cf-9f3d-bceca60e4d37/Shinobi-Master-Senran-Kagura-New-Link-Yumi-Sexy-Nurse-ver-1-4-Complete-Figure_4944c2b3-57de-4965-9a1e-701a5c36f6c6.jpg,[],,,,0,0,2026-09-27T02:21:05.379748Z,1.0,"[""csv""]"
112905,MyFigureList,https://myfigurelist.com/figure/112905/Ultraman-Powered-Ultra-Hero-Series-13-13-Renewal-ver,Ultraman Powered - Ultra Hero Series  (13) - 13 - Renewal ver.,,,Bandai,Anime Figure,2009-10-24,,,,,https://cdn.myfigurelist.com/figure-images/d037f193-3f05-3728-9890-c1f1807c211b/Ultraman-Powered-Ultra-Hero-Series-13-13-Renewal-ver_50d9734b-9eda-3ec7-b23a-3e983b58d08b.jpg,[],,,,0,0,2026-09-27T02:21:09.081002Z,1.0,"[""csv""]"
80298,MyFigureList,https://myfigurelist.com/figure/80298/Kidou-Senshi-Gundam-SEED-Destiny-MSV-ZGMF-X56S-Destiny-Impulse-Robot-Spirits-R-200-Robot-Spirits-ltSide-MSgt,Kidou Senshi Gundam SEED Destiny MSV - ZGMF-X56S/θ Destiny Impulse - Robot Spirits  (R-200) - Robot Spirits &lt;Side MS&gt;,,,Bandai,Anime Figure,2016-06-24,,,14,,https://cdn.myfigurelist.com/figure-images/4caec8b1-4faf-3553-ad37-e63f4896605b/Kidou-Senshi-Gundam-SEED-Destiny-MSV-ZGMF-X56S-Destiny-Impulse-Robot-Spirits-R-200-Robot-Spirits-ltSide-MSgt_b01152fb-d436-32f0-acc8-17f21c1e4950.jpg|https://cdn.myfigurelist.com/figure-images/4caec8b1-4faf-3553-ad37-e63f4896605b/Kidou-Senshi-Gundam-SEED-Destiny-MSV-ZGMF-X56S-Destiny-Impulse-Robot-Spirits-R-200-Robot-Spirits-ltSide-MSgt_90585f6b-9353-386a-8cdc-85f9756cdce1.jpg|https://cdn.myfigurelist.com/figure-images/4caec8b1-4faf-3553-ad37-e63f4896605b/Kidou-Senshi-Gundam-SEED-Destiny-MSV-ZGMF-X56S-Destiny-Impulse-Robot-Spirits-R-200-Robot-Spirits-ltSide-MSgt_0f065c48-282a-3f4b-b1f0-0ecdf7efe14b.jpg|https://cdn.myfigurelist.com/figure-images/4caec8b1-4faf-3553-ad37-e63f4896605b/Kidou-Senshi-Gundam-SEED-Destiny-MSV-ZGMF-X56S-Destiny-Impulse-Robot-Spirits-R-200-Robot-Spirits-ltSide-MSgt_e530cd72-292b-32e2-a07d-1f77c5516a5e.jpg|https://cdn.myfigurelist.com/figure-images/4caec8b1-4faf-3553-ad37-e63f4896605b/Kidou-Senshi-Gundam-SEED-Destiny-MSV-ZGMF-X56S-Destiny-Impulse-Robot-Spirits-R-200-Robot-Spirits-ltSide-MSgt_73a79997-2ecc-3091-b7c4-b98a38143894.jpg|https://cdn.myfigurelist.com/figure-images/4caec8b1-4faf-3553-ad37-e63f4896605b/Kidou-Senshi-Gundam-SEED-Destiny-MSV-ZGMF-X56S-Destiny-Impulse-Robot-Spirits-R-200-Robot-Spirits-ltSide-MSgt_8e976d03-e3bd-332f-9fbd-bbf94c90ff82.jpg|https://cdn.myfigurelist.com/figure-images/4caec8b1-4faf-3553-ad37-e63f4896605b/Kidou-Senshi-Gundam-SEED-Destiny-MSV-ZGMF-X56S-Destiny-Impulse-Robot-Spirits-R-200-Robot-Spirits-ltSide-MSgt_cf161891-5a81-3c49-b927-9f459acf146c.jpg|https://cdn.myfigurelist.com/figure-images/4caec8b1-4faf-3553-ad37-e63f4896605b/Kidou-Senshi-Gundam-SEED-Destiny-MSV-ZGMF-X56S-Destiny-Impulse-Robot-Spirits-R-200-Robot-Spirits-ltSide-MSgt_25f66759-5f73-39f0-ae4c-6af90b439b37.jpg|https://cdn.myfigurelist.com/figure-images/4caec8b1-4faf-3553-ad37-e63f4896605b/Kidou-Senshi-Gundam-SEED-Destiny-MSV-ZGMF-X56S-Destiny-Impulse-Robot-Spirits-R-200-Robot-Spirits-ltSide-MSgt_27a6aaf0-ad37-3b6e-8954-c5a6ce231047.jpg|https://cdn.myfigurelist.com/figure-images/4caec8b1-4faf-3553-ad37-e63f4896605b/Kidou-Senshi-Gundam-SEED-Destiny-MSV-ZGMF-X56S-Destiny-Impulse-Robot-Spirits-R-200-Robot-Spirits-ltSide-MSgt_fe98d913-1055-3cac-b65f-5412fb48c09e.jpg|https://cdn.myfigurelist.com/figure-images/4caec8b1-4faf-3553-ad37-e63f4896605b/Kidou-Senshi-Gundam-SEED-Destiny-MSV-ZGMF-X56S-Destiny-Impulse-Robot-Spirits-R-200-Robot-Spirits-ltSide-MSgt_43a0cec9-0e9e-368c-8d7d-255668755071.jpg|https://cdn.myfigurelist.com/figure-images/4caec8b1-4faf-3553-ad37-e63f4896605b/Kidou-Senshi-Gundam-SEED-Destiny-MSV-ZGMF-X56S-Destiny-Impulse-Robot-Spirits-R-200-Robot-Spirits-ltSide-MSgt_9a9fef15-4e67-34ae-9c01-6e28ade085c2.jpg,[],,,,0,0,2026-09-27T02:21:16.730270Z,1.0,"[""csv""]"
97242,MyFigureList,https://myfigurelist.com/figure/97242/Hello-Kitty-and-Friends-Kuromi-Sanrio-Kuromi-Unicorn-Figurine,Hello Kitty and Friends - Kuromi - Sanrio Kuromi Unicorn Figurine,,,"Enesco, LLC",Anime Figure,2025-11-01,,Jim Shore,8,,https://cdn.myfigurelist.com/figure-images/9219feec-10a7-36df-83c7-1a205c327c73/Hello-Kitty-and-Friends-Kuromi-Sanrio-Kuromi-Unicorn-Figurine_665fa96b-2c25-3c47-8534-842b2167a6a2.jpg|https://cdn.myfigurelist.com/figure-images/9219feec-10a7-36df-83c7-1a205c327c73/Hello-Kitty-and-Friends-Kuromi-Sanrio-Kuromi-Unicorn-Figurine_e6117c33-96a2-3eef-a078-b26dfdaa67b4.jpg|https://cdn.myfigurelist.com/figure-images/9219feec-10a7-36df-83c7-1a205c327c73/Hello-Kitty-and-Friends-Kuromi-Sanrio-Kuromi-Unicorn-Figurine_54408599-21f8-3ac8-9fb1-c6fed144bae3.jpg|https://cdn.myfigurelist.com/figure-images/9219feec-10a7-36df-83c7-1a205c327c73/Hello-Kitty-and-Friends-Kuromi-Sanrio-Kuromi-Unicorn-Figurine_a0727f80-1447-3ce4-a0ad-9c4451ea757c.jpg|https://cdn.myfigurelist.com/figure-images/9219feec-10a7-36df-83c7-1a205c327c73/Hello-Kitty-and-Friends-Kuromi-Sanrio-Kuromi-Unicorn-Figurine_ab6fb027-87a9-3f28-a5b7-fa8e30f3d2d8.jpg,[],5778,5778,5778,0,1,2026-09-27T02:21:17.897854Z,1.0,"[""csv""]"
28346,MyFigureList,https://myfigurelist.com/figure/28346/Mushoku-Tensei-Isekai-Ittara-Honki-Dasu-Roxy-Migurdia-FNex-1-7,Mushoku Tensei ~Isekai Ittara Honki Dasu~ - Roxy Migurdia - F:Nex - 1/7,,,FuRyu,Scale Figure,2022-01-01,1/7,Fujiyama,22,,https://cdn.myfigurelist.com/figure-images/4589584952470/Mushoku-Tensei-Isekai-Ittara-Honki-Dasu-Roxy-Migurdia-FNex-1-7_841bb52e-4bb8-3f26-8751-6b850c582010.jpg|https://cdn.myfigurelist.com/figure-images/4589584952470/Mushoku-Tensei-Isekai-Ittara-Honki-Dasu-Roxy-Migurdia-FNex-1-7_b503d077-15b8-3ca9-8515-10997231d214.jpg|https://cdn.myfigurelist.com/figure-images/4589584952470/Mushoku-Tensei-Isekai-Ittara-Honki-Dasu-Roxy-Migurdia-FNex-1-7_f7c6a7c2-d71b-34e8-af33-d55998e22288.jpg|https://cdn.myfigurelist.com/figure-images/4589584952470/Mushoku-Tensei-Isekai-Ittara-Honki-Dasu-Roxy-Migurdia-FNex-1-7_1a556a03-6be0-3799-a593-083467d9ef84.jpg|https://cdn.myfigurelist.com/figure-images/4589584952470/Mushoku-Tensei-Isekai-Ittara-Honki-Dasu-Roxy-Migurdia-FNex-1-7_f70ba3ab-c199-3798-a8dc-81a636ee2966.jpg|https://cdn.myfigurelist.com/figure-images/4589584952470/Mushoku-Tensei-Isekai-Ittara-Honki-Dasu-Roxy-Migurdia-FNex-1-7_fafa74a4-2258-3cc1-bdb1-ab33e9743147.jpg|https://cdn.myfigurelist.com/figure-images/4589584952470/Mushoku-Tensei-Isekai-Ittara-Honki-Dasu-Roxy-Migurdia-FNex-1-7_09169190-f837-314f-a616-4dba1a7507da.jpg|https://cdn.myfigurelist.com/figure-images/4589584952470/Mushoku-Tensei-Isekai-Ittara-Honki-Dasu-Roxy-Migurdia-FNex-1-7_c283a418-102f-3e9a-9743-8b79d64924ad.jpg|https://cdn.myfigurelist.com/figure-images/4589584952470/Mushoku-Tensei-Isekai-Ittara-Honki-Dasu-Roxy-Migurdia-FNex-1-7_ed7b279e-deeb-309e-8af3-4d1c2a591fa2.jpg|https://cdn.myfigurelist.com/figure-images/4589584952470/Mushoku-Tensei-Isekai-Ittara-Honki-Dasu-Roxy-Migurdia-FNex-1-7_67776621-6115-3733-9129-953b4aac528d.jpg|https://cdn.myfigurelist.com/figure-images/4589584952470/Mushoku-Tensei-Isekai-Ittara-Honki-Dasu-Roxy-Migurdia-FNex-1-7_b197dbd2-4d08-3bab-8711-f39b302fd8f6.jpg|https://cdn.myfigurelist.com/figure-images/4589584952470/Mushoku-Tensei-Isekai-Ittara-Honki-Dasu-Roxy-Migurdia-FNex-1-7_3254ed22-beac-3e1c-83b2-f85fdb8aa367.jpg|https://cdn.myfigurelist.com/figure-images/4589584952470/Mushoku-Tensei-Isekai-Ittara-Honki-Dasu-Roxy-Migurdia-FNex-1-7_aa83ca1b-7887-3fb3-a9c4-a13a061614ec.jpg|https://cdn.myfigurelist.com/figure-images/4589584952470/Mushoku-Tensei-Isekai-Ittara-Honki-Dasu-Roxy-Migurdia-FNex-1-7_d290b3a1-4617-3ac2-9584-a2249c92e79e.jpg,[],,,,0,0,2026-09-27T02:21:19.011916Z,1.0,"[""csv""]"
2771,MyFigureList,https://myfigurelist.com/figure/2771/SteinsGate-Kurisu-Makise-Reading-Steiner-1-7-Complete-Figure,Steins;Gate Kurisu Makise -Reading Steiner- 1/7 Complete Figure,,,Good Smile Company,Scale Figure,2023-10-01,1/7,Kenzo,23,,https://cdn.myfigurelist.com/figure-images/4580416946285/SteinsGate-Kurisu-Makise-Reading-Steiner-1-7-Complete-Figure_4f98b15b-1d14-4949-92e8-5f948f465a57.jpg|https://cdn.myfigurelist.com/figure-images/4580416946285/SteinsGate-Kurisu-Makise-Reading-Steiner-1-7-Complete-Figure_400191f7-331c-4750-a879-edc0d6e1b380.jpg|https://cdn.myfigurelist.com/figure-images/4580416946285/SteinsGate-Kurisu-Makise-Reading-Steiner-1-7-Complete-Figure_b7ff1464-098c-48c5-a3f8-5a3ccf7b6ad4.jpg|https://cdn.myfigurelist.com/figure-images/4580416946285/SteinsGate-Kurisu-Makise-Reading-Steiner-1-7-Complete-Figure_84f1a79e-b814-426c-b4d3-be2f770eccd9.jpg|https://cdn.myfigurelist.com/figure-images/4580416946285/SteinsGate-Kurisu-Makise-Reading-Steiner-1-7-Complete-Figure_f36ab061-48bf-4029-98d5-71a7eebd0284.jpg|https://cdn.myfigurelist.com/figure-images/4580416946285/SteinsGate-Kurisu-Makise-Reading-Steiner-1-7-Complete-Figure_902d490d-df95-41ef-b7db-45ec07ce65ff.jpg,[],,,,0,0,2026-09-27T02:21:20.837516Z,1.0,"[""csv""]"
83933,MyFigureList,https://myfigurelist.com/figure/83933/Touhai-Densetsu-Akagi-Yami-ni-Maiorita-Tensai-Akagi-Shigeru,Touhai Densetsu Akagi - Yami ni Maiorita Tensai - Akagi Shigeru,,,Volks,Anime Figure,2018-08-25,,,,,https://cdn.myfigurelist.com/figure-images/5713b685-44be-3c56-859a-c168d01359a1/Touhai-Densetsu-Akagi-Yami-ni-Maiorita-Tensai-Akagi-Shigeru_d1350002-9e11-3e8c-93fa-d05ad6407b79.jpg|https://cdn.myfigurelist.com/figure-images/5713b685-44be-3c56-859a-c168d01359a1/Touhai-Densetsu-Akagi-Yami-ni-Maiorita-Tensai-Akagi-Shigeru_c41433cb-f0f9-3fd5-a878-6a9e1393b471.jpg|https://cdn.myfigurelist.com/figure-images/5713b685-44be-3c56-859a-c168d01359a1/Touhai-Densetsu-Akagi-Yami-ni-Maiorita-Tensai-Akagi-Shigeru_0a01a5de-6f52-352c-b781-34c5529e86b8.jpg,[],8000,8000,8000,0,1,2026-09-27T02:21:21.958605Z,1.0,"[""csv""]"
97890,MyFigureList,https://myfigurelist.com/figure/97890/Busou-Shinki-MMS-Sonic-Viper,Busou Shinki - MMS Sonic Viper,,,Houkago Revol-bu,Anime Figure,2014-07-27,,OZ,,,https://cdn.myfigurelist.com/figure-images/94421725-f221-3b71-a5f2-aae1e7bf153b/Busou-Shinki-MMS-Sonic-Viper_8b2cc76e-de08-3342-99f0-58823291b6f1.jpg|https://cdn.myfigurelist.com/figure-images/94421725-f221-3b71-a5f2-aae1e7bf153b/Busou-Shinki-MMS-Sonic-Viper_a3f2a021-6f72-3e8a-9944-dfaa1f2631df.jpg|https://cdn.myfigurelist.com/figure-images/94421725-f221-3b71-a5f2-aae1e7bf153b/Busou-Shinki-MMS-Sonic-Viper_b451d440-2082-3d60-ab3d-7e90837f8d68.jpg|https://cdn.myfigurelist.com/figure-images/94421725-f221-3b71-a5f2-aae1e7bf153b/Busou-Shinki-MMS-Sonic-Viper_a59d8a1d-479d-3600-850b-01a8e82064fd.jpg|https://cdn.myfigurelist.com/figure-images/94421725-f221-3b71-a5f2-aae1e7bf153b/Busou-Shinki-MMS-Sonic-Viper_2278e166-39e4-3075-880c-4ecc7ce5c7df.jpg|https://cdn.myfigurelist.com/figure-images/94421725-f221-3b71-a5f2-aae1e7bf153b/Busou-Shinki-MMS-Sonic-Viper_da1d28c0-5dd5-36fc-9de7-cab29e182cc3.jpg|https://cdn.myfigurelist.com/figure-images/94421725-f221-3b71-a5f2-aae1e7bf153b/Busou-Shinki-MMS-Sonic-Viper_c630344f-f206-30da-ba71-6fef35925223.jpg|https://cdn.myfigurelist.com/figure-images/94421725-f221-3b71-a5f2-aae1e7bf153b/Busou-Shinki-MMS-Sonic-Viper_77a89e17-7095-3f89-a246-e3126804b63b.jpg|https://cdn.myfigurelist.com/figure-images/94421725-f221-3b71-a5f2-aae1e7bf153b/Busou-Shinki-MMS-Sonic-Viper_81b361e9-34f5-3312-8a2c-3b78408c1d2b.jpg,[],6000,6000,6000,0,1,2026-09-27T02:21:22.801521Z,1.0,"[""csv""]"
82059,MyFigureList,https://myfigurelist.com/figure/82059/Ore-no-Imouto-ga-Konna-ni-Kawaii-Wake-ga-Nai-Gokou-Ruri-1-8,Ore no Imouto ga Konna ni Kawaii Wake ga Nai - Gokou Ruri - 1/8,,,Light Stuff Product,Scale Figure,2012-07-29,1/8,Crayon,,,https://cdn.myfigurelist.com/figure-images/542c6e5a-4e70-3a5a-9282-bff15d466975/Ore-no-Imouto-ga-Konna-ni-Kawaii-Wake-ga-Nai-Gokou-Ruri-1-8_d82dc805-b86b-3dc3-8cff-2b44cab9da83.jpg|https://cdn.myfigurelist.com/figure-images/542c6e5a-4e70-3a5a-9282-bff15d466975/Ore-no-Imouto-ga-Konna-ni-Kawaii-Wake-ga-Nai-Gokou-Ruri-1-8_36fe10cc-a4fa-3101-9ca9-c1533913cd11.jpg,[],6000,6000,6000,0,1,2026-09-27T02:21:23.949927Z,1.0,"[""csv""]"
16562,MyFigureList,https://myfigurelist.com/figure/16562/RIOBOT-Me-Roboco-Koutetsu-no-Roboco-DX-Edition-Action-Figure,RIOBOT Me & Roboco Koutetsu no Roboco DX Edition Action Figure,,,Sentinel,Scale Figure,2022-12-01,Non-Scale,"Shintaro Takahashi, Wataru Orita, POLY-TOYS",12,,https://cdn.myfigurelist.com/figure-images/4571335880590/RIOBOT-Me-Roboco-Koutetsu-no-Roboco-DX-Edition-Action-Figure_76df4d69-e2c9-41b3-8a83-566184eeceb3.jpg|https://cdn.myfigurelist.com/figure-images/4571335880590/RIOBOT-Me-Roboco-Koutetsu-no-Roboco-DX-Edition-Action-Figure_65a94b71-e165-4add-a369-7440c20cc8e4.jpg|https://cdn.myfigurelist.com/figure-images/4571335880590/RIOBOT-Me-Roboco-Koutetsu-no-Roboco-DX-Edition-Action-Figure_77374cb1-125d-4e45-a36b-f19490bc8afc.jpg|https://cdn.myfigurelist.com/figure-images/4571335880590/RIOBOT-Me-Roboco-Koutetsu-no-Roboco-DX-Edition-Action-Figure_bcb8bfa4-6d57-49dd-af84-78bd414d439f.jpg|https://cdn.myfigurelist.com/figure-images/4571335880590/RIOBOT-Me-Roboco-Koutetsu-no-Roboco-DX-Edition-Action-Figure_d98404f9-ff59-4a65-bd20-40b3ee5d94cd.jpg|https://cdn.myfigurelist.com/figure-images/4571335880590/RIOBOT-Me-Roboco-Koutetsu-no-Roboco-DX-Edition-Action-Figure_56d88b85-d585-4db8-9355-54bd7f5e14f1.jpg|https://cdn.myfigurelist.com/figure-images/4571335880590/RIOBOT-Me-Roboco-Koutetsu-no-Roboco-DX-Edition-Action-Figure_05503992-54ef-437e-8dc4-bf129555b9b0.jpg|https://cdn.myfigurelist.com/figure-images/4571335880590/RIOBOT-Me-Roboco-Koutetsu-no-Roboco-DX-Edition-Action-Figure_f51f0378-e3b5-4422-8bd2-37d4856c3942.jpg|https://cdn.myfigurelist.com/figure-images/4571335880590/RIOBOT-Me-Roboco-Koutetsu-no-Roboco-DX-Edition-Action-Figure_070fb757-dbe8-4486-a365-b2689c7d181a.jpg|https://cdn.myfigurelist.com/figure-images/4571335880590/RIOBOT-Me-Roboco-Koutetsu-no-Roboco-DX-Edition-Action-Figure_7ff21040-8262-44ef-8398-240093730477.jpg|https://cdn.myfigurelist.com/figure-images/4571335880590/RIOBOT-Me-Roboco-Koutetsu-no-Roboco-DX-Edition-Action-Figure_0ac20ff5-f68d-4623-a087-b7629b926d10.jpg|https://cdn.myfigurelist.com/figure-images/4571335880590/RIOBOT-Me-Roboco-Koutetsu-no-Roboco-DX-Edition-Action-Figure_5e21d845-7b27-4618-b5cc-20010275616e.jpg|https://cdn.myfigurelist.com/figure-images/4571335880590/RIOBOT-Me-Roboco-Koutetsu-no-Roboco-DX-Edition-Action-Figure_dfb4751a-2b44-48f4-9370-f07fe8f7e51a.jpg|https://cdn.myfigurelist.com/figure-images/4571335880590/RIOBOT-Me-Roboco-Koutetsu-no-Roboco-DX-Edition-Action-Figure_128f5679-a79d-4531-87f2-4219e5e47c9b.jpg|https://cdn.myfigurelist.com/figure-images/4571335880590/RIOBOT-Me-Roboco-Koutetsu-no-Roboco-DX-Edition-Action-Figure_ed69751a-d4c2-4f39-901c-8938d39e03ec.jpg|https://cdn.myfigurelist.com/figure-images/4571335880590/RIOBOT-Me-Roboco-Koutetsu-no-Roboco-DX-Edition-Action-Figure_8639cbc4-025e-459b-9d22-7775139c6dd4.jpg|https://cdn.myfigurelist.com/figure-images/4571335880590/RIOBOT-Me-Roboco-Koutetsu-no-Roboco-DX-Edition-Action-Figure_f17dbeff-9f24-41d4-901e-e5ad1a837b3c.jpg|https://cdn.myfigurelist.com/figure-images/4571335880590/RIOBOT-Me-Roboco-Koutetsu-no-Roboco-DX-Edition-Action-Figure_6681a5c7-0906-4150-9869-6caf51140f93.jpg,[],,,,0,0,2026-09-27T02:21:47.050057Z,1.0,"[""csv""]"
63837,MyFigureList,https://myfigurelist.com/figure/63837/Rody-Rody-Mascot-Country-Italy,Rody - Rody Mascot - Country - Italy,,,Wizard Inc.,Anime Figure,2020-01-20,,,1,,https://cdn.myfigurelist.com/figure-images/072384c1-04e3-35eb-bcd1-0a0ba47ac672/Rody-Rody-Mascot-Country-Italy_81286bb8-ff07-3ff0-a001-9a732a4bb292.jpg,[],100,100,100,0,1,2026-09-27T02:21:47.697855Z,1.0,"[""csv""]"
13797,MyFigureList,https://myfigurelist.com/figure/13797/Nendoroid-Non-Non-Biyori-Non-Stop-Komari-Koshigaya,Nendoroid Non Non Biyori Non Stop Komari Koshigaya,,,Good Smile Company,Scale Figure,2021-09-01,Non-Scale,Design COCO,10,,https://cdn.myfigurelist.com/figure-images/4580590124240/Nendoroid-Non-Non-Biyori-Non-Stop-Komari-Koshigaya_74686e49-701a-46d6-b07c-78b89cd19d2a.jpg|https://cdn.myfigurelist.com/figure-images/4580590124240/Nendoroid-Non-Non-Biyori-Non-Stop-Komari-Koshigaya_86fd9e99-16dc-412b-aab7-955545c47c18.jpg|https://cdn.myfigurelist.com/figure-images/4580590124240/Nendoroid-Non-Non-Biyori-Non-Stop-Komari-Koshigaya_8728f8ec-644a-4cc4-b2a1-62ae47b09041.jpg|https://cdn.myfigurelist.com/figure-images/4580590124240/Nendoroid-Non-Non-Biyori-Non-Stop-Komari-Koshigaya_7663810f-d827-4790-8d47-545eb5360af4.jpg|https://cdn.myfigurelist.com/figure-images/4580590124240/Nendoroid-Non-Non-Biyori-Non-Stop-Komari-Koshigaya_bf93c097-9548-4610-bd40-476b76438f5b.jpg|https://cdn.myfigurelist.com/figure-images/4580590124240/Nendoroid-Non-Non-Biyori-Non-Stop-Komari-Koshigaya_0fb900fb-2358-48d1-9ed3-816837e87ecd.jpg,[],,,,0,0,2026-09-27T02:21:49.414705Z,1.0,"[""csv""]"
66635,MyFigureList,https://myfigurelist.com/figure/66635/Nikukan-Girl-Ura-Koi-Bunny-Girl-Yukino-Harukaze-1-7,Nikukan Girl - Ura Koi Bunny Girl - Yukino Harukaze - 1/7,,,Insight,Scale Figure,2023-04-01,1/7,Matsurugi,13,,https://cdn.myfigurelist.com/figure-images/129285e1-1a2b-368a-bc93-5a073000b880/Nikukan-Girl-Ura-Koi-Bunny-Girl-Yukino-Harukaze-1-7_58688b87-3bc2-3be8-aa83-6aa3364c426d.jpg,[],,,,0,0,2026-09-27T02:21:51.530346Z,1.0,"[""csv""]"
41988,MyFigureList,https://myfigurelist.com/figure/41988/Trigun-Gazelle-The-Peacemaker-Normal-Version,Trigun - Gazelle The Peacemaker - Normal Version,,,Kaiyodo,Scale Figure,2005-01-01,Non-Scale,,23,,https://cdn.myfigurelist.com/figure-images/1cc10655-4e8c-35e1-9029-81ffe49f9443/Trigun-Gazelle-The-Peacemaker-Normal-Version_ef06ea42-8335-3088-9796-98cf1802e796.jpg|https://cdn.myfigurelist.com/figure-images/1cc10655-4e8c-35e1-9029-81ffe49f9443/Trigun-Gazelle-The-Peacemaker-Normal-Version_779ad9cc-3fbe-3df8-8b1b-791f314fce9a.jpg|https://cdn.myfigurelist.com/figure-images/1cc10655-4e8c-35e1-9029-81ffe49f9443/Trigun-Gazelle-The-Peacemaker-Normal-Version_6e51e2d3-ac92-3342-8c4f-f6bc18369b1b.jpg|https://cdn.myfigurelist.com/figure-images/1cc10655-4e8c-35e1-9029-81ffe49f9443/Trigun-Gazelle-The-Peacemaker-Normal-Version_927a2f3f-69ed-3a82-844e-e74ffe8a5918.jpg,[],7800,7800,7800,0,1,2026-09-27T02:21:52.634732Z,1.0,"[""csv""]"
97887,MyFigureList,https://myfigurelist.com/figure/97887/Arknights-Shu-1-6,Arknights - Shu - 1/6,,,,Scale Figure,2025-02-09,1/6,Yanqiu Kafei,32,,https://cdn.myfigurelist.com/figure-images/94425e1c-a341-34c8-92e3-62d406e415ab/Arknights-Shu-1-6_2f19731b-da92-3433-9658-f20b8c6d1665.jpg|https://cdn.myfigurelist.com/figure-images/94425e1c-a341-34c8-92e3-62d406e415ab/Arknights-Shu-1-6_92d20a62-4e1a-3403-8508-0cdedd2a9b7e.jpg|https://cdn.myfigurelist.com/figure-images/94425e1c-a341-34c8-92e3-62d406e415ab/Arknights-Shu-1-6_bc57153b-2281-391a-84bd-0e50fd6ac6f8.jpg|https://cdn.myfigurelist.com/figure-images/94425e1c-a341-34c8-92e3-62d406e415ab/Arknights-Shu-1-6_27135bd6-2a1b-38fc-9a5e-5e28f6121faf.jpg|https://cdn.myfigurelist.com/figure-images/94425e1c-a341-34c8-92e3-62d406e415ab/Arknights-Shu-1-6_5e4e65ee-4ea2-3a4e-af5b-7bd2ca2ee54a.jpg|https://cdn.myfigurelist.com/figure-images/94425e1c-a341-34c8-92e3-62d406e415ab/Arknights-Shu-1-6_325e1e06-5827-3371-93ab-e141ce8a3e25.jpg|https://cdn.myfigurelist.com/figure-images/94425e1c-a341-34c8-92e3-62d406e415ab/Arknights-Shu-1-6_6aff1521-e861-3973-90a1-528d58fd276c.jpg|https://cdn.myfigurelist.com/figure-images/94425e1c-a341-34c8-92e3-62d406e415ab/Arknights-Shu-1-6_523bab06-6d21-32f8-8608-1b82add41169.jpg|https://cdn.myfigurelist.com/figure-images/94425e1c-a341-34c8-92e3-62d406e415ab/Arknights-Shu-1-6_6d79db5f-16f2-3b3d-86bd-f733bb833125.jpg|https://cdn.myfigurelist.com/figure-images/94425e1c-a341-34c8-92e3-62d406e415ab/Arknights-Shu-1-6_95a7f06b-2df2-3eb9-8777-60ebd3b125fe.jpg,[],32000,32000,32000,0,1,2026-09-27T02:21:53.568170Z,1.0,"[""csv""]"
97886,MyFigureList,https://myfigurelist.com/figure/97886/Kamen-Rider-Kamen-Rider-OOO-amp-W-Featuring-SkullMovie-War-Core-Kamen-Rider-Skull-Rider-Kicks-Figure-RKF-Legend-Rider-Series,Kamen Rider × Kamen Rider OOO &amp; W Featuring Skull:Movie War Core - Kamen Rider Skull - Rider Kick's Figure - RKF Legend Rider Series,,,Bandai,Anime Figure,2020-01-25,,,13,,https://cdn.myfigurelist.com/figure-images/94428504-c6fe-3822-badd-9f59a79e45f5/Kamen-Rider-Kamen-Rider-OOO-amp-W-Featuring-SkullMovie-War-Core-Kamen-Rider-Skull-Rider-Kicks-Figure-RKF-Legend-Rider-Series_cc72eaac-68f5-34b3-98b2-b8e27a242dcb.jpg,[],,,,0,0,2026-09-27T02:21:54.560471Z,1.0,"[""csv""]"
55913,MyFigureList,https://myfigurelist.com/figure/55913/Bishoujo-Senshi-Sailor-Moon-Princess-Serenity-1-4,Bishoujo Senshi Sailor Moon - Princess Serenity - 1/4,,,Volks,Scale Figure,1997-07-01,1/4,,42,,https://cdn.myfigurelist.com/figure-images/d7ef7e61-3600-35e3-a9d3-718bd3c016a6/Bishoujo-Senshi-Sailor-Moon-Princess-Serenity-1-4_1f64bd0c-caab-3ac5-9f25-6f271aa13409.jpg|https://cdn.myfigurelist.com/figure-images/d7ef7e61-3600-35e3-a9d3-718bd3c016a6/Bishoujo-Senshi-Sailor-Moon-Princess-Serenity-1-4_c842dd4f-149a-3ed0-b7f8-5b4c396e7cee.jpg|https://cdn.myfigurelist.com/figure-images/d7ef7e61-3600-35e3-a9d3-718bd3c016a6/Bishoujo-Senshi-Sailor-Moon-Princess-Serenity-1-4_39e78dd8-bbfa-301f-8c4e-4e97c6763c2a.jpg|https://cdn.myfigurelist.com/figure-images/d7ef7e61-3600-35e3-a9d3-718bd3c016a6/Bishoujo-Senshi-Sailor-Moon-Princess-Serenity-1-4_d7da896e-5dd5-35d1-883b-3c311a45a9ea.jpg|https://cdn.myfigurelist.com/figure-images/d7ef7e61-3600-35e3-a9d3-718bd3c016a6/Bishoujo-Senshi-Sailor-Moon-Princess-Serenity-1-4_b36b95c5-fffb-3bf7-8bf5-8e3544d651c4.jpg|https://cdn.myfigurelist.com/figure-images/d7ef7e61-3600-35e3-a9d3-718bd3c016a6/Bishoujo-Senshi-Sailor-Moon-Princess-Serenity-1-4_c99455bf-b94c-334f-929d-39d050d15f56.jpg|https://cdn.myfigurelist.com/figure-images/d7ef7e61-3600-35e3-a9d3-718bd3c016a6/Bishoujo-Senshi-Sailor-Moon-Princess-Serenity-1-4_e76064ae-b027-3aef-8fd7-a3ee14a38f5a.jpg|https://cdn.myfigurelist.com/figure-images/d7ef7e61-3600-35e3-a9d3-718bd3c016a6/Bishoujo-Senshi-Sailor-Moon-Princess-Serenity-1-4_ea70fb32-95a0-383f-bc75-5fce6a229550.jpg|https://cdn.myfigurelist.com/figure-images/d7ef7e61-3600-35e3-a9d3-718bd3c016a6/Bishoujo-Senshi-Sailor-Moon-Princess-Serenity-1-4_66569d2c-ddf3-3567-86cf-8ac845ad7911.jpg,[],28000,28000,28000,0,1,2026-09-27T02:21:55.482088Z,1.0,"[""csv""]"
123449,MyFigureList,https://myfigurelist.com/figure/123449/Shin-Seiki-Evangelion-The-End-of-Evangelion-EVA-02,Shin Seiki Evangelion: The End of Evangelion - EVA-02,,,Numachi no Fugu,Anime Figure,2026-02-22,,,,,https://cdn.myfigurelist.com/figure-images/feb9aac2-6051-3180-8a72-bc81b931b368/Shin-Seiki-Evangelion-The-End-of-Evangelion-EVA-02_79c64a0c-66d2-3d75-9b10-ef1d977443e5.jpg,[],2000,2000,2000,0,1,2026-09-27T02:21:57.227492Z,1.0,"[""csv""]"
44549,MyFigureList,https://myfigurelist.com/figure/44549/Lineage-II-Kamael-1-6,Lineage II - Kamael - 1/6,,,Mr. Surprise,Scale Figure,2011-02-01,1/6,Mr. Surprise,27,,https://cdn.myfigurelist.com/figure-images/afac01f7-d20a-3f5f-91b2-4592b685420b/Lineage-II-Kamael-1-6_50b0130e-9b4a-35e9-8d99-1c07373b17bb.jpg|https://cdn.myfigurelist.com/figure-images/afac01f7-d20a-3f5f-91b2-4592b685420b/Lineage-II-Kamael-1-6_f65e8547-0eaa-33ca-8e5b-fe4327b67ff0.jpg|https://cdn.myfigurelist.com/figure-images/afac01f7-d20a-3f5f-91b2-4592b685420b/Lineage-II-Kamael-1-6_7de75274-fe21-3239-99db-8c3ab5473c48.jpg|https://cdn.myfigurelist.com/figure-images/afac01f7-d20a-3f5f-91b2-4592b685420b/Lineage-II-Kamael-1-6_bef0f39f-5bab-3295-be08-95ff0c4e0592.jpg|https://cdn.myfigurelist.com/figure-images/afac01f7-d20a-3f5f-91b2-4592b685420b/Lineage-II-Kamael-1-6_6a5907da-206c-332e-9a76-7968b62ffb80.jpg|https://cdn.myfigurelist.com/figure-images/afac01f7-d20a-3f5f-91b2-4592b685420b/Lineage-II-Kamael-1-6_47d91049-a616-38c2-9c25-4b682e6e86e7.jpg|https://cdn.myfigurelist.com/figure-images/afac01f7-d20a-3f5f-91b2-4592b685420b/Lineage-II-Kamael-1-6_5cbd827a-c8aa-399e-8ca5-8ff63bf25259.jpg|https://cdn.myfigurelist.com/figure-images/afac01f7-d20a-3f5f-91b2-4592b685420b/Lineage-II-Kamael-1-6_debf388d-01b9-3db0-8bbb-ba27e337b00c.jpg|https://cdn.myfigurelist.com/figure-images/afac01f7-d20a-3f5f-91b2-4592b685420b/Lineage-II-Kamael-1-6_7c3fd038-ee6b-3439-989f-c02ed5b153a3.jpg,[],9000,9000,9000,0,1,2026-09-27T02:21:58.092958Z,1.0,"[""csv""]"
125450,MyFigureList,https://myfigurelist.com/figure/125450/Gochuumon-wa-Usagi-Desu-ka-Ujimatsu-Chiya-Another-Realistic-Characters-No008-1-3,Gochuumon wa Usagi Desu ka?? - Ujimatsu Chiya - Another Realistic Characters  (No.008) - 1/3,,,,Scale Figure,2018-11-01,1/3,,50,,https://cdn.myfigurelist.com/figure-images/e0c75a0b-5b4d-35dd-af1e-0ae55316b44f/Gochuumon-wa-Usagi-Desu-ka-Ujimatsu-Chiya-Another-Realistic-Characters-No008-1-3_940341b4-af1c-3586-92fb-f8f5cc6b79d1.jpg|https://cdn.myfigurelist.com/figure-images/e0c75a0b-5b4d-35dd-af1e-0ae55316b44f/Gochuumon-wa-Usagi-Desu-ka-Ujimatsu-Chiya-Another-Realistic-Characters-No008-1-3_29c8c6bc-6777-3452-b711-417c0485dbd8.jpg|https://cdn.myfigurelist.com/figure-images/e0c75a0b-5b4d-35dd-af1e-0ae55316b44f/Gochuumon-wa-Usagi-Desu-ka-Ujimatsu-Chiya-Another-Realistic-Characters-No008-1-3_61d1b1b6-679c-31e8-9775-5dd6fe77070c.jpg|https://cdn.myfigurelist.com/figure-images/e0c75a0b-5b4d-35dd-af1e-0ae55316b44f/Gochuumon-wa-Usagi-Desu-ka-Ujimatsu-Chiya-Another-Realistic-Characters-No008-1-3_6178308c-e334-32de-aa33-fc4c3a82dfe1.jpg|https://cdn.myfigurelist.com/figure-images/e0c75a0b-5b4d-35dd-af1e-0ae55316b44f/Gochuumon-wa-Usagi-Desu-ka-Ujimatsu-Chiya-Another-Realistic-Characters-No008-1-3_7581ffe6-6b17-3e72-8f83-7c5822c47264.jpg|https://cdn.myfigurelist.com/figure-images/e0c75a0b-5b4d-35dd-af1e-0ae55316b44f/Gochuumon-wa-Usagi-Desu-ka-Ujimatsu-Chiya-Another-Realistic-Characters-No008-1-3_3df2699b-5833-3c98-a8f5-faa94d274fc8.jpg|https://cdn.myfigurelist.com/figure-images/e0c75a0b-5b4d-35dd-af1e-0ae55316b44f/Gochuumon-wa-Usagi-Desu-ka-Ujimatsu-Chiya-Another-Realistic-Characters-No008-1-3_b69ef117-622e-3085-b3fa-a7845add4d59.jpg|https://cdn.myfigurelist.com/figure-images/e0c75a0b-5b4d-35dd-af1e-0ae55316b44f/Gochuumon-wa-Usagi-Desu-ka-Ujimatsu-Chiya-Another-Realistic-Characters-No008-1-3_8661c78e-2e72-32d3-b776-af447faa4e6e.jpg|https://cdn.myfigurelist.com/figure-images/e0c75a0b-5b4d-35dd-af1e-0ae55316b44f/Gochuumon-wa-Usagi-Desu-ka-Ujimatsu-Chiya-Another-Realistic-Characters-No008-1-3_cfa40697-9a63-3545-b472-fd3856902638.jpg,[],,,,0,0,2026-09-27T02:21:58.737864Z,1.0,"[""csv""]"
10892,MyFigureList,https://myfigurelist.com/figure/10892/POP-UP-PARADE-Kizuna-AI-Complete-Figure,POP UP PARADE Kizuna AI Complete Figure,,,Good Smile Company,Scale Figure,2019-08-01,Non-Scale,Kenzo,17,,https://cdn.myfigurelist.com/figure-images/4580416941082/POP-UP-PARADE-Kizuna-AI-Complete-Figure_c546c1d1-0ef1-492d-963c-d7bf71712e01.jpg|https://cdn.myfigurelist.com/figure-images/4580416941082/POP-UP-PARADE-Kizuna-AI-Complete-Figure_804bc30e-aa35-4ff4-aec3-bc138f89558f.jpg|https://cdn.myfigurelist.com/figure-images/4580416941082/POP-UP-PARADE-Kizuna-AI-Complete-Figure_856681a0-ec6e-4c7e-be6c-52502a9d6fa2.jpg|https://cdn.myfigurelist.com/figure-images/4580416941082/POP-UP-PARADE-Kizuna-AI-Complete-Figure_eca42718-af42-4e21-8d9b-397324266e6f.jpg|https://cdn.myfigurelist.com/figure-images/4580416941082/POP-UP-PARADE-Kizuna-AI-Complete-Figure_9d9ea15f-a0a4-4115-9008-496601773259.jpg,[],,,,0,0,2026-09-27T02:22:06.800256Z,1.0,"[""csv""]"
97883,MyFigureList,https://myfigurelist.com/figure/97883/Hetzer-no-Onnanoko-1-8,Hetzer no Onnanoko - 1/8,,,The Poppy Puppet,Scale Figure,2020-02-09,1/8,,,,https://cdn.myfigurelist.com/figure-images/9444d1bc-91b3-3dea-8f26-d5d289076aab/Hetzer-no-Onnanoko-1-8_a4003c70-8fc0-3181-95c3-f668894245f6.jpg,[],8000,8000,8000,0,1,2026-09-27T02:22:08.771961Z,1.0,"[""csv""]"
109926,MyFigureList,https://myfigurelist.com/figure/109926/Crayon-Shin-chan-Nene-chan-no-Usagi-Sakurada-Nene-UDF-Crayon-Shin-chan-Series-4-Ultra-Detail-Figure-No675,Crayon Shin-chan - Nene-chan no Usagi - Sakurada Nene - UDF Crayon Shin-chan Series 4 - Ultra Detail Figure  (No.675),,,Medicom Toy,Anime Figure,2022-10-01,,Perfect-Studio,6,,https://cdn.myfigurelist.com/figure-images/c4e530f5-c6c5-327d-9334-4e6c81242b45/Crayon-Shin-chan-Nene-chan-no-Usagi-Sakurada-Nene-UDF-Crayon-Shin-chan-Series-4-Ultra-Detail-Figure-No675_63837b46-1268-33c2-9971-b6173347762d.jpg,[],,,,0,0,2026-09-27T02:22:09.957524Z,1.0,"[""csv""]"
48042,MyFigureList,https://myfigurelist.com/figure/48042/Aa-Megami-sama-Belldandy,Aa Megami-sama - Belldandy,,,Mizugi Tengoku,Scale Figure,2010-02-01,Non-Scale,,21,,https://cdn.myfigurelist.com/figure-images/c37551c3-4e18-3d09-af87-3b19b763dc94/Aa-Megami-sama-Belldandy_b9dab7b0-1684-32ce-ad17-11f7416b38d8.jpg,[],11000,11000,11000,0,1,2026-09-27T02:22:10.941440Z,1.0,"[""csv""]"
67058,MyFigureList,https://myfigurelist.com/figure/67058/Trigun-Maximum-Livio-the-Double-Fang-1-8,Trigun Maximum - Livio the Double Fang - 1/8,,,Wadachiya,Scale Figure,2016-02-07,1/8,,,,https://cdn.myfigurelist.com/figure-images/1458f7b3-69d1-330a-856c-5a20e147c2b5/Trigun-Maximum-Livio-the-Double-Fang-1-8_86550c22-a008-3340-80ff-0f473521ef53.jpg,[],5000,5000,5000,0,1,2026-09-27T02:22:11.891620Z,1.0,"[""csv""]"
31195,MyFigureList,https://myfigurelist.com/figure/31195/Blue-Archive-Sorasaki-Hina,Blue Archive - Sorasaki Hina,,,,Scale Figure,2025-02-01,Non-Scale,Nep Miao H,31,,https://cdn.myfigurelist.com/figure-images/0849276a-fa38-3e21-935b-46e0e44b7e9f/Blue-Archive-Sorasaki-Hina_d8be5a33-d67e-36ed-8d96-85200535618f.jpg|https://cdn.myfigurelist.com/figure-images/0849276a-fa38-3e21-935b-46e0e44b7e9f/Blue-Archive-Sorasaki-Hina_ea3412df-92e7-3021-b23b-7ca985d3b4d8.jpg|https://cdn.myfigurelist.com/figure-images/0849276a-fa38-3e21-935b-46e0e44b7e9f/Blue-Archive-Sorasaki-Hina_0112d5c0-5d6c-3cb2-92da-baa590853c43.jpg|https://cdn.myfigurelist.com/figure-images/0849276a-fa38-3e21-935b-46e0e44b7e9f/Blue-Archive-Sorasaki-Hina_88214a9d-0d55-30fa-93dd-209f83adbbdc.jpg|https://cdn.myfigurelist.com/figure-images/0849276a-fa38-3e21-935b-46e0e44b7e9f/Blue-Archive-Sorasaki-Hina_9147ecc6-1753-348e-a4e3-245456988cdd.jpg|https://cdn.myfigurelist.com/figure-images/0849276a-fa38-3e21-935b-46e0e44b7e9f/Blue-Archive-Sorasaki-Hina_ba08b6a9-4ffc-3d9d-b680-b79c21d45bda.jpg|https://cdn.myfigurelist.com/figure-images/0849276a-fa38-3e21-935b-46e0e44b7e9f/Blue-Archive-Sorasaki-Hina_babf8e9b-8c85-3559-abe8-a3e1f86d117f.jpg|https://cdn.myfigurelist.com/figure-images/0849276a-fa38-3e21-935b-46e0e44b7e9f/Blue-Archive-Sorasaki-Hina_28960fe3-fe8c-3186-aba7-6e9f463f6e76.jpg|https://cdn.myfigurelist.com/figure-images/0849276a-fa38-3e21-935b-46e0e44b7e9f/Blue-Archive-Sorasaki-Hina_5ae0b45b-1180-389d-96c3-dc478f366b16.jpg|https://cdn.myfigurelist.com/figure-images/0849276a-fa38-3e21-935b-46e0e44b7e9f/Blue-Archive-Sorasaki-Hina_fdd935fb-3f6a-3613-b1e5-a9c8b8633681.jpg,[],20923,20923,20923,0,1,2026-09-27T02:22:13.280647Z,1.0,"[""csv""]"
122527,MyFigureList,https://myfigurelist.com/figure/122527/Chiikawa-Hachiware-Mini-Hinaningyou,Chiikawa - Hachiware - Mini Hinaningyou,,,Yoshitoku,Anime Figure,2026-01-09,,,18,,https://cdn.myfigurelist.com/figure-images/fb521cfd-607f-34cc-bcb8-1886bc059c19/Chiikawa-Hachiware-Mini-Hinaningyou_f8e4ba7a-f9cb-3b0b-90ff-63134db197ab.jpg,[],,,,0,0,2026-09-27T02:22:14.971953Z,1.0,"[""csv""]"
96464,MyFigureList,https://myfigurelist.com/figure/96464/Working!!-Satou-Jun-Ichiban-Kuji-Ichiban-Kuji-Working!!-Kyun-Chara,Working!! - Satou Jun - Ichiban Kuji - Ichiban Kuji Working!! - Kyun-Chara,,,Banpresto,Anime Figure,2013-09-28,,,10,,https://cdn.myfigurelist.com/figure-images/8eadc2bd-7c5d-319e-81a2-d489a1b77e75/Working!!-Satou-Jun-Ichiban-Kuji-Ichiban-Kuji-Working!!-Kyun-Chara_f578de4a-b9b3-3658-9499-6d8d5effe5a2.jpg,[],571,571,571,0,1,2026-09-27T02:22:15.666022Z,1.0,"[""csv""]"
85085,MyFigureList,https://myfigurelist.com/figure/85085/Pocket-Monsters-Pocket-Monsters-XY-amp-Z-Lizardon-Battle-Action-Figure-Mega-Lizardon-X,Pocket Monsters - Pocket Monsters XY &amp; Z - Lizardon - Battle Action Figure - Mega Lizardon X,,,,Anime Figure,2016-07-16,,,,,https://cdn.myfigurelist.com/figure-images/605077be-9610-3a58-9e07-d37dab3b9754/Pocket-Monsters-Pocket-Monsters-XY-amp-Z-Lizardon-Battle-Action-Figure-Mega-Lizardon-X_7214d5fe-04c5-33ce-a452-3cd3d28456d8.jpg|https://cdn.myfigurelist.com/figure-images/605077be-9610-3a58-9e07-d37dab3b9754/Pocket-Monsters-Pocket-Monsters-XY-amp-Z-Lizardon-Battle-Action-Figure-Mega-Lizardon-X_6bc0734c-5e4f-3079-85e5-7eb9cdd860b4.jpg,[],,,,0,0,2026-09-27T02:22:16.965627Z,1.0,"[""csv""]"
36109,MyFigureList,https://myfigurelist.com/figure/36109/Choukou-Sennin-Haruka-Shihoudou-Narika-1-6-Kyouseishikkou-ver,Choukou Sennin Haruka - Shihoudou Narika - 1/6 - Kyouseishikkou ver.,,,Kaitendoh,Scale Figure,2018-04-27,1/6,Kayanagi,19,,https://cdn.myfigurelist.com/figure-images/6df804d1-eae9-330a-9c7a-5f3aa4f0f774/Choukou-Sennin-Haruka-Shihoudou-Narika-1-6-Kyouseishikkou-ver_ef742079-0d95-3dfc-a1cc-518926f88382.jpg|https://cdn.myfigurelist.com/figure-images/6df804d1-eae9-330a-9c7a-5f3aa4f0f774/Choukou-Sennin-Haruka-Shihoudou-Narika-1-6-Kyouseishikkou-ver_c25ae923-3e97-3a5f-bdbe-567840bfc0f6.jpg|https://cdn.myfigurelist.com/figure-images/6df804d1-eae9-330a-9c7a-5f3aa4f0f774/Choukou-Sennin-Haruka-Shihoudou-Narika-1-6-Kyouseishikkou-ver_d3009d1a-f1d4-3044-9e7e-639f91ea2566.jpg|https://cdn.myfigurelist.com/figure-images/6df804d1-eae9-330a-9c7a-5f3aa4f0f774/Choukou-Sennin-Haruka-Shihoudou-Narika-1-6-Kyouseishikkou-ver_5d0248ba-b8ce-3513-b7df-f129530fc8ee.jpg|https://cdn.myfigurelist.com/figure-images/6df804d1-eae9-330a-9c7a-5f3aa4f0f774/Choukou-Sennin-Haruka-Shihoudou-Narika-1-6-Kyouseishikkou-ver_f01caebb-6a13-3f08-a535-8ee03728d202.jpg|https://cdn.myfigurelist.com/figure-images/6df804d1-eae9-330a-9c7a-5f3aa4f0f774/Choukou-Sennin-Haruka-Shihoudou-Narika-1-6-Kyouseishikkou-ver_3cf63554-e0ff-3526-a547-9e1efd2a74d4.jpg|https://cdn.myfigurelist.com/figure-images/6df804d1-eae9-330a-9c7a-5f3aa4f0f774/Choukou-Sennin-Haruka-Shihoudou-Narika-1-6-Kyouseishikkou-ver_22b14128-836d-31b4-868c-bb18337e1a6e.jpg|https://cdn.myfigurelist.com/figure-images/6df804d1-eae9-330a-9c7a-5f3aa4f0f774/Choukou-Sennin-Haruka-Shihoudou-Narika-1-6-Kyouseishikkou-ver_d8a5eca2-6911-330c-bdb3-adb7bf892c26.jpg|https://cdn.myfigurelist.com/figure-images/6df804d1-eae9-330a-9c7a-5f3aa4f0f774/Choukou-Sennin-Haruka-Shihoudou-Narika-1-6-Kyouseishikkou-ver_b62f1c6c-7313-3c4d-81ef-4281ddb3c1c7.jpg|https://cdn.myfigurelist.com/figure-images/6df804d1-eae9-330a-9c7a-5f3aa4f0f774/Choukou-Sennin-Haruka-Shihoudou-Narika-1-6-Kyouseishikkou-ver_9af5a865-a842-3995-a4a5-3e12f489a80a.jpg|https://cdn.myfigurelist.com/figure-images/6df804d1-eae9-330a-9c7a-5f3aa4f0f774/Choukou-Sennin-Haruka-Shihoudou-Narika-1-6-Kyouseishikkou-ver_d235d321-f374-38d1-9b36-260c2969c34e.jpg|https://cdn.myfigurelist.com/figure-images/6df804d1-eae9-330a-9c7a-5f3aa4f0f774/Choukou-Sennin-Haruka-Shihoudou-Narika-1-6-Kyouseishikkou-ver_f5e12ffd-ad44-3571-81e0-f3b4956adaa4.jpg,[],,,,0,0,2026-09-27T02:22:20.214452Z,1.0,"[""csv""]"
65964,MyFigureList,https://myfigurelist.com/figure/65964/Doujin-Figure-RORO-Standalone-Android,Doujin Figure - RORO Standalone Android,,,Ame no Quartet,Anime Figure,2023-11-19,,,,,https://cdn.myfigurelist.com/figure-images/0fe6750f-0b37-34c4-a996-455ff3dd6032/Doujin-Figure-RORO-Standalone-Android_4e2585a5-d71e-3b3d-9d57-ea8ef0bc5087.jpg,[],18000,18000,18000,0,1,2026-09-27T02:22:23.431810Z,1.0,"[""csv""]"
65965,MyFigureList,https://myfigurelist.com/figure/65965/Usaggie-006,Usaggie - 006,,,Petworks,Anime Figure,2011-09-01,,Kawamoto Yurika,20,,https://cdn.myfigurelist.com/figure-images/0fe679bf-137a-3806-9ef7-6ef7ed1b6925/Usaggie-006_c68b9b11-7dcf-3bb8-af16-de1f48b68461.jpg|https://cdn.myfigurelist.com/figure-images/0fe679bf-137a-3806-9ef7-6ef7ed1b6925/Usaggie-006_b0e0f466-b287-3cf5-bf00-ff92e75cbb2a.jpg|https://cdn.myfigurelist.com/figure-images/0fe679bf-137a-3806-9ef7-6ef7ed1b6925/Usaggie-006_79896e44-4359-320d-a3c1-82d526b57980.jpg|https://cdn.myfigurelist.com/figure-images/0fe679bf-137a-3806-9ef7-6ef7ed1b6925/Usaggie-006_ab7f6f9d-f3c7-3f79-b65f-16a7857c4570.jpg,[],3700,3700,3700,0,1,2026-09-27T02:22:24.440457Z,1.0,"[""csv""]"
17033,MyFigureList,https://myfigurelist.com/figure/17033/LookUp-Harry-Potter-Hermione-Granger-Complete-Figure,LookUp Harry Potter Hermione Granger Complete Figure,,,MegaHouse,Scale Figure,2024-01-01,Non-Scale,,11,,https://cdn.myfigurelist.com/figure-images/4535123837043/LookUp-Harry-Potter-Hermione-Granger-Complete-Figure_e3b43a9e-3d6b-4371-8a43-be28570af451.jpg|https://cdn.myfigurelist.com/figure-images/4535123837043/LookUp-Harry-Potter-Hermione-Granger-Complete-Figure_c63f3bdb-a769-4b40-b3de-e174be53aef1.jpg|https://cdn.myfigurelist.com/figure-images/4535123837043/LookUp-Harry-Potter-Hermione-Granger-Complete-Figure_e013f544-9b50-441a-96b9-86b224acb92c.jpg|https://cdn.myfigurelist.com/figure-images/4535123837043/LookUp-Harry-Potter-Hermione-Granger-Complete-Figure_f359d6dc-e2b7-4cdb-b75d-ab28c0a2ad97.jpg|https://cdn.myfigurelist.com/figure-images/4535123837043/LookUp-Harry-Potter-Hermione-Granger-Complete-Figure_8025a1ba-a5ae-4bee-897c-1413c8b70a5c.jpg|https://cdn.myfigurelist.com/figure-images/4535123837043/LookUp-Harry-Potter-Hermione-Granger-Complete-Figure_2a4e2e79-24ec-4ca3-8395-cc707709b88d.jpg|https://cdn.myfigurelist.com/figure-images/4535123837043/LookUp-Harry-Potter-Hermione-Granger-Complete-Figure_69adbafa-3e03-48b0-a039-2606fa5ca376.jpg|https://cdn.myfigurelist.com/figure-images/4535123837043/LookUp-Harry-Potter-Hermione-Granger-Complete-Figure_edaa5764-a152-4ba9-b64d-2486cce68b68.jpg|https://cdn.myfigurelist.com/figure-images/4535123837043/LookUp-Harry-Potter-Hermione-Granger-Complete-Figure_486df7e6-4f2b-4e04-bdcc-11c76e029133.jpg,[],,,,0,0,2026-09-27T02:22:25.440621Z,1.0,"[""csv""]"
91118,MyFigureList,https://myfigurelist.com/figure/91118/Nikukan-Bishounen-Taiiku-no-Ato-de-Kemomimi-Danshi-Allen-1-5,Nikukan Bishounen - Taiiku no Ato de Kemomimi Danshi Allen - 1/5,,,Insight,Scale Figure,2026-08-01,1/5,Tsukimiya,28,,https://cdn.myfigurelist.com/figure-images/7457f22c-8e90-3511-84ed-1e1f2c0495b5/Nikukan-Bishounen-Taiiku-no-Ato-de-Kemomimi-Danshi-Allen-1-5_047b7e35-d522-3d6f-aa45-79a8f066ee09.jpg|https://cdn.myfigurelist.com/figure-images/7457f22c-8e90-3511-84ed-1e1f2c0495b5/Nikukan-Bishounen-Taiiku-no-Ato-de-Kemomimi-Danshi-Allen-1-5_701dc79e-39e6-35f8-a5de-7083c8f83325.jpg|https://cdn.myfigurelist.com/figure-images/7457f22c-8e90-3511-84ed-1e1f2c0495b5/Nikukan-Bishounen-Taiiku-no-Ato-de-Kemomimi-Danshi-Allen-1-5_7bef66fc-2724-3bde-8850-9c696e77045f.jpg|https://cdn.myfigurelist.com/figure-images/7457f22c-8e90-3511-84ed-1e1f2c0495b5/Nikukan-Bishounen-Taiiku-no-Ato-de-Kemomimi-Danshi-Allen-1-5_170fd74a-0ad9-3ae6-902a-2698b36ff4ba.jpg|https://cdn.myfigurelist.com/figure-images/7457f22c-8e90-3511-84ed-1e1f2c0495b5/Nikukan-Bishounen-Taiiku-no-Ato-de-Kemomimi-Danshi-Allen-1-5_1aef4afb-da05-3be1-b4e8-9a55cbc56975.jpg|https://cdn.myfigurelist.com/figure-images/7457f22c-8e90-3511-84ed-1e1f2c0495b5/Nikukan-Bishounen-Taiiku-no-Ato-de-Kemomimi-Danshi-Allen-1-5_ac9602aa-e3c7-3d7e-8b6d-7722c28472cf.jpg|https://cdn.myfigurelist.com/figure-images/7457f22c-8e90-3511-84ed-1e1f2c0495b5/Nikukan-Bishounen-Taiiku-no-Ato-de-Kemomimi-Danshi-Allen-1-5_10c40c0d-7fe9-3765-b97f-cbf975f10f8f.jpg|https://cdn.myfigurelist.com/figure-images/7457f22c-8e90-3511-84ed-1e1f2c0495b5/Nikukan-Bishounen-Taiiku-no-Ato-de-Kemomimi-Danshi-Allen-1-5_f6502d2e-3911-3cfa-9199-2adf959aa13b.jpg|https://cdn.myfigurelist.com/figure-images/7457f22c-8e90-3511-84ed-1e1f2c0495b5/Nikukan-Bishounen-Taiiku-no-Ato-de-Kemomimi-Danshi-Allen-1-5_18677bfe-3c79-3380-8cca-d274c475cd84.jpg|https://cdn.myfigurelist.com/figure-images/7457f22c-8e90-3511-84ed-1e1f2c0495b5/Nikukan-Bishounen-Taiiku-no-Ato-de-Kemomimi-Danshi-Allen-1-5_1c5a1df1-31b1-3399-bcac-6f8dc2d371e3.jpg|https://cdn.myfigurelist.com/figure-images/7457f22c-8e90-3511-84ed-1e1f2c0495b5/Nikukan-Bishounen-Taiiku-no-Ato-de-Kemomimi-Danshi-Allen-1-5_6db18dc8-752e-3cd5-8e78-5a18f2c4fb59.jpg|https://cdn.myfigurelist.com/figure-images/7457f22c-8e90-3511-84ed-1e1f2c0495b5/Nikukan-Bishounen-Taiiku-no-Ato-de-Kemomimi-Danshi-Allen-1-5_8856b19c-cd21-3880-8914-228d83030e8a.jpg|https://cdn.myfigurelist.com/figure-images/7457f22c-8e90-3511-84ed-1e1f2c0495b5/Nikukan-Bishounen-Taiiku-no-Ato-de-Kemomimi-Danshi-Allen-1-5_034cbc01-908b-3a2a-bc6e-941b1139a325.jpg|https://cdn.myfigurelist.com/figure-images/7457f22c-8e90-3511-84ed-1e1f2c0495b5/Nikukan-Bishounen-Taiiku-no-Ato-de-Kemomimi-Danshi-Allen-1-5_ffec73f7-6807-3a33-8061-2ac9841ece20.jpg|https://cdn.myfigurelist.com/figure-images/7457f22c-8e90-3511-84ed-1e1f2c0495b5/Nikukan-Bishounen-Taiiku-no-Ato-de-Kemomimi-Danshi-Allen-1-5_4b166555-4201-313c-b03e-93b01b9e902d.jpg|https://cdn.myfigurelist.com/figure-images/7457f22c-8e90-3511-84ed-1e1f2c0495b5/Nikukan-Bishounen-Taiiku-no-Ato-de-Kemomimi-Danshi-Allen-1-5_7075a5a7-d190-3f6f-a87d-c0774915cfbe.jpg|https://cdn.myfigurelist.com/figure-images/7457f22c-8e90-3511-84ed-1e1f2c0495b5/Nikukan-Bishounen-Taiiku-no-Ato-de-Kemomimi-Danshi-Allen-1-5_2c214a4e-b525-31a5-a266-58301e6511f0.jpg|https://cdn.myfigurelist.com/figure-images/7457f22c-8e90-3511-84ed-1e1f2c0495b5/Nikukan-Bishounen-Taiiku-no-Ato-de-Kemomimi-Danshi-Allen-1-5_675eb720-f460-38ef-824b-a56a39259787.jpg|https://cdn.myfigurelist.com/figure-images/7457f22c-8e90-3511-84ed-1e1f2c0495b5/Nikukan-Bishounen-Taiiku-no-Ato-de-Kemomimi-Danshi-Allen-1-5_759dd61c-8507-337b-ab50-7f9b75d551b9.jpg|https://cdn.myfigurelist.com/figure-images/7457f22c-8e90-3511-84ed-1e1f2c0495b5/Nikukan-Bishounen-Taiiku-no-Ato-de-Kemomimi-Danshi-Allen-1-5_d15a4428-1b87-3196-8ec0-c530c469e294.jpg,[],,,,0,0,2026-09-27T02:22:26.187272Z,1.0,"[""csv""]"
124039,MyFigureList,https://myfigurelist.com/figure/124039/Go!-Princess-Precure-Akagi-Towa-Cure-Scarlet-PreCoorde-Doll,Go! Princess Precure - Akagi Towa - Cure Scarlet - PreCoorde Doll,,,Bandai,Anime Figure,2015-07-18,,,,,https://cdn.myfigurelist.com/figure-images/81432d2f-fb08-3fd4-8f83-1aca1bd030d2/Go!-Princess-Precure-Akagi-Towa-Cure-Scarlet-PreCoorde-Doll_0680105d-bec6-3d13-8d84-4d181b8d9967.jpg,[],,,,0,0,2026-09-27T02:22:26.907284Z,1.0,"[""csv""]"
84011,MyFigureList,https://myfigurelist.com/figure/84011/Kidou-Senshi-Gundam-Senkou-no-Hathaway-Circe-no-Majo-RX-104-Odysseus-Gundam-RX-104FF-Penelope-Robot-Spirits-Robot-Spirits-ltSide-MSgt-Robot-Spirits-Ka-Signature-ReCoordinate,Kidou Senshi Gundam Senkou no Hathaway: Circe no Majo - RX-104 Odysseus Gundam - RX-104FF Penelope - Robot Spirits - Robot Spirits &lt;Side MS&gt; - Robot Spirits Ka Signature - Re:Coordinate,,,BANDAI SPIRITS,Anime Figure,2026-07-01,,Katoki Hajime,26,,https://cdn.myfigurelist.com/figure-images/571cdff2-26d6-3908-b7b1-b7b6dfb63df3/Kidou-Senshi-Gundam-Senkou-no-Hathaway-Circe-no-Majo-RX-104-Odysseus-Gundam-RX-104FF-Penelope-Robot-Spirits-Robot-Spirits-ltSide-MSgt-Robot-Spirits-Ka-Signature-ReCoordinate_d6eab837-f8ab-3901-b379-748c441839df.jpg|https://cdn.myfigurelist.com/figure-images/571cdff2-26d6-3908-b7b1-b7b6dfb63df3/Kidou-Senshi-Gundam-Senkou-no-Hathaway-Circe-no-Majo-RX-104-Odysseus-Gundam-RX-104FF-Penelope-Robot-Spirits-Robot-Spirits-ltSide-MSgt-Robot-Spirits-Ka-Signature-ReCoordinate_27488e06-2a8f-349e-b478-2360afb7d407.jpg|https://cdn.myfigurelist.com/figure-images/571cdff2-26d6-3908-b7b1-b7b6dfb63df3/Kidou-Senshi-Gundam-Senkou-no-Hathaway-Circe-no-Majo-RX-104-Odysseus-Gundam-RX-104FF-Penelope-Robot-Spirits-Robot-Spirits-ltSide-MSgt-Robot-Spirits-Ka-Signature-ReCoordinate_aa618983-32f6-367d-8cd0-b88cccb9e1d4.jpg|https://cdn.myfigurelist.com/figure-images/571cdff2-26d6-3908-b7b1-b7b6dfb63df3/Kidou-Senshi-Gundam-Senkou-no-Hathaway-Circe-no-Majo-RX-104-Odysseus-Gundam-RX-104FF-Penelope-Robot-Spirits-Robot-Spirits-ltSide-MSgt-Robot-Spirits-Ka-Signature-ReCoordinate_4de3fd3d-31bc-3109-9b8c-158394de0286.jpg|https://cdn.myfigurelist.com/figure-images/571cdff2-26d6-3908-b7b1-b7b6dfb63df3/Kidou-Senshi-Gundam-Senkou-no-Hathaway-Circe-no-Majo-RX-104-Odysseus-Gundam-RX-104FF-Penelope-Robot-Spirits-Robot-Spirits-ltSide-MSgt-Robot-Spirits-Ka-Signature-ReCoordinate_522c59b6-503b-3637-a6ce-f70566a10a3b.jpg|https://cdn.myfigurelist.com/figure-images/571cdff2-26d6-3908-b7b1-b7b6dfb63df3/Kidou-Senshi-Gundam-Senkou-no-Hathaway-Circe-no-Majo-RX-104-Odysseus-Gundam-RX-104FF-Penelope-Robot-Spirits-Robot-Spirits-ltSide-MSgt-Robot-Spirits-Ka-Signature-ReCoordinate_2b8bd7c1-1a84-3e0d-9e7e-6bd2fbedde28.jpg|https://cdn.myfigurelist.com/figure-images/571cdff2-26d6-3908-b7b1-b7b6dfb63df3/Kidou-Senshi-Gundam-Senkou-no-Hathaway-Circe-no-Majo-RX-104-Odysseus-Gundam-RX-104FF-Penelope-Robot-Spirits-Robot-Spirits-ltSide-MSgt-Robot-Spirits-Ka-Signature-ReCoordinate_e20c5c11-3f2b-3464-a424-44498f42e91c.jpg|https://cdn.myfigurelist.com/figure-images/571cdff2-26d6-3908-b7b1-b7b6dfb63df3/Kidou-Senshi-Gundam-Senkou-no-Hathaway-Circe-no-Majo-RX-104-Odysseus-Gundam-RX-104FF-Penelope-Robot-Spirits-Robot-Spirits-ltSide-MSgt-Robot-Spirits-Ka-Signature-ReCoordinate_2cdd374b-2fd3-30ce-b765-c26230a99601.jpg|https://cdn.myfigurelist.com/figure-images/571cdff2-26d6-3908-b7b1-b7b6dfb63df3/Kidou-Senshi-Gundam-Senkou-no-Hathaway-Circe-no-Majo-RX-104-Odysseus-Gundam-RX-104FF-Penelope-Robot-Spirits-Robot-Spirits-ltSide-MSgt-Robot-Spirits-Ka-Signature-ReCoordinate_655e54e0-7795-33d1-939d-6f17364a1a60.jpg|https://cdn.myfigurelist.com/figure-images/571cdff2-26d6-3908-b7b1-b7b6dfb63df3/Kidou-Senshi-Gundam-Senkou-no-Hathaway-Circe-no-Majo-RX-104-Odysseus-Gundam-RX-104FF-Penelope-Robot-Spirits-Robot-Spirits-ltSide-MSgt-Robot-Spirits-Ka-Signature-ReCoordinate_d3b29aa0-fc8e-3cab-82ec-78ce3f3ac2cc.jpg|https://cdn.myfigurelist.com/figure-images/571cdff2-26d6-3908-b7b1-b7b6dfb63df3/Kidou-Senshi-Gundam-Senkou-no-Hathaway-Circe-no-Majo-RX-104-Odysseus-Gundam-RX-104FF-Penelope-Robot-Spirits-Robot-Spirits-ltSide-MSgt-Robot-Spirits-Ka-Signature-ReCoordinate_6f6f2794-4359-3a83-adb3-4f2174d8737d.jpg|https://cdn.myfigurelist.com/figure-images/571cdff2-26d6-3908-b7b1-b7b6dfb63df3/Kidou-Senshi-Gundam-Senkou-no-Hathaway-Circe-no-Majo-RX-104-Odysseus-Gundam-RX-104FF-Penelope-Robot-Spirits-Robot-Spirits-ltSide-MSgt-Robot-Spirits-Ka-Signature-ReCoordinate_8a791c69-f7cf-3664-bf14-adf7d63849b4.jpg|https://cdn.myfigurelist.com/figure-images/571cdff2-26d6-3908-b7b1-b7b6dfb63df3/Kidou-Senshi-Gundam-Senkou-no-Hathaway-Circe-no-Majo-RX-104-Odysseus-Gundam-RX-104FF-Penelope-Robot-Spirits-Robot-Spirits-ltSide-MSgt-Robot-Spirits-Ka-Signature-ReCoordinate_d6a32e07-433f-3c24-b510-3844195444b8.jpg|https://cdn.myfigurelist.com/figure-images/571cdff2-26d6-3908-b7b1-b7b6dfb63df3/Kidou-Senshi-Gundam-Senkou-no-Hathaway-Circe-no-Majo-RX-104-Odysseus-Gundam-RX-104FF-Penelope-Robot-Spirits-Robot-Spirits-ltSide-MSgt-Robot-Spirits-Ka-Signature-ReCoordinate_bca0f6a7-8027-38d2-91a3-027ae35f7a6c.jpg|https://cdn.myfigurelist.com/figure-images/571cdff2-26d6-3908-b7b1-b7b6dfb63df3/Kidou-Senshi-Gundam-Senkou-no-Hathaway-Circe-no-Majo-RX-104-Odysseus-Gundam-RX-104FF-Penelope-Robot-Spirits-Robot-Spirits-ltSide-MSgt-Robot-Spirits-Ka-Signature-ReCoordinate_618c6dc1-f5ae-396a-9443-f2f06247bf0b.jpg|https://cdn.myfigurelist.com/figure-images/571cdff2-26d6-3908-b7b1-b7b6dfb63df3/Kidou-Senshi-Gundam-Senkou-no-Hathaway-Circe-no-Majo-RX-104-Odysseus-Gundam-RX-104FF-Penelope-Robot-Spirits-Robot-Spirits-ltSide-MSgt-Robot-Spirits-Ka-Signature-ReCoordinate_a52696c0-e9d3-3db5-a93a-2cb049ac2400.jpg|https://cdn.myfigurelist.com/figure-images/571cdff2-26d6-3908-b7b1-b7b6dfb63df3/Kidou-Senshi-Gundam-Senkou-no-Hathaway-Circe-no-Majo-RX-104-Odysseus-Gundam-RX-104FF-Penelope-Robot-Spirits-Robot-Spirits-ltSide-MSgt-Robot-Spirits-Ka-Signature-ReCoordinate_6225a054-c1e4-3b22-8c37-df559e58202e.jpg|https://cdn.myfigurelist.com/figure-images/571cdff2-26d6-3908-b7b1-b7b6dfb63df3/Kidou-Senshi-Gundam-Senkou-no-Hathaway-Circe-no-Majo-RX-104-Odysseus-Gundam-RX-104FF-Penelope-Robot-Spirits-Robot-Spirits-ltSide-MSgt-Robot-Spirits-Ka-Signature-ReCoordinate_2d1b8586-00df-3f2b-a36f-a564dc9df333.jpg|https://cdn.myfigurelist.com/figure-images/571cdff2-26d6-3908-b7b1-b7b6dfb63df3/Kidou-Senshi-Gundam-Senkou-no-Hathaway-Circe-no-Majo-RX-104-Odysseus-Gundam-RX-104FF-Penelope-Robot-Spirits-Robot-Spirits-ltSide-MSgt-Robot-Spirits-Ka-Signature-ReCoordinate_30b96dd9-a110-34c2-a5e6-e92d767ff20e.jpg|https://cdn.myfigurelist.com/figure-images/571cdff2-26d6-3908-b7b1-b7b6dfb63df3/Kidou-Senshi-Gundam-Senkou-no-Hathaway-Circe-no-Majo-RX-104-Odysseus-Gundam-RX-104FF-Penelope-Robot-Spirits-Robot-Spirits-ltSide-MSgt-Robot-Spirits-Ka-Signature-ReCoordinate_ca1345c2-361e-3d8c-a66f-b8f7e5fb9c68.jpg|https://cdn.myfigurelist.com/figure-images/571cdff2-26d6-3908-b7b1-b7b6dfb63df3/Kidou-Senshi-Gundam-Senkou-no-Hathaway-Circe-no-Majo-RX-104-Odysseus-Gundam-RX-104FF-Penelope-Robot-Spirits-Robot-Spirits-ltSide-MSgt-Robot-Spirits-Ka-Signature-ReCoordinate_9200304a-705d-340c-b801-e268dc5e7003.jpg|https://cdn.myfigurelist.com/figure-images/571cdff2-26d6-3908-b7b1-b7b6dfb63df3/Kidou-Senshi-Gundam-Senkou-no-Hathaway-Circe-no-Majo-RX-104-Odysseus-Gundam-RX-104FF-Penelope-Robot-Spirits-Robot-Spirits-ltSide-MSgt-Robot-Spirits-Ka-Signature-ReCoordinate_0a43b6d5-e1e6-3cb4-81f7-eca0909a65b7.jpg|https://cdn.myfigurelist.com/figure-images/571cdff2-26d6-3908-b7b1-b7b6dfb63df3/Kidou-Senshi-Gundam-Senkou-no-Hathaway-Circe-no-Majo-RX-104-Odysseus-Gundam-RX-104FF-Penelope-Robot-Spirits-Robot-Spirits-ltSide-MSgt-Robot-Spirits-Ka-Signature-ReCoordinate_0c3c32a8-1934-39bd-9060-ae36045f1c8e.jpg|https://cdn.myfigurelist.com/figure-images/571cdff2-26d6-3908-b7b1-b7b6dfb63df3/Kidou-Senshi-Gundam-Senkou-no-Hathaway-Circe-no-Majo-RX-104-Odysseus-Gundam-RX-104FF-Penelope-Robot-Spirits-Robot-Spirits-ltSide-MSgt-Robot-Spirits-Ka-Signature-ReCoordinate_bc99bade-46d1-3768-8d1e-55cc0d4f27b8.jpg,[],,,,0,0,2026-09-27T02:22:27.663925Z,1.0,"[""csv""]"
97881,MyFigureList,https://myfigurelist.com/figure/97881/Honkai-Impact-3rd-Kiana-Kaslana-Lemon-Soda,Honkai Impact 3rd - Kiana Kaslana - Lemon Soda,,,Mackerels,Anime Figure,2020-10-03,,Nexus,,,https://cdn.myfigurelist.com/figure-images/94467ecd-763d-3686-b829-4cacc4e1be28/Honkai-Impact-3rd-Kiana-Kaslana-Lemon-Soda_ad0687a7-2b91-3773-a7b8-ba56ed25e20d.jpg,[],6199,6199,6199,0,1,2026-09-27T02:22:28.859922Z,1.0,"[""csv""]"
109923,MyFigureList,https://myfigurelist.com/figure/109923/Ikki-Tousen-Sonsaku-Hakufu-1-6-NureSuke-Murasaki-ver,Ikki Tousen - Sonsaku Hakufu - 1/6 - NureSuke Murasaki ver.,,,DRAGON Toy,Scale Figure,2015-01-09,1/6,Chocomint,32,,https://cdn.myfigurelist.com/figure-images/c4e9a253-7f2c-3afd-b8fc-db42e562c144/Ikki-Tousen-Sonsaku-Hakufu-1-6-NureSuke-Murasaki-ver_62a1862c-e06c-3249-895a-9c51126ffbcc.jpg|https://cdn.myfigurelist.com/figure-images/c4e9a253-7f2c-3afd-b8fc-db42e562c144/Ikki-Tousen-Sonsaku-Hakufu-1-6-NureSuke-Murasaki-ver_fd36741e-0219-3523-a6ba-1bf73b1aaddc.jpg|https://cdn.myfigurelist.com/figure-images/c4e9a253-7f2c-3afd-b8fc-db42e562c144/Ikki-Tousen-Sonsaku-Hakufu-1-6-NureSuke-Murasaki-ver_8fa43278-a2e7-3ea2-9c78-6af2fcc73bf1.jpg|https://cdn.myfigurelist.com/figure-images/c4e9a253-7f2c-3afd-b8fc-db42e562c144/Ikki-Tousen-Sonsaku-Hakufu-1-6-NureSuke-Murasaki-ver_4c8dffae-5ae1-36bd-b343-499cd218c9a8.jpg|https://cdn.myfigurelist.com/figure-images/c4e9a253-7f2c-3afd-b8fc-db42e562c144/Ikki-Tousen-Sonsaku-Hakufu-1-6-NureSuke-Murasaki-ver_13a111a2-7e1e-35c2-8cfc-b402acb1fef3.jpg|https://cdn.myfigurelist.com/figure-images/c4e9a253-7f2c-3afd-b8fc-db42e562c144/Ikki-Tousen-Sonsaku-Hakufu-1-6-NureSuke-Murasaki-ver_3df65b5f-7b36-3a66-ab44-98b646b9fd1f.jpg|https://cdn.myfigurelist.com/figure-images/c4e9a253-7f2c-3afd-b8fc-db42e562c144/Ikki-Tousen-Sonsaku-Hakufu-1-6-NureSuke-Murasaki-ver_506cd835-08ee-3915-b59f-55fac670935a.jpg|https://cdn.myfigurelist.com/figure-images/c4e9a253-7f2c-3afd-b8fc-db42e562c144/Ikki-Tousen-Sonsaku-Hakufu-1-6-NureSuke-Murasaki-ver_cd0f62f2-b128-3ad0-9e49-2dc4a72aeaf2.jpg|https://cdn.myfigurelist.com/figure-images/c4e9a253-7f2c-3afd-b8fc-db42e562c144/Ikki-Tousen-Sonsaku-Hakufu-1-6-NureSuke-Murasaki-ver_54f1ea04-adde-33bb-a95f-b73fc66fc2ec.jpg|https://cdn.myfigurelist.com/figure-images/c4e9a253-7f2c-3afd-b8fc-db42e562c144/Ikki-Tousen-Sonsaku-Hakufu-1-6-NureSuke-Murasaki-ver_15f46a3a-9233-3c50-8254-b8956f9b2451.jpg|https://cdn.myfigurelist.com/figure-images/c4e9a253-7f2c-3afd-b8fc-db42e562c144/Ikki-Tousen-Sonsaku-Hakufu-1-6-NureSuke-Murasaki-ver_b1032bb7-2002-3d00-9db1-2a8ac7b4a571.jpg|https://cdn.myfigurelist.com/figure-images/c4e9a253-7f2c-3afd-b8fc-db42e562c144/Ikki-Tousen-Sonsaku-Hakufu-1-6-NureSuke-Murasaki-ver_e6f166ee-164e-3c49-a408-4780c5f47b4c.jpg|https://cdn.myfigurelist.com/figure-images/c4e9a253-7f2c-3afd-b8fc-db42e562c144/Ikki-Tousen-Sonsaku-Hakufu-1-6-NureSuke-Murasaki-ver_8be48fb2-8b92-33e7-84af-b94b37034dae.jpg,[],14500,14500,14500,0,1,2026-09-27T02:22:29.966227Z,1.0,"[""csv""]"
17424,MyFigureList,https://myfigurelist.com/figure/17424/Macross-Frontier-Ranka-Lee-Anniversary-Stage-Ver-1-7-Complete-Figure,Macross Frontier Ranka Lee -Anniversary Stage Ver.- 1/7 Complete Figure,,,Good Smile Company,Scale Figure,2024-11-01,1/7,ICREA,31,,https://cdn.myfigurelist.com/figure-images/4580416948036/Macross-Frontier-Ranka-Lee-Anniversary-Stage-Ver-1-7-Complete-Figure_4179de2d-01fc-4607-ab3c-d7627e2b6e54.jpg|https://cdn.myfigurelist.com/figure-images/4580416948036/Macross-Frontier-Ranka-Lee-Anniversary-Stage-Ver-1-7-Complete-Figure_df57851f-ec4a-4c8a-8c4c-7b53b9a08be3.jpg|https://cdn.myfigurelist.com/figure-images/4580416948036/Macross-Frontier-Ranka-Lee-Anniversary-Stage-Ver-1-7-Complete-Figure_00e3d599-5c95-4337-8e7c-4c49767eeedf.jpg|https://cdn.myfigurelist.com/figure-images/4580416948036/Macross-Frontier-Ranka-Lee-Anniversary-Stage-Ver-1-7-Complete-Figure_c5ca4f31-5ab2-42fd-b6b3-2cb2241c61f8.jpg|https://cdn.myfigurelist.com/figure-images/4580416948036/Macross-Frontier-Ranka-Lee-Anniversary-Stage-Ver-1-7-Complete-Figure_5032e67d-fa5f-485d-9437-9e7006a5a614.jpg|https://cdn.myfigurelist.com/figure-images/4580416948036/Macross-Frontier-Ranka-Lee-Anniversary-Stage-Ver-1-7-Complete-Figure_3f5a681f-0936-4d17-8674-15bec3c7b59e.jpg|https://cdn.myfigurelist.com/figure-images/4580416948036/Macross-Frontier-Ranka-Lee-Anniversary-Stage-Ver-1-7-Complete-Figure_e3bb2e1d-53a6-4d88-a543-f8bfb4c35d23.jpg|https://cdn.myfigurelist.com/figure-images/4580416948036/Macross-Frontier-Ranka-Lee-Anniversary-Stage-Ver-1-7-Complete-Figure_425eb00a-7e1b-480f-964d-08247ccd442a.jpg|https://cdn.myfigurelist.com/figure-images/4580416948036/Macross-Frontier-Ranka-Lee-Anniversary-Stage-Ver-1-7-Complete-Figure_878c1fb7-d989-4b84-a1b9-40a79ef3aa3e.jpg|https://cdn.myfigurelist.com/figure-images/4580416948036/Macross-Frontier-Ranka-Lee-Anniversary-Stage-Ver-1-7-Complete-Figure_b2a92b13-3cae-41e7-838b-86262884fd7a.jpg|https://cdn.myfigurelist.com/figure-images/4580416948036/Macross-Frontier-Ranka-Lee-Anniversary-Stage-Ver-1-7-Complete-Figure_b29b96b3-48ba-4b98-a75a-158fbb263801.jpg|https://cdn.myfigurelist.com/figure-images/4580416948036/Macross-Frontier-Ranka-Lee-Anniversary-Stage-Ver-1-7-Complete-Figure_1d790274-1e41-4e68-99c8-08cf8f23317f.jpg|https://cdn.myfigurelist.com/figure-images/4580416948036/Macross-Frontier-Ranka-Lee-Anniversary-Stage-Ver-1-7-Complete-Figure_5cb5e92e-443f-4f80-8fdd-95607a9e1167.jpg|https://cdn.myfigurelist.com/figure-images/4580416948036/Macross-Frontier-Ranka-Lee-Anniversary-Stage-Ver-1-7-Complete-Figure_69da3c9a-b7c3-48ce-a4f8-f3b0070b9da4.jpg|https://cdn.myfigurelist.com/figure-images/4580416948036/Macross-Frontier-Ranka-Lee-Anniversary-Stage-Ver-1-7-Complete-Figure_8b096a9a-3d3f-4568-9b04-d00e1c7efe1b.jpg|https://cdn.myfigurelist.com/figure-images/4580416948036/Macross-Frontier-Ranka-Lee-Anniversary-Stage-Ver-1-7-Complete-Figure_99bda1fa-2937-4d92-b7a1-8a876062383b.jpg|https://cdn.myfigurelist.com/figure-images/4580416948036/Macross-Frontier-Ranka-Lee-Anniversary-Stage-Ver-1-7-Complete-Figure_44965363-f6e5-40aa-bce9-edde44044f5b.jpg|https://cdn.myfigurelist.com/figure-images/4580416948036/Macross-Frontier-Ranka-Lee-Anniversary-Stage-Ver-1-7-Complete-Figure_d57a4e24-19e6-482d-82f9-5d189e2e8221.jpg|https://cdn.myfigurelist.com/figure-images/4580416948036/Macross-Frontier-Ranka-Lee-Anniversary-Stage-Ver-1-7-Complete-Figure_1ec38c27-eb0e-4959-a517-b21a6ea2fd36.jpg|https://cdn.myfigurelist.com/figure-images/4580416948036/Macross-Frontier-Ranka-Lee-Anniversary-Stage-Ver-1-7-Complete-Figure_41a18b52-502b-4621-8433-c5e61db2e177.jpg|https://cdn.myfigurelist.com/figure-images/4580416948036/Macross-Frontier-Ranka-Lee-Anniversary-Stage-Ver-1-7-Complete-Figure_095e0fd7-1086-4830-b335-6219890449b7.jpg|https://cdn.myfigurelist.com/figure-images/4580416948036/Macross-Frontier-Ranka-Lee-Anniversary-Stage-Ver-1-7-Complete-Figure_cfdae144-3a40-4ad7-96e8-c9818c8a5745.jpg|https://cdn.myfigurelist.com/figure-images/4580416948036/Macross-Frontier-Ranka-Lee-Anniversary-Stage-Ver-1-7-Complete-Figure_8d7459e1-1111-49a0-8640-be35d06c07dc.jpg|https://cdn.myfigurelist.com/figure-images/4580416948036/Macross-Frontier-Ranka-Lee-Anniversary-Stage-Ver-1-7-Complete-Figure_68b084d2-01ef-470b-a8f7-b3a404bcc7c6.jpg|https://cdn.myfigurelist.com/figure-images/4580416948036/Macross-Frontier-Ranka-Lee-Anniversary-Stage-Ver-1-7-Complete-Figure_3e24f51e-0f71-4205-9fff-e426b4b513bd.jpg|https://cdn.myfigurelist.com/figure-images/4580416948036/Macross-Frontier-Ranka-Lee-Anniversary-Stage-Ver-1-7-Complete-Figure_c4e46ea8-b86b-415a-a644-2a12a5588223.jpg|https://cdn.myfigurelist.com/figure-images/4580416948036/Macross-Frontier-Ranka-Lee-Anniversary-Stage-Ver-1-7-Complete-Figure_86f3ba10-a91e-42a6-b4df-b0083d82f495.jpg|https://cdn.myfigurelist.com/figure-images/4580416948036/Macross-Frontier-Ranka-Lee-Anniversary-Stage-Ver-1-7-Complete-Figure_bf313f58-2e5d-446e-86cf-bcb276c9b65f.jpg,[],,,,0,0,2026-09-27T02:22:31.668697Z,1.0,"[""csv""]"
117417,MyFigureList,https://myfigurelist.com/figure/117417/Transformers-2007-Bumble-Transformers-40th-Selection,Transformers (2007) - Bumble - Transformers 40th Selection,,,Takara Tomy,Anime Figure,2025-03-01,,,,,https://cdn.myfigurelist.com/figure-images/e411a979-c22e-34d4-a754-11245be94055/Transformers-2007-Bumble-Transformers-40th-Selection_a25ed45b-2feb-3c6c-a88f-ba7c3ebecd0a.jpg|https://cdn.myfigurelist.com/figure-images/e411a979-c22e-34d4-a754-11245be94055/Transformers-2007-Bumble-Transformers-40th-Selection_ff53e69b-4df0-3602-81cc-e1fb900478ae.jpg|https://cdn.myfigurelist.com/figure-images/e411a979-c22e-34d4-a754-11245be94055/Transformers-2007-Bumble-Transformers-40th-Selection_9e0e0ede-4f1c-3173-9d0b-1b8707eb482d.jpg|https://cdn.myfigurelist.com/figure-images/e411a979-c22e-34d4-a754-11245be94055/Transformers-2007-Bumble-Transformers-40th-Selection_230e6128-f99c-3f51-ac4f-7a0f582ff371.jpg|https://cdn.myfigurelist.com/figure-images/e411a979-c22e-34d4-a754-11245be94055/Transformers-2007-Bumble-Transformers-40th-Selection_0d91b963-1563-3ef1-9987-225b828b05da.jpg|https://cdn.myfigurelist.com/figure-images/e411a979-c22e-34d4-a754-11245be94055/Transformers-2007-Bumble-Transformers-40th-Selection_f098f267-64b3-30e2-b0e8-0f21c721a8a7.jpg|https://cdn.myfigurelist.com/figure-images/e411a979-c22e-34d4-a754-11245be94055/Transformers-2007-Bumble-Transformers-40th-Selection_8e49695a-186c-35bd-a281-0e14fbb74335.jpg|https://cdn.myfigurelist.com/figure-images/e411a979-c22e-34d4-a754-11245be94055/Transformers-2007-Bumble-Transformers-40th-Selection_9c9d3f5e-b675-3549-8f4c-59c7a0a8e99c.jpg|https://cdn.myfigurelist.com/figure-images/e411a979-c22e-34d4-a754-11245be94055/Transformers-2007-Bumble-Transformers-40th-Selection_d0ca89f4-1078-36e1-886a-2394163cf052.jpg|https://cdn.myfigurelist.com/figure-images/e411a979-c22e-34d4-a754-11245be94055/Transformers-2007-Bumble-Transformers-40th-Selection_20f60ffe-38c0-3524-86e8-76fd7e6ebe03.jpg,[],,,,0,0,2026-09-27T02:22:32.510904Z,1.0,"[""csv""]"
73455,MyFigureList,https://myfigurelist.com/figure/73455/Goddess-of-Victory-Nikke-Helm,Goddess of Victory: Nikke - Helm,,,Power Primer,Anime Figure,2024-05-05,,,,,https://cdn.myfigurelist.com/figure-images/2e0c8222-2b35-337e-8b26-0a9f102e7461/Goddess-of-Victory-Nikke-Helm_3f818f4e-bd8f-380c-bcd2-58191c6a823f.jpg,[],12000,12000,12000,0,1,2026-09-27T02:22:33.445469Z,1.0,"[""csv""]"
72888,MyFigureList,https://myfigurelist.com/figure/72888/Code-Geass-Gaiden-Boukoku-no-Akito-Alexander-Type-02-Robot-Spirits-ltSide-KMFgt-Ryos-custom,"Code Geass Gaiden: Boukoku no Akito - Alexander Type-02 - Robot Spirits - &lt;Side KMF&gt;, Ryo's custom",,,Bandai,Anime Figure,2014-02-21,,,12,,https://cdn.myfigurelist.com/figure-images/2e717b97-c477-360e-935d-29c5c41bf3e9/Code-Geass-Gaiden-Boukoku-no-Akito-Alexander-Type-02-Robot-Spirits-ltSide-KMFgt-Ryos-custom_e0b79729-ba3e-388b-b635-e16be4afb156.jpg|https://cdn.myfigurelist.com/figure-images/2e717b97-c477-360e-935d-29c5c41bf3e9/Code-Geass-Gaiden-Boukoku-no-Akito-Alexander-Type-02-Robot-Spirits-ltSide-KMFgt-Ryos-custom_cfce9856-a336-3417-9560-6d0edf8c8cdc.jpg|https://cdn.myfigurelist.com/figure-images/2e717b97-c477-360e-935d-29c5c41bf3e9/Code-Geass-Gaiden-Boukoku-no-Akito-Alexander-Type-02-Robot-Spirits-ltSide-KMFgt-Ryos-custom_829494ed-da5d-3355-942e-166fd7d5a0c1.jpg|https://cdn.myfigurelist.com/figure-images/2e717b97-c477-360e-935d-29c5c41bf3e9/Code-Geass-Gaiden-Boukoku-no-Akito-Alexander-Type-02-Robot-Spirits-ltSide-KMFgt-Ryos-custom_287686f8-32dc-34db-9ad2-45832c7a2081.jpg|https://cdn.myfigurelist.com/figure-images/2e717b97-c477-360e-935d-29c5c41bf3e9/Code-Geass-Gaiden-Boukoku-no-Akito-Alexander-Type-02-Robot-Spirits-ltSide-KMFgt-Ryos-custom_4cdacdc9-0587-3144-8914-f12ba1bdd281.jpg,[],9450,9450,9450,0,1,2026-09-27T02:22:34.259381Z,1.0,"[""csv""]"
117413,MyFigureList,https://myfigurelist.com/figure/117413/Apex-Legends-Pathfinder-Apex-Legends-6-Inch-Action-Figure-Series-7-War-Machine,Apex Legends - Pathfinder - Apex Legends 6-Inch Action Figure Series 7 - War Machine,,,JAKKS Pacific,Anime Figure,2023-05-01,,,15,,https://cdn.myfigurelist.com/figure-images/e4126a24-e5a9-3f38-ba14-622d4c7387c3/Apex-Legends-Pathfinder-Apex-Legends-6-Inch-Action-Figure-Series-7-War-Machine_4fafa4f3-9227-3e78-a4df-71e164e58c6d.jpg|https://cdn.myfigurelist.com/figure-images/e4126a24-e5a9-3f38-ba14-622d4c7387c3/Apex-Legends-Pathfinder-Apex-Legends-6-Inch-Action-Figure-Series-7-War-Machine_8ebc1a40-28e4-3a1d-9505-5efe174960f9.jpg|https://cdn.myfigurelist.com/figure-images/e4126a24-e5a9-3f38-ba14-622d4c7387c3/Apex-Legends-Pathfinder-Apex-Legends-6-Inch-Action-Figure-Series-7-War-Machine_25977672-fcce-3903-a714-bc7ad3f77f18.jpg|https://cdn.myfigurelist.com/figure-images/e4126a24-e5a9-3f38-ba14-622d4c7387c3/Apex-Legends-Pathfinder-Apex-Legends-6-Inch-Action-Figure-Series-7-War-Machine_d9ddfa41-3f7d-321f-b9a3-d6baa3fcd312.jpg|https://cdn.myfigurelist.com/figure-images/e4126a24-e5a9-3f38-ba14-622d4c7387c3/Apex-Legends-Pathfinder-Apex-Legends-6-Inch-Action-Figure-Series-7-War-Machine_cff808ae-a312-3fae-89a9-3fba2d02eebd.jpg|https://cdn.myfigurelist.com/figure-images/e4126a24-e5a9-3f38-ba14-622d4c7387c3/Apex-Legends-Pathfinder-Apex-Legends-6-Inch-Action-Figure-Series-7-War-Machine_6bed30cc-4663-3649-ab17-2db3996c80b9.jpg|https://cdn.myfigurelist.com/figure-images/e4126a24-e5a9-3f38-ba14-622d4c7387c3/Apex-Legends-Pathfinder-Apex-Legends-6-Inch-Action-Figure-Series-7-War-Machine_8a31aa36-9e2c-3098-9791-77337ad646eb.jpg|https://cdn.myfigurelist.com/figure-images/e4126a24-e5a9-3f38-ba14-622d4c7387c3/Apex-Legends-Pathfinder-Apex-Legends-6-Inch-Action-Figure-Series-7-War-Machine_dc329d74-8055-3384-bad2-c4a0041b260e.jpg|https://cdn.myfigurelist.com/figure-images/e4126a24-e5a9-3f38-ba14-622d4c7387c3/Apex-Legends-Pathfinder-Apex-Legends-6-Inch-Action-Figure-Series-7-War-Machine_f4c345cb-61a1-3f37-9eb2-6c00196e4f8a.jpg|https://cdn.myfigurelist.com/figure-images/e4126a24-e5a9-3f38-ba14-622d4c7387c3/Apex-Legends-Pathfinder-Apex-Legends-6-Inch-Action-Figure-Series-7-War-Machine_b3779357-8d2e-32b6-84f4-a98fa908d0dc.jpg|https://cdn.myfigurelist.com/figure-images/e4126a24-e5a9-3f38-ba14-622d4c7387c3/Apex-Legends-Pathfinder-Apex-Legends-6-Inch-Action-Figure-Series-7-War-Machine_63f5f12d-b7af-3cb5-904e-d6a5773ee3bc.jpg|https://cdn.myfigurelist.com/figure-images/e4126a24-e5a9-3f38-ba14-622d4c7387c3/Apex-Legends-Pathfinder-Apex-Legends-6-Inch-Action-Figure-Series-7-War-Machine_00d09a23-fd9a-317c-916d-32910fe3fb72.jpg|https://cdn.myfigurelist.com/figure-images/e4126a24-e5a9-3f38-ba14-622d4c7387c3/Apex-Legends-Pathfinder-Apex-Legends-6-Inch-Action-Figure-Series-7-War-Machine_c64f6496-37e1-3b0a-b3dd-0c67288abc6f.jpg|https://cdn.myfigurelist.com/figure-images/e4126a24-e5a9-3f38-ba14-622d4c7387c3/Apex-Legends-Pathfinder-Apex-Legends-6-Inch-Action-Figure-Series-7-War-Machine_202a981d-0def-3556-9711-1441d422a03c.jpg,[],2740,2740,2740,0,1,2026-09-27T02:22:35.345841Z,1.0,"[""csv""]"
47099,MyFigureList,https://myfigurelist.com/figure/47099/Naruto-Shippuuden-Uchiha-Itachi-Uchiha-Sasuke-GEM,Naruto Shippuuden - Uchiha Itachi - Uchiha Sasuke - G.E.M.,,,MegaHouse,Scale Figure,2018-03-26,1/12,,15,,https://cdn.myfigurelist.com/figure-images/0ce90acf-0a5c-3869-8c3e-736eb2864634/Naruto-Shippuuden-Uchiha-Itachi-Uchiha-Sasuke-GEM_0febe00c-71ac-3e2a-969b-e10222637ad3.jpg|https://cdn.myfigurelist.com/figure-images/0ce90acf-0a5c-3869-8c3e-736eb2864634/Naruto-Shippuuden-Uchiha-Itachi-Uchiha-Sasuke-GEM_1783408b-32a7-346a-8361-fd3f75b124a0.jpg|https://cdn.myfigurelist.com/figure-images/0ce90acf-0a5c-3869-8c3e-736eb2864634/Naruto-Shippuuden-Uchiha-Itachi-Uchiha-Sasuke-GEM_f7f32387-c79a-368f-b959-50f52d43a121.jpg|https://cdn.myfigurelist.com/figure-images/0ce90acf-0a5c-3869-8c3e-736eb2864634/Naruto-Shippuuden-Uchiha-Itachi-Uchiha-Sasuke-GEM_3eebd2c1-5e1f-3dae-bdc3-0c5257da658a.jpg|https://cdn.myfigurelist.com/figure-images/0ce90acf-0a5c-3869-8c3e-736eb2864634/Naruto-Shippuuden-Uchiha-Itachi-Uchiha-Sasuke-GEM_f358661d-9338-3429-9c9c-bbcaa1c673d3.jpg|https://cdn.myfigurelist.com/figure-images/0ce90acf-0a5c-3869-8c3e-736eb2864634/Naruto-Shippuuden-Uchiha-Itachi-Uchiha-Sasuke-GEM_896a48d8-894a-33f3-b5bf-e54783833678.jpg|https://cdn.myfigurelist.com/figure-images/0ce90acf-0a5c-3869-8c3e-736eb2864634/Naruto-Shippuuden-Uchiha-Itachi-Uchiha-Sasuke-GEM_5b674595-aa0a-37f1-8bc2-a2780e54cf65.jpg|https://cdn.myfigurelist.com/figure-images/0ce90acf-0a5c-3869-8c3e-736eb2864634/Naruto-Shippuuden-Uchiha-Itachi-Uchiha-Sasuke-GEM_665cb700-6658-311c-b8e1-866d307e35a0.jpg|https://cdn.myfigurelist.com/figure-images/0ce90acf-0a5c-3869-8c3e-736eb2864634/Naruto-Shippuuden-Uchiha-Itachi-Uchiha-Sasuke-GEM_71d628e8-60b2-37ff-817e-2ef0fad490e0.jpg|https://cdn.myfigurelist.com/figure-images/0ce90acf-0a5c-3869-8c3e-736eb2864634/Naruto-Shippuuden-Uchiha-Itachi-Uchiha-Sasuke-GEM_4bcbbd0a-0aaf-3895-bc0d-9028317b0bfd.jpg|https://cdn.myfigurelist.com/figure-images/0ce90acf-0a5c-3869-8c3e-736eb2864634/Naruto-Shippuuden-Uchiha-Itachi-Uchiha-Sasuke-GEM_efedad86-284b-3e8b-81bf-b188f7e62e97.jpg|https://cdn.myfigurelist.com/figure-images/0ce90acf-0a5c-3869-8c3e-736eb2864634/Naruto-Shippuuden-Uchiha-Itachi-Uchiha-Sasuke-GEM_dea6092b-f720-34ac-b88e-acf1a52a448e.jpg|https://cdn.myfigurelist.com/figure-images/0ce90acf-0a5c-3869-8c3e-736eb2864634/Naruto-Shippuuden-Uchiha-Itachi-Uchiha-Sasuke-GEM_b02dd41e-ed46-304a-9437-7038502f1687.jpg,[],,,,0,0,2026-09-27T02:22:36.390950Z,1.0,"[""csv""]"
118131,MyFigureList,https://myfigurelist.com/figure/118131/One-Piece-Tony-Tony-Chopper-Bobblehead-Marines-Ver,One Piece - Tony Tony Chopper - Bobblehead - Marines Ver.,,,PLEX,Anime Figure,2010-09-01,,,,,https://cdn.myfigurelist.com/figure-images/e430fb95-646b-32dc-bc90-466099bdd17f/One-Piece-Tony-Tony-Chopper-Bobblehead-Marines-Ver_fd430f13-dab3-31d3-94fd-c6eaf22c7495.jpg,[],1990,1990,1990,0,1,2026-09-27T02:22:37.302182Z,1.0,"[""csv""]"
51349,MyFigureList,https://myfigurelist.com/figure/51349/Final-Fantasy-VII-Tifa-Lockhart-1-8,Final Fantasy VII - Tifa Lockhart - 1/8,,,Kotobukiya,Scale Figure,1998-07-01,1/8,Nishimura Naoki,19,,https://cdn.myfigurelist.com/figure-images/648ee11d-0478-3957-bc7a-3da2d68d9630/Final-Fantasy-VII-Tifa-Lockhart-1-8_0301acbd-7187-3ee7-94a5-013e457db46c.jpg,[],7800,7800,7800,0,1,2026-09-27T02:22:37.940229Z,1.0,"[""csv""]"
34952,MyFigureList,https://myfigurelist.com/figure/34952/Nisemonogatari-Oshino-Shinobu-1-8,Nisemonogatari - Oshino Shinobu - 1/8,,,Kotobukiya,Scale Figure,2014-04-28,1/8,,19,,https://cdn.myfigurelist.com/figure-images/0a8426e5-2654-3005-a25a-2bc8cd70fa28/Nisemonogatari-Oshino-Shinobu-1-8_685d45cb-c689-3c47-8b4d-e53c87938cb7.jpg|https://cdn.myfigurelist.com/figure-images/0a8426e5-2654-3005-a25a-2bc8cd70fa28/Nisemonogatari-Oshino-Shinobu-1-8_1d444399-eb76-343b-848c-28f8392d8d42.jpg|https://cdn.myfigurelist.com/figure-images/0a8426e5-2654-3005-a25a-2bc8cd70fa28/Nisemonogatari-Oshino-Shinobu-1-8_22c8a955-93f1-3a85-acde-5571313ff24a.jpg|https://cdn.myfigurelist.com/figure-images/0a8426e5-2654-3005-a25a-2bc8cd70fa28/Nisemonogatari-Oshino-Shinobu-1-8_83faf0db-2b34-3030-9d8c-c0060d4bb2e8.jpg|https://cdn.myfigurelist.com/figure-images/0a8426e5-2654-3005-a25a-2bc8cd70fa28/Nisemonogatari-Oshino-Shinobu-1-8_6019945b-2edb-3554-9f86-36cd4399f15a.jpg|https://cdn.myfigurelist.com/figure-images/0a8426e5-2654-3005-a25a-2bc8cd70fa28/Nisemonogatari-Oshino-Shinobu-1-8_1952d353-6e65-3223-a198-3014f9e84b27.jpg|https://cdn.myfigurelist.com/figure-images/0a8426e5-2654-3005-a25a-2bc8cd70fa28/Nisemonogatari-Oshino-Shinobu-1-8_c3204ca5-a6ee-32b8-887d-b16454096095.jpg|https://cdn.myfigurelist.com/figure-images/0a8426e5-2654-3005-a25a-2bc8cd70fa28/Nisemonogatari-Oshino-Shinobu-1-8_55efc0c5-8264-3270-bd5a-305babccab5d.jpg|https://cdn.myfigurelist.com/figure-images/0a8426e5-2654-3005-a25a-2bc8cd70fa28/Nisemonogatari-Oshino-Shinobu-1-8_aed722b0-c8ba-3339-ab4c-7c255ff5c46b.jpg|https://cdn.myfigurelist.com/figure-images/0a8426e5-2654-3005-a25a-2bc8cd70fa28/Nisemonogatari-Oshino-Shinobu-1-8_0d6a543a-87f2-3b11-b028-0f74aecbdfe8.jpg|https://cdn.myfigurelist.com/figure-images/0a8426e5-2654-3005-a25a-2bc8cd70fa28/Nisemonogatari-Oshino-Shinobu-1-8_4841c011-fca8-3659-98b8-94f45c8b7e16.jpg|https://cdn.myfigurelist.com/figure-images/0a8426e5-2654-3005-a25a-2bc8cd70fa28/Nisemonogatari-Oshino-Shinobu-1-8_37993cea-ddd4-3088-8da8-d7c228aee6eb.jpg|https://cdn.myfigurelist.com/figure-images/0a8426e5-2654-3005-a25a-2bc8cd70fa28/Nisemonogatari-Oshino-Shinobu-1-8_20f85075-ea29-39a1-a0d9-a4ca7d043d51.jpg|https://cdn.myfigurelist.com/figure-images/0a8426e5-2654-3005-a25a-2bc8cd70fa28/Nisemonogatari-Oshino-Shinobu-1-8_ad3a8fce-06c5-3b51-b26b-56749d6db0b2.jpg|https://cdn.myfigurelist.com/figure-images/0a8426e5-2654-3005-a25a-2bc8cd70fa28/Nisemonogatari-Oshino-Shinobu-1-8_e7605ce2-a158-37de-9599-2f1c2bf7d25f.jpg|https://cdn.myfigurelist.com/figure-images/0a8426e5-2654-3005-a25a-2bc8cd70fa28/Nisemonogatari-Oshino-Shinobu-1-8_1d538dfb-2614-3402-a527-8068bed4b0a8.jpg|https://cdn.myfigurelist.com/figure-images/0a8426e5-2654-3005-a25a-2bc8cd70fa28/Nisemonogatari-Oshino-Shinobu-1-8_9fcc4acb-0c8f-3fa7-95ff-60a53b236728.jpg|https://cdn.myfigurelist.com/figure-images/0a8426e5-2654-3005-a25a-2bc8cd70fa28/Nisemonogatari-Oshino-Shinobu-1-8_69d41f9e-1d7d-33f7-b364-762193f128cc.jpg|https://cdn.myfigurelist.com/figure-images/0a8426e5-2654-3005-a25a-2bc8cd70fa28/Nisemonogatari-Oshino-Shinobu-1-8_c971551c-aa40-3ae3-b5dc-df32a71b64ed.jpg|https://cdn.myfigurelist.com/figure-images/0a8426e5-2654-3005-a25a-2bc8cd70fa28/Nisemonogatari-Oshino-Shinobu-1-8_08b825b4-ee35-3c67-b61a-65aabc598179.jpg|https://cdn.myfigurelist.com/figure-images/0a8426e5-2654-3005-a25a-2bc8cd70fa28/Nisemonogatari-Oshino-Shinobu-1-8_ef30da9e-cc27-3671-b87f-ca848dc2bedd.jpg|https://cdn.myfigurelist.com/figure-images/0a8426e5-2654-3005-a25a-2bc8cd70fa28/Nisemonogatari-Oshino-Shinobu-1-8_8e133f12-587a-3290-a280-536437875af0.jpg|https://cdn.myfigurelist.com/figure-images/0a8426e5-2654-3005-a25a-2bc8cd70fa28/Nisemonogatari-Oshino-Shinobu-1-8_b9391aad-a022-3eab-adb2-2d72c6cee07d.jpg|https://cdn.myfigurelist.com/figure-images/0a8426e5-2654-3005-a25a-2bc8cd70fa28/Nisemonogatari-Oshino-Shinobu-1-8_da2cdf1a-acca-3c56-8655-eb7aca28b12f.jpg|https://cdn.myfigurelist.com/figure-images/0a8426e5-2654-3005-a25a-2bc8cd70fa28/Nisemonogatari-Oshino-Shinobu-1-8_2f666630-c0e1-3c30-a0fa-118d82ad1cd0.jpg,[],,,,0,0,2026-09-27T02:22:38.929019Z,1.0,"[""csv""]"
54069,MyFigureList,https://myfigurelist.com/figure/54069/RWBY-Ruby-Rose-1-6,RWBY - Ruby Rose - 1/6,,,threezero,Scale Figure,2015-08-01,1/6,ThreeZero,30,,https://cdn.myfigurelist.com/figure-images/afad4598-0f15-39cc-8805-90482b1953cb/RWBY-Ruby-Rose-1-6_5e29b4fd-b4e8-3a2b-9b0e-805fb9051e39.jpg|https://cdn.myfigurelist.com/figure-images/afad4598-0f15-39cc-8805-90482b1953cb/RWBY-Ruby-Rose-1-6_d9bf1a2e-e9b0-32f3-b99e-dbeeb48886ab.jpg|https://cdn.myfigurelist.com/figure-images/afad4598-0f15-39cc-8805-90482b1953cb/RWBY-Ruby-Rose-1-6_654c3e45-c1a7-3523-80a5-398ad2c4c940.jpg|https://cdn.myfigurelist.com/figure-images/afad4598-0f15-39cc-8805-90482b1953cb/RWBY-Ruby-Rose-1-6_7675feb8-b282-3626-bfea-8be4638f809d.jpg|https://cdn.myfigurelist.com/figure-images/afad4598-0f15-39cc-8805-90482b1953cb/RWBY-Ruby-Rose-1-6_03a2c06c-358c-3afe-a716-ad90019a80f6.jpg|https://cdn.myfigurelist.com/figure-images/afad4598-0f15-39cc-8805-90482b1953cb/RWBY-Ruby-Rose-1-6_75987a22-a03a-3e56-be3c-c87793e11e85.jpg|https://cdn.myfigurelist.com/figure-images/afad4598-0f15-39cc-8805-90482b1953cb/RWBY-Ruby-Rose-1-6_47127ee5-64a7-3ca1-9d40-c561df5a1ef8.jpg|https://cdn.myfigurelist.com/figure-images/afad4598-0f15-39cc-8805-90482b1953cb/RWBY-Ruby-Rose-1-6_04c16a7d-a09f-37f8-87d1-6f1bddeef15e.jpg|https://cdn.myfigurelist.com/figure-images/afad4598-0f15-39cc-8805-90482b1953cb/RWBY-Ruby-Rose-1-6_016a481c-915e-3956-a9a8-a13604c18a5e.jpg|https://cdn.myfigurelist.com/figure-images/afad4598-0f15-39cc-8805-90482b1953cb/RWBY-Ruby-Rose-1-6_c8f14582-2935-3de0-80d3-175e88825963.jpg|https://cdn.myfigurelist.com/figure-images/afad4598-0f15-39cc-8805-90482b1953cb/RWBY-Ruby-Rose-1-6_4dd2f4d6-6ef6-305e-af06-7d45170c34f5.jpg|https://cdn.myfigurelist.com/figure-images/afad4598-0f15-39cc-8805-90482b1953cb/RWBY-Ruby-Rose-1-6_c3a268f2-dbad-35a4-b6e6-9c51821639e8.jpg|https://cdn.myfigurelist.com/figure-images/afad4598-0f15-39cc-8805-90482b1953cb/RWBY-Ruby-Rose-1-6_8292da16-194d-3a52-9abd-198da62fc09d.jpg|https://cdn.myfigurelist.com/figure-images/afad4598-0f15-39cc-8805-90482b1953cb/RWBY-Ruby-Rose-1-6_0523ec02-13a0-3241-92a9-4e31a8026a3c.jpg,[],,,,0,0,2026-09-27T02:22:40.196470Z,1.0,"[""csv""]"
118130,MyFigureList,https://myfigurelist.com/figure/118130/Gosei-Sentai-Dairanger-Cotpotro-Bandai-Shokugan-Candy-Toy-Shodo-Super,Gosei Sentai Dairanger - Cotpotro - Bandai Shokugan - Candy Toy - Shodo Super,,,Bandai,Anime Figure,2023-08-01,,,10,,https://cdn.myfigurelist.com/figure-images/e580dd3c-3d57-39b5-ba44-9b04e26159a4/Gosei-Sentai-Dairanger-Cotpotro-Bandai-Shokugan-Candy-Toy-Shodo-Super_88da32b9-da90-3549-99a6-57192f8ddfd0.jpg|https://cdn.myfigurelist.com/figure-images/e580dd3c-3d57-39b5-ba44-9b04e26159a4/Gosei-Sentai-Dairanger-Cotpotro-Bandai-Shokugan-Candy-Toy-Shodo-Super_1dd82d4a-85b1-3bf2-bbff-b08b48b81ee6.jpg|https://cdn.myfigurelist.com/figure-images/e580dd3c-3d57-39b5-ba44-9b04e26159a4/Gosei-Sentai-Dairanger-Cotpotro-Bandai-Shokugan-Candy-Toy-Shodo-Super_722e8d7d-ab96-3446-910d-3279d9814559.jpg|https://cdn.myfigurelist.com/figure-images/e580dd3c-3d57-39b5-ba44-9b04e26159a4/Gosei-Sentai-Dairanger-Cotpotro-Bandai-Shokugan-Candy-Toy-Shodo-Super_c09f793d-1395-3a37-bfd8-14cd062d67cf.jpg|https://cdn.myfigurelist.com/figure-images/e580dd3c-3d57-39b5-ba44-9b04e26159a4/Gosei-Sentai-Dairanger-Cotpotro-Bandai-Shokugan-Candy-Toy-Shodo-Super_30353a31-abbe-3322-8595-45608f62a3b3.jpg|https://cdn.myfigurelist.com/figure-images/e580dd3c-3d57-39b5-ba44-9b04e26159a4/Gosei-Sentai-Dairanger-Cotpotro-Bandai-Shokugan-Candy-Toy-Shodo-Super_9a032e16-ef66-399d-bc0a-41df5b7dc306.jpg|https://cdn.myfigurelist.com/figure-images/e580dd3c-3d57-39b5-ba44-9b04e26159a4/Gosei-Sentai-Dairanger-Cotpotro-Bandai-Shokugan-Candy-Toy-Shodo-Super_4a60be43-74a5-3858-86f8-19d3272f6f6b.jpg|https://cdn.myfigurelist.com/figure-images/e580dd3c-3d57-39b5-ba44-9b04e26159a4/Gosei-Sentai-Dairanger-Cotpotro-Bandai-Shokugan-Candy-Toy-Shodo-Super_7943c6d3-262d-3c99-ad96-9762a65b56a6.jpg|https://cdn.myfigurelist.com/figure-images/e580dd3c-3d57-39b5-ba44-9b04e26159a4/Gosei-Sentai-Dairanger-Cotpotro-Bandai-Shokugan-Candy-Toy-Shodo-Super_8da648dd-2796-372b-9dc7-31cb04fce458.jpg,[],4500,4500,4500,0,1,2026-09-27T02:22:41.516722Z,1.0,"[""csv""]"
118129,MyFigureList,https://myfigurelist.com/figure/118129/Kimetsu-no-Yaiba-Kamado-Nezuko-POP!-Animation-2048-Pop!-Posters-POP!-Vinyl,Kimetsu no Yaiba - Kamado Nezuko - POP! Animation  (2048) - Pop! Posters - POP! Vinyl,,,,Anime Figure,2025-12-17,,,,,https://cdn.myfigurelist.com/figure-images/e5845c7b-db94-3afa-a05b-346b280bbefd/Kimetsu-no-Yaiba-Kamado-Nezuko-POP!-Animation-2048-Pop!-Posters-POP!-Vinyl_303aeffb-0dfe-3d88-ab24-797ada4bc41d.jpg,[],3702,3702,3702,0,1,2026-09-27T02:22:42.696327Z,1.0,"[""csv""]"
9864,MyFigureList,https://myfigurelist.com/figure/9864/Super-Action-Statue-JoJos-Bizarre-Adventure-Part5-Leone-Abbacchio,Super Action Statue JoJo's Bizarre Adventure Part.5 Leone Abbacchio,,,Medicos Entertainment,Scale Figure,2021-09-01,Non-Scale,PROGRESS,16,,https://cdn.myfigurelist.com/figure-images/4570017777043/Super-Action-Statue-JoJo's-Bizarre-Adventure-Part5-Leone-Abbacchio_754d81ef-eb87-4457-b494-e0cd3608fd1b.jpg|https://cdn.myfigurelist.com/figure-images/4570017777043/Super-Action-Statue-JoJo's-Bizarre-Adventure-Part5-Leone-Abbacchio_c9edf83f-82e5-4d4a-8268-2c181c69fc74.jpg|https://cdn.myfigurelist.com/figure-images/4570017777043/Super-Action-Statue-JoJo's-Bizarre-Adventure-Part5-Leone-Abbacchio_2a437b9c-cc47-46dc-aa4e-7bb3a9b895a8.jpg|https://cdn.myfigurelist.com/figure-images/4570017777043/Super-Action-Statue-JoJo's-Bizarre-Adventure-Part5-Leone-Abbacchio_777509dd-e6e1-4950-8222-3afa48e4808f.jpg|https://cdn.myfigurelist.com/figure-images/4570017777043/Super-Action-Statue-JoJo's-Bizarre-Adventure-Part5-Leone-Abbacchio_88904d0d-f5b7-49f6-a7d7-e45f3078f5ae.jpg|https://cdn.myfigurelist.com/figure-images/4570017777043/Super-Action-Statue-JoJo's-Bizarre-Adventure-Part5-Leone-Abbacchio_d8653397-9e0e-4a6f-a642-9a666f2e451b.jpg,[],,,,0,0,2026-09-27T02:22:43.525068Z,1.0,"[""csv""]"
24745,MyFigureList,https://myfigurelist.com/figure/24745/GIGAN-TECHS-SSSSGRIDMAN-Gridman-Posable-Figure,GIGAN-TECHS SSSS.GRIDMAN Gridman Posable Figure,,,Good Smile Company,Scale Figure,2020-06-01,Non-Scale,Ryo Sakano,30,,https://cdn.myfigurelist.com/figure-images/4580416909495/GIGAN-TECHS-SSSSGRIDMAN-Gridman-Posable-Figure_51bbb91f-2621-4415-93d8-81b7534aa1e4.jpg|https://cdn.myfigurelist.com/figure-images/4580416909495/GIGAN-TECHS-SSSSGRIDMAN-Gridman-Posable-Figure_24052f3e-c9d8-47ac-a968-3ab60e2955e4.jpg|https://cdn.myfigurelist.com/figure-images/4580416909495/GIGAN-TECHS-SSSSGRIDMAN-Gridman-Posable-Figure_e2a9f0ed-2bff-4505-9362-f52d31f1bb8c.jpg|https://cdn.myfigurelist.com/figure-images/4580416909495/GIGAN-TECHS-SSSSGRIDMAN-Gridman-Posable-Figure_2f6fe7a4-f7ac-413e-a09e-2a55a277dee0.jpg|https://cdn.myfigurelist.com/figure-images/4580416909495/GIGAN-TECHS-SSSSGRIDMAN-Gridman-Posable-Figure_2335e2fb-f5bc-419c-9222-fadf25c2f077.jpg|https://cdn.myfigurelist.com/figure-images/4580416909495/GIGAN-TECHS-SSSSGRIDMAN-Gridman-Posable-Figure_ed7a91b2-5a07-400a-a771-57796019f399.jpg|https://cdn.myfigurelist.com/figure-images/4580416909495/GIGAN-TECHS-SSSSGRIDMAN-Gridman-Posable-Figure_97b81c3b-d7ce-41a7-b65a-fc2f54f97313.jpg|https://cdn.myfigurelist.com/figure-images/4580416909495/GIGAN-TECHS-SSSSGRIDMAN-Gridman-Posable-Figure_a238b86e-3c90-4b48-9fe8-00c819455520.jpg|https://cdn.myfigurelist.com/figure-images/4580416909495/GIGAN-TECHS-SSSSGRIDMAN-Gridman-Posable-Figure_6bb7af70-3026-4d05-be7e-e250c7695afd.jpg,[],,,,0,0,2026-09-27T02:22:44.588088Z,1.0,"[""csv""]"
45643,MyFigureList,https://myfigurelist.com/figure/45643/Samurai-Sentai-Shinkenger-Fuwa-Juzo-SHFiguarts,Samurai Sentai Shinkenger - Fuwa Juzo - S.H.Figuarts,,,Bandai,Scale Figure,2012-06-01,1/12,,14,,https://cdn.myfigurelist.com/figure-images/640ad037-8fb1-3412-bba1-93b18f33c9ef/Samurai-Sentai-Shinkenger-Fuwa-Juzo-SHFiguarts_48214dc5-7a47-31ed-815a-f9c021092bf1.jpg|https://cdn.myfigurelist.com/figure-images/640ad037-8fb1-3412-bba1-93b18f33c9ef/Samurai-Sentai-Shinkenger-Fuwa-Juzo-SHFiguarts_0d4f298f-bebe-323e-9903-77ef53eeceb2.jpg|https://cdn.myfigurelist.com/figure-images/640ad037-8fb1-3412-bba1-93b18f33c9ef/Samurai-Sentai-Shinkenger-Fuwa-Juzo-SHFiguarts_e9e8c0ba-c9bd-30a4-b76b-53cc1041ed1e.jpg|https://cdn.myfigurelist.com/figure-images/640ad037-8fb1-3412-bba1-93b18f33c9ef/Samurai-Sentai-Shinkenger-Fuwa-Juzo-SHFiguarts_e4e5b796-55a6-31cf-99ef-ec2fb2bde947.jpg|https://cdn.myfigurelist.com/figure-images/640ad037-8fb1-3412-bba1-93b18f33c9ef/Samurai-Sentai-Shinkenger-Fuwa-Juzo-SHFiguarts_df04c222-c8db-349e-bb4d-6dde2728c6c9.jpg|https://cdn.myfigurelist.com/figure-images/640ad037-8fb1-3412-bba1-93b18f33c9ef/Samurai-Sentai-Shinkenger-Fuwa-Juzo-SHFiguarts_83add1c2-6630-3c92-a98a-e27c44476cfe.jpg,[],3675,3675,3675,0,1,2026-09-27T02:22:45.718282Z,1.0,"[""csv""]"
53996,MyFigureList,https://myfigurelist.com/figure/53996/Digimon-Adventure-MetalGarurumon-D-Arts,Digimon Adventure - MetalGarurumon - D-Arts,,,Bandai,Scale Figure,2013-06-22,Non-Scale,,11,,https://cdn.myfigurelist.com/figure-images/4c5f952d-e543-3f7f-bef9-15a29c0c7566/Digimon-Adventure-MetalGarurumon-D-Arts_24146200-b608-37ff-8eb7-7937caec186c.jpg|https://cdn.myfigurelist.com/figure-images/4c5f952d-e543-3f7f-bef9-15a29c0c7566/Digimon-Adventure-MetalGarurumon-D-Arts_a43dea12-2110-33f3-b765-12e2ab3c7fdc.jpg|https://cdn.myfigurelist.com/figure-images/4c5f952d-e543-3f7f-bef9-15a29c0c7566/Digimon-Adventure-MetalGarurumon-D-Arts_d371d882-baf3-34f1-ad86-e5d3a7a08fa3.jpg|https://cdn.myfigurelist.com/figure-images/4c5f952d-e543-3f7f-bef9-15a29c0c7566/Digimon-Adventure-MetalGarurumon-D-Arts_7a475768-6918-31a0-ba3e-7e58dc08dadf.jpg|https://cdn.myfigurelist.com/figure-images/4c5f952d-e543-3f7f-bef9-15a29c0c7566/Digimon-Adventure-MetalGarurumon-D-Arts_0a56f646-d182-3b33-91fd-f05f44c30575.jpg|https://cdn.myfigurelist.com/figure-images/4c5f952d-e543-3f7f-bef9-15a29c0c7566/Digimon-Adventure-MetalGarurumon-D-Arts_cfda8a4d-1fb4-3f85-9e6e-e5c74908a771.jpg|https://cdn.myfigurelist.com/figure-images/4c5f952d-e543-3f7f-bef9-15a29c0c7566/Digimon-Adventure-MetalGarurumon-D-Arts_29e45da3-719c-3712-8742-d05abee6234c.jpg|https://cdn.myfigurelist.com/figure-images/4c5f952d-e543-3f7f-bef9-15a29c0c7566/Digimon-Adventure-MetalGarurumon-D-Arts_af8ff12d-cb78-3f8e-aabf-8e019718ccaf.jpg,[],4200,4200,4200,0,1,2026-09-27T02:22:46.718548Z,1.0,"[""csv""]"
125452,MyFigureList,https://myfigurelist.com/figure/125452/Dragon-Quest-Killer-Machine-Dragon-Quest-Monster-Museum-012,Dragon Quest - Killer Machine - Dragon Quest Monster Museum - 012,,,Square Enix,Anime Figure,2012-06-01,,,,,https://cdn.myfigurelist.com/figure-images/e0bfd192-16b7-380e-8a72-b0dd84ff7fc0/Dragon-Quest-Killer-Machine-Dragon-Quest-Monster-Museum-012_8506d4d3-6324-342b-b9ed-1b1425ccba81.jpg,[],400,400,400,0,1,2026-09-27T02:22:47.398846Z,1.0,"[""csv""]"
122972,MyFigureList,https://myfigurelist.com/figure/122972/Ultraman-Powered-Ultra-Hero-Series-2016-EX,Ultraman Powered - Ultra Hero Series (2016)  (EX),,,Bandai,Anime Figure,2020-12-26,,,,,https://cdn.myfigurelist.com/figure-images/8710f197-3d4a-3699-a778-de1be1cd2c2f/Ultraman-Powered-Ultra-Hero-Series-2016-EX_cec231ab-2495-393f-aa2e-7950236c8181.jpg,[],,,,0,0,2026-09-27T02:22:50.028463Z,1.0,"[""csv""]"
98254,MyFigureList,https://myfigurelist.com/figure/98254/Naruto-Uchiha-Sasuke-POP!-Animation-1965-POP!-Vinyl,Naruto - Uchiha Sasuke - POP! Animation  (1965) - POP! Vinyl,,,Funko Toys,Anime Figure,2025-06-01,,,,,https://cdn.myfigurelist.com/figure-images/960e9fa6-bcc2-3b7d-b548-6afb2b34536b/Naruto-Uchiha-Sasuke-POP!-Animation-1965-POP!-Vinyl_8ea7f9a9-9198-315e-b140-a26d33a3c477.jpg,[],2144,2144,2144,0,1,2026-09-27T02:22:51.260604Z,1.0,"[""csv""]"
85035,MyFigureList,https://myfigurelist.com/figure/85035/Kikou-Kai-Galient-Part3-Tetsu-no-Monshou-Tetsukyojin-Robot-Spirits-Robot-Spirits-ltSide-PBgt,Kikou Kai Galient Part3 Tetsu no Monshou - Tetsukyojin - Robot Spirits - Robot Spirits &lt;Side PB&gt;,,,BANDAI SPIRITS,Anime Figure,2018-12-29,,,16,,https://cdn.myfigurelist.com/figure-images/60836a24-be20-31f9-bd18-47160d25ae65/Kikou-Kai-Galient-Part3-Tetsu-no-Monshou-Tetsukyojin-Robot-Spirits-Robot-Spirits-ltSide-PBgt_8693b971-2a0c-3ccf-aa6f-957383c6e0d5.jpg|https://cdn.myfigurelist.com/figure-images/60836a24-be20-31f9-bd18-47160d25ae65/Kikou-Kai-Galient-Part3-Tetsu-no-Monshou-Tetsukyojin-Robot-Spirits-Robot-Spirits-ltSide-PBgt_f788e0c0-9cb4-3432-b7b2-3aa733ff3796.jpg|https://cdn.myfigurelist.com/figure-images/60836a24-be20-31f9-bd18-47160d25ae65/Kikou-Kai-Galient-Part3-Tetsu-no-Monshou-Tetsukyojin-Robot-Spirits-Robot-Spirits-ltSide-PBgt_91604355-5519-3872-98d5-e0aed00ffa09.jpg|https://cdn.myfigurelist.com/figure-images/60836a24-be20-31f9-bd18-47160d25ae65/Kikou-Kai-Galient-Part3-Tetsu-no-Monshou-Tetsukyojin-Robot-Spirits-Robot-Spirits-ltSide-PBgt_1232575b-ac2d-3720-bdc8-9c7cfd56455b.jpg|https://cdn.myfigurelist.com/figure-images/60836a24-be20-31f9-bd18-47160d25ae65/Kikou-Kai-Galient-Part3-Tetsu-no-Monshou-Tetsukyojin-Robot-Spirits-Robot-Spirits-ltSide-PBgt_82e13cfa-e72d-3e6d-9b27-241add8efbdc.jpg|https://cdn.myfigurelist.com/figure-images/60836a24-be20-31f9-bd18-47160d25ae65/Kikou-Kai-Galient-Part3-Tetsu-no-Monshou-Tetsukyojin-Robot-Spirits-Robot-Spirits-ltSide-PBgt_4c1e1880-6e8a-3419-a716-f3200fb46d57.jpg|https://cdn.myfigurelist.com/figure-images/60836a24-be20-31f9-bd18-47160d25ae65/Kikou-Kai-Galient-Part3-Tetsu-no-Monshou-Tetsukyojin-Robot-Spirits-Robot-Spirits-ltSide-PBgt_d5379b88-11e2-35c2-a74e-6b35a0cc7d19.jpg|https://cdn.myfigurelist.com/figure-images/60836a24-be20-31f9-bd18-47160d25ae65/Kikou-Kai-Galient-Part3-Tetsu-no-Monshou-Tetsukyojin-Robot-Spirits-Robot-Spirits-ltSide-PBgt_c90b9b53-d06c-37c5-a703-ff19f9024181.jpg|https://cdn.myfigurelist.com/figure-images/60836a24-be20-31f9-bd18-47160d25ae65/Kikou-Kai-Galient-Part3-Tetsu-no-Monshou-Tetsukyojin-Robot-Spirits-Robot-Spirits-ltSide-PBgt_facada03-2c4d-35e0-a12f-8cb329318a42.jpg|https://cdn.myfigurelist.com/figure-images/60836a24-be20-31f9-bd18-47160d25ae65/Kikou-Kai-Galient-Part3-Tetsu-no-Monshou-Tetsukyojin-Robot-Spirits-Robot-Spirits-ltSide-PBgt_84b7e927-ad50-3ded-8200-b0da6b9810c1.jpg|https://cdn.myfigurelist.com/figure-images/60836a24-be20-31f9-bd18-47160d25ae65/Kikou-Kai-Galient-Part3-Tetsu-no-Monshou-Tetsukyojin-Robot-Spirits-Robot-Spirits-ltSide-PBgt_4cd11c41-747c-3f91-b5ea-899813bb6fe9.jpg,[],,,,0,0,2026-09-27T02:22:51.969549Z,1.0,"[""csv""]"
33927,MyFigureList,https://myfigurelist.com/figure/33927/Kantai-Collection-Kan-Colle-Musashi-AGP,Kantai Collection ~Kan Colle~ - Musashi - A.G.P.,,,Bandai,Scale Figure,2015-10-30,Non-Scale,,14,,https://cdn.myfigurelist.com/figure-images/46f3ed2b-7943-3915-b1ef-088ac9a8b031/Kantai-Collection-Kan-Colle-Musashi-AGP_e507f157-0473-395c-beee-5ea049aff983.jpg|https://cdn.myfigurelist.com/figure-images/46f3ed2b-7943-3915-b1ef-088ac9a8b031/Kantai-Collection-Kan-Colle-Musashi-AGP_366fa99f-cf52-30cc-93e1-4d6d46318987.jpg|https://cdn.myfigurelist.com/figure-images/46f3ed2b-7943-3915-b1ef-088ac9a8b031/Kantai-Collection-Kan-Colle-Musashi-AGP_259ad813-67ef-3e8a-8a71-bb77423c6c19.jpg|https://cdn.myfigurelist.com/figure-images/46f3ed2b-7943-3915-b1ef-088ac9a8b031/Kantai-Collection-Kan-Colle-Musashi-AGP_9c5cacf8-c3ac-30ab-b77e-cba80d1f5aad.jpg|https://cdn.myfigurelist.com/figure-images/46f3ed2b-7943-3915-b1ef-088ac9a8b031/Kantai-Collection-Kan-Colle-Musashi-AGP_f92f221a-3b24-3f31-823e-62b1568fc02e.jpg|https://cdn.myfigurelist.com/figure-images/46f3ed2b-7943-3915-b1ef-088ac9a8b031/Kantai-Collection-Kan-Colle-Musashi-AGP_eee06e83-c84f-3174-ae94-48423acbe636.jpg|https://cdn.myfigurelist.com/figure-images/46f3ed2b-7943-3915-b1ef-088ac9a8b031/Kantai-Collection-Kan-Colle-Musashi-AGP_c346bdf8-63b6-3f5f-b035-c3f0ad0ae6f2.jpg|https://cdn.myfigurelist.com/figure-images/46f3ed2b-7943-3915-b1ef-088ac9a8b031/Kantai-Collection-Kan-Colle-Musashi-AGP_6ad6f252-1ce4-3cb3-954f-2d0e81d0c4cd.jpg|https://cdn.myfigurelist.com/figure-images/46f3ed2b-7943-3915-b1ef-088ac9a8b031/Kantai-Collection-Kan-Colle-Musashi-AGP_ea0016e9-ea18-3d69-93e1-cbcd68f9c9ad.jpg|https://cdn.myfigurelist.com/figure-images/46f3ed2b-7943-3915-b1ef-088ac9a8b031/Kantai-Collection-Kan-Colle-Musashi-AGP_4e806886-fcfd-3466-bc0e-a5aee542edb3.jpg|https://cdn.myfigurelist.com/figure-images/46f3ed2b-7943-3915-b1ef-088ac9a8b031/Kantai-Collection-Kan-Colle-Musashi-AGP_97b16043-ff5f-3778-b403-c32e532ead0d.jpg|https://cdn.myfigurelist.com/figure-images/46f3ed2b-7943-3915-b1ef-088ac9a8b031/Kantai-Collection-Kan-Colle-Musashi-AGP_4cc55ae2-7051-3128-9111-32cf0089337b.jpg,[],12037,12037,12037,0,1,2026-09-27T02:22:53.229689Z,1.0,"[""csv""]"
8951,MyFigureList,https://myfigurelist.com/figure/8951/Figuarts-ZERO-ONE-PIECE-Caesar-Clown,Figuarts ZERO - ONE PIECE: Caesar Clown,,,Bandai,Scale Figure,2013-05-01,Non-Scale,,18,,https://cdn.myfigurelist.com/figure-images/4543112811059/Figuarts-ZERO-ONE-PIECE-Caesar-Clown_544768b9-bafd-498e-b572-85b0f9abd0fb.jpg|https://cdn.myfigurelist.com/figure-images/4543112811059/Figuarts-ZERO-ONE-PIECE-Caesar-Clown_2ac5318d-1510-4a41-b204-69bb7f29601f.jpg|https://cdn.myfigurelist.com/figure-images/4543112811059/Figuarts-ZERO-ONE-PIECE-Caesar-Clown_3e29e83b-cea8-45bc-a495-73059cac445e.jpg|https://cdn.myfigurelist.com/figure-images/4543112811059/Figuarts-ZERO-ONE-PIECE-Caesar-Clown_dcea43c1-a9a9-43ee-8d70-54e0d899df53.jpg|https://cdn.myfigurelist.com/figure-images/4543112811059/Figuarts-ZERO-ONE-PIECE-Caesar-Clown_ddf76448-7a82-47bd-ab65-2986910fea19.jpg,[],,,,0,0,2026-09-27T02:22:54.451198Z,1.0,"[""csv""]"
62948,MyFigureList,https://myfigurelist.com/figure/62948/Beast-Wars-Returns-Optimus-Primal-Encore,Beast Wars Returns - Optimus Primal - Encore,,,Takara Tomy,Anime Figure,2018-11-01,,,,,https://cdn.myfigurelist.com/figure-images/037e7743-e0a6-37b4-8850-eef95d08d4f7/Beast-Wars-Returns-Optimus-Primal-Encore_f3cf04df-4846-38e0-892c-4418bbeb58ae.jpg|https://cdn.myfigurelist.com/figure-images/037e7743-e0a6-37b4-8850-eef95d08d4f7/Beast-Wars-Returns-Optimus-Primal-Encore_d95ec18c-fd12-3ca2-ad27-0d99ccf9b8e2.jpg|https://cdn.myfigurelist.com/figure-images/037e7743-e0a6-37b4-8850-eef95d08d4f7/Beast-Wars-Returns-Optimus-Primal-Encore_436a4012-e6c8-3615-9d8e-eab0b143eb4a.jpg|https://cdn.myfigurelist.com/figure-images/037e7743-e0a6-37b4-8850-eef95d08d4f7/Beast-Wars-Returns-Optimus-Primal-Encore_c678ae9b-cd81-3956-904a-799279fef194.jpg|https://cdn.myfigurelist.com/figure-images/037e7743-e0a6-37b4-8850-eef95d08d4f7/Beast-Wars-Returns-Optimus-Primal-Encore_121f47b6-bc31-3be6-ad0e-6f9346704044.jpg|https://cdn.myfigurelist.com/figure-images/037e7743-e0a6-37b4-8850-eef95d08d4f7/Beast-Wars-Returns-Optimus-Primal-Encore_70791527-d453-3e6a-a782-3dc3c81ef672.jpg|https://cdn.myfigurelist.com/figure-images/037e7743-e0a6-37b4-8850-eef95d08d4f7/Beast-Wars-Returns-Optimus-Primal-Encore_9ee3d606-029e-34a2-8f8c-e574474a3c91.jpg|https://cdn.myfigurelist.com/figure-images/037e7743-e0a6-37b4-8850-eef95d08d4f7/Beast-Wars-Returns-Optimus-Primal-Encore_cb8a80c7-2363-3763-ac8c-a58f940038ba.jpg|https://cdn.myfigurelist.com/figure-images/037e7743-e0a6-37b4-8850-eef95d08d4f7/Beast-Wars-Returns-Optimus-Primal-Encore_1c5d7510-d304-32aa-b3f2-ad1d7b32daad.jpg,[],,,,0,0,2026-09-27T02:22:55.146915Z,1.0,"[""csv""]"
79931,MyFigureList,https://myfigurelist.com/figure/79931/Gintama-Sakata-Gintoki-Ichiban-Kuji-Ichiban-Kuji-Gintama-Konna-Gin-san-Mitakotonai-,Gintama° - Sakata Gintoki - Ichiban Kuji - Ichiban Kuji Gintama ~Konna Gin-san Mitakotonai (?)~,,,Banpresto,Anime Figure,2017-02-19,,K2b,,,https://cdn.myfigurelist.com/figure-images/46f2a7fd-ffaa-3385-b63b-ce31c90818fc/Gintama-Sakata-Gintoki-Ichiban-Kuji-Ichiban-Kuji-Gintama-Konna-Gin-san-Mitakotonai-_bb385989-1218-3b6c-99b6-9b40251b4df3.jpg|https://cdn.myfigurelist.com/figure-images/46f2a7fd-ffaa-3385-b63b-ce31c90818fc/Gintama-Sakata-Gintoki-Ichiban-Kuji-Ichiban-Kuji-Gintama-Konna-Gin-san-Mitakotonai-_2b8341e7-afe6-30f1-b079-46a2eae4551a.jpg|https://cdn.myfigurelist.com/figure-images/46f2a7fd-ffaa-3385-b63b-ce31c90818fc/Gintama-Sakata-Gintoki-Ichiban-Kuji-Ichiban-Kuji-Gintama-Konna-Gin-san-Mitakotonai-_b6a831e2-92c7-3556-800f-71bf342df4a9.jpg|https://cdn.myfigurelist.com/figure-images/46f2a7fd-ffaa-3385-b63b-ce31c90818fc/Gintama-Sakata-Gintoki-Ichiban-Kuji-Ichiban-Kuji-Gintama-Konna-Gin-san-Mitakotonai-_b0f76443-e72e-3b29-8937-0afdcea68413.jpg|https://cdn.myfigurelist.com/figure-images/46f2a7fd-ffaa-3385-b63b-ce31c90818fc/Gintama-Sakata-Gintoki-Ichiban-Kuji-Ichiban-Kuji-Gintama-Konna-Gin-san-Mitakotonai-_30cf0966-df42-3430-8657-337ceb1c5089.jpg|https://cdn.myfigurelist.com/figure-images/46f2a7fd-ffaa-3385-b63b-ce31c90818fc/Gintama-Sakata-Gintoki-Ichiban-Kuji-Ichiban-Kuji-Gintama-Konna-Gin-san-Mitakotonai-_6360ee36-3219-3d2a-b4bb-edb97ecef28e.jpg|https://cdn.myfigurelist.com/figure-images/46f2a7fd-ffaa-3385-b63b-ce31c90818fc/Gintama-Sakata-Gintoki-Ichiban-Kuji-Ichiban-Kuji-Gintama-Konna-Gin-san-Mitakotonai-_57b16468-8971-3505-a00c-2496600e9426.jpg|https://cdn.myfigurelist.com/figure-images/46f2a7fd-ffaa-3385-b63b-ce31c90818fc/Gintama-Sakata-Gintoki-Ichiban-Kuji-Ichiban-Kuji-Gintama-Konna-Gin-san-Mitakotonai-_8250875b-5948-3d7a-9e0d-3bcddbc3d916.jpg|https://cdn.myfigurelist.com/figure-images/46f2a7fd-ffaa-3385-b63b-ce31c90818fc/Gintama-Sakata-Gintoki-Ichiban-Kuji-Ichiban-Kuji-Gintama-Konna-Gin-san-Mitakotonai-_f03a28b1-0e63-3d33-a4d8-c65f355c7fc3.jpg|https://cdn.myfigurelist.com/figure-images/46f2a7fd-ffaa-3385-b63b-ce31c90818fc/Gintama-Sakata-Gintoki-Ichiban-Kuji-Ichiban-Kuji-Gintama-Konna-Gin-san-Mitakotonai-_45c5c213-13d6-3208-803f-be2a081c3852.jpg|https://cdn.myfigurelist.com/figure-images/46f2a7fd-ffaa-3385-b63b-ce31c90818fc/Gintama-Sakata-Gintoki-Ichiban-Kuji-Ichiban-Kuji-Gintama-Konna-Gin-san-Mitakotonai-_18969547-9bfe-32ad-9e5b-6c607e2fcb60.jpg|https://cdn.myfigurelist.com/figure-images/46f2a7fd-ffaa-3385-b63b-ce31c90818fc/Gintama-Sakata-Gintoki-Ichiban-Kuji-Ichiban-Kuji-Gintama-Konna-Gin-san-Mitakotonai-_8827e964-52ae-35ab-8519-ed16ae3dac1b.jpg|https://cdn.myfigurelist.com/figure-images/46f2a7fd-ffaa-3385-b63b-ce31c90818fc/Gintama-Sakata-Gintoki-Ichiban-Kuji-Ichiban-Kuji-Gintama-Konna-Gin-san-Mitakotonai-_333ec9de-3ddc-35f4-bb79-a4fc26d8dd14.jpg|https://cdn.myfigurelist.com/figure-images/46f2a7fd-ffaa-3385-b63b-ce31c90818fc/Gintama-Sakata-Gintoki-Ichiban-Kuji-Ichiban-Kuji-Gintama-Konna-Gin-san-Mitakotonai-_288b1ba0-a499-3517-a0f8-57ab3cd12b0b.jpg,[],574,574,574,0,1,2026-09-27T02:22:56.459658Z,1.0,"[""csv""]"
37153,MyFigureList,https://myfigurelist.com/figure/37153/The-Lord-of-the-Rings-The-War-of-the-Rohirrim-Hra-SHFiguarts,The Lord of the Rings: The War of the Rohirrim - Hèra - S.H.Figuarts,,,BANDAI SPIRITS,Scale Figure,2025-07-01,Non-Scale,,15,,https://cdn.myfigurelist.com/figure-images/732a4066-2046-3bce-acc3-1be3753f8843/The-Lord-of-the-Rings-The-War-of-the-Rohirrim-Hra-SHFiguarts_2c6f502c-2458-37a9-a4c2-05f80611b2f4.jpg|https://cdn.myfigurelist.com/figure-images/732a4066-2046-3bce-acc3-1be3753f8843/The-Lord-of-the-Rings-The-War-of-the-Rohirrim-Hra-SHFiguarts_bb68bee0-9bd3-3edb-a82b-27ed8f333bf6.jpg|https://cdn.myfigurelist.com/figure-images/732a4066-2046-3bce-acc3-1be3753f8843/The-Lord-of-the-Rings-The-War-of-the-Rohirrim-Hra-SHFiguarts_9a85fa96-7f09-3c4c-b698-0e20c3894e24.jpg|https://cdn.myfigurelist.com/figure-images/732a4066-2046-3bce-acc3-1be3753f8843/The-Lord-of-the-Rings-The-War-of-the-Rohirrim-Hra-SHFiguarts_ed488ef0-2e93-328d-a9ad-29266701a54e.jpg|https://cdn.myfigurelist.com/figure-images/732a4066-2046-3bce-acc3-1be3753f8843/The-Lord-of-the-Rings-The-War-of-the-Rohirrim-Hra-SHFiguarts_8227f46b-c304-3d59-b4ba-e4b6aa0ea239.jpg|https://cdn.myfigurelist.com/figure-images/732a4066-2046-3bce-acc3-1be3753f8843/The-Lord-of-the-Rings-The-War-of-the-Rohirrim-Hra-SHFiguarts_cad455ca-12ca-3045-8be2-b96494f0e380.jpg|https://cdn.myfigurelist.com/figure-images/732a4066-2046-3bce-acc3-1be3753f8843/The-Lord-of-the-Rings-The-War-of-the-Rohirrim-Hra-SHFiguarts_d0b24703-bd67-366a-9655-478c1754b389.jpg,[],,,,0,0,2026-09-27T02:22:57.115401Z,1.0,"[""csv""]"
16793,MyFigureList,https://myfigurelist.com/figure/16793/THE-IDOLMSTER-SHINY-COLORS-Mano-Sakuragi-Hanakaze-Smiley-ver-1-7-Complete-Figure,THE IDOLM@STER SHINY COLORS Mano Sakuragi Hanakaze Smiley ver. 1/7 Complete Figure,,,Reverse Studio,Scale Figure,2024-05-01,1/7,Kakashi,16,,https://cdn.myfigurelist.com/figure-images/6974992520065/THE-IDOLMSTER-SHINY-COLORS-Mano-Sakuragi-Hanakaze-Smiley-ver-1-7-Complete-Figure_f87ed053-a674-4996-97a0-ff1f0d898a49.jpg|https://cdn.myfigurelist.com/figure-images/6974992520065/THE-IDOLMSTER-SHINY-COLORS-Mano-Sakuragi-Hanakaze-Smiley-ver-1-7-Complete-Figure_f219da5e-4f8f-4bfb-90c6-0d1b7547ccb9.jpg|https://cdn.myfigurelist.com/figure-images/6974992520065/THE-IDOLMSTER-SHINY-COLORS-Mano-Sakuragi-Hanakaze-Smiley-ver-1-7-Complete-Figure_92f5983e-1347-4b6b-b171-01b87e1ede16.jpg|https://cdn.myfigurelist.com/figure-images/6974992520065/THE-IDOLMSTER-SHINY-COLORS-Mano-Sakuragi-Hanakaze-Smiley-ver-1-7-Complete-Figure_29377ad5-1d09-46b5-8b71-1c14265be049.jpg|https://cdn.myfigurelist.com/figure-images/6974992520065/THE-IDOLMSTER-SHINY-COLORS-Mano-Sakuragi-Hanakaze-Smiley-ver-1-7-Complete-Figure_3bc5eefb-5bfe-4acd-b085-a8a1d17a6bf7.jpg|https://cdn.myfigurelist.com/figure-images/6974992520065/THE-IDOLMSTER-SHINY-COLORS-Mano-Sakuragi-Hanakaze-Smiley-ver-1-7-Complete-Figure_a7c3ac0b-852d-4909-9c52-cd5b01bc39d3.jpg|https://cdn.myfigurelist.com/figure-images/6974992520065/THE-IDOLMSTER-SHINY-COLORS-Mano-Sakuragi-Hanakaze-Smiley-ver-1-7-Complete-Figure_94da481e-3982-4b6c-96f8-da8ab32f39a2.jpg|https://cdn.myfigurelist.com/figure-images/6974992520065/THE-IDOLMSTER-SHINY-COLORS-Mano-Sakuragi-Hanakaze-Smiley-ver-1-7-Complete-Figure_b84ee570-e48d-412b-aa6f-3422bf61f6ff.jpg|https://cdn.myfigurelist.com/figure-images/6974992520065/THE-IDOLMSTER-SHINY-COLORS-Mano-Sakuragi-Hanakaze-Smiley-ver-1-7-Complete-Figure_eac02d45-2cc8-4ffd-95c7-9a521b37189d.jpg|https://cdn.myfigurelist.com/figure-images/6974992520065/THE-IDOLMSTER-SHINY-COLORS-Mano-Sakuragi-Hanakaze-Smiley-ver-1-7-Complete-Figure_64a7f14a-cdb1-4f2c-9f87-431082462dca.jpg|https://cdn.myfigurelist.com/figure-images/6974992520065/THE-IDOLMSTER-SHINY-COLORS-Mano-Sakuragi-Hanakaze-Smiley-ver-1-7-Complete-Figure_ee73c344-4456-40d7-a380-2130bb275c02.jpg|https://cdn.myfigurelist.com/figure-images/6974992520065/THE-IDOLMSTER-SHINY-COLORS-Mano-Sakuragi-Hanakaze-Smiley-ver-1-7-Complete-Figure_4164c8f9-fac3-4b23-bf41-d5a9502ad503.jpg,[],,,,0,0,2026-09-27T02:22:59.256805Z,1.0,"[""csv""]"
117411,MyFigureList,https://myfigurelist.com/figure/117411/Eiga-Yes!-Precure-5-GoGo!-Okashi-no-Kuni-no-Happy-Birthday!-Shining-Dream,Eiga Yes! Precure 5 GoGo!: Okashi no Kuni no Happy Birthday! - Shining Dream,,,Tora no Kai,Anime Figure,2014-02-09,,,,,https://cdn.myfigurelist.com/figure-images/e4132591-e14f-35b1-9800-051d69dda2b7/Eiga-Yes!-Precure-5-GoGo!-Okashi-no-Kuni-no-Happy-Birthday!-Shining-Dream_5e630d01-c801-34cc-abfb-6aa1e5d5cfae.jpg,[],10000,10000,10000,0,1,2026-09-27T02:23:00.726763Z,1.0,"[""csv""]"
82105,MyFigureList,https://myfigurelist.com/figure/82105/Gochuumon-wa-Usagi-Desu-ka-Natsu-Megumi,Gochuumon wa Usagi Desu ka? - Natsu Megumi,,,Gomuo,Anime Figure,2016-05-05,,,,,https://cdn.myfigurelist.com/figure-images/53f5bc1b-537d-330f-9b9d-a17645279f60/Gochuumon-wa-Usagi-Desu-ka-Natsu-Megumi_b1aa5f6a-117f-38b3-9d02-139ac6350b0e.jpg|https://cdn.myfigurelist.com/figure-images/53f5bc1b-537d-330f-9b9d-a17645279f60/Gochuumon-wa-Usagi-Desu-ka-Natsu-Megumi_b1ec2efe-447a-3a5f-a364-8e3c3e432a1b.jpg|https://cdn.myfigurelist.com/figure-images/53f5bc1b-537d-330f-9b9d-a17645279f60/Gochuumon-wa-Usagi-Desu-ka-Natsu-Megumi_6af1530a-c631-3b50-986b-ba159f1be0fa.jpg|https://cdn.myfigurelist.com/figure-images/53f5bc1b-537d-330f-9b9d-a17645279f60/Gochuumon-wa-Usagi-Desu-ka-Natsu-Megumi_aa1d1927-5a16-340d-9791-512724e2596a.jpg,[],5000,5000,5000,0,1,2026-09-27T02:23:01.957440Z,1.0,"[""csv""]"
43685,MyFigureList,https://myfigurelist.com/figure/43685/Osho-no-Tsurugi-Nagi-Nagi-1-7-Neo-Figure-Vol2-A-Type,"Osho no Tsurugi - Nagi - Nagi - 1/7 - Neo Figure Vol.2, A Type",,,Giga Pulse,Scale Figure,2013-01-27,1/7,,23,,https://cdn.myfigurelist.com/figure-images/033910d3-2a7e-3eeb-a1b4-1a497f4abdbe/Osho-no-Tsurugi-Nagi-Nagi-1-7-Neo-Figure-Vol2-A-Type_3e88d8d1-23c3-3173-a740-9e7c90e96fb8.jpg,[],,,,0,0,2026-09-27T02:23:02.662182Z,1.0,"[""csv""]"
62782,MyFigureList,https://myfigurelist.com/figure/62782/Kantai-Collection-KanColle-Tenryuu-1-10,Kantai Collection ~KanColle~ - Tenryuu - 1/10,,,Dramaturgy,Scale Figure,2015-07-26,1/10,,,,https://cdn.myfigurelist.com/figure-images/02ce0fe7-439a-3894-ac22-fea146c0d1ff/Kantai-Collection-KanColle-Tenryuu-1-10_d25766f2-3f7e-3e44-beb4-4af59bb358fa.jpg,[],5000,5000,5000,0,1,2026-09-27T02:23:03.786690Z,1.0,"[""csv""]"
84013,MyFigureList,https://myfigurelist.com/figure/84013/Marvel-Super-Heroes-Spider-Man-Real-Action-Heroes-246-1-6-Comic-Book-Version,Marvel Super-Heroes - Spider-Man - Real Action Heroes  (246) - 1/6 - Comic Book Version,,,Medicom Toy,Scale Figure,2005-10-01,1/6,Sawada Keisuke,30,,https://cdn.myfigurelist.com/figure-images/571f3a16-ec38-335b-b01d-3bd2e23a54ba/Marvel-Super-Heroes-Spider-Man-Real-Action-Heroes-246-1-6-Comic-Book-Version_da75878e-008a-3f41-a2d1-118548efb97b.jpg|https://cdn.myfigurelist.com/figure-images/571f3a16-ec38-335b-b01d-3bd2e23a54ba/Marvel-Super-Heroes-Spider-Man-Real-Action-Heroes-246-1-6-Comic-Book-Version_b2eefc17-5309-310b-af08-8d513e62e480.jpg|https://cdn.myfigurelist.com/figure-images/571f3a16-ec38-335b-b01d-3bd2e23a54ba/Marvel-Super-Heroes-Spider-Man-Real-Action-Heroes-246-1-6-Comic-Book-Version_a42b2e87-7a12-341f-a3aa-5dd574151153.jpg|https://cdn.myfigurelist.com/figure-images/571f3a16-ec38-335b-b01d-3bd2e23a54ba/Marvel-Super-Heroes-Spider-Man-Real-Action-Heroes-246-1-6-Comic-Book-Version_c41bbb0d-a2b6-3394-96bc-d518d4e2b978.jpg|https://cdn.myfigurelist.com/figure-images/571f3a16-ec38-335b-b01d-3bd2e23a54ba/Marvel-Super-Heroes-Spider-Man-Real-Action-Heroes-246-1-6-Comic-Book-Version_2b1e2c3e-3625-3941-852c-458d3424b3f7.jpg|https://cdn.myfigurelist.com/figure-images/571f3a16-ec38-335b-b01d-3bd2e23a54ba/Marvel-Super-Heroes-Spider-Man-Real-Action-Heroes-246-1-6-Comic-Book-Version_121fc13a-1d2b-312c-ad4a-290f44abca91.jpg|https://cdn.myfigurelist.com/figure-images/571f3a16-ec38-335b-b01d-3bd2e23a54ba/Marvel-Super-Heroes-Spider-Man-Real-Action-Heroes-246-1-6-Comic-Book-Version_9c9be094-d50f-3489-80cf-e28ba79d718a.jpg|https://cdn.myfigurelist.com/figure-images/571f3a16-ec38-335b-b01d-3bd2e23a54ba/Marvel-Super-Heroes-Spider-Man-Real-Action-Heroes-246-1-6-Comic-Book-Version_5b14632c-a1ff-3b7f-96e4-071dd9003c3c.jpg|https://cdn.myfigurelist.com/figure-images/571f3a16-ec38-335b-b01d-3bd2e23a54ba/Marvel-Super-Heroes-Spider-Man-Real-Action-Heroes-246-1-6-Comic-Book-Version_c87c08a9-1c6f-313f-a074-6dac469beb99.jpg,[],16800,16800,16800,0,1,2026-09-27T02:23:04.900473Z,1.0,"[""csv""]"
2798,MyFigureList,https://myfigurelist.com/figure/2798/LookUp-Lycoris-Recoil-Takina-Inoue-Complete-Figure,LookUp Lycoris Recoil Takina Inoue Complete Figure,,,MegaHouse,Scale Figure,2023-11-01,Non-Scale,,11,,https://cdn.myfigurelist.com/figure-images/4535123835766/LookUp-Lycoris-Recoil-Takina-Inoue-Complete-Figure_4f3763ba-8716-4b54-89aa-989d63ed6e7b.jpg|https://cdn.myfigurelist.com/figure-images/4535123835766/LookUp-Lycoris-Recoil-Takina-Inoue-Complete-Figure_9a92be2f-f122-4e24-a7fe-782714428833.jpg|https://cdn.myfigurelist.com/figure-images/4535123835766/LookUp-Lycoris-Recoil-Takina-Inoue-Complete-Figure_ab28cb1f-0712-440f-aee4-27edc1bc614d.jpg|https://cdn.myfigurelist.com/figure-images/4535123835766/LookUp-Lycoris-Recoil-Takina-Inoue-Complete-Figure_6c9a6497-1b3f-41dd-908b-16fba1e0e3ea.jpg|https://cdn.myfigurelist.com/figure-images/4535123835766/LookUp-Lycoris-Recoil-Takina-Inoue-Complete-Figure_cc4e4232-430c-4fc7-ae12-7158fd37f43f.jpg|https://cdn.myfigurelist.com/figure-images/4535123835766/LookUp-Lycoris-Recoil-Takina-Inoue-Complete-Figure_396f0d8d-f959-4daf-8ce2-376caf2bbcd0.jpg,[],,,,0,0,2026-09-27T02:23:05.545786Z,1.0,"[""csv""]"
97878,MyFigureList,https://myfigurelist.com/figure/97878/Gekijouban-Chainsaw-Man-Reze-Hen-Chainsaw-Man-Noir-Edge-Collection,Gekijouban Chainsaw Man: Reze Hen - Chainsaw Man - Noir Edge Collection,,,BANDAI SPIRITS,Anime Figure,2026-04-08,,,18,,https://cdn.myfigurelist.com/figure-images/94482b85-1288-31f7-8cca-e18ef0fe0abe/Gekijouban-Chainsaw-Man-Reze-Hen-Chainsaw-Man-Noir-Edge-Collection_d03a8d49-68ae-3eb5-b8c4-600ca3dc5911.jpg|https://cdn.myfigurelist.com/figure-images/94482b85-1288-31f7-8cca-e18ef0fe0abe/Gekijouban-Chainsaw-Man-Reze-Hen-Chainsaw-Man-Noir-Edge-Collection_275419fe-ccbc-3bc7-b4ca-388c7ad71226.jpg|https://cdn.myfigurelist.com/figure-images/94482b85-1288-31f7-8cca-e18ef0fe0abe/Gekijouban-Chainsaw-Man-Reze-Hen-Chainsaw-Man-Noir-Edge-Collection_ab8a824c-ecc1-3514-a553-1081e2a39d64.jpg,[],,,,0,0,2026-09-27T02:23:06.629149Z,1.0,"[""csv""]"
3407,MyFigureList,https://myfigurelist.com/figure/3407/Is-the-order-a-rabbit-Chino-Cheerleader-Ver-1-7-Complete-Figure,Is the order a rabbit?? - Chino Cheerleader Ver. 1/7 Complete Figure,,,Chara-ani,Scale Figure,2018-06-01,1/7,Yukky,21,,https://cdn.myfigurelist.com/figure-images/4546098083205/Is-the-order-a-rabbit-Chino-Cheerleader-Ver-1-7-Complete-Figure_2e9f53dd-7702-4734-8080-ea3e8bd023ed.jpg|https://cdn.myfigurelist.com/figure-images/4546098083205/Is-the-order-a-rabbit-Chino-Cheerleader-Ver-1-7-Complete-Figure_bee4d090-3ae1-4be1-8771-ff64bc709e88.jpg|https://cdn.myfigurelist.com/figure-images/4546098083205/Is-the-order-a-rabbit-Chino-Cheerleader-Ver-1-7-Complete-Figure_04298dae-d681-435b-bc7c-aa21576c5230.jpg|https://cdn.myfigurelist.com/figure-images/4546098083205/Is-the-order-a-rabbit-Chino-Cheerleader-Ver-1-7-Complete-Figure_453fd8f0-e2a5-4bbb-b807-8283444ddda4.jpg|https://cdn.myfigurelist.com/figure-images/4546098083205/Is-the-order-a-rabbit-Chino-Cheerleader-Ver-1-7-Complete-Figure_838cee2e-551b-41ac-aa7a-006ea763bcbe.jpg|https://cdn.myfigurelist.com/figure-images/4546098083205/Is-the-order-a-rabbit-Chino-Cheerleader-Ver-1-7-Complete-Figure_f6652826-67ac-4d0f-98ce-0499a58254f0.jpg|https://cdn.myfigurelist.com/figure-images/4546098083205/Is-the-order-a-rabbit-Chino-Cheerleader-Ver-1-7-Complete-Figure_a17942a8-1d65-4bac-8673-b31a9a55a793.jpg|https://cdn.myfigurelist.com/figure-images/4546098083205/Is-the-order-a-rabbit-Chino-Cheerleader-Ver-1-7-Complete-Figure_6dbcf8cd-bc40-4d1d-8852-03a9723ba149.jpg|https://cdn.myfigurelist.com/figure-images/4546098083205/Is-the-order-a-rabbit-Chino-Cheerleader-Ver-1-7-Complete-Figure_9387e33a-03b5-47e7-b830-19aaadfb3bdf.jpg|https://cdn.myfigurelist.com/figure-images/4546098083205/Is-the-order-a-rabbit-Chino-Cheerleader-Ver-1-7-Complete-Figure_763e4e39-9436-4e53-91a1-37aa76b61c26.jpg|https://cdn.myfigurelist.com/figure-images/4546098083205/Is-the-order-a-rabbit-Chino-Cheerleader-Ver-1-7-Complete-Figure_b5adb967-7413-42b6-9f7a-a4fdf56193d2.jpg|https://cdn.myfigurelist.com/figure-images/4546098083205/Is-the-order-a-rabbit-Chino-Cheerleader-Ver-1-7-Complete-Figure_d22e89e7-d3df-4208-932e-37235ab38cd2.jpg,[],,,,0,0,2026-09-27T02:23:07.576312Z,1.0,"[""csv""]"
118134,MyFigureList,https://myfigurelist.com/figure/118134/Kamen-Rider-Amazons-Kamen-Rider-Amazon-Alpha-Rider-Hero-Series-EX,Kamen Rider Amazons - Kamen Rider Amazon Alpha - Rider Hero Series  (EX),,,Bandai,Anime Figure,2016-09-01,,,,,https://cdn.myfigurelist.com/figure-images/e789d495-b5b8-37ac-90fc-b50813a02983/Kamen-Rider-Amazons-Kamen-Rider-Amazon-Alpha-Rider-Hero-Series-EX_35bfb449-707f-35ec-86b9-3b2eceb26140.jpg|https://cdn.myfigurelist.com/figure-images/e789d495-b5b8-37ac-90fc-b50813a02983/Kamen-Rider-Amazons-Kamen-Rider-Amazon-Alpha-Rider-Hero-Series-EX_3f2cce34-ec8b-3855-a774-89c03e450a42.jpg|https://cdn.myfigurelist.com/figure-images/e789d495-b5b8-37ac-90fc-b50813a02983/Kamen-Rider-Amazons-Kamen-Rider-Amazon-Alpha-Rider-Hero-Series-EX_20ea2ec9-a166-39c6-b53c-850b2b9f7390.jpg,[],3500,3500,3500,0,1,2026-09-27T02:23:08.599826Z,1.0,"[""csv""]"
118133,MyFigureList,https://myfigurelist.com/figure/118133/Clockwork-Planet-AnchoR,Clockwork Planet - AnchoR,,,Machen,Anime Figure,2014-07-27,,,,,https://cdn.myfigurelist.com/figure-images/e79033d2-18c9-329b-9cf8-e43f90d7874a/Clockwork-Planet-AnchoR_ce1f4a2d-16fc-3fee-86f7-455368e90e93.jpg,[],10000,10000,10000,0,1,2026-09-27T02:23:09.749840Z,1.0,"[""csv""]"
118139,MyFigureList,https://myfigurelist.com/figure/118139/Code-Geass-Hangyaku-no-Lelouch-Sumeragi-Kaguya-Ichiban-Kuji-Premium-Ichiban-Kuji-Premium-Code-Geass-Code-Black-in-Ashford-Kyun-Chara,Code Geass - Hangyaku no Lelouch - Sumeragi Kaguya - Ichiban Kuji Premium - Ichiban Kuji Premium Code Geass Code Black in Ashford - Kyun-Chara,,,Banpresto,Anime Figure,2013-06-29,,Toytec,10,,https://cdn.myfigurelist.com/figure-images/e78ac470-3ca9-3188-b97b-c773719c1815/Code-Geass-Hangyaku-no-Lelouch-Sumeragi-Kaguya-Ichiban-Kuji-Premium-Ichiban-Kuji-Premium-Code-Geass-Code-Black-in-Ashford-Kyun-Chara_08b20a12-f97c-377b-b056-bf6fc43a4ffa.jpg,[],762,762,762,0,1,2026-09-27T02:23:18.916948Z,1.0,"[""csv""]"
105697,MyFigureList,https://myfigurelist.com/figure/105697/Black-Jack-Pinoko-1-7-Nurse,Black Jack - Pinoko - 1/7 - Nurse,,,Wondersmith,Scale Figure,2026-02-08,1/7,Vane,15,,https://cdn.myfigurelist.com/figure-images/b43ea0f1-97cf-3dec-9f3a-7da24dd9154f/Black-Jack-Pinoko-1-7-Nurse_e27e71a4-268f-35d8-b45a-e6d46e8729c4.jpg,[],10000,10000,10000,0,1,2026-09-27T02:23:21.399211Z,1.0,"[""csv""]"
48402,MyFigureList,https://myfigurelist.com/figure/48402/Walkure-Romanze-Shoujo-Kishi-Monogatari-Celia-Cumani-Aintree-1-6-Gym-ClassPool-Arc-White-Swimsuit-ver,"Walkure Romanze: Shoujo Kishi Monogatari - Celia Cumani Aintree - 1/6 - Gym Class(Pool Arc), White Swimsuit ver.",,,Q-six,Scale Figure,2016-01-15,1/6,Kawasaki Kazushi,28,,https://cdn.myfigurelist.com/figure-images/c4edc61f-e61f-37a7-a604-43adfadde7fa/Walkure-Romanze-Shoujo-Kishi-Monogatari-Celia-Cumani-Aintree-1-6-Gym-ClassPool-Arc-White-Swimsuit-ver_afeccf70-01b5-3e01-adee-72fcd38dd66f.jpg|https://cdn.myfigurelist.com/figure-images/c4edc61f-e61f-37a7-a604-43adfadde7fa/Walkure-Romanze-Shoujo-Kishi-Monogatari-Celia-Cumani-Aintree-1-6-Gym-ClassPool-Arc-White-Swimsuit-ver_1c2a17d4-b741-3a19-9257-d42f6dcfdd7c.jpg|https://cdn.myfigurelist.com/figure-images/c4edc61f-e61f-37a7-a604-43adfadde7fa/Walkure-Romanze-Shoujo-Kishi-Monogatari-Celia-Cumani-Aintree-1-6-Gym-ClassPool-Arc-White-Swimsuit-ver_fed0a479-4aeb-35f5-95b6-7e27b628ba7b.jpg|https://cdn.myfigurelist.com/figure-images/c4edc61f-e61f-37a7-a604-43adfadde7fa/Walkure-Romanze-Shoujo-Kishi-Monogatari-Celia-Cumani-Aintree-1-6-Gym-ClassPool-Arc-White-Swimsuit-ver_383021cd-cec0-3a3a-a597-b272ff58de41.jpg|https://cdn.myfigurelist.com/figure-images/c4edc61f-e61f-37a7-a604-43adfadde7fa/Walkure-Romanze-Shoujo-Kishi-Monogatari-Celia-Cumani-Aintree-1-6-Gym-ClassPool-Arc-White-Swimsuit-ver_013bcf81-bca1-302a-bfae-d81de2d52f01.jpg|https://cdn.myfigurelist.com/figure-images/c4edc61f-e61f-37a7-a604-43adfadde7fa/Walkure-Romanze-Shoujo-Kishi-Monogatari-Celia-Cumani-Aintree-1-6-Gym-ClassPool-Arc-White-Swimsuit-ver_7170f8ac-28da-36ef-b1bb-af0f99ca4a8e.jpg|https://cdn.myfigurelist.com/figure-images/c4edc61f-e61f-37a7-a604-43adfadde7fa/Walkure-Romanze-Shoujo-Kishi-Monogatari-Celia-Cumani-Aintree-1-6-Gym-ClassPool-Arc-White-Swimsuit-ver_081407e2-c074-31b2-b93e-2afcd6d8e7ba.jpg|https://cdn.myfigurelist.com/figure-images/c4edc61f-e61f-37a7-a604-43adfadde7fa/Walkure-Romanze-Shoujo-Kishi-Monogatari-Celia-Cumani-Aintree-1-6-Gym-ClassPool-Arc-White-Swimsuit-ver_36ecfbae-a482-33c2-b1a4-6afab3dde2c8.jpg|https://cdn.myfigurelist.com/figure-images/c4edc61f-e61f-37a7-a604-43adfadde7fa/Walkure-Romanze-Shoujo-Kishi-Monogatari-Celia-Cumani-Aintree-1-6-Gym-ClassPool-Arc-White-Swimsuit-ver_27a132d2-bfcd-383c-9f78-b802e9c280ff.jpg|https://cdn.myfigurelist.com/figure-images/c4edc61f-e61f-37a7-a604-43adfadde7fa/Walkure-Romanze-Shoujo-Kishi-Monogatari-Celia-Cumani-Aintree-1-6-Gym-ClassPool-Arc-White-Swimsuit-ver_7bd2882a-f71e-38c6-96f0-6a183e012abd.jpg|https://cdn.myfigurelist.com/figure-images/c4edc61f-e61f-37a7-a604-43adfadde7fa/Walkure-Romanze-Shoujo-Kishi-Monogatari-Celia-Cumani-Aintree-1-6-Gym-ClassPool-Arc-White-Swimsuit-ver_cda08480-604c-301f-9301-65a27986e4e9.jpg|https://cdn.myfigurelist.com/figure-images/c4edc61f-e61f-37a7-a604-43adfadde7fa/Walkure-Romanze-Shoujo-Kishi-Monogatari-Celia-Cumani-Aintree-1-6-Gym-ClassPool-Arc-White-Swimsuit-ver_a53e6934-4f0a-3459-a1ac-384ff9c14416.jpg,[],,,,0,0,2026-09-27T02:23:22.046278Z,1.0,"[""csv""]"
37053,MyFigureList,https://myfigurelist.com/figure/37053/Azumanga-Daioh-Sakaki-1-7-Swimsuit-Ver,Azumanga Daioh - Sakaki - 1/7 - Swimsuit Ver.,,,Megatech Body,Scale Figure,2005-12-23,1/7,,23,,https://cdn.myfigurelist.com/figure-images/571fb5c9-40da-348a-a7b7-bf14596e41cf/Azumanga-Daioh-Sakaki-1-7-Swimsuit-Ver_06942af3-5627-30b3-999c-b9231353a0d8.jpg,[],7000,7000,7000,0,1,2026-09-27T02:23:22.733311Z,1.0,"[""csv""]"
121912,MyFigureList,https://myfigurelist.com/figure/121912/Sanrio-Characters-Kuromi-LOL-Loves-Hello-Kitty-And-Friends-LOL-Surprise!-Kuromi-QT,Sanrio Characters - Kuromi - L.O.L. Loves Hello Kitty And Friends - L.O.L. Surprise! - Kuromi QT,,,MGA Entertainment,Anime Figure,2025-01-01,,,,,https://cdn.myfigurelist.com/figure-images/f88cec92-0496-3c6f-9fad-b4d10db01e6b/Sanrio-Characters-Kuromi-LOL-Loves-Hello-Kitty-And-Friends-LOL-Surprise!-Kuromi-QT_a49fe113-5075-3ec1-9d9a-2818b22f812c.jpg,[],2039,2039,2039,0,1,2026-09-27T02:23:23.864359Z,1.0,"[""csv""]"
125091,MyFigureList,https://myfigurelist.com/figure/125091/Super-Robot-Lifeform-Transformers-Legend-of-the-Microns-Megatron-S-Leader-Class-Transformers-Legacy-TL-87-Transformers-Legacy-United,Super Robot Lifeform Transformers: Legend of the Microns - Megatron S - Leader Class - Transformers Legacy  (TL-87) - Transformers Legacy United,,,,Anime Figure,2025-02-01,,,,,https://cdn.myfigurelist.com/figure-images/f1df647a-5dac-36c3-aa95-392eed441d21/Super-Robot-Lifeform-Transformers-Legend-of-the-Microns-Megatron-S-Leader-Class-Transformers-Legacy-TL-87-Transformers-Legacy-United_e7a14ace-d0d3-353c-a135-49c2afeb12ce.jpg,[],,,,0,0,2026-09-27T02:23:25.803248Z,1.0,"[""csv""]"
700,MyFigureList,https://myfigurelist.com/figure/700/Nendoroid-Touken-Ranbu-Online-Doudanuki-Masakuni,Nendoroid - Touken Ranbu Online: Doudanuki Masakuni,,,Orange Rouge,Scale Figure,2016-07-01,Non-Scale,Katanashi,10,,https://cdn.myfigurelist.com/figure-images/4580416901093/Nendoroid-Touken-Ranbu-Online-Doudanuki-Masakuni_9ea4789f-4201-4f84-bbff-cd5c7af2cf07.jpg|https://cdn.myfigurelist.com/figure-images/4580416901093/Nendoroid-Touken-Ranbu-Online-Doudanuki-Masakuni_76900924-9049-416f-a0ae-ef97be112f0c.jpg|https://cdn.myfigurelist.com/figure-images/4580416901093/Nendoroid-Touken-Ranbu-Online-Doudanuki-Masakuni_246fe4ee-b283-4af8-8ea7-f7e3756cbf89.jpg|https://cdn.myfigurelist.com/figure-images/4580416901093/Nendoroid-Touken-Ranbu-Online-Doudanuki-Masakuni_c725d98a-3969-4ea7-b64d-1ee4402831c8.jpg|https://cdn.myfigurelist.com/figure-images/4580416901093/Nendoroid-Touken-Ranbu-Online-Doudanuki-Masakuni_dff87125-4017-40cb-9ddb-d6cfbc66b89d.jpg|https://cdn.myfigurelist.com/figure-images/4580416901093/Nendoroid-Touken-Ranbu-Online-Doudanuki-Masakuni_40014ab2-5328-41ca-bdc5-e8d167b72237.jpg,[],,,,0,0,2026-09-27T02:23:28.531188Z,1.0,"[""csv""]"
125455,MyFigureList,https://myfigurelist.com/figure/125455/Chogokin-Taiyou-no-Tou-Robot-Jr,Chogokin - Taiyou no Tou - Robot Jr.,,,Bandai,Anime Figure,2018-03-17,,,15,,https://cdn.myfigurelist.com/figure-images/e0b954a0-f8f7-32e1-9827-a6542a2c6588/Chogokin-Taiyou-no-Tou-Robot-Jr_a986292a-805f-3a66-bd02-550ec9491104.jpg|https://cdn.myfigurelist.com/figure-images/e0b954a0-f8f7-32e1-9827-a6542a2c6588/Chogokin-Taiyou-no-Tou-Robot-Jr_75f04964-9718-3206-9719-2599debb18c4.jpg|https://cdn.myfigurelist.com/figure-images/e0b954a0-f8f7-32e1-9827-a6542a2c6588/Chogokin-Taiyou-no-Tou-Robot-Jr_b69670b3-53dc-3a50-b2da-92c737b47eb2.jpg|https://cdn.myfigurelist.com/figure-images/e0b954a0-f8f7-32e1-9827-a6542a2c6588/Chogokin-Taiyou-no-Tou-Robot-Jr_b267b552-d459-369b-ac68-14ec52864976.jpg|https://cdn.myfigurelist.com/figure-images/e0b954a0-f8f7-32e1-9827-a6542a2c6588/Chogokin-Taiyou-no-Tou-Robot-Jr_9084a1bd-88ec-367d-b920-e60a9e060950.jpg|https://cdn.myfigurelist.com/figure-images/e0b954a0-f8f7-32e1-9827-a6542a2c6588/Chogokin-Taiyou-no-Tou-Robot-Jr_ed69e20c-d606-34cb-875b-ed49b55de3ca.jpg|https://cdn.myfigurelist.com/figure-images/e0b954a0-f8f7-32e1-9827-a6542a2c6588/Chogokin-Taiyou-no-Tou-Robot-Jr_d1adce61-754f-3c7a-8210-2244fa69aa1c.jpg|https://cdn.myfigurelist.com/figure-images/e0b954a0-f8f7-32e1-9827-a6542a2c6588/Chogokin-Taiyou-no-Tou-Robot-Jr_80d94e17-8857-37b5-8ce1-da9cb344097d.jpg|https://cdn.myfigurelist.com/figure-images/e0b954a0-f8f7-32e1-9827-a6542a2c6588/Chogokin-Taiyou-no-Tou-Robot-Jr_956ad02b-77e6-382f-af05-76dc01c60f41.jpg|https://cdn.myfigurelist.com/figure-images/e0b954a0-f8f7-32e1-9827-a6542a2c6588/Chogokin-Taiyou-no-Tou-Robot-Jr_adb014e0-5aa6-3af2-be95-000ee1657117.jpg|https://cdn.myfigurelist.com/figure-images/e0b954a0-f8f7-32e1-9827-a6542a2c6588/Chogokin-Taiyou-no-Tou-Robot-Jr_bd4dafa7-3420-3860-8443-fdf43c7a26dd.jpg|https://cdn.myfigurelist.com/figure-images/e0b954a0-f8f7-32e1-9827-a6542a2c6588/Chogokin-Taiyou-no-Tou-Robot-Jr_55091800-3e6a-3419-a976-3152a7ec515a.jpg|https://cdn.myfigurelist.com/figure-images/e0b954a0-f8f7-32e1-9827-a6542a2c6588/Chogokin-Taiyou-no-Tou-Robot-Jr_c68b74f9-d848-38e4-af8a-78246a122f2d.jpg|https://cdn.myfigurelist.com/figure-images/e0b954a0-f8f7-32e1-9827-a6542a2c6588/Chogokin-Taiyou-no-Tou-Robot-Jr_9e173172-5d85-34cd-9527-f19fa5df4888.jpg|https://cdn.myfigurelist.com/figure-images/e0b954a0-f8f7-32e1-9827-a6542a2c6588/Chogokin-Taiyou-no-Tou-Robot-Jr_02389265-1225-3e2a-b631-b6534e99032b.jpg|https://cdn.myfigurelist.com/figure-images/e0b954a0-f8f7-32e1-9827-a6542a2c6588/Chogokin-Taiyou-no-Tou-Robot-Jr_eee6e8da-67b8-37c7-8aed-e072aab9cf90.jpg|https://cdn.myfigurelist.com/figure-images/e0b954a0-f8f7-32e1-9827-a6542a2c6588/Chogokin-Taiyou-no-Tou-Robot-Jr_30717e90-cd9c-326e-acda-0ac72de93821.jpg|https://cdn.myfigurelist.com/figure-images/e0b954a0-f8f7-32e1-9827-a6542a2c6588/Chogokin-Taiyou-no-Tou-Robot-Jr_0b4372f2-71d6-3480-915c-b64eb227790a.jpg,[],,,,0,0,2026-09-27T02:23:29.441750Z,1.0,"[""csv""]"
90967,MyFigureList,https://myfigurelist.com/figure/90967/Wonder-Woman-Variant-Static-Arts-Mini,Wonder Woman - Variant Static Arts Mini,,,Square Enix,Anime Figure,2014-09-19,,,15,,https://cdn.myfigurelist.com/figure-images/789c3f11-4121-362f-a647-f9fea80f3ac2/Wonder-Woman-Variant-Static-Arts-Mini_88e34b02-4bb2-3c1a-a618-b0cff229f7da.jpg|https://cdn.myfigurelist.com/figure-images/789c3f11-4121-362f-a647-f9fea80f3ac2/Wonder-Woman-Variant-Static-Arts-Mini_47f40d00-4966-32d6-9d36-7b2103c16f74.jpg|https://cdn.myfigurelist.com/figure-images/789c3f11-4121-362f-a647-f9fea80f3ac2/Wonder-Woman-Variant-Static-Arts-Mini_6bb9b43f-9bce-3155-bc6c-0983e9ebf226.jpg|https://cdn.myfigurelist.com/figure-images/789c3f11-4121-362f-a647-f9fea80f3ac2/Wonder-Woman-Variant-Static-Arts-Mini_6d7811db-1eef-3262-af2c-da904a478d29.jpg,[],,,,0,0,2026-09-27T02:23:30.683739Z,1.0,"[""csv""]"
25671,MyFigureList,https://myfigurelist.com/figure/25671/POP-UP-PARADE-Diablo-IV-Lilith-SP-size-Complete-Figure,POP UP PARADE Diablo IV Lilith SP size Complete Figure,,,Good Smile Company,Scale Figure,2025-10-01,Non-Scale,Hiroaki Nakanishi,21,,https://cdn.myfigurelist.com/figure-images/4580590204676/POP-UP-PARADE-Diablo-IV-Lilith-SP-size-Complete-Figure_2258ce3f-ccec-46ca-a410-4a04ff93a56b.jpg|https://cdn.myfigurelist.com/figure-images/4580590204676/POP-UP-PARADE-Diablo-IV-Lilith-SP-size-Complete-Figure_c5eefb7f-9d76-4ea5-a776-b7dfcc0cfae3.jpg|https://cdn.myfigurelist.com/figure-images/4580590204676/POP-UP-PARADE-Diablo-IV-Lilith-SP-size-Complete-Figure_a6d08fed-fdf7-4a7c-83b6-b026f94331a5.jpg|https://cdn.myfigurelist.com/figure-images/4580590204676/POP-UP-PARADE-Diablo-IV-Lilith-SP-size-Complete-Figure_c9873d44-511d-4e87-bbfb-f771d2430e21.jpg|https://cdn.myfigurelist.com/figure-images/4580590204676/POP-UP-PARADE-Diablo-IV-Lilith-SP-size-Complete-Figure_8d140043-b976-4070-ad71-f5a5ebbdb630.jpg|https://cdn.myfigurelist.com/figure-images/4580590204676/POP-UP-PARADE-Diablo-IV-Lilith-SP-size-Complete-Figure_18dfcab9-f824-4b79-b082-07b7d4dd52f4.jpg|https://cdn.myfigurelist.com/figure-images/4580590204676/POP-UP-PARADE-Diablo-IV-Lilith-SP-size-Complete-Figure_4166e115-2199-41b8-ae89-44a65880ea5b.jpg,[],,,,0,0,2026-09-27T02:23:31.745710Z,1.0,"[""csv""]"
62005,MyFigureList,https://myfigurelist.com/figure/62005/Pokemon-MonColle-Pokemon-Pokopia-Collection-Peakychu,Pokemon MonColle Pokemon Pokopia Collection Peakychu,,,Takara Tomy,Scale Figure,2026-08-01,Non-Scale,,7,,https://cdn.myfigurelist.com/figure-images/5fa07dce-a2a3-4461-95ba-dd137c21a036/Pokemon-MonColle-Pokemon-Pokopia-Collection-Peakychu_f976bcce-9f29-43ef-a74c-d56a15c8ce91.jpg,[],,,,0,0,2026-09-27T02:23:33.709315Z,1.0,"[""csv""]"
63745,MyFigureList,https://myfigurelist.com/figure/63745/Wonder-Woman-2017-Wonder-Woman-Museum-Masterline-Series-MMWW-01-1-3-Training-Costume,Wonder Woman (2017) - Wonder Woman - Museum Masterline Series  (MMWW-01) - 1/3 - Training Costume,,,Prime 1 Studio,Scale Figure,2019-05-20,1/3,,80,,https://cdn.myfigurelist.com/figure-images/06b2f6e2-5d2f-3fba-8ac6-ef51e8fc1f36/Wonder-Woman-2017-Wonder-Woman-Museum-Masterline-Series-MMWW-01-1-3-Training-Costume_f0981dff-3c4f-323c-9ca4-933a32bf173a.jpg|https://cdn.myfigurelist.com/figure-images/06b2f6e2-5d2f-3fba-8ac6-ef51e8fc1f36/Wonder-Woman-2017-Wonder-Woman-Museum-Masterline-Series-MMWW-01-1-3-Training-Costume_4c20458c-1174-3fc0-bb9d-06c8484803f9.jpg|https://cdn.myfigurelist.com/figure-images/06b2f6e2-5d2f-3fba-8ac6-ef51e8fc1f36/Wonder-Woman-2017-Wonder-Woman-Museum-Masterline-Series-MMWW-01-1-3-Training-Costume_f83d0b64-5095-352b-bf45-d61b9998316c.jpg|https://cdn.myfigurelist.com/figure-images/06b2f6e2-5d2f-3fba-8ac6-ef51e8fc1f36/Wonder-Woman-2017-Wonder-Woman-Museum-Masterline-Series-MMWW-01-1-3-Training-Costume_aace8b31-d869-3e85-8204-6d97bb8a5f7c.jpg|https://cdn.myfigurelist.com/figure-images/06b2f6e2-5d2f-3fba-8ac6-ef51e8fc1f36/Wonder-Woman-2017-Wonder-Woman-Museum-Masterline-Series-MMWW-01-1-3-Training-Costume_4eb4c1ca-2300-3cd6-a106-86eb9080636f.jpg|https://cdn.myfigurelist.com/figure-images/06b2f6e2-5d2f-3fba-8ac6-ef51e8fc1f36/Wonder-Woman-2017-Wonder-Woman-Museum-Masterline-Series-MMWW-01-1-3-Training-Costume_8e0c501f-f29c-3f8b-b291-95c6e220423a.jpg|https://cdn.myfigurelist.com/figure-images/06b2f6e2-5d2f-3fba-8ac6-ef51e8fc1f36/Wonder-Woman-2017-Wonder-Woman-Museum-Masterline-Series-MMWW-01-1-3-Training-Costume_4052aea6-8646-303d-b112-bce412321024.jpg|https://cdn.myfigurelist.com/figure-images/06b2f6e2-5d2f-3fba-8ac6-ef51e8fc1f36/Wonder-Woman-2017-Wonder-Woman-Museum-Masterline-Series-MMWW-01-1-3-Training-Costume_22135fcb-79d6-394c-8a60-8d25738ce5e0.jpg|https://cdn.myfigurelist.com/figure-images/06b2f6e2-5d2f-3fba-8ac6-ef51e8fc1f36/Wonder-Woman-2017-Wonder-Woman-Museum-Masterline-Series-MMWW-01-1-3-Training-Costume_192bfd8f-8342-3bf4-81b4-1856e68ed28c.jpg|https://cdn.myfigurelist.com/figure-images/06b2f6e2-5d2f-3fba-8ac6-ef51e8fc1f36/Wonder-Woman-2017-Wonder-Woman-Museum-Masterline-Series-MMWW-01-1-3-Training-Costume_4ae07f10-83e7-35b1-aaab-7c8fe99b0b45.jpg|https://cdn.myfigurelist.com/figure-images/06b2f6e2-5d2f-3fba-8ac6-ef51e8fc1f36/Wonder-Woman-2017-Wonder-Woman-Museum-Masterline-Series-MMWW-01-1-3-Training-Costume_0a9c33e0-b5f4-3a0d-b764-84058b27a23d.jpg|https://cdn.myfigurelist.com/figure-images/06b2f6e2-5d2f-3fba-8ac6-ef51e8fc1f36/Wonder-Woman-2017-Wonder-Woman-Museum-Masterline-Series-MMWW-01-1-3-Training-Costume_36d561cc-14cf-36d2-9340-9f39a8b76e5c.jpg|https://cdn.myfigurelist.com/figure-images/06b2f6e2-5d2f-3fba-8ac6-ef51e8fc1f36/Wonder-Woman-2017-Wonder-Woman-Museum-Masterline-Series-MMWW-01-1-3-Training-Costume_ac5aab4d-41dc-3257-9393-3f6afb4617cf.jpg|https://cdn.myfigurelist.com/figure-images/06b2f6e2-5d2f-3fba-8ac6-ef51e8fc1f36/Wonder-Woman-2017-Wonder-Woman-Museum-Masterline-Series-MMWW-01-1-3-Training-Costume_91da5c27-dd0c-37aa-81b4-bf8318bf64a8.jpg|https://cdn.myfigurelist.com/figure-images/06b2f6e2-5d2f-3fba-8ac6-ef51e8fc1f36/Wonder-Woman-2017-Wonder-Woman-Museum-Masterline-Series-MMWW-01-1-3-Training-Costume_4a4b1fd4-1a96-3065-9db3-18b2f1842d78.jpg|https://cdn.myfigurelist.com/figure-images/06b2f6e2-5d2f-3fba-8ac6-ef51e8fc1f36/Wonder-Woman-2017-Wonder-Woman-Museum-Masterline-Series-MMWW-01-1-3-Training-Costume_9150343f-9c54-3bdf-b28d-8bdbab6a96d0.jpg|https://cdn.myfigurelist.com/figure-images/06b2f6e2-5d2f-3fba-8ac6-ef51e8fc1f36/Wonder-Woman-2017-Wonder-Woman-Museum-Masterline-Series-MMWW-01-1-3-Training-Costume_976b4328-c7b7-3310-bdfb-7814862d3ef5.jpg|https://cdn.myfigurelist.com/figure-images/06b2f6e2-5d2f-3fba-8ac6-ef51e8fc1f36/Wonder-Woman-2017-Wonder-Woman-Museum-Masterline-Series-MMWW-01-1-3-Training-Costume_a2b78a3e-c998-38eb-9d88-79c6b3026942.jpg|https://cdn.myfigurelist.com/figure-images/06b2f6e2-5d2f-3fba-8ac6-ef51e8fc1f36/Wonder-Woman-2017-Wonder-Woman-Museum-Masterline-Series-MMWW-01-1-3-Training-Costume_3077e173-25f4-368c-a63c-08073d5b2c32.jpg|https://cdn.myfigurelist.com/figure-images/06b2f6e2-5d2f-3fba-8ac6-ef51e8fc1f36/Wonder-Woman-2017-Wonder-Woman-Museum-Masterline-Series-MMWW-01-1-3-Training-Costume_1fa12546-bfda-31a1-8b8c-7ce37e506226.jpg|https://cdn.myfigurelist.com/figure-images/06b2f6e2-5d2f-3fba-8ac6-ef51e8fc1f36/Wonder-Woman-2017-Wonder-Woman-Museum-Masterline-Series-MMWW-01-1-3-Training-Costume_b19fed24-6d2b-3eaf-a1b8-3df919ee7579.jpg|https://cdn.myfigurelist.com/figure-images/06b2f6e2-5d2f-3fba-8ac6-ef51e8fc1f36/Wonder-Woman-2017-Wonder-Woman-Museum-Masterline-Series-MMWW-01-1-3-Training-Costume_1c0ffec9-edef-380f-b925-75f125bdb57d.jpg|https://cdn.myfigurelist.com/figure-images/06b2f6e2-5d2f-3fba-8ac6-ef51e8fc1f36/Wonder-Woman-2017-Wonder-Woman-Museum-Masterline-Series-MMWW-01-1-3-Training-Costume_27485a4f-f8be-3065-9df4-dc2fdc34d3c1.jpg|https://cdn.myfigurelist.com/figure-images/06b2f6e2-5d2f-3fba-8ac6-ef51e8fc1f36/Wonder-Woman-2017-Wonder-Woman-Museum-Masterline-Series-MMWW-01-1-3-Training-Costume_ff70e151-5c63-315f-9c89-7092798a6fa3.jpg|https://cdn.myfigurelist.com/figure-images/06b2f6e2-5d2f-3fba-8ac6-ef51e8fc1f36/Wonder-Woman-2017-Wonder-Woman-Museum-Masterline-Series-MMWW-01-1-3-Training-Costume_376b6fc8-b651-37d5-8522-b58e27ba34ed.jpg,[],101900,101900,101900,0,1,2026-09-27T02:23:34.585191Z,1.0,"[""csv""]"
112722,MyFigureList,https://myfigurelist.com/figure/112722/Saint-Seiya-Hades-Myth-Cloth-EX-OCE-Original-Color-Edition,Saint Seiya - Hades - Myth Cloth EX - OCE - Original Color Edition,,,BANDAI SPIRITS,Anime Figure,2024-11-13,,,18,,https://cdn.myfigurelist.com/figure-images/cefa09e9-d963-3ed8-a81c-bf26c8a7b1b0/Saint-Seiya-Hades-Myth-Cloth-EX-OCE-Original-Color-Edition_a1362e3b-4b39-3063-b30f-3a4c731745da.jpg|https://cdn.myfigurelist.com/figure-images/cefa09e9-d963-3ed8-a81c-bf26c8a7b1b0/Saint-Seiya-Hades-Myth-Cloth-EX-OCE-Original-Color-Edition_1f414f71-7d32-3568-ac90-98dcea01651c.jpg|https://cdn.myfigurelist.com/figure-images/cefa09e9-d963-3ed8-a81c-bf26c8a7b1b0/Saint-Seiya-Hades-Myth-Cloth-EX-OCE-Original-Color-Edition_5816060d-347e-3596-9675-2a01adace3e8.jpg|https://cdn.myfigurelist.com/figure-images/cefa09e9-d963-3ed8-a81c-bf26c8a7b1b0/Saint-Seiya-Hades-Myth-Cloth-EX-OCE-Original-Color-Edition_7cc7aaeb-03c1-39be-8df2-a3eb0f14e902.jpg|https://cdn.myfigurelist.com/figure-images/cefa09e9-d963-3ed8-a81c-bf26c8a7b1b0/Saint-Seiya-Hades-Myth-Cloth-EX-OCE-Original-Color-Edition_72716096-19fb-3204-9940-7f1ca25ef94d.jpg|https://cdn.myfigurelist.com/figure-images/cefa09e9-d963-3ed8-a81c-bf26c8a7b1b0/Saint-Seiya-Hades-Myth-Cloth-EX-OCE-Original-Color-Edition_b30cd90f-324a-37e4-9583-d69727f42ee2.jpg|https://cdn.myfigurelist.com/figure-images/cefa09e9-d963-3ed8-a81c-bf26c8a7b1b0/Saint-Seiya-Hades-Myth-Cloth-EX-OCE-Original-Color-Edition_d9c55613-e31a-3330-b131-bd6c3ed3576e.jpg|https://cdn.myfigurelist.com/figure-images/cefa09e9-d963-3ed8-a81c-bf26c8a7b1b0/Saint-Seiya-Hades-Myth-Cloth-EX-OCE-Original-Color-Edition_0544f5c4-0361-37a7-a4ec-627e2d27dcfa.jpg|https://cdn.myfigurelist.com/figure-images/cefa09e9-d963-3ed8-a81c-bf26c8a7b1b0/Saint-Seiya-Hades-Myth-Cloth-EX-OCE-Original-Color-Edition_90ed9ab1-2e3c-34cb-9f32-dbd588494fb0.jpg|https://cdn.myfigurelist.com/figure-images/cefa09e9-d963-3ed8-a81c-bf26c8a7b1b0/Saint-Seiya-Hades-Myth-Cloth-EX-OCE-Original-Color-Edition_6d1f8e57-c47d-386b-adac-564262d76849.jpg|https://cdn.myfigurelist.com/figure-images/cefa09e9-d963-3ed8-a81c-bf26c8a7b1b0/Saint-Seiya-Hades-Myth-Cloth-EX-OCE-Original-Color-Edition_602f501a-dd7e-33e4-ad16-f4cfcf005dd2.jpg,[],22000,22000,22000,0,1,2026-09-27T02:23:35.482904Z,1.0,"[""csv""]"
118144,MyFigureList,https://myfigurelist.com/figure/118144/Gojira-vs-King-Ghidorah-Mecha-King-Ghidorah-Head-Figure-Ichiban-Kuji-Ichiban-Kuji-Gojira-Machine-Chronicle-B-Prize,Gojira vs. King Ghidorah - Mecha King Ghidorah - Head Figure - Ichiban Kuji - Ichiban Kuji Gojira Machine Chronicle  (B Prize),,,BANDAI SPIRITS,Anime Figure,2026-03-13,,,,,https://cdn.myfigurelist.com/figure-images/e7853864-df47-3152-a425-3a33ddc44ec6/Gojira-vs-King-Ghidorah-Mecha-King-Ghidorah-Head-Figure-Ichiban-Kuji-Ichiban-Kuji-Gojira-Machine-Chronicle-B-Prize_a0cb4c86-4893-37c2-b8b8-34df801ae07a.jpg,[],900,900,900,0,1,2026-09-27T02:23:36.265813Z,1.0,"[""csv""]"
109916,MyFigureList,https://myfigurelist.com/figure/109916/Gegege-no-Kitaro-Beako,Gegege no Kitaro - Beako,,,Gijibaji,Anime Figure,2015-05-03,,,,,https://cdn.myfigurelist.com/figure-images/c4edf963-d8bd-391a-9353-2c37d21edbde/Gegege-no-Kitaro-Beako_3f9d422a-daa8-3a06-ae8a-8e8fbce8d06b.jpg,[],4000,4000,4000,0,1,2026-09-27T02:23:37.306223Z,1.0,"[""csv""]"
12005,MyFigureList,https://myfigurelist.com/figure/12005/Nendoroid-InuYasha-Miroku,Nendoroid InuYasha Miroku,,,Good Smile Company,Scale Figure,2022-08-01,Non-Scale,Shichibee,10,,https://cdn.myfigurelist.com/figure-images/4580590126831/Nendoroid-InuYasha-Miroku_e8776610-7e48-4b35-bebd-34f66c1df6a5.jpg|https://cdn.myfigurelist.com/figure-images/4580590126831/Nendoroid-InuYasha-Miroku_0187eb65-5752-4a61-b38d-3dedaf493781.jpg|https://cdn.myfigurelist.com/figure-images/4580590126831/Nendoroid-InuYasha-Miroku_85b3d250-dcef-49cc-9dcd-425aaa4d0e42.jpg|https://cdn.myfigurelist.com/figure-images/4580590126831/Nendoroid-InuYasha-Miroku_be835be4-8bb7-4865-b5f3-386fbb7d7cce.jpg|https://cdn.myfigurelist.com/figure-images/4580590126831/Nendoroid-InuYasha-Miroku_86d6731c-55f5-479a-8065-858937e2bcb1.jpg|https://cdn.myfigurelist.com/figure-images/4580590126831/Nendoroid-InuYasha-Miroku_5a927b37-e7c9-48a0-9b31-130dd937fdb0.jpg,[],,,,0,0,2026-09-27T02:23:38.429770Z,1.0,"[""csv""]"
116568,MyFigureList,https://myfigurelist.com/figure/116568/Petit-Eva-EvangelionSchool-Ayanami-Rei-Ichiban-Kuji-Petit-EVA!-School-Collection-School-Festival-Maid-Cafe,Petit Eva: Evangelion@School - Ayanami Rei - Ichiban Kuji - Petit EVA! @ School Collection ~School Festival Maid Cafe~,,,Banpresto,Anime Figure,2012-08-01,,,,,https://cdn.myfigurelist.com/figure-images/dfbc7c05-c343-3ed2-8392-74db1789a067/Petit-Eva-EvangelionSchool-Ayanami-Rei-Ichiban-Kuji-Petit-EVA!-School-Collection-School-Festival-Maid-Cafe_ddd23de6-1b0e-30e0-87f7-f1fd3e9a85ef.jpg,[],600,600,600,0,1,2026-09-27T02:23:39.762850Z,1.0,"[""csv""]"
93627,MyFigureList,https://myfigurelist.com/figure/93627/Transformers-Go!-Dragotron-G12,Transformers Go! - Dragotron - G12,,,Takara Tomy,Anime Figure,2013-04-27,,,,,https://cdn.myfigurelist.com/figure-images/82ebb979-a5a4-3a60-8dbe-0809e7e37e9b/Transformers-Go!-Dragotron-G12_d14f5841-d037-3450-bfe9-98aff03b43f4.jpg|https://cdn.myfigurelist.com/figure-images/82ebb979-a5a4-3a60-8dbe-0809e7e37e9b/Transformers-Go!-Dragotron-G12_9d3dd455-44e5-326d-8be6-bf8f31787e20.jpg|https://cdn.myfigurelist.com/figure-images/82ebb979-a5a4-3a60-8dbe-0809e7e37e9b/Transformers-Go!-Dragotron-G12_810b2bc1-9365-312b-885f-4e748204d04e.jpg|https://cdn.myfigurelist.com/figure-images/82ebb979-a5a4-3a60-8dbe-0809e7e37e9b/Transformers-Go!-Dragotron-G12_13561522-9b40-3a08-8ac2-ef75d525e5d6.jpg,[],,,,0,0,2026-09-27T02:23:40.587928Z,1.0,"[""csv""]"
81938,MyFigureList,https://myfigurelist.com/figure/81938/Ultraman-Rising-Ultraman-Satou-Kenji-SHFiguarts,Ultraman: Rising - Ultraman (Satou Kenji) - S.H.Figuarts,,,BANDAI SPIRITS,Anime Figure,2024-06-15,,,,,https://cdn.myfigurelist.com/figure-images/53cd2097-12d9-3ba6-a700-5fe0d44d8539/Ultraman-Rising-Ultraman-Satou-Kenji-SHFiguarts_ba3edc34-8202-3d99-a36c-459c048437da.jpg,[],5504,5504,5504,0,1,2026-09-27T02:23:41.405714Z,1.0,"[""csv""]"
10780,MyFigureList,https://myfigurelist.com/figure/10780/PortraitOfPirates-ONE-PIECE-NEO-DX-Hawk-Eye-Dracule-Mihawk-Ver2-1-8-Complete-Figure,"Portrait.Of.Pirates ONE PIECE NEO-DX ""Hawk Eye"" Dracule Mihawk Ver.2 1/8 Complete Figure",,,MegaHouse,Scale Figure,2014-11-01,1/8,Yuuki Ishiyama,25,,https://cdn.myfigurelist.com/figure-images/4535123714733/PortraitOfPirates-ONE-PIECE-NEO-DX-Hawk-Eye-Dracule-Mihawk-Ver2-1-8-Complete-Figure_9aa905c4-30eb-41ca-9c23-ff3b445da472.jpg|https://cdn.myfigurelist.com/figure-images/4535123714733/PortraitOfPirates-ONE-PIECE-NEO-DX-Hawk-Eye-Dracule-Mihawk-Ver2-1-8-Complete-Figure_7b7b8d4e-f1f2-455e-9a52-67e8ca4b901b.jpg|https://cdn.myfigurelist.com/figure-images/4535123714733/PortraitOfPirates-ONE-PIECE-NEO-DX-Hawk-Eye-Dracule-Mihawk-Ver2-1-8-Complete-Figure_c9371453-2bd0-4ba0-bd0f-4273b5393c4f.jpg|https://cdn.myfigurelist.com/figure-images/4535123714733/PortraitOfPirates-ONE-PIECE-NEO-DX-Hawk-Eye-Dracule-Mihawk-Ver2-1-8-Complete-Figure_b1a112ce-f368-46af-a488-e995b19442c6.jpg|https://cdn.myfigurelist.com/figure-images/4535123714733/PortraitOfPirates-ONE-PIECE-NEO-DX-Hawk-Eye-Dracule-Mihawk-Ver2-1-8-Complete-Figure_d6d83eca-f08e-4bb3-b632-aeec64d3de97.jpg|https://cdn.myfigurelist.com/figure-images/4535123714733/PortraitOfPirates-ONE-PIECE-NEO-DX-Hawk-Eye-Dracule-Mihawk-Ver2-1-8-Complete-Figure_c3a57122-bb9b-41bf-b60e-e206fed5c740.jpg|https://cdn.myfigurelist.com/figure-images/4535123714733/PortraitOfPirates-ONE-PIECE-NEO-DX-Hawk-Eye-Dracule-Mihawk-Ver2-1-8-Complete-Figure_c5a25198-eb7e-4574-86f1-1bd986abb5a0.jpg|https://cdn.myfigurelist.com/figure-images/4535123714733/PortraitOfPirates-ONE-PIECE-NEO-DX-Hawk-Eye-Dracule-Mihawk-Ver2-1-8-Complete-Figure_e611abaa-1dfb-4546-9e64-3a26a786ad04.jpg|https://cdn.myfigurelist.com/figure-images/4535123714733/PortraitOfPirates-ONE-PIECE-NEO-DX-Hawk-Eye-Dracule-Mihawk-Ver2-1-8-Complete-Figure_cc133f4d-bcbf-4da1-821b-58ca97d8f446.jpg|https://cdn.myfigurelist.com/figure-images/4535123714733/PortraitOfPirates-ONE-PIECE-NEO-DX-Hawk-Eye-Dracule-Mihawk-Ver2-1-8-Complete-Figure_d6000dad-db3e-4039-9fb5-54a8d9733010.jpg|https://cdn.myfigurelist.com/figure-images/4535123714733/PortraitOfPirates-ONE-PIECE-NEO-DX-Hawk-Eye-Dracule-Mihawk-Ver2-1-8-Complete-Figure_e8f45ad4-e0e0-4924-b205-df446451d88f.jpg,[],,,,0,0,2026-09-27T02:23:46.053785Z,1.0,"[""csv""]"
18718,MyFigureList,https://myfigurelist.com/figure/18718/Huggy-Good-Smile-Cardcaptor-Sakura-Sakura-Kinomoto-Platinum-Ver,Huggy Good Smile Cardcaptor Sakura Sakura Kinomoto Platinum Ver.,,,Good Smile Arts Shanghai,Scale Figure,2024-08-01,Non-Scale,,6,,https://cdn.myfigurelist.com/figure-images/4580590179134/Huggy-Good-Smile-Cardcaptor-Sakura-Sakura-Kinomoto-Platinum-Ver_0e512a40-2216-4a62-9ed2-6fd1813442a5.jpg|https://cdn.myfigurelist.com/figure-images/4580590179134/Huggy-Good-Smile-Cardcaptor-Sakura-Sakura-Kinomoto-Platinum-Ver_61254e41-261e-478a-a106-51a4df40db19.jpg|https://cdn.myfigurelist.com/figure-images/4580590179134/Huggy-Good-Smile-Cardcaptor-Sakura-Sakura-Kinomoto-Platinum-Ver_3978723b-0aee-480d-87c9-7fab3c28101d.jpg|https://cdn.myfigurelist.com/figure-images/4580590179134/Huggy-Good-Smile-Cardcaptor-Sakura-Sakura-Kinomoto-Platinum-Ver_240a1a5e-1f32-422f-805f-aaa72b03ce07.jpg,[],,,,0,0,2026-09-27T02:24:07.422843Z,1.0,"[""csv""]"
43346,MyFigureList,https://myfigurelist.com/figure/43346/Ookami-Yumigami,Ookami - Yumigami,,,Necodamashi no Koubou,Scale Figure,2014-07-27,Non-Scale,,21,,https://cdn.myfigurelist.com/figure-images/0f848037-82f6-319f-9bfa-afb92b67c660/Ookami-Yumigami_bfe0cb2f-9d08-36c9-ad2b-dbdd7a91274a.jpg|https://cdn.myfigurelist.com/figure-images/0f848037-82f6-319f-9bfa-afb92b67c660/Ookami-Yumigami_6d75854f-2593-312f-be17-0cd083487c2b.jpg|https://cdn.myfigurelist.com/figure-images/0f848037-82f6-319f-9bfa-afb92b67c660/Ookami-Yumigami_2eefe017-45e1-3e0c-876c-ba1d2a74f422.jpg|https://cdn.myfigurelist.com/figure-images/0f848037-82f6-319f-9bfa-afb92b67c660/Ookami-Yumigami_6cc11aa7-7fc4-31ca-ad43-d78566f8bc7e.jpg|https://cdn.myfigurelist.com/figure-images/0f848037-82f6-319f-9bfa-afb92b67c660/Ookami-Yumigami_4c1913b4-7a58-395d-8f50-33611a2ec522.jpg|https://cdn.myfigurelist.com/figure-images/0f848037-82f6-319f-9bfa-afb92b67c660/Ookami-Yumigami_0230f604-bac1-31d6-8838-94f241ea81d0.jpg|https://cdn.myfigurelist.com/figure-images/0f848037-82f6-319f-9bfa-afb92b67c660/Ookami-Yumigami_4dd36165-8ba0-343e-a23c-11902fd902f6.jpg,[],4000,4000,4000,0,1,2026-09-27T02:24:08.590223Z,1.0,"[""csv""]"
31093,MyFigureList,https://myfigurelist.com/figure/31093/Ghostblade-Yan-1-6,Ghostblade - Yan - 1/6,,,TriEagles Studio,Scale Figure,2023-08-18,1/6,,42,,https://cdn.myfigurelist.com/figure-images/048c485c-45b1-3a41-8bd1-ca205c108be5/Ghostblade-Yan-1-6_299cae4d-84b6-36e5-a799-e3deaa562dd6.jpg,[],,,,0,0,2026-09-27T02:24:09.372158Z,1.0,"[""csv""]"
51402,MyFigureList,https://myfigurelist.com/figure/51402/Vocaloid-Hatsune-Miku-Rabbit-Yukine-Nendoroid-Doll-Snow-Yukiiro-Pop-Ver,"Vocaloid - Hatsune Miku - Rabbit Yukine - Nendoroid Doll - Snow, Yukiiro Pop Ver.",,,Good Smile Company,Scale Figure,2026-01-01,Non-Scale,Select D,14,,https://cdn.myfigurelist.com/figure-images/7ac3a7ad-08f5-3e40-a834-5f0220c55c8e/Vocaloid-Hatsune-Miku-Rabbit-Yukine-Nendoroid-Doll-Snow-Yukiiro-Pop-Ver_86e15b82-004d-36bf-8be3-e06748cb58b5.jpg|https://cdn.myfigurelist.com/figure-images/7ac3a7ad-08f5-3e40-a834-5f0220c55c8e/Vocaloid-Hatsune-Miku-Rabbit-Yukine-Nendoroid-Doll-Snow-Yukiiro-Pop-Ver_2f4cf022-c491-3b26-8940-8209c479efa8.jpg|https://cdn.myfigurelist.com/figure-images/7ac3a7ad-08f5-3e40-a834-5f0220c55c8e/Vocaloid-Hatsune-Miku-Rabbit-Yukine-Nendoroid-Doll-Snow-Yukiiro-Pop-Ver_c560ba77-2ebd-3265-bfc2-46ac1eca6694.jpg|https://cdn.myfigurelist.com/figure-images/7ac3a7ad-08f5-3e40-a834-5f0220c55c8e/Vocaloid-Hatsune-Miku-Rabbit-Yukine-Nendoroid-Doll-Snow-Yukiiro-Pop-Ver_db29e448-82ae-3c4f-bf2e-2e311a967e28.jpg|https://cdn.myfigurelist.com/figure-images/7ac3a7ad-08f5-3e40-a834-5f0220c55c8e/Vocaloid-Hatsune-Miku-Rabbit-Yukine-Nendoroid-Doll-Snow-Yukiiro-Pop-Ver_555e6497-88d1-34b6-abcf-d8a3038cf611.jpg|https://cdn.myfigurelist.com/figure-images/7ac3a7ad-08f5-3e40-a834-5f0220c55c8e/Vocaloid-Hatsune-Miku-Rabbit-Yukine-Nendoroid-Doll-Snow-Yukiiro-Pop-Ver_a2932a5e-e6ed-3fce-9c3a-ffb4cd16241b.jpg|https://cdn.myfigurelist.com/figure-images/7ac3a7ad-08f5-3e40-a834-5f0220c55c8e/Vocaloid-Hatsune-Miku-Rabbit-Yukine-Nendoroid-Doll-Snow-Yukiiro-Pop-Ver_6192994f-705b-34cc-bfd6-fe8c916a6972.jpg|https://cdn.myfigurelist.com/figure-images/7ac3a7ad-08f5-3e40-a834-5f0220c55c8e/Vocaloid-Hatsune-Miku-Rabbit-Yukine-Nendoroid-Doll-Snow-Yukiiro-Pop-Ver_908e2803-1e18-3d1b-896f-6c07c239c564.jpg|https://cdn.myfigurelist.com/figure-images/7ac3a7ad-08f5-3e40-a834-5f0220c55c8e/Vocaloid-Hatsune-Miku-Rabbit-Yukine-Nendoroid-Doll-Snow-Yukiiro-Pop-Ver_aea6f186-245f-3681-b2eb-b77f2b772f68.jpg|https://cdn.myfigurelist.com/figure-images/7ac3a7ad-08f5-3e40-a834-5f0220c55c8e/Vocaloid-Hatsune-Miku-Rabbit-Yukine-Nendoroid-Doll-Snow-Yukiiro-Pop-Ver_e263ab9b-a16a-3128-952f-1584f9014a89.jpg|https://cdn.myfigurelist.com/figure-images/7ac3a7ad-08f5-3e40-a834-5f0220c55c8e/Vocaloid-Hatsune-Miku-Rabbit-Yukine-Nendoroid-Doll-Snow-Yukiiro-Pop-Ver_82990683-55a4-3035-96a0-b301f50d73b3.jpg|https://cdn.myfigurelist.com/figure-images/7ac3a7ad-08f5-3e40-a834-5f0220c55c8e/Vocaloid-Hatsune-Miku-Rabbit-Yukine-Nendoroid-Doll-Snow-Yukiiro-Pop-Ver_56eebfaa-5752-3208-a4df-86da55bf4cbf.jpg|https://cdn.myfigurelist.com/figure-images/7ac3a7ad-08f5-3e40-a834-5f0220c55c8e/Vocaloid-Hatsune-Miku-Rabbit-Yukine-Nendoroid-Doll-Snow-Yukiiro-Pop-Ver_f481e852-c286-3343-930b-ecbf097a1557.jpg|https://cdn.myfigurelist.com/figure-images/7ac3a7ad-08f5-3e40-a834-5f0220c55c8e/Vocaloid-Hatsune-Miku-Rabbit-Yukine-Nendoroid-Doll-Snow-Yukiiro-Pop-Ver_ee64024e-65aa-35b2-92c4-7678277f70d3.jpg|https://cdn.myfigurelist.com/figure-images/7ac3a7ad-08f5-3e40-a834-5f0220c55c8e/Vocaloid-Hatsune-Miku-Rabbit-Yukine-Nendoroid-Doll-Snow-Yukiiro-Pop-Ver_60e782b0-0c2e-39ae-9a00-b7f3ec495541.jpg,[],,,,0,0,2026-09-27T02:24:11.118919Z,1.0,"[""csv""]"
51410,MyFigureList,https://myfigurelist.com/figure/51410/One-Piece-Trafalgar-Law-Ichiban-Kuji-Ichiban-Kuji-One-Piece-The-Unbreakable-Law-E-Prize-Masterlise-Change-Ver,One Piece - Trafalgar Law - Ichiban Kuji - Ichiban Kuji One Piece The Unbreakable Law  (E Prize) - Masterlise - Change Ver.,,,BANDAI SPIRITS,Scale Figure,2025-10-04,Non-Scale,,24,,https://cdn.myfigurelist.com/figure-images/53a7a98c-276d-39d6-932f-95b237d2d8fd/One-Piece-Trafalgar-Law-Ichiban-Kuji-Ichiban-Kuji-One-Piece-The-Unbreakable-Law-E-Prize-Masterlise-Change-Ver_19d6e3ea-1f6c-345a-a584-40cbd7d9556c.jpg,[],718,718,718,0,1,2026-09-27T02:24:12.241398Z,1.0,"[""csv""]"
109339,MyFigureList,https://myfigurelist.com/figure/109339/One-Piece-Nico-Robin-POP!-Animation-2572-POP!-Vinyl-Demonio-Fleur,One Piece - Nico Robin - POP! Animation  (2572) - POP! Vinyl - Demonio Fleur,,,,Anime Figure,2026-11-01,,,,,https://cdn.myfigurelist.com/figure-images/90fef42b-7d3a-3dd6-a30d-e6c0acfe7745/One-Piece-Nico-Robin-POP!-Animation-2572-POP!-Vinyl-Demonio-Fleur_3c46fcf0-bd34-30f9-a756-67f7db66932e.jpg,[],2725,2725,2725,0,1,2026-09-27T02:24:13.924993Z,1.0,"[""csv""]"
38939,MyFigureList,https://myfigurelist.com/figure/38939/Vocaloid-Hatsune-Miku-NobiNobi,Vocaloid - Hatsune Miku - NobiNobi,,,Tora Brindle,Scale Figure,2011-02-06,Non-Scale,,10,,https://cdn.myfigurelist.com/figure-images/870f34ca-16e0-33b4-a0ed-378f35bd86a3/Vocaloid-Hatsune-Miku-NobiNobi_3b504c9c-56b5-3c29-95ec-e0c40be59f7e.jpg|https://cdn.myfigurelist.com/figure-images/870f34ca-16e0-33b4-a0ed-378f35bd86a3/Vocaloid-Hatsune-Miku-NobiNobi_38eb699e-5856-34cc-9eab-6edbcb88f09d.jpg|https://cdn.myfigurelist.com/figure-images/870f34ca-16e0-33b4-a0ed-378f35bd86a3/Vocaloid-Hatsune-Miku-NobiNobi_f1ab872c-32d2-31e0-b11e-1ffa29e1f29a.jpg|https://cdn.myfigurelist.com/figure-images/870f34ca-16e0-33b4-a0ed-378f35bd86a3/Vocaloid-Hatsune-Miku-NobiNobi_7fab6c5f-489f-36d9-8192-dd70c9efddf4.jpg|https://cdn.myfigurelist.com/figure-images/870f34ca-16e0-33b4-a0ed-378f35bd86a3/Vocaloid-Hatsune-Miku-NobiNobi_bbb31068-8d21-3093-8e23-d8f576e8424d.jpg|https://cdn.myfigurelist.com/figure-images/870f34ca-16e0-33b4-a0ed-378f35bd86a3/Vocaloid-Hatsune-Miku-NobiNobi_3581231f-c34b-3812-9668-456fec0a8274.jpg|https://cdn.myfigurelist.com/figure-images/870f34ca-16e0-33b4-a0ed-378f35bd86a3/Vocaloid-Hatsune-Miku-NobiNobi_703a5f86-38ed-3d3d-b96c-66a2b893dce8.jpg,[],2000,2000,2000,0,1,2026-09-27T02:24:15.387232Z,1.0,"[""csv""]"
